# Blender v2.76 (sub 0) OBJ File: 'FlakCannonBeginningGuns22.blend'
# www.blender.org
mtllib SketchfabLowpoly.mtl
o BASEMERGE_Cube.016
v -0.933453 0.014047 3.997214
v 3.994413 0.014047 -0.930652
v 0.932630 1.303158 3.997214
v -3.995235 1.303158 -0.930653
v -0.933452 0.014047 -3.992435
v -3.995236 0.014047 0.935430
v -3.995235 0.014047 -0.930653
v 3.994413 1.303158 -0.930652
v -0.933453 1.303158 3.997214
v 3.994414 1.303158 0.935431
v -3.995236 1.303158 0.935430
v -0.933452 1.303158 -3.992435
v 0.932629 1.303158 -3.992436
v 0.932630 0.014047 3.997214
v 3.994414 0.014047 0.935431
v 0.932629 0.014047 -3.992436
v 6.698401 0.375678 5.485212
v 5.503072 0.375678 6.680541
v 9.173875 0.017930 7.713380
v 8.262459 0.017930 6.030278
v 1.948452 0.375678 2.985048
v 5.573507 0.375678 6.610106
v 7.731238 0.017930 9.156016
v 3.015811 0.375678 1.917691
v 3.073346 0.375678 1.860155
v 6.048137 0.017930 8.244599
v 8.262459 0.375678 6.030278
v 5.503072 0.017930 6.680541
v 1.948452 0.428323 2.985048
v 6.640865 0.375678 5.542747
v 3.015811 0.428323 1.917691
v 1.948452 1.091507 2.985048
v 6.048137 0.375678 8.244599
v 8.826155 0.375678 7.030748
v 7.048607 0.017930 8.808296
v 8.826155 0.017930 7.030748
v 9.203384 0.375678 7.771313
v 7.699639 1.124867 6.593098
v 1.878017 0.017930 3.055483
v 7.789171 0.375678 9.185526
v 7.048607 0.375678 8.808296
v 7.576763 0.983315 6.558931
v 8.040428 0.375678 6.933886
v 7.576763 1.124867 6.558931
v 6.579593 1.124867 7.556101
v 6.579593 0.983315 7.556101
v 3.073346 0.017930 1.860155
v 1.878017 0.375678 3.055483
v 3.015811 1.124867 1.917691
v 1.948452 1.124867 2.985048
v 3.015811 1.091507 1.917691
v 2.972695 1.124867 1.960806
v 1.977470 1.124867 2.956031
v 6.969515 0.375678 8.004799
v 6.628726 1.124867 7.664011
v 6.698401 0.017930 5.485212
v 2.972695 0.983315 1.960806
v 4.416318 0.375678 3.318199
v 4.473854 0.375678 3.260663
v 4.473854 0.017930 3.260663
v 2.671646 1.091507 4.385957
v 4.416719 0.428323 2.640885
v 1.977470 0.983315 2.956031
v 3.278525 0.375678 4.455992
v 3.278525 0.017930 4.455992
v 4.416318 1.124867 3.318199
v 3.348959 1.124867 4.385557
v 3.354668 1.091507 1.578833
v 1.609595 1.091507 3.323906
v 4.416719 1.091507 2.640885
v 3.354668 0.428323 1.578833
v 1.609595 0.428323 3.323906
v 2.671646 0.428323 4.385957
v 4.416318 1.091507 3.318199
v 3.348959 0.375678 4.385557
v 3.348959 1.091507 4.385557
v 4.416318 0.429928 3.318199
v 3.348959 0.429928 4.385557
v -5.485213 0.375678 6.698400
v -6.680542 0.375678 5.503072
v -7.713381 0.017930 9.173874
v -6.030279 0.017930 8.262459
v -2.985049 0.375678 1.948452
v -6.610107 0.375678 5.573506
v -9.156017 0.017930 7.731238
v -1.917691 0.375678 3.015810
v -1.860156 0.375678 3.073347
v -8.244601 0.017930 6.048137
v -6.030279 0.375678 8.262459
v -6.680542 0.017930 5.503072
v -2.985049 0.428323 1.948452
v -5.542749 0.375678 6.640865
v -1.917691 0.428323 3.015810
v -2.985049 1.091507 1.948452
v -8.244601 0.375678 6.048137
v -7.030749 0.375678 8.826155
v -8.808297 0.017930 7.048606
v -7.030749 0.017930 8.826155
v -7.771315 0.375678 9.203384
v -6.593099 1.124867 7.699639
v -3.055484 0.017930 1.878017
v -9.185529 0.375678 7.789171
v -8.808297 0.375678 7.048606
v -6.558932 0.983315 7.576763
v -6.933888 0.375678 8.040427
v -6.558932 1.124867 7.576763
v -7.556102 1.124867 6.579593
v -7.556102 0.983315 6.579593
v -1.860156 0.017930 3.073347
v -3.055484 0.375678 1.878017
v -1.917691 1.124867 3.015810
v -2.985049 1.124867 1.948452
v -1.917691 1.091507 3.015810
v -1.960806 1.124867 2.972695
v -2.956031 1.124867 1.977470
v -8.004801 0.375678 6.969514
v -7.664012 1.124867 6.628726
v -5.485213 0.017930 6.698400
v -1.960806 0.983315 2.972695
v -3.318200 0.375678 4.416317
v -3.260664 0.375678 4.473854
v -3.260664 0.017930 4.473854
v -4.385958 1.091507 2.671645
v -2.640886 0.428323 4.416719
v -2.956031 0.983315 1.977470
v -4.455992 0.375678 3.278525
v -4.455992 0.017930 3.278525
v -3.318200 1.124867 4.416317
v -4.385558 1.124867 3.348959
v -1.578834 1.091507 3.354668
v -3.323906 1.091507 1.609594
v -2.640886 1.091507 4.416719
v -1.578834 0.428323 3.354668
v -3.323906 0.428323 1.609594
v -4.385958 0.428323 2.671645
v -3.318200 1.091507 4.416317
v -4.385558 0.375678 3.348959
v -4.385558 1.091507 3.348959
v -3.318200 0.429928 4.416317
v -4.385558 0.429928 3.348959
v -6.698399 0.375678 -5.485214
v -5.503070 0.375678 -6.680542
v -9.173872 0.017930 -7.713383
v -8.262458 0.017930 -6.030281
v -1.948451 0.375678 -2.985049
v -5.573505 0.375678 -6.610108
v -7.731236 0.017930 -9.156019
v -3.015810 0.375678 -1.917692
v -3.073346 0.375678 -1.860156
v -6.048134 0.017930 -8.244601
v -8.262458 0.375678 -6.030281
v -5.503070 0.017930 -6.680542
v -1.948451 0.428323 -2.985049
v -6.640863 0.375678 -5.542750
v -3.015810 0.428323 -1.917692
v -1.948451 1.091507 -2.985049
v -6.048134 0.375678 -8.244601
v -8.826152 0.375678 -7.030751
v -7.048604 0.017930 -8.808298
v -8.826152 0.017930 -7.030751
v -9.203382 0.375678 -7.771316
v -7.699636 1.124867 -6.593100
v -1.878016 0.017930 -3.055484
v -7.789168 0.375678 -9.185529
v -7.048604 0.375678 -8.808298
v -7.576761 0.983315 -6.558933
v -8.040425 0.375678 -6.933888
v -7.576761 1.124867 -6.558933
v -6.579591 1.124867 -7.556103
v -6.579591 0.983315 -7.556103
v -3.073346 0.017930 -1.860156
v -1.878016 0.375678 -3.055484
v -3.015810 1.124867 -1.917692
v -1.948451 1.124867 -2.985049
v -3.015810 1.091507 -1.917692
v -2.972695 1.124867 -1.960807
v -1.977469 1.124867 -2.956032
v -6.969512 0.375678 -8.004802
v -6.628723 1.124867 -7.664013
v -6.698399 0.017930 -5.485214
v -2.972695 0.983315 -1.960807
v -4.416317 0.375678 -3.318200
v -4.473853 0.375678 -3.260665
v -4.473853 0.017930 -3.260665
v -2.671644 1.091507 -4.385958
v -4.416718 0.428323 -2.640887
v -1.977469 0.983315 -2.956032
v -3.278523 0.375678 -4.455992
v -3.278523 0.017930 -4.455992
v -4.416317 1.124867 -3.318200
v -3.348958 1.124867 -4.385558
v -3.354668 1.091507 -1.578834
v -1.609594 1.091507 -3.323906
v -4.416718 1.091507 -2.640887
v -3.354668 0.428323 -1.578834
v -1.609594 0.428323 -3.323906
v -2.671644 0.428323 -4.385958
v -4.416317 1.091507 -3.318200
v -3.348958 0.375678 -4.385558
v -3.348958 1.091507 -4.385558
v -4.416317 0.429928 -3.318200
v -3.348958 0.429928 -4.385558
v 5.485212 0.375678 -6.698401
v 6.680541 0.375678 -5.503073
v 7.713380 0.017930 -9.173876
v 6.030278 0.017930 -8.262461
v 2.985049 0.375678 -1.948452
v 6.610106 0.375678 -5.573507
v 9.156016 0.017930 -7.731239
v 1.917691 0.375678 -3.015811
v 1.860155 0.375678 -3.073347
v 8.244600 0.017930 -6.048138
v 6.030278 0.375678 -8.262461
v 6.680541 0.017930 -5.503073
v 2.985049 0.428323 -1.948452
v 5.542748 0.375678 -6.640866
v 1.917691 0.428323 -3.015811
v 2.985049 1.091507 -1.948452
v 8.244600 0.375678 -6.048138
v 7.030748 0.375678 -8.826156
v 8.808296 0.017930 -7.048607
v 7.030748 0.017930 -8.826156
v 7.771314 0.375678 -9.203385
v 6.593098 1.124867 -7.699640
v 3.055483 0.017930 -1.878018
v 9.185527 0.375678 -7.789172
v 8.808296 0.375678 -7.048607
v 6.558931 0.983315 -7.576764
v 6.933887 0.375678 -8.040428
v 6.558931 1.124867 -7.576764
v 7.556101 1.124867 -6.579594
v 7.556101 0.983315 -6.579594
v 1.860155 0.017930 -3.073347
v 3.055483 0.375678 -1.878018
v 1.917691 1.124867 -3.015811
v 2.985049 1.124867 -1.948452
v 1.917691 1.091507 -3.015811
v 1.960806 1.124867 -2.972696
v 2.956031 1.124867 -1.977470
v 8.004800 0.375678 -6.969515
v 7.664011 1.124867 -6.628727
v 5.485212 0.017930 -6.698401
v 1.960806 0.983315 -2.972696
v 3.318199 0.375678 -4.416318
v 3.260663 0.375678 -4.473854
v 3.260663 0.017930 -4.473854
v 4.385958 1.091507 -2.671646
v 2.640886 0.428323 -4.416719
v 2.956031 0.983315 -1.977470
v 4.455992 0.375678 -3.278525
v 4.455992 0.017930 -3.278525
v 3.318199 1.124867 -4.416318
v 4.385557 1.124867 -3.348960
v 1.578834 1.091507 -3.354668
v 3.323906 1.091507 -1.609595
v 2.640886 1.091507 -4.416719
v 1.578834 0.428323 -3.354668
v 3.323906 0.428323 -1.609595
v 4.385958 0.428323 -2.671646
v 3.318199 1.091507 -4.416318
v 4.385557 0.375678 -3.348960
v 4.385557 1.091507 -3.348960
v 3.318199 0.429928 -4.416318
v 4.385557 0.429928 -3.348960
v 2.165393 1.296705 -2.165392
v 2.165393 1.608957 -2.165392
v 2.957981 1.296705 -0.792588
v 2.957981 1.296705 0.792589
v 2.165392 1.296705 2.165392
v -0.792589 1.296705 2.957981
v -2.165392 1.296705 2.165392
v -2.165392 1.608957 2.165392
v -2.957980 1.296705 0.792589
v -2.957981 1.296705 -0.792588
v -2.957981 1.608957 -0.792588
v -2.165393 1.296705 -2.165392
v -2.165393 1.608957 -2.165392
v 0.792587 1.608957 -2.957981
v 2.436000 1.571497 -2.435999
v 0.891638 1.571497 3.327637
v -0.891638 1.571497 3.327637
v -3.327637 1.571497 -0.891637
v -2.436000 1.571497 -2.435999
v 3.327637 1.783768 0.891638
v 2.436000 1.783768 2.436000
v -0.891639 1.783768 -3.327637
v -2.435999 1.571497 2.436000
v 2.436000 1.571497 2.436000
v -0.891639 1.571497 -3.327637
v -3.327636 1.571497 0.891638
v 2.957981 1.608957 -0.792588
v 2.957981 1.608957 0.792589
v 2.165392 1.608957 2.165392
v -2.957980 1.608957 0.792589
v 0.891636 1.571497 -3.327638
v 3.327637 1.571497 -0.891638
v 3.327637 1.571497 0.891638
v 0.792589 1.296705 2.957981
v 0.792589 1.608957 2.957981
v 0.792587 1.296705 -2.957981
v 0.891638 1.783768 3.327637
v 3.327637 1.783768 -0.891638
v 2.436000 1.783768 -2.435999
v -0.792589 1.608957 2.957981
v -0.792590 1.296705 -2.957981
v -0.792590 1.608957 -2.957981
v 0.891636 1.783768 -3.327638
v -0.891638 1.783768 3.327637
v -2.435999 1.783768 2.436000
v -3.327636 1.783768 0.891638
v -3.327637 1.783768 -0.891637
v -2.436000 1.783768 -2.435999
v 1.614458 1.780247 -2.786974
v 1.601761 3.760492 -3.532947
v 0.052467 1.780247 3.169797
v -2.367102 1.780247 -2.102069
v -2.372035 3.760492 -2.826962
v 2.375239 1.780247 -1.817640
v -2.262687 1.780247 2.304513
v 2.375239 3.528529 -0.021907
v 2.318676 3.228827 2.187098
v 1.055466 3.216083 2.812605
v 0.001848 3.213127 2.993716
v -1.103723 3.213127 2.806456
v -2.334863 3.228827 2.191349
v 2.375239 3.238176 1.977464
v -2.386833 3.396488 -0.448825
v -2.189901 3.264617 -2.394106
v -2.386833 3.760492 1.780554
v 1.877634 3.725132 2.026603
v -2.297647 5.456541 -2.541142
v 2.287961 5.456541 -2.624966
v -1.561065 5.454133 -3.479838
v 2.098235 5.456542 -3.098424
v -2.100695 5.431104 0.927192
v -2.246884 5.420857 0.915577
v -2.275697 5.420857 0.794492
v 2.237417 5.420857 0.970419
v 2.034653 5.447157 0.934900
v -1.114965 5.456541 0.898848
v -0.007584 5.456541 0.898848
v -2.105246 5.456542 -3.094215
v 1.549060 5.456541 -3.509306
v 2.272508 5.456541 -2.895840
v 2.281904 5.420857 0.878806
v -1.798035 3.216083 2.479398
v 1.761249 1.780247 2.688922
v 1.772344 3.216083 2.543521
v -1.566551 3.264617 -2.887452
v 2.359787 3.264617 -2.195843
v 2.181078 3.264617 -2.398535
v -2.386833 3.242244 2.001713
v -2.372035 3.264617 -2.182206
v 1.808484 3.278876 2.273014
v -2.227932 3.240096 2.212514
v 1.601761 3.264617 -2.888191
v 1.058773 3.285795 2.344326
v -1.101464 3.270771 2.339979
v 2.359787 3.109688 -2.120859
v -0.000063 3.115166 3.046109
v -1.101965 3.115166 2.858985
v -2.381377 3.113756 2.184647
v -2.372035 3.113756 -2.107222
v -2.386833 3.013077 2.022838
v -2.189901 3.136129 -2.319123
v 2.181078 3.136129 -2.323551
v 2.203017 3.136129 2.340463
v -1.797438 3.136129 2.527151
v 1.772172 3.136129 2.563181
v 0.212590 1.780247 3.154497
v -1.244742 2.478632 2.895713
v 2.359787 3.586919 -2.606347
v -2.386833 3.545177 1.886933
v -1.566551 3.136129 -2.812468
v 1.601761 3.586919 -3.354772
v -0.000102 3.375113 2.248204
v -2.189901 3.586919 -2.860688
v -1.300603 1.780247 2.910894
v -1.101965 2.788280 2.939503
v 2.375239 1.780247 1.976182
v -2.386833 1.780247 1.994628
v -2.386834 1.780247 -1.735169
v -2.163722 1.780247 -2.340031
v -1.821886 2.564672 2.606700
v 0.559739 5.452760 0.898336
v -1.092199 3.222280 1.945522
v -0.009928 3.333354 1.945206
v -0.011300 3.691130 1.942100
v -1.090702 3.691130 1.942100
v -1.092199 3.333354 1.945206
v -0.011261 2.514771 1.946902
v -1.090702 2.525596 1.946005
v -1.096673 3.187333 2.345073
v -0.009900 3.222280 1.945522
v 0.166805 3.216083 2.968869
v -1.092199 3.067339 1.945423
v -1.566551 3.586919 -3.354033
v -2.209147 3.382166 2.146448
v 1.059839 3.381679 2.267569
v -1.102658 3.375113 2.248204
v -2.327327 3.384592 2.122268
v -1.461032 5.456542 0.898848
v 2.181078 3.586919 -2.865116
v -2.372035 3.586919 -2.592710
v 1.825943 3.375297 2.212846
v 2.375239 3.545177 1.837980
v 2.308330 3.384592 2.106725
v 0.029600 3.586919 -3.433471
v 2.188043 1.780247 2.375723
v -2.196329 3.221592 2.292519
v -1.218315 3.216083 2.750879
v -1.093686 2.525596 2.872930
v -1.524054 1.780247 -2.725971
v -0.850707 5.456542 0.898848
v -0.937481 2.419808 3.053274
v -0.944432 1.780247 3.041461
v -0.937487 3.780213 2.006867
v -0.937487 3.711813 1.941806
v -0.937481 2.515238 1.944876
v -0.933700 2.425074 2.276010
v -0.937486 3.332952 1.941339
v -0.937481 3.221881 1.941399
v -0.937481 3.067129 1.941399
v -0.933700 2.425074 2.963487
v -0.071370 5.456542 -3.587693
v -0.361599 5.456541 0.898848
v 0.029600 3.264617 -2.966890
v -0.162288 3.780213 2.006867
v -0.162287 3.711813 1.941806
v -0.162281 3.332952 1.941339
v -0.162253 2.419808 3.185338
v -0.152748 1.780247 3.175144
v -0.162254 2.515238 1.945506
v -0.161623 2.425042 2.335579
v -0.162258 3.221881 1.941399
v -0.161623 2.425230 3.086441
v -0.004527 3.734878 2.040099
v 2.181078 3.760492 -3.043291
v -2.189901 3.760492 -3.038863
v -1.096690 3.179034 2.577429
v -0.009934 3.712215 1.958818
v -1.096690 3.341926 2.009869
v -1.092199 3.712215 1.958818
v -0.005808 3.231008 2.018365
v -0.005787 3.082826 2.036829
v -1.093091 2.525596 2.035300
v -0.009062 2.514771 2.048004
v -0.005831 3.341926 2.009869
v -1.096690 3.231008 2.018343
v -0.933700 2.425074 2.004223
v -0.937487 3.773863 1.955716
v -0.162288 3.773863 1.955716
v -0.161623 2.424893 2.017716
v 1.162357 1.780247 3.000555
v -2.379558 1.780247 2.183319
v -0.911617 3.586919 -3.433471
v -0.906990 3.131837 -2.891907
v -0.865778 3.760492 -3.611647
v -0.906600 3.264617 -2.966890
v 0.933421 3.131837 -2.891907
v 0.859136 3.586919 -3.433472
v -0.913868 1.941939 -2.894672
v 0.859136 3.760492 -3.611647
v 0.897953 3.264617 -2.966891
v 0.958378 1.941939 -2.894672
v 1.180459 3.131837 -2.891907
v 1.180459 3.586919 -3.433472
v 1.213904 2.940820 -2.894183
v 1.180459 3.760492 -3.611647
v 1.180459 3.264617 -2.966891
v 0.028018 1.941963 -2.894659
v -1.133589 3.760492 -3.611647
v -1.133589 3.586919 -3.433471
v -1.133589 3.264617 -2.966890
v 2.253949 5.430964 -0.740729
v -2.291484 5.456542 -0.696863
v 2.375239 1.780247 1.239150
v 2.241865 5.410323 0.310582
v 2.287961 5.456541 -1.695330
v -2.290854 5.457986 0.359233
v -2.386833 1.780247 1.275935
v -2.386834 1.780247 -0.837142
v -2.297646 5.456541 -1.616194
v -1.147568 5.469533 -1.066854
v -2.282847 5.456542 -2.882204
v -1.190791 5.456541 -3.587560
v -0.754803 5.456541 -3.587622
v -1.248911 5.470974 -1.781684
v -1.151468 5.469533 -2.446582
v -0.682749 5.470974 -2.690642
v 0.644493 5.456541 -3.587813
v -0.032595 5.470974 -0.630750
v -0.033577 5.470974 -2.810917
v 1.125809 5.456541 -3.587942
v 0.630939 5.470974 -0.757701
v 0.636359 5.470974 -2.690642
v 1.101729 5.469533 -2.453841
v 1.086990 5.457986 0.933506
v 1.099334 5.469533 -1.071147
v 1.216944 5.470974 -1.788905
v -2.372035 5.368345 -2.864700
v -2.189901 5.368345 -3.076601
v 2.375239 5.368345 0.888684
v 0.359697 4.932593 1.312791
v -2.178863 5.364005 1.049134
v -2.386833 5.368345 0.911193
v 1.601761 5.368345 -3.570684
v 2.359787 5.368345 -2.878336
v 0.029189 5.387853 -3.649359
v -0.812172 5.368345 -3.649384
v -1.133589 5.368345 -3.649384
v 2.369632 5.368345 0.293293
v -2.380672 5.368345 0.332815
v -2.386834 5.368345 -1.572339
v -0.038935 5.699230 -2.735517
v 0.444318 5.699230 -2.606030
v 0.801568 5.534454 -2.254139
v 0.798084 5.699230 -1.285758
v 0.447691 5.534454 -0.931370
v 0.444318 5.699230 -0.931992
v -0.524903 5.534454 -0.931370
v -0.875954 5.699230 -1.285758
v -1.005441 5.699230 -1.769011
v -0.875954 5.699230 -2.252264
v -0.522188 5.699230 -2.606030
v -0.038939 5.534454 -2.736686
v 0.447691 5.534454 -2.606456
v 0.931447 5.534454 -1.768912
v 0.801568 5.534454 -1.284657
v -0.038939 5.534454 -0.801206
v -0.879220 5.534454 -1.284657
v -1.008428 5.534454 -1.768912
v -0.879220 5.534454 -2.254139
v -0.524904 5.534454 -2.606456
v -0.038935 5.687715 -2.860746
v 0.506933 5.687715 -2.714481
v 0.906535 5.687715 -2.314879
v 1.052800 5.687715 -1.769011
v 0.906535 5.687715 -1.223144
v 0.506933 5.687715 -0.823541
v -0.038935 5.687715 -0.677276
v -0.584802 5.687715 -0.823541
v -0.984405 5.687715 -1.223143
v -1.130670 5.687715 -1.769011
v -0.984405 5.687715 -2.314878
v -0.584803 5.687715 -2.714481
v -0.038935 5.847030 -2.876927
v 1.068980 5.847030 -1.769011
v 0.920548 5.847030 -1.215054
v 0.515023 5.847030 -0.809528
v -0.038935 5.847030 -0.661096
v -0.038935 5.956184 -2.780773
v 0.466946 5.956184 -2.645223
v 0.837277 5.956184 -2.274892
v 0.972828 5.956184 -1.769011
v 0.837277 5.956184 -1.263130
v 0.466946 5.956184 -0.892799
v -0.038935 5.956184 -0.757249
v -0.544816 5.956184 -0.892799
v -0.915147 5.956184 -1.263130
v -1.050697 5.956184 -1.769011
v -0.915147 5.956184 -2.274892
v -0.544816 5.956184 -2.645223
v -0.038935 6.020978 -2.533335
v 0.343227 6.020978 -2.430935
v 0.622989 6.020978 -2.151173
v 0.725389 6.020978 -1.769011
v 0.622989 6.020978 -1.386849
v 0.343227 6.020978 -1.107088
v -0.038935 6.020978 -1.004687
v -0.421097 6.020978 -1.107087
v -0.700858 6.020978 -1.386849
v -0.803259 6.020978 -1.769011
v -0.700859 6.020978 -2.151173
v -0.421097 6.020978 -2.430935
v -0.038935 6.068228 -2.102365
v 0.156506 6.066044 -2.107525
v 0.249758 6.068228 -1.935688
v 0.351947 6.066044 -1.769011
v 0.249758 6.068228 -1.602334
v 0.156506 6.066044 -1.430498
v -0.038935 6.068228 -1.435657
v -0.234376 6.066044 -1.430497
v -0.327628 6.068228 -1.602334
v -0.429817 6.066044 -1.769011
v -0.327628 6.068228 -1.935688
v -0.234376 6.066044 -2.107525
v -0.038935 6.074777 -1.769011
v 0.798084 5.699230 -2.252264
v 0.927572 5.699230 -1.769011
v -0.038935 5.699230 -0.802505
v -0.522188 5.699230 -0.931992
v 0.516234 5.711946 -0.807432
v 0.922645 5.711946 -1.213843
v -0.038935 5.711946 -2.879348
v -0.594104 5.711946 -2.730591
v 0.922645 5.711946 -2.324180
v 0.516234 5.711946 -2.730591
v -1.149272 5.711946 -1.769011
v -1.000514 5.711946 -1.213843
v -0.038935 5.711946 -0.658675
v 1.071402 5.711946 -1.769011
v -1.000515 5.711946 -2.324179
v -0.594103 5.711946 -0.807431
v 0.920548 5.847030 -2.322969
v -1.146850 5.847030 -1.769011
v -0.998418 5.847030 -2.322968
v -0.592892 5.847030 -0.809528
v -0.592893 5.847030 -2.728494
v 0.515023 5.847030 -2.728494
v -0.998417 5.847030 -1.215053
v -0.038329 5.515483 -0.784734
v -0.560008 5.515483 -0.921675
v 0.490709 5.515483 -0.921675
v 0.849659 5.515483 -1.271031
v 0.983845 5.515483 -1.768527
v 0.849659 5.515483 -2.276443
v 0.490709 5.515483 -2.614497
v -0.038330 5.515483 -2.751239
v -0.560009 5.515483 -2.614497
v -0.923210 5.515483 -2.276443
v -1.049969 5.515483 -1.768527
v -0.923209 5.515483 -1.271031
v 1.055466 3.136129 2.862734
v 1.601761 3.136129 -2.813207
v -1.218282 3.114999 2.807751
v 2.375239 2.990704 2.004287
v -2.282771 3.136129 2.266796
v -0.009895 3.067339 1.945445
v 0.166805 3.114999 3.027035
v -1.096684 3.130706 2.773116
v -0.162254 3.067129 1.941399
v 0.029600 3.131837 -2.891907
v 2.372510 3.109688 2.179208
v -1.096684 3.085737 2.035742
v -1.133589 3.131837 -2.891907
v 1.885343 5.364005 1.073882
v 1.072495 5.364005 1.056980
v 0.371838 4.392879 1.740930
v 1.648847 4.364846 1.646921
v 1.636993 4.911572 1.921981
v -0.568797 5.364005 1.058548
v 2.375239 5.368345 -2.608422
v 2.320986 5.364005 1.038409
v -2.327327 5.364005 1.044480
v 2.181078 5.368345 -3.081028
v -0.770018 4.040365 -3.648288
v -1.566551 5.368345 -3.569946
v 0.864590 5.368345 -3.649384
v 1.180459 5.368345 -3.649385
v 2.375239 5.368345 -0.705512
v -2.386833 5.368345 -0.643055
v -1.097872 3.734878 2.040099
v 2.320986 3.718750 1.924352
v 2.359787 3.760492 -2.840599
v 1.714126 4.465107 1.766304
v -2.194880 3.720617 1.990431
v 2.375239 3.760492 1.704497
v -2.327327 3.718750 1.972382
v -1.566551 3.760492 -3.532208
v 0.255274 4.445362 1.602974
v 0.267416 4.465107 1.766304
v 1.697781 4.469074 1.765424
v 1.623085 4.399015 1.741323
v 0.386608 4.399015 1.741323
v 1.697781 4.832239 1.874437
v 0.285484 4.469074 1.765424
v 0.389619 4.400048 1.723934
v 1.089815 2.564672 2.961839
v 0.181518 2.478632 3.122811
v -2.386833 1.780247 0.187722
v -0.000063 2.788280 3.126918
v 2.354636 1.780247 -2.120251
v 1.768662 2.579012 2.638504
v 2.157564 1.780247 -2.343967
v 2.375239 1.780247 -0.919244
v -2.276321 2.579012 2.286066
v -0.001243 3.269144 2.332435
v -0.005779 3.172776 2.326108
v 2.371601 1.780247 2.176067
v 2.372218 2.570040 2.178198
v 1.000183 1.965103 -2.928341
v 0.029189 1.780247 -2.891890
v -1.128459 1.972753 -2.928420
v 1.174363 2.912489 -2.928433
v 1.218332 1.943993 -2.882751
v -1.168299 2.940820 -2.894182
v 0.958378 2.951431 -2.894751
v -1.186311 1.780247 2.958245
v -0.916567 1.780247 -2.891897
v -1.184814 1.943993 -2.879793
v 0.959116 1.780247 -2.891898
v -1.873454 1.780247 2.626365
v -0.913868 2.951431 -2.894751
v 0.028018 2.951431 -2.894751
v 1.133623 1.991111 -3.245569
v 0.995517 1.967249 -3.289014
v -1.123593 2.910605 -3.289105
v 0.027832 1.988934 -3.245146
v -0.924272 1.988911 -3.245159
v -0.952562 2.921028 -3.289105
v 1.174363 1.972753 -2.928420
v -1.128459 2.912489 -2.928433
v -0.957256 2.922912 -2.928432
v 0.028018 1.965127 -2.928328
v -0.957256 1.965103 -2.928341
v 0.028018 2.922912 -2.928433
v 1.000183 2.922912 -2.928433
v 1.169492 2.910605 -3.289106
v 1.169492 1.974900 -3.289093
v -0.952562 1.967249 -3.289014
v 0.995517 2.921028 -3.289105
v -1.123593 1.974900 -3.289092
v 0.027985 1.967273 -3.289001
v 0.027985 2.921028 -3.289105
v 0.971957 1.979220 -3.285616
v 1.140479 1.986612 -3.285693
v 0.027888 1.979243 -3.285603
v -0.928944 1.979220 -3.285616
v -1.094556 1.986612 -3.285692
v -1.094556 2.898743 -3.285705
v 0.971957 2.908814 -3.285705
v 1.140479 2.898743 -3.285706
v 0.027888 2.908814 -3.285705
v -0.928944 2.908814 -3.285705
v -1.088059 1.991111 -3.245568
v 0.967269 1.988911 -3.245159
v 0.967269 2.896926 -3.245235
v 0.027832 2.896926 -3.245235
v -0.924272 2.896926 -3.245235
v -1.088059 2.893335 -3.245584
v 1.133623 2.893335 -3.245585
v -1.148378 1.964722 -3.149727
v 1.017710 1.956979 -3.149647
v 1.194269 1.964722 -3.149727
v -0.974870 2.931328 -3.149740
v -0.974870 1.956979 -3.149647
v 1.017710 2.931328 -3.149740
v 1.195310 1.964257 -3.046663
v 0.028115 1.956529 -3.046569
v 0.028115 2.931721 -3.046675
v -0.975717 2.931721 -3.046675
v -0.975717 1.956505 -3.046582
v 1.056217 1.937445 -3.045277
v 1.056049 1.937561 -3.150385
v -1.195321 2.939899 -3.150481
v 1.241166 2.939899 -3.150482
v -1.195495 2.939928 -3.045374
v 0.028269 2.951024 -3.045374
v 0.028111 2.931328 -3.149740
v 0.028111 1.957003 -3.149633
v 1.194269 2.920778 -3.149741
v -1.148378 2.920778 -3.149740
v 1.195310 2.921158 -3.046676
v 1.018555 1.956505 -3.046582
v -1.149418 1.964257 -3.046662
v -1.149418 2.921158 -3.046675
v 1.018555 2.931721 -3.046676
v 1.241341 2.939928 -3.045374
v 1.241341 1.945591 -3.045360
v -1.013490 2.951024 -3.045374
v -1.013490 1.937445 -3.045277
v 1.056217 2.951024 -3.045374
v -1.195495 1.945591 -3.045360
v 0.028269 1.937470 -3.045263
v 1.241166 1.945707 -3.150468
v -1.013323 2.950995 -3.150481
v -1.013323 1.937561 -3.150384
v 1.056049 2.950995 -3.150481
v -1.195321 1.945707 -3.150467
v 0.028267 1.937587 -3.150370
v 0.028267 2.950995 -3.150481
v -0.722503 3.949828 -3.837096
v -0.722503 4.040365 -3.837096
v -0.682709 4.040365 -3.648288
v -0.682709 3.949828 -3.837096
v -0.682709 4.040365 -3.837096
v 0.729385 4.040365 -3.648288
v 0.729385 3.949828 -3.837096
v 0.729385 4.040365 -3.837096
v 0.769180 3.949828 -3.837096
v 0.769180 4.040365 -3.837096
v -0.770018 3.949828 -3.767214
v -0.682709 4.040365 -3.767214
v -0.770018 4.040365 -3.767214
v -0.682709 3.949828 -3.767214
v 0.816694 4.040365 -3.767214
v 0.816694 3.949828 -3.767214
v 0.729385 3.949828 -3.648288
v 0.816694 4.040365 -3.648288
v 0.816694 3.949828 -3.648288
v -0.770018 3.949828 -3.648288
v -0.682709 3.949828 -3.648288
v 0.729385 4.040365 -3.767214
v 0.729385 3.949828 -3.767214
v 0.029600 3.760492 -3.611647
v 1.482382 5.462442 -3.035255
v 1.507208 5.462442 -2.974971
v 1.482135 6.031822 -2.914789
v 1.361669 6.031822 -2.915036
v 1.336843 5.462442 -2.975320
v 1.336843 6.031822 -2.975320
v 1.422200 6.031822 -3.060328
v 1.482135 5.462442 -2.914789
v 1.421851 5.462442 -2.889963
v 1.361669 5.462442 -2.915036
v 1.361915 5.462442 -3.035502
v 1.422200 5.462442 -3.060328
v 1.468558 6.045761 -3.021488
v 1.487698 6.045761 -2.975011
v 1.468368 6.045761 -2.928613
v 1.421891 6.045761 -2.909473
v 1.375493 6.045761 -2.928803
v 1.356353 6.045761 -2.975281
v 1.375683 6.045761 -3.021678
v 1.422160 6.045761 -3.040818
v 1.482382 6.031822 -3.035255
v 1.507208 6.031822 -2.974971
v 1.421851 6.031822 -2.889963
v 1.361915 6.031822 -3.035502
v 1.478552 6.060046 -3.031441
v 1.501803 6.060046 -2.974982
v 1.478321 6.060046 -2.918619
v 1.421862 6.060046 -2.895369
v 1.365499 6.060046 -2.918850
v 1.342248 6.060046 -2.975309
v 1.365730 6.060046 -3.031672
v 1.422189 6.060046 -3.054923
v 1.468359 11.979097 -2.975051
v 1.454721 11.979097 -2.942316
v 1.389196 11.979097 -2.942450
v 1.438911 11.993035 -2.991962
v 1.445856 11.993035 -2.975097
v 1.438842 11.993035 -2.958260
v 1.421977 11.993035 -2.951315
v 1.405140 11.993035 -2.958329
v 1.398194 11.993035 -2.975195
v 1.405209 11.993035 -2.992031
v 1.422074 11.993035 -2.998977
v 1.389330 11.979097 -3.007975
v 1.454855 11.979097 -3.007841
v 1.421930 11.979097 -2.928813
v 1.375692 11.979097 -2.975241
v 1.422120 11.979097 -3.021479
v 1.422025 11.993035 -2.975146
v -0.676026 5.470974 -0.757701
v -0.005024 5.739027 -0.204713
v 0.328182 5.458957 -0.092272
v 0.310096 5.739027 -0.074186
v 0.466201 5.458957 0.240934
v 0.310096 5.739027 0.556054
v -0.005024 5.739027 0.686581
v -0.320144 5.739027 0.556054
v -0.476249 5.458957 0.240934
v -0.338230 5.458957 -0.092272
v -0.016378 5.801940 -0.138160
v 0.252313 5.801940 -0.026865
v 0.363609 5.801940 0.241826
v 0.252313 5.801940 0.510517
v -0.016378 5.801940 0.621812
v -0.285069 5.801940 0.510517
v -0.396364 5.801940 0.241826
v -0.285069 5.801940 -0.026865
v 0.440623 5.739027 0.240934
v -0.450671 5.739027 0.240934
v -0.320144 5.739027 -0.074186
v -0.016378 5.849431 -0.027568
v 0.174113 5.849431 0.051336
v 0.253016 5.849431 0.241826
v 0.174113 5.849431 0.432316
v -0.016378 5.849431 0.511220
v -0.206868 5.849431 0.432316
v -0.285772 5.849431 0.241826
v -0.206868 5.849431 0.051336
v -0.285772 5.906114 0.241826
v -0.016378 5.979649 -0.027568
v 0.174113 5.979649 0.432316
v -0.016378 5.979649 0.511220
v -0.206868 5.979649 0.432316
v -0.285772 5.979649 0.241826
v -0.016378 6.047056 0.065550
v 0.108268 6.047056 0.117180
v 0.159898 6.047056 0.241826
v 0.108268 6.047056 0.366472
v -0.016378 6.047056 0.418102
v -0.141024 6.047056 0.366472
v -0.192654 6.047056 0.241826
v -0.141024 6.047056 0.117180
v 0.174113 5.979649 0.051336
v 0.253016 5.979649 0.241826
v -0.206868 5.979649 0.051336
v -0.016378 6.063908 0.155869
v 0.044403 6.063908 0.181045
v 0.069579 6.063908 0.241826
v 0.044403 6.063908 0.302606
v -0.016378 6.063908 0.327782
v -0.077158 6.063908 0.302606
v -0.102334 6.063908 0.241826
v -0.077158 6.063908 0.181046
v -0.016378 6.063908 0.241826
v 0.147516 5.911247 0.077932
v 0.215404 5.911247 0.241826
v 0.147516 5.911247 0.405720
v -0.180272 5.911247 0.405720
v -0.248159 5.911247 0.241826
v 0.215404 5.974515 0.241826
v 0.147516 5.974515 0.405720
v -0.248159 5.974515 0.241826
v -0.180272 5.974515 0.077932
v -0.016378 5.974515 0.473607
v -0.180272 5.974515 0.405720
v 0.147516 5.974515 0.077932
v -0.180272 5.911247 0.077932
v -0.016378 5.911247 0.473607
v -0.016378 5.911247 0.010045
v -0.016378 5.974515 0.010045
v -0.016378 5.906114 -0.027568
v -0.206868 5.906114 0.051336
v -0.206868 5.906114 0.432316
v 0.174113 5.906114 0.051336
v 0.253016 5.906114 0.241826
v 0.174113 5.906114 0.432316
v -0.016378 5.906114 0.511220
v 0.255274 4.855862 1.358812
v -2.386834 5.368345 -2.520698
v 0.285484 4.832239 1.874437
v 2.375239 5.368345 -1.666238
v 2.375239 1.780247 0.127489
v 1.987594 3.136129 2.459384
v 1.974646 1.780247 2.532323
v 1.990147 3.216083 2.443126
v 1.983433 2.579012 2.499865
v -0.009878 2.514771 2.348129
v -1.089671 2.525596 2.274208
v -0.010578 2.791055 1.946173
v -0.162254 2.791183 1.943453
v -1.091451 2.796467 1.945714
v -0.937481 2.791183 1.943137
v -0.007425 2.798799 2.042417
v -0.007828 2.843774 2.337118
v -1.092091 2.798316 2.058952
v -1.094387 2.804946 2.308775
v 2.185065 3.217511 2.332579
v -0.008110 2.514771 2.945117
v -0.005786 3.110643 2.945117
v 2.198205 2.579012 2.361225
v -0.005798 2.788749 2.945117
v 0.267416 4.836172 1.895502
v 0.288496 4.831272 1.756785
v 1.725980 4.855862 1.358812
v 1.714126 4.836172 1.895502
v 1.695057 4.831272 1.756785
v 0.371838 4.911572 1.921981
v 0.359697 4.364846 1.646921
v 0.386608 4.905402 1.899468
v 0.389619 4.904362 1.760088
v 1.725980 4.445362 1.602974
v 0.288496 4.470049 1.726980
v 1.695057 4.470049 1.726980
v 1.620361 4.904362 1.760088
v 1.620361 4.400048 1.723934
v 1.648847 4.932593 1.312791
v 1.636993 4.392879 1.740930
v 1.623085 4.905402 1.899468
v 2.638118 3.539437 -1.511758
v 2.368565 2.581657 -0.002357
v 2.368565 2.921669 0.587380
v 2.368565 3.510997 0.928102
v 2.368565 4.781467 0.588500
v 2.368565 5.122190 -0.000827
v 2.368565 5.122600 -0.681560
v 2.638118 5.021927 -0.654650
v 2.368565 4.193261 -1.612019
v 2.638118 4.166229 -1.511380
v -0.005024 5.458957 -0.230290
v -0.338230 5.458957 0.574140
v 0.328182 5.458957 0.574140
v -0.005024 5.458957 0.712159
v 2.755529 3.587640 -1.331426
v 2.755529 3.128342 -1.066618
v 2.755529 2.862981 -0.607639
v 2.755529 2.862662 -0.077471
v 2.755530 3.127470 0.381827
v 2.755530 3.586449 0.647187
v 2.755530 4.116617 0.647507
v 2.755529 4.575915 0.382699
v 2.755529 4.841275 -0.076280
v 2.755529 4.841595 -0.606447
v 2.755529 4.576787 -1.065746
v 2.755529 4.117809 -1.331106
v 2.638119 3.538028 0.827461
v 2.638119 4.164820 0.827839
v 2.638118 4.707827 0.514770
v 2.638118 5.021549 -0.027859
v 2.638118 4.708858 -1.197657
v 2.638118 2.682708 -0.656059
v 2.638118 2.996430 -1.198688
v 2.638119 2.995399 0.513739
v 2.638118 2.682330 -0.029267
v 2.755529 3.724023 -0.821209
v 2.755529 3.501561 -0.692949
v 2.755529 3.373034 -0.470642
v 2.755529 3.372879 -0.213854
v 2.755529 3.501139 0.008608
v 2.755529 3.723446 0.137136
v 2.755529 3.980234 0.137290
v 2.755529 4.202696 0.009030
v 2.755529 4.331223 -0.213277
v 2.755529 4.331378 -0.470064
v 2.755529 4.203118 -0.692527
v 2.755529 3.980811 -0.821054
v 3.158090 3.401005 -0.463129
v 3.158090 3.400859 -0.221333
v 3.158091 3.521631 -0.011860
v 3.158091 3.972754 0.109310
v 3.158090 4.182229 -0.011462
v 3.158090 4.303398 -0.462585
v 3.158090 4.182626 -0.672059
v 3.158091 3.730959 0.109164
v 3.158090 4.303252 -0.220790
v 3.158090 3.731503 -0.793229
v 3.158090 3.522029 -0.672457
v 3.158090 3.973298 -0.793083
v 2.368565 3.512527 -1.612430
v 2.368565 2.922789 -1.272418
v 2.368565 2.582067 -0.683090
v 2.368565 4.191730 0.928512
v 2.368565 4.782589 -1.271297
v -2.378902 3.512527 -1.612430
v -2.648456 3.539437 -1.511758
v -2.648456 2.996430 -1.198688
v -2.378902 2.582067 -0.683090
v -2.378902 2.581657 -0.002357
v -2.378903 2.921669 0.587380
v -2.378903 3.510997 0.928102
v -2.648457 3.538028 0.827461
v -2.378902 4.781467 0.588500
v -2.378902 5.122190 -0.000827
v -2.378902 5.122600 -0.681560
v -2.378902 4.782589 -1.271297
v -2.378902 4.193261 -1.612019
v -2.765867 3.587640 -1.331426
v -2.765867 3.128342 -1.066618
v -2.765867 2.862981 -0.607639
v -2.765867 2.862662 -0.077471
v -2.765868 3.127470 0.381827
v -2.765868 3.586449 0.647187
v -2.765868 4.116617 0.647507
v -2.765867 4.575915 0.382699
v -2.765867 4.841275 -0.076280
v -2.765867 4.841595 -0.606447
v -2.765867 4.576787 -1.065746
v -2.765867 4.117809 -1.331106
v -2.648456 2.682708 -0.656059
v -2.648456 2.682330 -0.029267
v -2.648457 2.995399 0.513739
v -2.648456 4.707827 0.514770
v -2.648456 4.708858 -1.197657
v -2.648456 5.021927 -0.654650
v -2.648456 5.021549 -0.027859
v -2.648457 4.164820 0.827839
v -2.648456 4.166229 -1.511380
v -2.765867 3.724023 -0.821209
v -2.765867 3.501561 -0.692949
v -2.765867 3.373034 -0.470642
v -2.765867 3.372879 -0.213854
v -2.765867 3.501139 0.008608
v -2.765867 3.723446 0.137136
v -2.765867 3.980234 0.137290
v -2.765867 4.202696 0.009030
v -2.765867 4.331223 -0.213277
v -2.765867 4.331378 -0.470064
v -2.765867 4.203118 -0.692527
v -2.765867 3.980811 -0.821054
v -3.168428 3.401005 -0.463129
v -3.168428 3.400859 -0.221333
v -3.168429 3.521631 -0.011860
v -3.168428 4.182229 -0.011462
v -3.168428 4.303252 -0.220790
v -3.168428 4.303398 -0.462585
v -3.168428 4.182626 -0.672059
v -3.168428 3.973298 -0.793083
v -3.168428 3.731503 -0.793229
v -3.168428 3.522029 -0.672457
v -3.168429 3.730959 0.109164
v -3.168429 3.972754 0.109310
v -2.378902 2.922789 -1.272418
v -2.378903 4.191730 0.928512
v -0.770018 4.470968 -3.648288
v -0.722503 4.380431 -3.837096
v -0.722503 4.470968 -3.837096
v -0.682709 4.470968 -3.648288
v -0.682709 4.380431 -3.837096
v -0.682709 4.470968 -3.837096
v 0.729385 4.470968 -3.648288
v 0.729385 4.380431 -3.837096
v 0.729385 4.470968 -3.837096
v 0.769180 4.380431 -3.837096
v 0.769180 4.470968 -3.837096
v -0.770018 4.380431 -3.767214
v -0.682709 4.470968 -3.767214
v -0.770018 4.470968 -3.767214
v -0.682709 4.380431 -3.767214
v 0.816694 4.470968 -3.767214
v 0.816694 4.380431 -3.767214
v 0.729385 4.380431 -3.648288
v 0.816694 4.470968 -3.648288
v 0.816694 4.380431 -3.648288
v -0.770018 4.380431 -3.648288
v -0.682709 4.380431 -3.648288
v 0.729385 4.470968 -3.767214
v 0.729385 4.380431 -3.767214
v -0.770018 4.874678 -3.648288
v -0.722503 4.784141 -3.837096
v -0.722503 4.874678 -3.837096
v -0.682709 4.874678 -3.648288
v -0.682709 4.784141 -3.837096
v -0.682709 4.874678 -3.837096
v 0.729385 4.874678 -3.648288
v 0.729385 4.784141 -3.837096
v 0.729385 4.874678 -3.837096
v 0.769180 4.784141 -3.837096
v 0.769180 4.874678 -3.837096
v -0.770018 4.784141 -3.767214
v -0.682709 4.874678 -3.767214
v -0.770018 4.874678 -3.767214
v -0.682709 4.784141 -3.767214
v 0.816694 4.874678 -3.767214
v 0.816694 4.784141 -3.767214
v 0.729385 4.784141 -3.648288
v 0.816694 4.874678 -3.648288
v 0.816694 4.784141 -3.648288
v -0.770018 4.784141 -3.648288
v -0.682709 4.784141 -3.648288
v 0.729385 4.874678 -3.767214
v 0.729385 4.784141 -3.767214
v -0.770018 5.305589 -3.648288
v -0.722503 5.215052 -3.837096
v -0.722503 5.305589 -3.837096
v -0.682709 5.305589 -3.648288
v -0.682709 5.215052 -3.837096
v -0.682709 5.305589 -3.837096
v 0.729385 5.305589 -3.648288
v 0.729385 5.215052 -3.837096
v 0.729385 5.305589 -3.837096
v 0.769180 5.215052 -3.837096
v 0.769180 5.305589 -3.837096
v -0.770018 5.215052 -3.767214
v -0.682709 5.305589 -3.767214
v -0.770018 5.305589 -3.767214
v -0.682709 5.215052 -3.767214
v 0.816694 5.305589 -3.767214
v 0.816694 5.215052 -3.767214
v 0.729385 5.215052 -3.648288
v 0.816694 5.305589 -3.648288
v 0.816694 5.215052 -3.648288
v -0.770018 5.215052 -3.648288
v -0.682709 5.215052 -3.648288
v 0.729385 5.305589 -3.767214
v 0.729385 5.215052 -3.767214
v -1.532594 5.462442 -3.035501
v -1.472310 5.462442 -3.060328
v -1.412128 6.031822 -3.035254
v -1.412375 6.031822 -2.914788
v -1.472659 5.462442 -2.889962
v -1.472659 6.031822 -2.889962
v -1.557667 6.031822 -2.975319
v -1.412128 5.462442 -3.035254
v -1.387302 5.462442 -2.974970
v -1.412375 5.462442 -2.914788
v -1.532841 5.462442 -2.915035
v -1.557667 5.462442 -2.975319
v -1.518827 6.045761 -3.021677
v -1.472350 6.045761 -3.040817
v -1.425952 6.045761 -3.021487
v -1.406812 6.045761 -2.975010
v -1.426142 6.045761 -2.928612
v -1.472619 6.045761 -2.909472
v -1.519017 6.045761 -2.928802
v -1.538157 6.045761 -2.975279
v -1.532594 6.031822 -3.035501
v -1.472310 6.031822 -3.060328
v -1.387302 6.031822 -2.974970
v -1.532841 6.031822 -2.915035
v -1.528780 6.060046 -3.031671
v -1.472321 6.060046 -3.054922
v -1.415958 6.060046 -3.031440
v -1.392707 6.060046 -2.974981
v -1.416189 6.060046 -2.918618
v -1.472648 6.060046 -2.895367
v -1.529011 6.060046 -2.918849
v -1.552262 6.060046 -2.975308
v -1.472389 11.979097 -3.021478
v -1.439655 11.979097 -3.007840
v -1.439789 11.979097 -2.942315
v -1.489301 11.993035 -2.992030
v -1.472436 11.993035 -2.998976
v -1.455599 11.993035 -2.991961
v -1.448654 11.993035 -2.975096
v -1.455668 11.993035 -2.958259
v -1.472533 11.993035 -2.951314
v -1.489370 11.993035 -2.958328
v -1.496315 11.993035 -2.975194
v -1.505314 11.979097 -2.942449
v -1.505180 11.979097 -3.007974
v -1.426152 11.979097 -2.975050
v -1.472579 11.979097 -2.928812
v -1.518817 11.979097 -2.975240
v -1.472485 11.993035 -2.975145
v 3.077618 4.323668 -3.027355
v 3.856902 4.323668 -3.027355
v 2.963164 4.914357 -1.041823
v 2.963164 2.775046 -1.041823
v 4.866086 3.120397 -1.041823
v 4.866086 4.439999 -1.034745
v 4.866086 3.275675 -1.034922
v 4.701000 2.775046 -1.041823
v 3.038723 4.776577 1.044482
v 4.701000 4.919513 1.044482
v 4.866086 4.534457 -1.041823
v 4.752403 3.301386 0.788480
v 2.963164 4.919513 1.044482
v 4.710789 4.914357 -1.041823
v 4.866086 3.109629 1.044482
v 4.701000 2.775140 1.044482
v 4.866086 3.275675 0.855647
v 4.866086 4.439323 -2.039948
v 4.866086 3.259041 -2.039948
v 4.710789 4.711465 -2.214806
v 4.752403 3.301387 -1.018521
v 4.752403 4.414244 -1.018352
v 4.752403 3.410550 -1.894720
v 3.856902 3.370797 -3.027355
v 4.866086 4.322801 -1.945490
v 4.866086 4.439999 0.855647
v 4.752403 4.414244 0.788480
v 4.430009 4.565952 1.921016
v 3.630459 3.708871 2.357314
v 3.620959 3.685934 1.920158
v 3.964388 3.708871 2.357314
v 4.223448 3.935494 1.920158
v 4.200511 4.278923 2.357314
v 4.223448 4.288424 1.920158
v 3.964388 4.515046 2.357314
v 3.973889 4.537983 1.920158
v 3.371399 3.935494 1.920158
v 3.705457 3.197342 6.231678
v 3.889391 3.197342 6.231678
v 4.019452 3.327403 6.231678
v 4.019452 3.511337 6.231678
v 3.705457 3.641398 6.231678
v 3.575395 3.511337 6.231678
v 3.559056 3.320635 1.919691
v 3.690379 3.853530 2.508553
v 3.904469 3.853530 2.508553
v 4.055852 4.004914 2.508553
v 4.055852 4.219003 2.508553
v 3.904469 4.370388 2.508553
v 3.690379 4.370388 2.508553
v 3.538995 4.219003 2.508553
v 3.538995 4.004914 2.508553
v 4.200511 3.944994 2.357314
v 3.394336 4.278923 2.357314
v 3.630459 4.515046 2.357314
v 3.394336 3.944994 2.357314
v 3.883920 3.903138 2.618831
v 3.710927 4.320780 2.618831
v 3.588603 4.198455 2.618831
v 3.588603 4.025463 2.618831
v 3.710927 3.903137 10.366391
v 3.883921 3.903137 10.366391
v 4.006245 4.025462 10.366391
v 3.710927 4.320779 10.366391
v 3.588603 4.198454 10.366391
v 3.588603 4.025462 10.366391
v 3.677392 3.822177 10.315289
v 4.087204 3.991927 10.315289
v 3.677392 4.401739 10.315289
v 3.883921 4.320779 10.366391
v 4.006245 4.198454 10.366391
v 3.883920 4.320780 2.618831
v 4.006245 4.025463 2.618831
v 3.710927 3.903138 2.618831
v 4.006245 4.198455 2.618831
v 3.917455 3.822177 10.315289
v 4.087205 4.231989 10.315289
v 3.917455 4.401739 10.315289
v 3.507643 4.231989 10.315289
v 3.507643 3.991927 10.315289
v 4.087204 3.991927 11.782307
v 4.087205 4.231989 11.873805
v 3.917455 4.401739 11.943753
v 3.677392 4.401739 11.943753
v 3.507643 4.231989 11.873805
v 3.507643 3.991927 11.782307
v 3.917455 3.822177 11.699124
v 3.677392 3.822177 11.699124
v 3.698693 3.873602 11.721418
v 4.035780 4.210689 11.865099
v 3.698693 4.350314 11.922634
v 3.896154 3.873602 10.444338
v 4.035779 4.013227 10.444338
v 4.035780 4.210689 10.444338
v 3.896154 4.350314 10.444338
v 3.559068 4.210689 10.444338
v 3.559068 4.013227 10.444338
v 3.797424 4.111959 10.444338
v 3.559068 4.013227 11.789839
v 3.559068 4.210689 11.865099
v 3.896154 4.350314 11.922634
v 4.035779 4.013227 11.789839
v 3.896154 3.873602 11.721418
v 3.698693 4.350314 10.444338
v 3.698693 3.873602 10.444338
v 3.507643 4.231989 11.203900
v 3.677392 3.822177 11.203900
v 4.087204 3.991927 11.203900
v 3.677392 4.401739 11.203900
v 4.092556 4.234206 10.899544
v 3.930612 3.790415 11.203900
v 3.664236 3.790415 11.203900
v 4.118967 3.978770 11.203900
v 3.664236 4.433501 11.203900
v 3.929822 3.792321 10.899544
v 4.117061 3.979560 10.899544
v 3.477786 3.979560 10.899544
v 3.477786 4.244356 10.899544
v 3.929822 4.431595 10.899544
v 3.665026 4.431595 10.899544
v 4.117062 4.244356 10.899544
v 3.665026 3.792321 10.899544
v 3.502291 4.234206 10.899544
v 3.502291 3.989710 10.899544
v 4.092556 3.989710 10.899544
v 3.507643 3.991927 11.203900
v 4.087205 4.231989 11.203900
v 3.917455 3.822177 11.203900
v 3.917455 4.401739 11.203900
v 3.919672 3.816825 10.899544
v 3.919672 4.407091 10.899544
v 3.675176 3.816825 10.899544
v 3.675176 4.407091 10.899544
v 3.475881 3.978770 11.203900
v 4.118967 4.245146 11.203900
v 3.475881 4.245146 11.203900
v 3.930612 4.433501 11.203900
v 3.735668 3.270278 6.302458
v 3.859179 3.270278 6.302458
v 3.946516 3.357614 6.302458
v 3.946516 3.481126 6.302458
v 3.859179 3.568462 6.302458
v 3.735668 3.568462 6.302458
v 3.648332 3.481125 6.302458
v 3.648332 3.357614 6.302458
v 3.889390 3.641398 6.231678
v 3.575395 3.327403 6.231678
v 3.698689 3.181003 1.919691
v 3.896159 3.181003 1.919691
v 4.035790 3.320635 1.919691
v 4.035790 3.518105 1.919691
v 3.896158 3.657737 1.919691
v 3.698689 3.657737 1.919691
v 3.559056 3.518105 1.919691
v 3.973889 3.685934 1.920158
v 3.620958 4.537983 1.920158
v 3.371399 4.288424 1.920158
v 3.835948 3.326362 6.302458
v 3.835948 3.512377 6.302458
v 3.758899 3.512377 6.302458
v 3.704416 3.457895 6.302458
v 3.704416 3.380845 6.302458
v 3.890431 3.457895 6.359321
v 3.762549 3.335176 6.359321
v 3.832298 3.335176 6.359321
v 3.881618 3.384495 6.359321
v 3.832298 3.503564 6.359321
v 3.713229 3.384495 6.359321
v 3.762549 3.335176 6.198944
v 3.762549 3.503564 6.198944
v 3.713229 3.384495 6.198944
v 3.713229 3.454244 6.198944
v 3.797423 3.419369 6.198944
v 3.832298 3.503564 6.198944
v 3.881618 3.384495 6.198944
v 3.881618 3.454244 6.198944
v 3.832298 3.335176 6.198944
v 3.713229 3.454244 6.359321
v 3.762549 3.503564 6.359321
v 3.881618 3.454244 6.359321
v 3.890431 3.380845 6.359321
v 3.758899 3.326362 6.359321
v 3.758899 3.512377 6.359321
v 3.704416 3.457895 6.359321
v 3.835948 3.512377 6.359321
v 3.890431 3.380845 6.302458
v 3.890431 3.457895 6.302458
v 3.758899 3.326362 6.302458
v 3.704416 3.380845 6.359321
v 3.835948 3.326362 6.359321
v 3.705457 3.641398 5.495801
v 3.710927 4.320779 5.285251
v 3.588603 4.025462 5.285251
v 4.006245 4.025462 5.285251
v 3.710927 3.903138 5.504658
v 4.006245 4.025462 5.504658
v 4.006245 4.198455 5.504658
v 4.019452 3.511337 5.280780
v 3.575395 3.327403 5.280780
v 3.705457 3.197342 5.280780
v 3.575395 3.327403 5.495801
v 4.019452 3.511337 5.495801
v 4.019452 3.327403 5.495801
v 3.889391 3.197342 5.495801
v 3.889390 3.641398 5.495801
v 3.588603 4.025462 5.504658
v 3.883920 4.320779 5.504658
v 3.588603 4.198455 5.504658
v 3.883920 3.903138 5.504658
v 3.710927 4.320779 5.504658
v 3.705457 3.197342 5.495801
v 3.575395 3.511337 5.495801
v 3.710927 3.903138 5.285251
v 3.883920 4.320779 5.285251
v 3.588603 4.198455 5.285251
v 4.006245 4.198455 5.285251
v 3.575395 3.511337 5.280780
v 3.705457 3.641398 5.280780
v 3.889390 3.641398 5.280780
v 4.019452 3.327403 5.280780
v 3.889391 3.197342 5.280780
v 3.883920 3.903138 5.285251
v 3.705457 3.197342 3.804495
v 3.889391 3.197342 3.804495
v 4.019452 3.511337 3.804495
v 3.889390 3.641398 3.804495
v 3.575395 3.511337 3.804495
v 3.883920 4.320780 3.807472
v 4.006245 4.025462 3.807472
v 3.710927 3.903138 3.807472
v 3.588603 4.025462 3.807472
v 4.006245 4.198455 3.807472
v 3.710927 4.320780 3.625718
v 4.006245 4.198455 3.625718
v 3.889391 3.197342 3.625551
v 4.019452 3.327403 3.625551
v 3.705457 3.641398 3.625551
v 3.575395 3.511337 3.625551
v 3.883920 3.903138 3.625718
v 3.883920 3.903138 3.807472
v 3.710927 3.903138 3.625718
v 4.019452 3.327403 3.804495
v 3.705457 3.641398 3.804495
v 3.575395 3.327403 3.804495
v 3.710927 4.320780 3.807472
v 3.588603 4.198455 3.807472
v 3.883920 4.320780 3.625718
v 4.006245 4.025462 3.625718
v 3.588603 4.025462 3.625718
v 3.705457 3.197342 3.625551
v 4.019452 3.511337 3.625551
v 3.575395 3.327403 3.625551
v 3.588603 4.198455 3.625718
v 3.889390 3.641398 3.625551
v 4.517972 4.802680 -1.020701
v 3.124412 4.802680 -1.020701
v 4.561435 4.914357 -1.041823
v 3.080948 4.914357 -1.041823
v 3.086196 4.761941 -1.902551
v 2.963164 2.966633 -2.214003
v 2.963164 4.709598 -2.214003
v 3.124412 4.666753 -1.839094
v 3.038723 4.919840 0.901188
v 4.517972 4.802680 0.813529
v 3.124412 4.802680 0.813529
v 3.490110 4.802680 -0.668374
v 4.127355 5.114910 0.438940
v 4.127355 4.802680 -0.668374
v 4.120221 4.781748 -1.146728
v 4.234627 5.114910 0.702315
v 4.127355 4.802680 0.438940
v 3.384035 5.114910 0.702315
v 3.497244 4.781748 -1.146728
v 3.497244 4.694875 -1.669780
v 3.393557 5.114910 -1.754964
v 4.234627 5.218525 0.702315
v 4.225104 5.218525 -1.754964
v 3.384035 5.218525 0.702315
v 3.490110 5.114995 -0.668374
v 4.127355 5.114995 -0.668374
v 3.490110 5.114910 0.438940
v 3.497244 5.114809 -1.146728
v 4.120221 5.114809 -1.146728
v 3.393557 5.218525 -1.754964
v 3.694568 5.218525 0.561436
v 3.694568 5.417250 0.561436
v 3.929896 5.417250 0.561436
v 3.694568 5.417250 -1.602103
v 4.866086 4.538790 1.044482
v 3.490110 4.802680 0.438940
v 4.120221 4.694875 -1.669780
v 4.120221 5.114910 -1.669780
v 3.694568 5.218525 -1.602103
v 4.609498 4.776577 1.044482
v 4.556187 4.919840 0.901188
v 4.556187 4.761941 -1.902551
v 4.701000 2.966633 -2.214003
v 4.517972 4.666753 -1.839094
v 3.929896 5.218525 0.561436
v 5.079595 4.277276 -1.754964
v 5.079595 4.286798 0.702315
v 5.079595 4.180722 0.438940
v 5.079595 4.173588 -1.669780
v 5.183210 4.286798 0.702315
v 5.183210 3.436205 0.702315
v 5.079896 3.543478 -0.668374
v 5.079896 4.180722 -0.668374
v 5.079710 4.173588 -1.146728
v 5.079710 3.550612 -1.146728
v 5.183209 3.445728 -1.754964
v 5.368721 3.976265 -1.602103
v 5.183210 3.740936 0.561435
v 5.183209 3.740937 -1.602103
v 5.183209 3.976265 -1.602103
v 5.368721 3.740937 -1.602103
v 4.752218 3.543477 0.438939
v 5.061088 3.543477 0.438939
v 5.368721 3.740936 0.561435
v 5.368721 3.976264 0.561435
v 5.079595 3.445728 -1.754964
v 5.183209 4.277276 -1.754964
v 5.079595 3.436205 0.702315
v 5.079595 3.550612 -1.669780
v 5.183210 3.976264 0.561435
v 3.218211 4.565952 1.921016
v 4.430009 3.143941 1.921016
v 3.077618 3.370797 -3.027355
v 3.218211 3.143941 1.921016
v 4.752403 4.302226 -1.894720
v 4.609498 2.933316 1.044482
v 2.963164 2.775140 1.044482
v 3.038723 2.933612 1.044482
v 4.225104 5.114910 -1.754964
v 3.929896 5.417250 -1.602103
v 3.929896 5.218525 -1.602103
v 4.866086 3.389887 -1.945490
v 3.497244 5.114910 -1.669780
v 4.752218 3.550612 -1.146728
v 4.752403 3.549934 -1.669614
v 4.752218 4.180722 0.438940
v 4.752218 3.543478 -0.668374
v 4.752218 4.180722 -0.668374
v 4.752218 4.173588 -1.146728
v 4.752218 4.173588 -1.669780
v 2.963164 4.440171 -3.136629
v 2.963164 3.254293 -3.136629
v 3.971355 3.254293 -3.136629
v 3.971355 4.440171 -3.136629
v 4.004660 5.417446 -1.849070
v 3.365964 5.682003 -3.167199
v 3.365964 5.682003 -1.849070
v 3.365964 6.056142 -3.167199
v 3.630521 6.320698 -3.167199
v 3.678646 6.204515 -3.284406
v 3.956535 6.204515 -3.284406
v 4.024076 5.783543 -3.697419
v 3.611104 5.954601 -3.697419
v 3.956535 5.533630 -3.284406
v 4.153031 5.730127 -3.284406
v 3.482148 6.008017 -3.284406
v 4.269217 6.056142 -3.167200
v 4.269217 5.682003 -3.167200
v 4.004660 5.417446 -3.167199
v 3.630521 5.417447 -3.167199
v 4.004660 6.320699 -3.167199
v 4.093871 5.754633 -3.284406
v 3.541309 5.983511 -3.284406
v 4.093871 5.983511 -3.284406
v 3.932029 6.145353 -3.284406
v 3.991165 5.797180 -3.697419
v 3.644138 5.797180 -3.697419
v 3.644138 5.940923 -3.697419
v 3.889523 6.042565 -3.697419
v 3.991165 5.940923 -3.697419
v 3.745780 6.042565 -3.697419
v 3.703151 6.145353 -3.284406
v 3.889523 5.695538 -3.697419
v 3.932029 5.592791 -3.284406
v 3.903120 6.075558 -3.697419
v 3.732061 6.075558 -3.697419
v 3.611105 5.783543 -3.697419
v 3.732061 5.662587 -3.697419
v 3.903120 5.662587 -3.697419
v 4.024076 5.954601 -3.697419
v 3.745780 5.695539 -3.697419
v 3.482148 5.730127 -3.284406
v 4.153031 6.008017 -3.284406
v 3.541309 5.754633 -3.284406
v 3.678646 5.533630 -3.284406
v 3.703151 5.592792 -3.284406
v 3.878417 6.015752 -3.697419
v 3.964352 5.929817 -3.697419
v 3.672271 5.929270 -3.697419
v 3.757433 6.014431 -3.697419
v 3.878878 5.721236 -3.697419
v 3.965467 5.807825 -3.697419
v 3.757383 5.723551 -3.697419
v 3.672151 5.808783 -3.697419
v 3.991165 5.797180 -3.341907
v 3.745780 5.695539 -3.335200
v 3.644138 5.797180 -3.335200
v 3.889523 6.042565 -3.335200
v 3.878417 6.015752 -3.335200
v 3.964352 5.929817 -3.335200
v 3.672271 5.929270 -3.335200
v 3.757433 6.014431 -3.335200
v 3.757383 5.723551 -3.335200
v 3.889523 5.695538 -3.341907
v 3.644138 5.940923 -3.335200
v 3.991165 5.940923 -3.335200
v 3.745780 6.042565 -3.335200
v 3.878878 5.721236 -3.341907
v 3.965467 5.807825 -3.341907
v 3.672151 5.808783 -3.335200
v 4.371235 6.098399 -1.849070
v 3.588264 5.315428 -1.849070
v 3.263946 5.639745 -1.849070
v 3.263946 6.098399 -1.849070
v 4.046917 6.422716 -1.849070
v 3.588264 5.315428 -1.581169
v 3.588264 6.422716 -1.581169
v 4.046917 6.422716 -1.581169
v 4.284652 6.062535 -1.581169
v 4.011053 5.402011 -1.581169
v 3.624127 5.402011 -1.581169
v 3.350529 5.675609 -1.581169
v 3.608585 5.375715 0.925454
v 3.608585 6.369007 0.925454
v 4.272883 5.682409 0.925454
v 4.004252 5.413778 0.925454
v 3.355719 5.682409 0.925454
v 3.624351 6.330943 0.925454
v 4.004252 6.330943 0.925454
v 4.272884 6.062312 1.057855
v 4.272883 5.682409 1.057855
v 4.004252 5.413778 1.057855
v 3.624351 5.413778 1.057855
v 3.355719 6.062312 1.057855
v 3.624351 6.330943 1.057855
v 4.366472 6.101078 1.057855
v 3.585586 6.424531 1.057855
v 4.043018 6.424531 1.057855
v 4.366472 6.101078 1.368166
v 4.269217 6.056142 -1.849070
v 4.269217 5.682003 -1.849070
v 3.630521 5.417446 -1.849070
v 3.365964 6.056142 -1.849070
v 3.630521 6.320698 -1.849070
v 4.004660 6.320699 -1.849070
v 4.371235 5.639745 -1.849070
v 4.046917 5.315428 -1.849070
v 3.588264 6.422716 -1.849070
v 4.371235 5.639745 -1.581169
v 4.371235 6.098399 -1.581169
v 3.263946 5.639745 -1.581169
v 4.046917 5.315427 -1.581169
v 3.263946 6.098399 -1.581169
v 3.350529 6.062535 -1.581169
v 4.284652 5.675609 -1.581169
v 4.011053 6.336133 -1.581169
v 3.517112 5.481793 0.809750
v 4.205529 5.575814 0.817598
v 4.110838 5.481124 0.817598
v 4.004252 6.330943 1.057855
v 3.355719 5.682409 1.057855
v 4.272884 6.062312 0.925454
v 3.355719 6.062312 0.925454
v 3.624351 5.413778 0.925454
v 3.262131 5.643644 1.057855
v 3.262132 6.101078 1.057855
v 4.043018 5.320190 1.057855
v 3.585586 5.320190 1.057855
v 4.366472 5.643644 1.057855
v 3.262131 5.643644 1.368166
v 4.043018 5.320190 1.368166
v 3.262132 6.101078 1.368166
v 4.366472 5.643644 1.368166
v 3.585586 5.320190 1.368166
v 3.585586 6.424531 1.368166
v 4.043018 6.424531 1.368166
v 4.281142 6.065732 1.368166
v 3.347461 6.065732 1.368166
v 4.281142 5.678988 1.368166
v 4.007673 5.405519 1.368166
v 3.620930 5.405519 1.368166
v 3.347461 5.678989 1.368166
v 3.439236 5.717003 1.599104
v 3.439236 6.027718 1.599104
v 3.969660 6.247427 1.599104
v 4.007673 6.339201 1.368166
v 3.620930 6.339201 1.368166
v 4.120162 5.745668 2.490345
v 3.508441 5.745669 2.490345
v 3.508441 5.999052 2.490345
v 3.940994 6.178221 2.490345
v 4.040017 5.965855 2.846176
v 4.040017 5.778866 2.846176
v 3.907796 5.646645 2.846176
v 3.720808 5.646645 2.846176
v 3.588586 5.778866 2.846176
v 3.588586 5.965855 2.846176
v 3.720808 6.098076 2.846176
v 3.907797 6.098076 2.846176
v 3.872124 5.896311 3.235262
v 3.872124 5.848410 3.235262
v 3.838253 5.814538 3.235262
v 3.790351 5.814538 3.235262
v 3.756480 5.848410 3.235262
v 3.756481 5.896311 3.235262
v 3.790351 5.930182 3.235262
v 3.838253 5.930182 3.235262
v 3.830274 5.878976 3.279140
v 3.830274 5.865745 3.279140
v 3.820919 5.856388 3.279140
v 3.807686 5.856388 3.279140
v 3.798330 5.865745 3.279140
v 3.798331 5.878976 3.279140
v 3.807687 5.888331 3.279140
v 3.820918 5.888332 3.279140
v 3.658945 6.247427 1.599104
v 3.658945 5.497295 1.599104
v 3.969660 5.497294 1.599104
v 4.189367 5.717003 1.599104
v 4.189367 6.027718 1.599104
v 3.687611 6.178221 2.490345
v 3.940994 5.566500 2.490345
v 4.120162 5.999051 2.490345
v 3.687611 5.566500 2.490345
v 3.624127 6.336134 -1.581169
v 3.317656 5.666643 0.925454
v 4.020019 5.375715 0.925454
v 4.020019 6.369007 0.925454
v 4.310947 6.078078 0.925454
v 3.183149 5.319172 -0.515931
v 4.367488 6.503511 -0.515931
v 3.183212 6.425311 -0.515931
v 3.183212 6.425311 0.529046
v 4.445750 6.425249 0.529046
v 3.423761 5.575144 0.809750
v 4.111547 6.262854 0.809306
v 4.111547 6.262855 -0.285480
v 4.110838 5.481124 -0.293802
v 4.205529 5.575814 -0.293802
v 4.445687 5.319109 0.529046
v 4.367551 5.240972 0.529046
v 3.261349 6.503448 0.529046
v 3.317657 6.078078 0.925454
v 4.310947 5.666643 0.925454
v 3.517762 6.263541 0.817352
v 3.423112 6.168891 0.817352
v 4.367488 6.503511 0.529046
v 4.204822 6.169578 0.809306
v 3.261411 5.240910 0.529046
v 3.183149 5.319172 0.529046
v 3.517762 6.263541 -0.293556
v 3.261349 6.503448 -0.515931
v 4.367551 5.240972 -0.515931
v 3.423112 6.168892 -0.293556
v 3.261411 5.240910 -0.515931
v 3.517112 5.481793 -0.285926
v 4.204822 6.169579 -0.285480
v 4.445687 5.319109 -0.515931
v 4.445750 6.425249 -0.515931
v 3.423761 5.575145 -0.285926
v 4.171105 5.601859 -2.979098
v 3.161180 6.596696 -2.156250
v 3.441436 6.163947 -1.916421
v 4.107479 5.497900 -2.962610
v 3.543917 6.229010 -1.867944
v 4.084755 5.515509 -1.867698
v 3.457605 6.142697 -1.867943
v 4.171106 5.601859 -1.867698
v 4.466848 5.148516 -3.693006
v 4.188715 5.579134 -1.917634
v 4.107480 5.497900 -1.917634
v 3.089924 6.525441 -3.693006
v 3.543917 6.229010 -2.978851
v 4.084755 5.515509 -2.979098
v 3.441436 6.163947 -2.961397
v 3.161180 6.596696 -3.693006
v 4.188714 5.579135 -2.961769
v 4.538104 5.219771 -3.693006
v 3.457605 6.142697 -2.978851
v 3.522667 6.245179 -3.693006
v 3.441436 6.163947 -3.693006
v 3.089924 6.525441 -2.156250
v 3.522667 6.245178 -1.916421
v 4.188714 5.579135 -3.693006
v 4.107479 5.497900 -3.693006
v 3.522667 6.245178 -2.959475
v 4.538105 5.219770 -2.156250
v 4.466849 5.148516 -2.156250
v 4.088087 6.229012 -2.978851
v 4.174400 6.142700 -2.978851
v 3.547250 5.515512 -2.979098
v 4.088088 6.229012 -1.867944
v 4.109339 6.245181 -1.916421
v 4.174400 6.142700 -1.867944
v 3.460900 5.601862 -1.867698
v 3.547250 5.515512 -1.867698
v 4.542087 6.525437 -2.156250
v 4.190569 6.163950 -3.693006
v 3.093907 5.219768 -2.156250
v 3.524525 5.497903 -3.693006
v 3.460900 5.601862 -2.979098
v 4.542087 6.525438 -3.693006
v 4.109338 6.245181 -2.961397
v 3.165162 5.148513 -3.693006
v 3.093907 5.219768 -3.693006
v 3.165162 5.148513 -2.156250
v 4.470831 6.596692 -3.693006
v 4.470832 6.596692 -2.156250
v 4.190569 6.163950 -1.916421
v 4.109338 6.245181 -3.693006
v 3.443291 5.579137 -1.917634
v 3.524525 5.497903 -1.917634
v 3.443291 5.579137 -3.693006
v 3.443291 5.579137 -2.962610
v 4.190569 6.163950 -2.959475
v 3.524525 5.497903 -2.961769
v -5.990026 3.416068 -1.849070
v -5.351330 3.680625 -3.167199
v -5.351330 3.680624 -1.849070
v -5.351330 4.054764 -3.167199
v -5.615886 4.319320 -3.167199
v -5.664011 4.203136 -3.284406
v -5.941900 4.203136 -3.284406
v -6.009441 3.782165 -3.697419
v -5.596470 3.953223 -3.697419
v -5.941900 3.532252 -3.284406
v -6.138397 3.728749 -3.284406
v -5.467514 4.006639 -3.284406
v -6.254582 4.054764 -3.167200
v -6.254582 3.680625 -3.167200
v -5.990026 3.416068 -3.167199
v -5.615886 3.416068 -3.167199
v -5.990026 4.319320 -3.167199
v -6.079237 3.753255 -3.284406
v -5.526674 3.982133 -3.284406
v -6.079237 3.982133 -3.284406
v -5.917395 4.143975 -3.284406
v -5.976530 3.795802 -3.697419
v -5.629503 3.795802 -3.697419
v -5.629503 3.939545 -3.697419
v -5.874888 4.041187 -3.697419
v -5.976530 3.939545 -3.697419
v -5.731145 4.041187 -3.697419
v -5.688516 4.143975 -3.284406
v -5.874888 3.694160 -3.697419
v -5.917395 3.591413 -3.284406
v -5.888485 4.074180 -3.697419
v -5.717427 4.074180 -3.697419
v -5.596470 3.782165 -3.697419
v -5.717427 3.661208 -3.697419
v -5.888485 3.661208 -3.697419
v -6.009441 3.953223 -3.697419
v -5.731145 3.694160 -3.697419
v -5.467514 3.728749 -3.284406
v -6.138397 4.006639 -3.284406
v -5.526674 3.753255 -3.284406
v -5.664011 3.532251 -3.284406
v -5.688517 3.591413 -3.284406
v -5.863782 4.014374 -3.697419
v -5.949718 3.928439 -3.697419
v -5.657637 3.927891 -3.697419
v -5.742798 4.013053 -3.697419
v -5.864244 3.719858 -3.697419
v -5.950832 3.806446 -3.697419
v -5.742748 3.722173 -3.697419
v -5.657516 3.807405 -3.697419
v -5.976530 3.795802 -3.341907
v -5.731145 3.694160 -3.335200
v -5.629503 3.795802 -3.335200
v -5.874888 4.041186 -3.335200
v -5.863782 4.014374 -3.335200
v -5.949718 3.928439 -3.335200
v -5.657637 3.927891 -3.335200
v -5.742798 4.013053 -3.335200
v -5.742748 3.722173 -3.335200
v -5.874888 3.694160 -3.341907
v -5.629503 3.939545 -3.335200
v -5.976530 3.939545 -3.335200
v -5.731145 4.041187 -3.335200
v -5.864244 3.719858 -3.341907
v -5.950832 3.806446 -3.341907
v -5.657516 3.807405 -3.335200
v -6.356601 4.097021 -1.849070
v -5.573629 3.314049 -1.849070
v -5.249311 3.638367 -1.849070
v -5.249311 4.097021 -1.849070
v -6.032283 4.421338 -1.849070
v -5.573629 3.314049 -1.581169
v -5.573629 4.421338 -1.581169
v -6.032283 4.421338 -1.581169
v -6.270018 4.061157 -1.581169
v -5.996419 3.400633 -1.581169
v -5.609492 3.400633 -1.581169
v -5.335895 3.674231 -1.581169
v -5.593950 3.374337 0.925454
v -5.593950 4.367628 0.925454
v -6.258249 3.681031 0.925454
v -5.989618 3.412400 0.925454
v -5.341084 3.681031 0.925454
v -5.609716 4.329565 0.925454
v -5.989618 4.329565 0.925454
v -6.258250 4.060934 1.057855
v -6.258249 3.681031 1.057855
v -5.989618 3.412400 1.057855
v -5.609716 3.412400 1.057855
v -5.341084 4.060934 1.057855
v -5.609716 4.329565 1.057855
v -6.351838 4.099699 1.057855
v -5.570951 4.423153 1.057855
v -6.028384 4.423153 1.057855
v -6.351838 4.099699 1.368166
v -6.254582 4.054764 -1.849070
v -6.254582 3.680624 -1.849070
v -5.615886 3.416068 -1.849070
v -5.351330 4.054763 -1.849070
v -5.615886 4.319320 -1.849070
v -5.990026 4.319320 -1.849070
v -6.356601 3.638367 -1.849070
v -6.032283 3.314049 -1.849070
v -5.573629 4.421338 -1.849070
v -6.356601 3.638367 -1.581169
v -6.356601 4.097021 -1.581169
v -5.249311 3.638367 -1.581169
v -6.032283 3.314049 -1.581169
v -5.249311 4.097021 -1.581169
v -5.335895 4.061157 -1.581169
v -6.270018 3.674231 -1.581169
v -5.996419 4.334755 -1.581169
v -5.502478 3.480415 0.809750
v -6.190895 3.574436 0.817598
v -6.096204 3.479745 0.817598
v -5.989618 4.329565 1.057855
v -5.341084 3.681031 1.057855
v -6.258250 4.060934 0.925454
v -5.341084 4.060934 0.925454
v -5.609716 3.412400 0.925454
v -5.247497 3.642266 1.057855
v -5.247497 4.099699 1.057855
v -6.028384 3.318812 1.057855
v -5.570951 3.318812 1.057855
v -6.351838 3.642266 1.057855
v -5.247497 3.642266 1.368166
v -6.028384 3.318812 1.368166
v -5.247497 4.099699 1.368166
v -6.351838 3.642266 1.368166
v -5.570951 3.318812 1.368166
v -5.570951 4.423153 1.368166
v -6.028384 4.423153 1.368166
v -6.266508 4.064354 1.368166
v -5.332827 4.064354 1.368166
v -6.266508 3.677610 1.368166
v -5.993039 3.404141 1.368166
v -5.606296 3.404141 1.368166
v -5.332827 3.677611 1.368166
v -5.424602 3.715625 1.599104
v -5.424602 4.026340 1.599104
v -5.955025 4.246048 1.599104
v -5.993039 4.337823 1.368166
v -5.606296 4.337823 1.368166
v -6.105528 3.744291 2.490345
v -5.493807 3.744291 2.490345
v -5.493807 3.997674 2.490345
v -5.926359 4.176843 2.490345
v -6.025383 3.964477 2.846176
v -6.025383 3.777488 2.846176
v -5.893162 3.645266 2.846176
v -5.706173 3.645266 2.846176
v -5.573952 3.777488 2.846176
v -5.573952 3.964477 2.846176
v -5.706173 4.096698 2.846176
v -5.893162 4.096698 2.846176
v -5.857490 3.894933 3.235262
v -5.857490 3.847032 3.235262
v -5.823619 3.813160 3.235262
v -5.775717 3.813160 3.235262
v -5.741845 3.847032 3.235262
v -5.741846 3.894933 3.235262
v -5.775717 3.928804 3.235262
v -5.823618 3.928804 3.235262
v -5.815639 3.877598 3.279140
v -5.815639 3.864367 3.279140
v -5.806284 3.855010 3.279140
v -5.793052 3.855010 3.279140
v -5.783696 3.864367 3.279140
v -5.783696 3.877598 3.279140
v -5.793052 3.886954 3.279140
v -5.806283 3.886954 3.279140
v -5.644310 4.246048 1.599104
v -5.644310 3.495917 1.599104
v -5.955026 3.495916 1.599104
v -6.174733 3.715625 1.599104
v -6.174733 4.026340 1.599104
v -5.672976 4.176843 2.490345
v -5.926359 3.565122 2.490345
v -6.105528 3.997674 2.490345
v -5.672976 3.565122 2.490345
v -5.609492 4.334755 -1.581169
v -5.303021 3.665265 0.925454
v -6.005384 3.374337 0.925454
v -6.005384 4.367628 0.925454
v -6.296313 4.076700 0.925454
v -5.168514 3.317793 -0.515931
v -6.352854 4.502132 -0.515931
v -5.168577 4.423933 -0.515931
v -5.168577 4.423933 0.529046
v -6.431116 4.423871 0.529046
v -5.409126 3.573766 0.809750
v -6.096912 4.261476 0.809306
v -6.096912 4.261476 -0.285480
v -6.096204 3.479745 -0.293802
v -6.190895 3.574436 -0.293802
v -6.431053 3.317730 0.529046
v -6.352917 3.239593 0.529046
v -5.246715 4.502070 0.529046
v -5.303022 4.076700 0.925454
v -6.296313 3.665265 0.925454
v -5.503127 4.262163 0.817352
v -5.408478 4.167513 0.817352
v -6.352854 4.502132 0.529046
v -6.190187 4.168200 0.809306
v -5.246777 3.239531 0.529046
v -5.168514 3.317793 0.529046
v -5.503127 4.262163 -0.293556
v -5.246715 4.502070 -0.515931
v -6.352917 3.239593 -0.515931
v -5.408478 4.167514 -0.293556
v -5.246777 3.239531 -0.515931
v -5.502478 3.480415 -0.285926
v -6.190187 4.168200 -0.285480
v -6.431053 3.317730 -0.515931
v -6.431116 4.423871 -0.515931
v -5.409126 3.573766 -0.285926
v -6.156471 3.600481 -2.979098
v -5.146545 4.595317 -2.156250
v -5.426802 4.162569 -1.916421
v -6.092845 3.496522 -2.962610
v -5.529283 4.227631 -1.867944
v -6.070121 3.514130 -1.867698
v -5.442971 4.141319 -1.867943
v -6.156472 3.600481 -1.867698
v -6.452214 3.147138 -3.693006
v -6.174081 3.577756 -1.917634
v -6.092846 3.496522 -1.917634
v -5.075290 4.524063 -3.693006
v -5.529283 4.227632 -2.978851
v -6.070121 3.514131 -2.979098
v -5.426802 4.162569 -2.961397
v -5.146545 4.595318 -3.693006
v -6.174080 3.577756 -2.961769
v -6.523470 3.218393 -3.693006
v -5.442971 4.141319 -2.978851
v -5.508033 4.243800 -3.693006
v -5.426802 4.162569 -3.693006
v -5.075290 4.524063 -2.156250
v -5.508033 4.243800 -1.916421
v -6.174080 3.577757 -3.693006
v -6.092845 3.496522 -3.693006
v -5.508033 4.243800 -2.959475
v -6.523471 3.218392 -2.156250
v -6.452215 3.147137 -2.156250
v -6.073453 4.227633 -2.978851
v -6.159766 4.141322 -2.978851
v -5.532616 3.514133 -2.979098
v -6.073454 4.227633 -1.867944
v -6.094705 4.243803 -1.916421
v -6.159766 4.141322 -1.867944
v -5.446265 3.600483 -1.867698
v -5.532616 3.514133 -1.867698
v -6.527452 4.524059 -2.156250
v -6.175935 4.162572 -3.693006
v -5.079272 3.218389 -2.156250
v -5.509891 3.496525 -3.693006
v -5.446265 3.600484 -2.979098
v -6.527452 4.524059 -3.693006
v -6.094704 4.243803 -2.961397
v -5.150527 3.147135 -3.693006
v -5.079272 3.218390 -3.693006
v -5.150527 3.147134 -2.156250
v -6.456197 4.595314 -3.693006
v -6.456198 4.595314 -2.156250
v -6.175935 4.162571 -1.916421
v -6.094704 4.243803 -3.693006
v -5.428656 3.577759 -1.917634
v -5.509891 3.496524 -1.917634
v -5.428656 3.577759 -3.693006
v -5.428656 3.577759 -2.962610
v -6.175935 4.162572 -2.959475
v -5.509891 3.496524 -2.961769
v -4.004660 5.417446 -1.849070
v -3.365964 5.682003 -3.167199
v -3.365964 5.682003 -1.849070
v -3.365964 6.056142 -3.167199
v -3.630520 6.320698 -3.167199
v -3.678645 6.204515 -3.284406
v -3.956534 6.204515 -3.284406
v -4.024076 5.783543 -3.697419
v -3.611104 5.954601 -3.697419
v -3.956534 5.533630 -3.284406
v -4.153031 5.730127 -3.284406
v -3.482148 6.008017 -3.284406
v -4.269217 6.056142 -3.167200
v -4.269217 5.682003 -3.167200
v -4.004660 5.417446 -3.167199
v -3.630520 5.417447 -3.167199
v -4.004660 6.320699 -3.167199
v -4.093871 5.754633 -3.284406
v -3.541308 5.983511 -3.284406
v -4.093871 5.983511 -3.284406
v -3.932029 6.145353 -3.284406
v -3.991164 5.797180 -3.697419
v -3.644137 5.797180 -3.697419
v -3.644137 5.940923 -3.697419
v -3.889523 6.042565 -3.697419
v -3.991164 5.940923 -3.697419
v -3.745779 6.042565 -3.697419
v -3.703150 6.145353 -3.284406
v -3.889523 5.695538 -3.697419
v -3.932029 5.592791 -3.284406
v -3.903119 6.075558 -3.697419
v -3.732061 6.075558 -3.697419
v -3.611104 5.783543 -3.697419
v -3.732061 5.662587 -3.697419
v -3.903119 5.662587 -3.697419
v -4.024076 5.954601 -3.697419
v -3.745779 5.695539 -3.697419
v -3.482148 5.730127 -3.284406
v -4.153031 6.008017 -3.284406
v -3.541308 5.754633 -3.284406
v -3.678645 5.533630 -3.284406
v -3.703151 5.592792 -3.284406
v -3.878417 6.015752 -3.697419
v -3.964352 5.929817 -3.697419
v -3.672271 5.929270 -3.697419
v -3.757432 6.014431 -3.697419
v -3.878878 5.721236 -3.697419
v -3.965466 5.807825 -3.697419
v -3.757382 5.723551 -3.697419
v -3.672150 5.808783 -3.697419
v -3.991164 5.797180 -3.341907
v -3.745779 5.695539 -3.335200
v -3.644137 5.797180 -3.335200
v -3.889523 6.042565 -3.335200
v -3.878417 6.015752 -3.335200
v -3.964352 5.929817 -3.335200
v -3.672271 5.929270 -3.335200
v -3.757432 6.014431 -3.335200
v -3.757382 5.723551 -3.335200
v -3.889523 5.695538 -3.341907
v -3.644137 5.940923 -3.335200
v -3.991164 5.940923 -3.335200
v -3.745779 6.042565 -3.335200
v -3.878878 5.721236 -3.341907
v -3.965466 5.807825 -3.341907
v -3.672150 5.808783 -3.335200
v -4.371235 6.098399 -1.849070
v -3.588263 5.315428 -1.849070
v -3.263946 5.639745 -1.849070
v -3.263946 6.098399 -1.849070
v -4.046917 6.422716 -1.849070
v -3.588263 5.315428 -1.581169
v -3.588263 6.422716 -1.581169
v -4.046917 6.422716 -1.581169
v -4.284652 6.062535 -1.581169
v -4.011053 5.402011 -1.581169
v -3.624126 5.402011 -1.581169
v -3.350529 5.675609 -1.581169
v -3.608584 5.375715 0.925454
v -3.608584 6.369007 0.925454
v -4.272883 5.682409 0.925454
v -4.004252 5.413778 0.925454
v -3.355719 5.682409 0.925454
v -3.624351 6.330943 0.925454
v -4.004252 6.330943 0.925454
v -4.272884 6.062312 1.057855
v -4.272883 5.682409 1.057855
v -4.004252 5.413778 1.057855
v -3.624351 5.413778 1.057855
v -3.355719 6.062312 1.057855
v -3.624351 6.330943 1.057855
v -4.366472 6.101078 1.057855
v -3.585585 6.424531 1.057855
v -4.043018 6.424531 1.057855
v -4.366472 6.101078 1.368166
v -4.269217 6.056142 -1.849070
v -4.269217 5.682003 -1.849070
v -3.630520 5.417446 -1.849070
v -3.365964 6.056142 -1.849070
v -3.630520 6.320698 -1.849070
v -4.004660 6.320699 -1.849070
v -4.371235 5.639745 -1.849070
v -4.046917 5.315428 -1.849070
v -3.588263 6.422716 -1.849070
v -4.371235 5.639745 -1.581169
v -4.371235 6.098399 -1.581169
v -3.263946 5.639745 -1.581169
v -4.046917 5.315427 -1.581169
v -3.263946 6.098399 -1.581169
v -3.350529 6.062535 -1.581169
v -4.284652 5.675609 -1.581169
v -4.011053 6.336133 -1.581169
v -3.517112 5.481793 0.809750
v -4.205529 5.575814 0.817598
v -4.110838 5.481124 0.817598
v -4.004252 6.330943 1.057855
v -3.355719 5.682409 1.057855
v -4.272884 6.062312 0.925454
v -3.355719 6.062312 0.925454
v -3.624351 5.413778 0.925454
v -3.262131 5.643644 1.057855
v -3.262131 6.101078 1.057855
v -4.043018 5.320190 1.057855
v -3.585585 5.320190 1.057855
v -4.366472 5.643644 1.057855
v -3.262131 5.643644 1.368166
v -4.043018 5.320190 1.368166
v -3.262131 6.101078 1.368166
v -4.366472 5.643644 1.368166
v -3.585585 5.320190 1.368166
v -3.585585 6.424531 1.368166
v -4.043018 6.424531 1.368166
v -4.281142 6.065732 1.368166
v -3.347461 6.065732 1.368166
v -4.281142 5.678988 1.368166
v -4.007673 5.405519 1.368166
v -3.620930 5.405519 1.368166
v -3.347461 5.678989 1.368166
v -3.439236 5.717003 1.599104
v -3.439236 6.027718 1.599104
v -3.969659 6.247427 1.599104
v -4.007673 6.339201 1.368166
v -3.620930 6.339201 1.368166
v -4.120162 5.745668 2.490345
v -3.508441 5.745669 2.490345
v -3.508441 5.999052 2.490345
v -3.940993 6.178221 2.490345
v -4.040017 5.965855 2.846176
v -4.040017 5.778866 2.846176
v -3.907796 5.646645 2.846176
v -3.720808 5.646645 2.846176
v -3.588586 5.778866 2.846176
v -3.588586 5.965855 2.846176
v -3.720808 6.098076 2.846176
v -3.907796 6.098076 2.846176
v -3.872124 5.896311 3.235262
v -3.872124 5.848410 3.235262
v -3.838253 5.814538 3.235262
v -3.790351 5.814538 3.235262
v -3.756479 5.848410 3.235262
v -3.756480 5.896311 3.235262
v -3.790351 5.930182 3.235262
v -3.838252 5.930182 3.235262
v -3.830274 5.878976 3.279140
v -3.830274 5.865745 3.279140
v -3.820918 5.856388 3.279140
v -3.807686 5.856388 3.279140
v -3.798330 5.865745 3.279140
v -3.798330 5.878976 3.279140
v -3.807686 5.888331 3.279140
v -3.820917 5.888332 3.279140
v -3.658944 6.247427 1.599104
v -3.658944 5.497295 1.599104
v -3.969660 5.497294 1.599104
v -4.189367 5.717003 1.599104
v -4.189367 6.027718 1.599104
v -3.687611 6.178221 2.490345
v -3.940993 5.566500 2.490345
v -4.120162 5.999051 2.490345
v -3.687611 5.566500 2.490345
v -3.624126 6.336134 -1.581169
v -3.317656 5.666643 0.925454
v -4.020019 5.375715 0.925454
v -4.020019 6.369007 0.925454
v -4.310947 6.078078 0.925454
v -3.183148 5.319172 -0.515931
v -4.367488 6.503511 -0.515931
v -3.183211 6.425311 -0.515931
v -3.183211 6.425311 0.529046
v -4.445750 6.425249 0.529046
v -3.423760 5.575144 0.809750
v -4.111547 6.262854 0.809306
v -4.111547 6.262855 -0.285480
v -4.110838 5.481124 -0.293802
v -4.205529 5.575814 -0.293802
v -4.445687 5.319109 0.529046
v -4.367551 5.240972 0.529046
v -3.261349 6.503448 0.529046
v -3.317656 6.078078 0.925454
v -4.310947 5.666643 0.925454
v -3.517761 6.263541 0.817352
v -3.423112 6.168891 0.817352
v -4.367488 6.503511 0.529046
v -4.204822 6.169578 0.809306
v -3.261411 5.240910 0.529046
v -3.183148 5.319172 0.529046
v -3.517761 6.263541 -0.293556
v -3.261349 6.503448 -0.515931
v -4.367551 5.240972 -0.515931
v -3.423112 6.168892 -0.293556
v -3.261411 5.240910 -0.515931
v -3.517112 5.481793 -0.285926
v -4.204822 6.169579 -0.285480
v -4.445687 5.319109 -0.515931
v -4.445750 6.425249 -0.515931
v -3.423760 5.575145 -0.285926
v -4.171105 5.601859 -2.979098
v -3.161180 6.596696 -2.156250
v -3.441436 6.163947 -1.916421
v -4.107479 5.497900 -2.962610
v -3.543917 6.229010 -1.867944
v -4.084755 5.515509 -1.867698
v -3.457605 6.142697 -1.867943
v -4.171106 5.601859 -1.867698
v -4.466848 5.148516 -3.693006
v -4.188715 5.579134 -1.917634
v -4.107480 5.497900 -1.917634
v -3.089924 6.525441 -3.693006
v -3.543917 6.229010 -2.978851
v -4.084755 5.515509 -2.979098
v -3.441436 6.163947 -2.961397
v -3.161180 6.596696 -3.693006
v -4.188714 5.579135 -2.961769
v -4.538104 5.219771 -3.693006
v -3.457605 6.142697 -2.978851
v -3.522667 6.245179 -3.693006
v -3.441436 6.163947 -3.693006
v -3.089924 6.525441 -2.156250
v -3.522667 6.245178 -1.916421
v -4.188714 5.579135 -3.693006
v -4.107479 5.497900 -3.693006
v -3.522667 6.245178 -2.959475
v -4.538105 5.219770 -2.156250
v -4.466849 5.148516 -2.156250
v -4.088087 6.229012 -2.978851
v -4.174400 6.142700 -2.978851
v -3.547250 5.515512 -2.979098
v -4.088088 6.229012 -1.867944
v -4.109339 6.245181 -1.916421
v -4.174400 6.142700 -1.867944
v -3.460899 5.601862 -1.867698
v -3.547250 5.515512 -1.867698
v -4.542087 6.525437 -2.156250
v -4.190569 6.163950 -3.693006
v -3.093906 5.219768 -2.156250
v -3.524525 5.497903 -3.693006
v -3.460899 5.601862 -2.979098
v -4.542087 6.525438 -3.693006
v -4.109338 6.245181 -2.961397
v -3.165161 5.148513 -3.693006
v -3.093906 5.219768 -3.693006
v -3.165161 5.148513 -2.156250
v -4.470831 6.596692 -3.693006
v -4.470832 6.596692 -2.156250
v -4.190569 6.163950 -1.916421
v -4.109338 6.245181 -3.693006
v -3.443290 5.579137 -1.917634
v -3.524525 5.497903 -1.917634
v -3.443290 5.579137 -3.693006
v -3.443290 5.579137 -2.962610
v -4.190569 6.163950 -2.959475
v -3.524525 5.497903 -2.961769
v 5.990026 3.416068 -1.849070
v 5.351330 3.680625 -3.167199
v 5.351330 3.680624 -1.849070
v 5.351330 4.054764 -3.167199
v 5.615886 4.319320 -3.167199
v 5.664011 4.203136 -3.284406
v 5.941900 4.203136 -3.284406
v 6.009441 3.782165 -3.697419
v 5.596470 3.953223 -3.697419
v 5.941900 3.532252 -3.284406
v 6.138397 3.728749 -3.284406
v 5.467514 4.006639 -3.284406
v 6.254582 4.054764 -3.167200
v 6.254582 3.680625 -3.167200
v 5.990026 3.416068 -3.167199
v 5.615886 3.416068 -3.167199
v 5.990026 4.319320 -3.167199
v 6.079237 3.753255 -3.284406
v 5.526674 3.982133 -3.284406
v 6.079237 3.982133 -3.284406
v 5.917395 4.143975 -3.284406
v 5.976530 3.795802 -3.697419
v 5.629503 3.795802 -3.697419
v 5.629503 3.939545 -3.697419
v 5.874888 4.041187 -3.697419
v 5.976530 3.939545 -3.697419
v 5.731145 4.041187 -3.697419
v 5.688516 4.143975 -3.284406
v 5.874888 3.694160 -3.697419
v 5.917395 3.591413 -3.284406
v 5.888485 4.074180 -3.697419
v 5.717427 4.074180 -3.697419
v 5.596470 3.782165 -3.697419
v 5.717427 3.661208 -3.697419
v 5.888485 3.661208 -3.697419
v 6.009441 3.953223 -3.697419
v 5.731145 3.694160 -3.697419
v 5.467514 3.728749 -3.284406
v 6.138397 4.006639 -3.284406
v 5.526674 3.753255 -3.284406
v 5.664011 3.532251 -3.284406
v 5.688517 3.591413 -3.284406
v 5.863782 4.014374 -3.697419
v 5.949718 3.928439 -3.697419
v 5.657637 3.927891 -3.697419
v 5.742798 4.013053 -3.697419
v 5.864244 3.719858 -3.697419
v 5.950832 3.806446 -3.697419
v 5.742748 3.722173 -3.697419
v 5.657516 3.807405 -3.697419
v 5.976530 3.795802 -3.341907
v 5.731145 3.694160 -3.335200
v 5.629503 3.795802 -3.335200
v 5.874888 4.041186 -3.335200
v 5.863782 4.014374 -3.335200
v 5.949718 3.928439 -3.335200
v 5.657637 3.927891 -3.335200
v 5.742798 4.013053 -3.335200
v 5.742748 3.722173 -3.335200
v 5.874888 3.694160 -3.341907
v 5.629503 3.939545 -3.335200
v 5.976530 3.939545 -3.335200
v 5.731145 4.041187 -3.335200
v 5.864244 3.719858 -3.341907
v 5.950832 3.806446 -3.341907
v 5.657516 3.807405 -3.335200
v 6.356601 4.097021 -1.849070
v 5.573629 3.314049 -1.849070
v 5.249311 3.638367 -1.849070
v 5.249311 4.097021 -1.849070
v 6.032283 4.421338 -1.849070
v 5.573629 3.314049 -1.581169
v 5.573629 4.421338 -1.581169
v 6.032283 4.421338 -1.581169
v 6.270018 4.061157 -1.581169
v 5.996419 3.400633 -1.581169
v 5.609492 3.400633 -1.581169
v 5.335895 3.674231 -1.581169
v 5.593950 3.374337 0.925454
v 5.593950 4.367628 0.925454
v 6.258249 3.681031 0.925454
v 5.989618 3.412400 0.925454
v 5.341084 3.681031 0.925454
v 5.609716 4.329565 0.925454
v 5.989618 4.329565 0.925454
v 6.258250 4.060934 1.057855
v 6.258249 3.681031 1.057855
v 5.989618 3.412400 1.057855
v 5.609716 3.412400 1.057855
v 5.341084 4.060934 1.057855
v 5.609716 4.329565 1.057855
v 6.351838 4.099699 1.057855
v 5.570951 4.423153 1.057855
v 6.028384 4.423153 1.057855
v 6.351838 4.099699 1.368166
v 6.254582 4.054764 -1.849070
v 6.254582 3.680624 -1.849070
v 5.615886 3.416068 -1.849070
v 5.351330 4.054763 -1.849070
v 5.615886 4.319320 -1.849070
v 5.990026 4.319320 -1.849070
v 6.356601 3.638367 -1.849070
v 6.032283 3.314049 -1.849070
v 5.573629 4.421338 -1.849070
v 6.356601 3.638367 -1.581169
v 6.356601 4.097021 -1.581169
v 5.249311 3.638367 -1.581169
v 6.032283 3.314049 -1.581169
v 5.249311 4.097021 -1.581169
v 5.335895 4.061157 -1.581169
v 6.270018 3.674231 -1.581169
v 5.996419 4.334755 -1.581169
v 5.502478 3.480415 0.809750
v 6.190895 3.574436 0.817598
v 6.096204 3.479745 0.817598
v 5.989618 4.329565 1.057855
v 5.341084 3.681031 1.057855
v 6.258250 4.060934 0.925454
v 5.341084 4.060934 0.925454
v 5.609716 3.412400 0.925454
v 5.247497 3.642266 1.057855
v 5.247497 4.099699 1.057855
v 6.028384 3.318812 1.057855
v 5.570951 3.318812 1.057855
v 6.351838 3.642266 1.057855
v 5.247497 3.642266 1.368166
v 6.028384 3.318812 1.368166
v 5.247497 4.099699 1.368166
v 6.351838 3.642266 1.368166
v 5.570951 3.318812 1.368166
v 5.570951 4.423153 1.368166
v 6.028384 4.423153 1.368166
v 6.266508 4.064354 1.368166
v 5.332827 4.064354 1.368166
v 6.266508 3.677610 1.368166
v 5.993039 3.404141 1.368166
v 5.606296 3.404141 1.368166
v 5.332827 3.677611 1.368166
v 5.424602 3.715625 1.599104
v 5.424602 4.026340 1.599104
v 5.955025 4.246048 1.599104
v 5.993039 4.337823 1.368166
v 5.606296 4.337823 1.368166
v 6.105528 3.744291 2.490345
v 5.493807 3.744291 2.490345
v 5.493807 3.997674 2.490345
v 5.926359 4.176843 2.490345
v 6.025383 3.964477 2.846176
v 6.025383 3.777488 2.846176
v 5.893162 3.645266 2.846176
v 5.706173 3.645266 2.846176
v 5.573952 3.777488 2.846176
v 5.573952 3.964477 2.846176
v 5.706173 4.096698 2.846176
v 5.893162 4.096698 2.846176
v 5.857490 3.894933 3.235262
v 5.857490 3.847032 3.235262
v 5.823619 3.813160 3.235262
v 5.775717 3.813160 3.235262
v 5.741845 3.847032 3.235262
v 5.741846 3.894933 3.235262
v 5.775717 3.928804 3.235262
v 5.823618 3.928804 3.235262
v 5.815639 3.877598 3.279140
v 5.815639 3.864367 3.279140
v 5.806284 3.855010 3.279140
v 5.793052 3.855010 3.279140
v 5.783696 3.864367 3.279140
v 5.783696 3.877598 3.279140
v 5.793052 3.886954 3.279140
v 5.806283 3.886954 3.279140
v 5.644310 4.246048 1.599104
v 5.644310 3.495917 1.599104
v 5.955026 3.495916 1.599104
v 6.174733 3.715625 1.599104
v 6.174733 4.026340 1.599104
v 5.672976 4.176843 2.490345
v 5.926359 3.565122 2.490345
v 6.105528 3.997674 2.490345
v 5.672976 3.565122 2.490345
v 5.609492 4.334755 -1.581169
v 5.303021 3.665265 0.925454
v 6.005384 3.374337 0.925454
v 6.005384 4.367628 0.925454
v 6.296313 4.076700 0.925454
v 5.168514 3.317793 -0.515931
v 6.352854 4.502132 -0.515931
v 5.168577 4.423933 -0.515931
v 5.168577 4.423933 0.529046
v 6.431116 4.423871 0.529046
v 5.409126 3.573766 0.809750
v 6.096912 4.261476 0.809306
v 6.096912 4.261476 -0.285480
v 6.096204 3.479745 -0.293802
v 6.190895 3.574436 -0.293802
v 6.431053 3.317730 0.529046
v 6.352917 3.239593 0.529046
v 5.246715 4.502070 0.529046
v 5.303022 4.076700 0.925454
v 6.296313 3.665265 0.925454
v 5.503127 4.262163 0.817352
v 5.408478 4.167513 0.817352
v 6.352854 4.502132 0.529046
v 6.190187 4.168200 0.809306
v 5.246777 3.239531 0.529046
v 5.168514 3.317793 0.529046
v 5.503127 4.262163 -0.293556
v 5.246715 4.502070 -0.515931
v 6.352917 3.239593 -0.515931
v 5.408478 4.167514 -0.293556
v 5.246777 3.239531 -0.515931
v 5.502478 3.480415 -0.285926
v 6.190187 4.168200 -0.285480
v 6.431053 3.317730 -0.515931
v 6.431116 4.423871 -0.515931
v 5.409126 3.573766 -0.285926
v 6.156471 3.600481 -2.979098
v 5.146545 4.595317 -2.156250
v 5.426802 4.162569 -1.916421
v 6.092845 3.496522 -2.962610
v 5.529283 4.227631 -1.867944
v 6.070121 3.514130 -1.867698
v 5.442971 4.141319 -1.867943
v 6.156472 3.600481 -1.867698
v 6.452214 3.147138 -3.693006
v 6.174081 3.577756 -1.917634
v 6.092846 3.496522 -1.917634
v 5.075290 4.524063 -3.693006
v 5.529283 4.227632 -2.978851
v 6.070121 3.514131 -2.979098
v 5.426802 4.162569 -2.961397
v 5.146545 4.595318 -3.693006
v 6.174080 3.577756 -2.961769
v 6.523470 3.218393 -3.693006
v 5.442971 4.141319 -2.978851
v 5.508033 4.243800 -3.693006
v 5.426802 4.162569 -3.693006
v 5.075290 4.524063 -2.156250
v 5.508033 4.243800 -1.916421
v 6.174080 3.577757 -3.693006
v 6.092845 3.496522 -3.693006
v 5.508033 4.243800 -2.959475
v 6.523471 3.218392 -2.156250
v 6.452215 3.147137 -2.156250
v 6.073453 4.227633 -2.978851
v 6.159766 4.141322 -2.978851
v 5.532616 3.514133 -2.979098
v 6.073454 4.227633 -1.867944
v 6.094705 4.243803 -1.916421
v 6.159766 4.141322 -1.867944
v 5.446265 3.600483 -1.867698
v 5.532616 3.514133 -1.867698
v 6.527452 4.524059 -2.156250
v 6.175935 4.162572 -3.693006
v 5.079272 3.218389 -2.156250
v 5.509891 3.496525 -3.693006
v 5.446265 3.600484 -2.979098
v 6.527452 4.524059 -3.693006
v 6.094704 4.243803 -2.961397
v 5.150527 3.147135 -3.693006
v 5.079272 3.218390 -3.693006
v 5.150527 3.147134 -2.156250
v 6.456197 4.595314 -3.693006
v 6.456198 4.595314 -2.156250
v 6.175935 4.162571 -1.916421
v 6.094704 4.243803 -3.693006
v 5.428656 3.577759 -1.917634
v 5.509891 3.496524 -1.917634
v 5.428656 3.577759 -3.693006
v 5.428656 3.577759 -2.962610
v 6.175935 4.162572 -2.959475
v 5.509891 3.496524 -2.961769
v -3.077619 4.323668 -3.027355
v -3.856903 4.323668 -3.027355
v -2.963165 4.914357 -1.041823
v -2.963165 2.775046 -1.041823
v -4.866087 3.120397 -1.041823
v -4.866087 4.439999 -1.034745
v -4.866087 3.275675 -1.034922
v -4.701001 2.775046 -1.041823
v -3.038723 4.776577 1.044482
v -4.701001 4.919513 1.044482
v -4.866087 4.534457 -1.041823
v -4.752404 3.301386 0.788480
v -2.963165 4.919513 1.044482
v -4.710790 4.914357 -1.041823
v -4.866087 3.109629 1.044482
v -4.701001 2.775140 1.044482
v -4.866087 3.275675 0.855647
v -4.866087 4.439323 -2.039948
v -4.866087 3.259041 -2.039948
v -4.710790 4.711465 -2.214806
v -4.752404 3.301387 -1.018521
v -4.752404 4.414244 -1.018352
v -4.752404 3.410550 -1.894720
v -3.856903 3.370797 -3.027355
v -4.866087 4.322801 -1.945490
v -4.866087 4.439999 0.855647
v -4.752404 4.414244 0.788480
v -4.430010 4.565952 1.921016
v -3.630460 3.708871 2.357314
v -3.620959 3.685934 1.920158
v -3.964389 3.708871 2.357314
v -4.223449 3.935494 1.920158
v -4.200512 4.278923 2.357314
v -4.223449 4.288424 1.920158
v -3.964389 4.515046 2.357314
v -3.973889 4.537983 1.920158
v -3.371400 3.935494 1.920158
v -3.705457 3.197342 6.231678
v -3.889391 3.197342 6.231678
v -4.019453 3.327403 6.231678
v -4.019453 3.511337 6.231678
v -3.705457 3.641398 6.231678
v -3.575396 3.511337 6.231678
v -3.559057 3.320635 1.919691
v -3.690380 3.853530 2.508553
v -3.904469 3.853530 2.508553
v -4.055853 4.004914 2.508553
v -4.055853 4.219003 2.508553
v -3.904469 4.370388 2.508553
v -3.690380 4.370388 2.508553
v -3.538996 4.219003 2.508553
v -3.538996 4.004914 2.508553
v -4.200512 3.944994 2.357314
v -3.394337 4.278923 2.357314
v -3.630460 4.515046 2.357314
v -3.394337 3.944994 2.357314
v -3.883921 3.903138 2.618831
v -3.710928 4.320780 2.618831
v -3.588603 4.198455 2.618831
v -3.588603 4.025463 2.618831
v -3.710927 3.903137 10.366391
v -3.883921 3.903137 10.366391
v -4.006246 4.025462 10.366391
v -3.710927 4.320779 10.366391
v -3.588603 4.198454 10.366391
v -3.588603 4.025462 10.366391
v -3.677393 3.822177 10.315289
v -4.087205 3.991927 10.315289
v -3.677393 4.401739 10.315289
v -3.883921 4.320779 10.366391
v -4.006246 4.198454 10.366391
v -3.883921 4.320780 2.618831
v -4.006246 4.025463 2.618831
v -3.710928 3.903138 2.618831
v -4.006246 4.198455 2.618831
v -3.917456 3.822177 10.315289
v -4.087206 4.231989 10.315289
v -3.917456 4.401739 10.315289
v -3.507643 4.231989 10.315289
v -3.507643 3.991927 10.315289
v -4.087205 3.991927 11.782307
v -4.087206 4.231989 11.873805
v -3.917456 4.401739 11.943753
v -3.677393 4.401739 11.943753
v -3.507643 4.231989 11.873805
v -3.507643 3.991927 11.782307
v -3.917456 3.822177 11.699124
v -3.677393 3.822177 11.699124
v -3.698694 3.873602 11.721418
v -4.035781 4.210689 11.865099
v -3.698694 4.350314 11.922634
v -3.896155 3.873602 10.444338
v -4.035780 4.013227 10.444338
v -4.035781 4.210689 10.444338
v -3.896155 4.350314 10.444338
v -3.559068 4.210689 10.444338
v -3.559068 4.013227 10.444338
v -3.797424 4.111959 10.444338
v -3.559068 4.013227 11.789839
v -3.559068 4.210689 11.865099
v -3.896155 4.350314 11.922634
v -4.035780 4.013227 11.789839
v -3.896155 3.873602 11.721418
v -3.698694 4.350314 10.444338
v -3.698694 3.873602 10.444338
v -3.507643 4.231989 11.203900
v -3.677393 3.822177 11.203900
v -4.087205 3.991927 11.203900
v -3.677393 4.401739 11.203900
v -4.092557 4.234206 10.899544
v -3.930612 3.790415 11.203900
v -3.664237 3.790415 11.203900
v -4.118968 3.978770 11.203900
v -3.664237 4.433501 11.203900
v -3.929822 3.792321 10.899544
v -4.117062 3.979560 10.899544
v -3.477787 3.979560 10.899544
v -3.477787 4.244356 10.899544
v -3.929822 4.431595 10.899544
v -3.665026 4.431595 10.899544
v -4.117063 4.244356 10.899544
v -3.665026 3.792321 10.899544
v -3.502291 4.234206 10.899544
v -3.502291 3.989710 10.899544
v -4.092557 3.989710 10.899544
v -3.507643 3.991927 11.203900
v -4.087206 4.231989 11.203900
v -3.917456 3.822177 11.203900
v -3.917456 4.401739 11.203900
v -3.919672 3.816825 10.899544
v -3.919672 4.407091 10.899544
v -3.675176 3.816825 10.899544
v -3.675176 4.407091 10.899544
v -3.475881 3.978770 11.203900
v -4.118968 4.245146 11.203900
v -3.475881 4.245146 11.203900
v -3.930612 4.433501 11.203900
v -3.735668 3.270278 6.302458
v -3.859180 3.270278 6.302458
v -3.946516 3.357614 6.302458
v -3.946517 3.481126 6.302458
v -3.859180 3.568462 6.302458
v -3.735668 3.568462 6.302458
v -3.648333 3.481125 6.302458
v -3.648333 3.357614 6.302458
v -3.889391 3.641398 6.231678
v -3.575396 3.327403 6.231678
v -3.698689 3.181003 1.919691
v -3.896160 3.181003 1.919691
v -4.035791 3.320635 1.919691
v -4.035791 3.518105 1.919691
v -3.896159 3.657737 1.919691
v -3.698689 3.657737 1.919691
v -3.559057 3.518105 1.919691
v -3.973889 3.685934 1.920158
v -3.620959 4.537983 1.920158
v -3.371400 4.288424 1.920158
v -3.835949 3.326362 6.302458
v -3.835949 3.512377 6.302458
v -3.758899 3.512377 6.302458
v -3.704417 3.457895 6.302458
v -3.704417 3.380845 6.302458
v -3.890431 3.457895 6.359321
v -3.762550 3.335176 6.359321
v -3.832299 3.335176 6.359321
v -3.881618 3.384495 6.359321
v -3.832299 3.503564 6.359321
v -3.713230 3.384495 6.359321
v -3.762550 3.335176 6.198944
v -3.762550 3.503564 6.198944
v -3.713230 3.384495 6.198944
v -3.713230 3.454244 6.198944
v -3.797424 3.419369 6.198944
v -3.832299 3.503564 6.198944
v -3.881618 3.384495 6.198944
v -3.881618 3.454244 6.198944
v -3.832299 3.335176 6.198944
v -3.713230 3.454244 6.359321
v -3.762550 3.503564 6.359321
v -3.881618 3.454244 6.359321
v -3.890431 3.380845 6.359321
v -3.758899 3.326362 6.359321
v -3.758899 3.512377 6.359321
v -3.704417 3.457895 6.359321
v -3.835949 3.512377 6.359321
v -3.890431 3.380845 6.302458
v -3.890431 3.457895 6.302458
v -3.758899 3.326362 6.302458
v -3.704417 3.380845 6.359321
v -3.835949 3.326362 6.359321
v -3.705457 3.641398 5.495801
v -3.710928 4.320779 5.285251
v -3.588603 4.025462 5.285251
v -4.006246 4.025462 5.285251
v -3.710928 3.903138 5.504658
v -4.006246 4.025462 5.504658
v -4.006246 4.198455 5.504658
v -4.019453 3.511337 5.280780
v -3.575396 3.327403 5.280780
v -3.705457 3.197342 5.280780
v -3.575396 3.327403 5.495801
v -4.019453 3.511337 5.495801
v -4.019453 3.327403 5.495801
v -3.889391 3.197342 5.495801
v -3.889391 3.641398 5.495801
v -3.588603 4.025462 5.504658
v -3.883921 4.320779 5.504658
v -3.588603 4.198455 5.504658
v -3.883921 3.903138 5.504658
v -3.710928 4.320779 5.504658
v -3.705457 3.197342 5.495801
v -3.575396 3.511337 5.495801
v -3.710928 3.903138 5.285251
v -3.883921 4.320779 5.285251
v -3.588603 4.198455 5.285251
v -4.006246 4.198455 5.285251
v -3.575396 3.511337 5.280780
v -3.705457 3.641398 5.280780
v -3.889391 3.641398 5.280780
v -4.019453 3.327403 5.280780
v -3.889391 3.197342 5.280780
v -3.883921 3.903138 5.285251
v -3.705457 3.197342 3.804495
v -3.889391 3.197342 3.804495
v -4.019453 3.511337 3.804495
v -3.889391 3.641398 3.804495
v -3.575396 3.511337 3.804495
v -3.883921 4.320780 3.807472
v -4.006246 4.025462 3.807472
v -3.710928 3.903138 3.807472
v -3.588603 4.025462 3.807472
v -4.006246 4.198455 3.807472
v -3.710928 4.320780 3.625718
v -4.006246 4.198455 3.625718
v -3.889391 3.197342 3.625551
v -4.019453 3.327403 3.625551
v -3.705457 3.641398 3.625551
v -3.575396 3.511337 3.625551
v -3.883921 3.903138 3.625718
v -3.883921 3.903138 3.807472
v -3.710928 3.903138 3.625718
v -4.019453 3.327403 3.804495
v -3.705457 3.641398 3.804495
v -3.575396 3.327403 3.804495
v -3.710928 4.320780 3.807472
v -3.588603 4.198455 3.807472
v -3.883921 4.320780 3.625718
v -4.006246 4.025462 3.625718
v -3.588603 4.025462 3.625718
v -3.705457 3.197342 3.625551
v -4.019453 3.511337 3.625551
v -3.575396 3.327403 3.625551
v -3.588603 4.198455 3.625718
v -3.889391 3.641398 3.625551
v -4.517973 4.802680 -1.020701
v -3.124412 4.802680 -1.020701
v -4.561436 4.914357 -1.041823
v -3.080949 4.914357 -1.041823
v -3.086197 4.761941 -1.902551
v -2.963165 2.966633 -2.214003
v -2.963165 4.709598 -2.214003
v -3.124412 4.666753 -1.839094
v -3.038723 4.919840 0.901188
v -4.517973 4.802680 0.813529
v -3.124412 4.802680 0.813529
v -3.490111 4.802680 -0.668374
v -4.127356 5.114910 0.438940
v -4.127356 4.802680 -0.668374
v -4.120222 4.781748 -1.146728
v -4.234628 5.114910 0.702315
v -4.127356 4.802680 0.438940
v -3.384036 5.114910 0.702315
v -3.497245 4.781748 -1.146728
v -3.497245 4.694875 -1.669780
v -3.393558 5.114910 -1.754964
v -4.234628 5.218525 0.702315
v -4.225105 5.218525 -1.754964
v -3.384036 5.218525 0.702315
v -3.490111 5.114995 -0.668374
v -4.127356 5.114995 -0.668374
v -3.490111 5.114910 0.438940
v -3.497245 5.114809 -1.146728
v -4.120222 5.114809 -1.146728
v -3.393558 5.218525 -1.754964
v -3.694569 5.218525 0.561436
v -3.694569 5.417250 0.561436
v -3.929897 5.417250 0.561436
v -3.694569 5.417250 -1.602103
v -4.866087 4.538790 1.044482
v -3.490111 4.802680 0.438940
v -4.120222 4.694875 -1.669780
v -4.120222 5.114910 -1.669780
v -3.694569 5.218525 -1.602103
v -4.609499 4.776577 1.044482
v -4.556188 4.919840 0.901188
v -4.556188 4.761941 -1.902551
v -4.701001 2.966633 -2.214003
v -4.517972 4.666753 -1.839094
v -3.929897 5.218525 0.561436
v -5.079596 4.277276 -1.754964
v -5.079596 4.286798 0.702315
v -5.079596 4.180722 0.438940
v -5.079596 4.173588 -1.669780
v -5.183211 4.286798 0.702315
v -5.183211 3.436205 0.702315
v -5.079897 3.543478 -0.668374
v -5.079897 4.180722 -0.668374
v -5.079710 4.173588 -1.146728
v -5.079710 3.550612 -1.146728
v -5.183210 3.445728 -1.754964
v -5.368721 3.976265 -1.602103
v -5.183211 3.740936 0.561435
v -5.183210 3.740937 -1.602103
v -5.183210 3.976265 -1.602103
v -5.368721 3.740937 -1.602103
v -4.752219 3.543477 0.438939
v -5.061089 3.543477 0.438939
v -5.368721 3.740936 0.561435
v -5.368721 3.976264 0.561435
v -5.079596 3.445728 -1.754964
v -5.183210 4.277276 -1.754964
v -5.079596 3.436205 0.702315
v -5.079596 3.550612 -1.669780
v -5.183211 3.976264 0.561435
v -3.218212 4.565952 1.921016
v -4.430010 3.143941 1.921016
v -3.077619 3.370797 -3.027355
v -3.218212 3.143941 1.921016
v -4.752404 4.302226 -1.894720
v -4.609499 2.933316 1.044482
v -2.963165 2.775140 1.044482
v -3.038723 2.933612 1.044482
v -4.225105 5.114910 -1.754964
v -3.929897 5.417250 -1.602103
v -3.929897 5.218525 -1.602103
v -4.866087 3.389887 -1.945490
v -3.497245 5.114910 -1.669780
v -4.752219 3.550612 -1.146728
v -4.752404 3.549934 -1.669614
v -4.752219 4.180722 0.438940
v -4.752219 3.543478 -0.668374
v -4.752219 4.180722 -0.668374
v -4.752219 4.173588 -1.146728
v -4.752219 4.173588 -1.669780
v -2.963165 4.440171 -3.136629
v -2.963165 3.254293 -3.136629
v -3.971356 3.254293 -3.136629
v -3.971356 4.440171 -3.136629
v -4.004661 5.417446 -1.849070
v -3.365965 5.682003 -3.167199
v -3.365965 5.682003 -1.849070
v -3.365965 6.056142 -3.167199
v -3.630521 6.320698 -3.167199
v -3.678646 6.204515 -3.284406
v -3.956535 6.204515 -3.284406
v -4.024076 5.783543 -3.697419
v -3.611105 5.954601 -3.697419
v -3.956535 5.533630 -3.284406
v -4.153032 5.730127 -3.284406
v -3.482149 6.008017 -3.284406
v -4.269217 6.056142 -3.167200
v -4.269217 5.682003 -3.167200
v -4.004661 5.417446 -3.167199
v -3.630521 5.417447 -3.167199
v -4.004661 6.320699 -3.167199
v -4.093872 5.754633 -3.284406
v -3.541309 5.983511 -3.284406
v -4.093872 5.983511 -3.284406
v -3.932030 6.145353 -3.284406
v -3.991165 5.797180 -3.697419
v -3.644138 5.797180 -3.697419
v -3.644138 5.940923 -3.697419
v -3.889524 6.042565 -3.697419
v -3.991165 5.940923 -3.697419
v -3.745780 6.042565 -3.697419
v -3.703151 6.145353 -3.284406
v -3.889524 5.695538 -3.697419
v -3.932030 5.592791 -3.284406
v -3.903120 6.075558 -3.697419
v -3.732062 6.075558 -3.697419
v -3.611105 5.783543 -3.697419
v -3.732062 5.662587 -3.697419
v -3.903120 5.662587 -3.697419
v -4.024076 5.954601 -3.697419
v -3.745780 5.695539 -3.697419
v -3.482149 5.730127 -3.284406
v -4.153032 6.008017 -3.284406
v -3.541309 5.754633 -3.284406
v -3.678646 5.533630 -3.284406
v -3.703152 5.592792 -3.284406
v -3.878417 6.015752 -3.697419
v -3.964353 5.929817 -3.697419
v -3.672272 5.929270 -3.697419
v -3.757433 6.014431 -3.697419
v -3.878879 5.721236 -3.697419
v -3.965467 5.807825 -3.697419
v -3.757383 5.723551 -3.697419
v -3.672151 5.808783 -3.697419
v -3.991165 5.797180 -3.341907
v -3.745780 5.695539 -3.335200
v -3.644138 5.797180 -3.335200
v -3.889524 6.042565 -3.335200
v -3.878417 6.015752 -3.335200
v -3.964353 5.929817 -3.335200
v -3.672272 5.929270 -3.335200
v -3.757433 6.014431 -3.335200
v -3.757383 5.723551 -3.335200
v -3.889524 5.695538 -3.341907
v -3.644138 5.940923 -3.335200
v -3.991165 5.940923 -3.335200
v -3.745780 6.042565 -3.335200
v -3.878879 5.721236 -3.341907
v -3.965467 5.807825 -3.341907
v -3.672151 5.808783 -3.335200
v -4.371236 6.098399 -1.849070
v -3.588264 5.315428 -1.849070
v -3.263947 5.639745 -1.849070
v -3.263947 6.098399 -1.849070
v -4.046918 6.422716 -1.849070
v -3.588264 5.315428 -1.581169
v -3.588264 6.422716 -1.581169
v -4.046918 6.422716 -1.581169
v -4.284653 6.062535 -1.581169
v -4.011054 5.402011 -1.581169
v -3.624127 5.402011 -1.581169
v -3.350530 5.675609 -1.581169
v -3.608585 5.375715 0.925454
v -3.608585 6.369007 0.925454
v -4.272884 5.682409 0.925454
v -4.004253 5.413778 0.925454
v -3.355720 5.682409 0.925454
v -3.624352 6.330943 0.925454
v -4.004253 6.330943 0.925454
v -4.272885 6.062312 1.057855
v -4.272884 5.682409 1.057855
v -4.004253 5.413778 1.057855
v -3.624352 5.413778 1.057855
v -3.355720 6.062312 1.057855
v -3.624352 6.330943 1.057855
v -4.366473 6.101078 1.057855
v -3.585586 6.424531 1.057855
v -4.043019 6.424531 1.057855
v -4.366473 6.101078 1.368166
v -4.269217 6.056142 -1.849070
v -4.269217 5.682003 -1.849070
v -3.630521 5.417446 -1.849070
v -3.365965 6.056142 -1.849070
v -3.630521 6.320698 -1.849070
v -4.004661 6.320699 -1.849070
v -4.371236 5.639745 -1.849070
v -4.046918 5.315428 -1.849070
v -3.588264 6.422716 -1.849070
v -4.371236 5.639745 -1.581169
v -4.371236 6.098399 -1.581169
v -3.263947 5.639745 -1.581169
v -4.046918 5.315427 -1.581169
v -3.263947 6.098399 -1.581169
v -3.350530 6.062535 -1.581169
v -4.284653 5.675609 -1.581169
v -4.011054 6.336133 -1.581169
v -3.517113 5.481793 0.809750
v -4.205530 5.575814 0.817598
v -4.110839 5.481124 0.817598
v -4.004253 6.330943 1.057855
v -3.355720 5.682409 1.057855
v -4.272885 6.062312 0.925454
v -3.355720 6.062312 0.925454
v -3.624352 5.413778 0.925454
v -3.262132 5.643644 1.057855
v -3.262132 6.101078 1.057855
v -4.043019 5.320190 1.057855
v -3.585586 5.320190 1.057855
v -4.366473 5.643644 1.057855
v -3.262132 5.643644 1.368166
v -4.043019 5.320190 1.368166
v -3.262132 6.101078 1.368166
v -4.366473 5.643644 1.368166
v -3.585586 5.320190 1.368166
v -3.585586 6.424531 1.368166
v -4.043019 6.424531 1.368166
v -4.281143 6.065732 1.368166
v -3.347462 6.065732 1.368166
v -4.281143 5.678988 1.368166
v -4.007674 5.405519 1.368166
v -3.620931 5.405519 1.368166
v -3.347462 5.678989 1.368166
v -3.439237 5.717003 1.599104
v -3.439237 6.027718 1.599104
v -3.969660 6.247427 1.599104
v -4.007674 6.339201 1.368166
v -3.620931 6.339201 1.368166
v -4.120163 5.745668 2.490345
v -3.508442 5.745669 2.490345
v -3.508442 5.999052 2.490345
v -3.940994 6.178221 2.490345
v -4.040018 5.965855 2.846176
v -4.040018 5.778866 2.846176
v -3.907797 5.646645 2.846176
v -3.720809 5.646645 2.846176
v -3.588587 5.778866 2.846176
v -3.588587 5.965855 2.846176
v -3.720809 6.098076 2.846176
v -3.907797 6.098076 2.846176
v -3.872125 5.896311 3.235262
v -3.872125 5.848410 3.235262
v -3.838254 5.814538 3.235262
v -3.790352 5.814538 3.235262
v -3.756480 5.848410 3.235262
v -3.756481 5.896311 3.235262
v -3.790352 5.930182 3.235262
v -3.838253 5.930182 3.235262
v -3.830275 5.878976 3.279140
v -3.830275 5.865745 3.279140
v -3.820919 5.856388 3.279140
v -3.807687 5.856388 3.279140
v -3.798331 5.865745 3.279140
v -3.798331 5.878976 3.279140
v -3.807687 5.888331 3.279140
v -3.820918 5.888332 3.279140
v -3.658945 6.247427 1.599104
v -3.658945 5.497295 1.599104
v -3.969661 5.497294 1.599104
v -4.189368 5.717003 1.599104
v -4.189368 6.027718 1.599104
v -3.687612 6.178221 2.490345
v -3.940994 5.566500 2.490345
v -4.120163 5.999051 2.490345
v -3.687612 5.566500 2.490345
v -3.624127 6.336134 -1.581169
v -3.317657 5.666643 0.925454
v -4.020020 5.375715 0.925454
v -4.020020 6.369007 0.925454
v -4.310948 6.078078 0.925454
v -3.183149 5.319172 -0.515931
v -4.367489 6.503511 -0.515931
v -3.183212 6.425311 -0.515931
v -3.183212 6.425311 0.529046
v -4.445751 6.425249 0.529046
v -3.423761 5.575144 0.809750
v -4.111547 6.262854 0.809306
v -4.111547 6.262855 -0.285480
v -4.110839 5.481124 -0.293802
v -4.205530 5.575814 -0.293802
v -4.445688 5.319109 0.529046
v -4.367552 5.240972 0.529046
v -3.261350 6.503448 0.529046
v -3.317657 6.078078 0.925454
v -4.310948 5.666643 0.925454
v -3.517762 6.263541 0.817352
v -3.423113 6.168891 0.817352
v -4.367489 6.503511 0.529046
v -4.204823 6.169578 0.809306
v -3.261412 5.240910 0.529046
v -3.183149 5.319172 0.529046
v -3.517762 6.263541 -0.293556
v -3.261350 6.503448 -0.515931
v -4.367552 5.240972 -0.515931
v -3.423113 6.168892 -0.293556
v -3.261412 5.240910 -0.515931
v -3.517113 5.481793 -0.285926
v -4.204823 6.169579 -0.285480
v -4.445688 5.319109 -0.515931
v -4.445751 6.425249 -0.515931
v -3.423761 5.575145 -0.285926
v -4.171106 5.601859 -2.979098
v -3.161180 6.596696 -2.156250
v -3.441437 6.163947 -1.916421
v -4.107480 5.497900 -2.962610
v -3.543918 6.229010 -1.867944
v -4.084756 5.515509 -1.867698
v -3.457606 6.142697 -1.867943
v -4.171107 5.601859 -1.867698
v -4.466849 5.148516 -3.693006
v -4.188716 5.579134 -1.917634
v -4.107481 5.497900 -1.917634
v -3.089925 6.525441 -3.693006
v -3.543918 6.229010 -2.978851
v -4.084756 5.515509 -2.979098
v -3.441437 6.163947 -2.961397
v -3.161180 6.596696 -3.693006
v -4.188715 5.579135 -2.961769
v -4.538105 5.219771 -3.693006
v -3.457606 6.142697 -2.978851
v -3.522668 6.245179 -3.693006
v -3.441437 6.163947 -3.693006
v -3.089925 6.525441 -2.156250
v -3.522668 6.245178 -1.916421
v -4.188715 5.579135 -3.693006
v -4.107480 5.497900 -3.693006
v -3.522668 6.245178 -2.959475
v -4.538106 5.219770 -2.156250
v -4.466850 5.148516 -2.156250
v -4.088088 6.229012 -2.978851
v -4.174401 6.142700 -2.978851
v -3.547251 5.515512 -2.979098
v -4.088089 6.229012 -1.867944
v -4.109340 6.245181 -1.916421
v -4.174401 6.142700 -1.867944
v -3.460900 5.601862 -1.867698
v -3.547251 5.515512 -1.867698
v -4.542088 6.525437 -2.156250
v -4.190570 6.163950 -3.693006
v -3.093907 5.219768 -2.156250
v -3.524526 5.497903 -3.693006
v -3.460900 5.601862 -2.979098
v -4.542088 6.525438 -3.693006
v -4.109339 6.245181 -2.961397
v -3.165162 5.148513 -3.693006
v -3.093907 5.219768 -3.693006
v -3.165162 5.148513 -2.156250
v -4.470832 6.596692 -3.693006
v -4.470833 6.596692 -2.156250
v -4.190570 6.163950 -1.916421
v -4.109339 6.245181 -3.693006
v -3.443291 5.579137 -1.917634
v -3.524526 5.497903 -1.917634
v -3.443291 5.579137 -3.693006
v -3.443291 5.579137 -2.962610
v -4.190570 6.163950 -2.959475
v -3.524526 5.497903 -2.961769
v 5.990025 3.416068 -1.849070
v 5.351329 3.680625 -3.167199
v 5.351329 3.680624 -1.849070
v 5.351329 4.054764 -3.167199
v 5.615885 4.319320 -3.167199
v 5.664010 4.203136 -3.284406
v 5.941899 4.203136 -3.284406
v 6.009440 3.782165 -3.697419
v 5.596469 3.953223 -3.697419
v 5.941899 3.532252 -3.284406
v 6.138396 3.728749 -3.284406
v 5.467513 4.006639 -3.284406
v 6.254581 4.054764 -3.167200
v 6.254581 3.680625 -3.167200
v 5.990025 3.416068 -3.167199
v 5.615885 3.416068 -3.167199
v 5.990025 4.319320 -3.167199
v 6.079236 3.753255 -3.284406
v 5.526673 3.982133 -3.284406
v 6.079236 3.982133 -3.284406
v 5.917394 4.143975 -3.284406
v 5.976529 3.795802 -3.697419
v 5.629502 3.795802 -3.697419
v 5.629502 3.939545 -3.697419
v 5.874887 4.041187 -3.697419
v 5.976529 3.939545 -3.697419
v 5.731144 4.041187 -3.697419
v 5.688515 4.143975 -3.284406
v 5.874887 3.694160 -3.697419
v 5.917394 3.591413 -3.284406
v 5.888484 4.074180 -3.697419
v 5.717426 4.074180 -3.697419
v 5.596469 3.782165 -3.697419
v 5.717426 3.661208 -3.697419
v 5.888484 3.661208 -3.697419
v 6.009440 3.953223 -3.697419
v 5.731144 3.694160 -3.697419
v 5.467513 3.728749 -3.284406
v 6.138396 4.006639 -3.284406
v 5.526673 3.753255 -3.284406
v 5.664010 3.532251 -3.284406
v 5.688516 3.591413 -3.284406
v 5.863781 4.014374 -3.697419
v 5.949717 3.928439 -3.697419
v 5.657636 3.927891 -3.697419
v 5.742797 4.013053 -3.697419
v 5.864243 3.719858 -3.697419
v 5.950831 3.806446 -3.697419
v 5.742747 3.722173 -3.697419
v 5.657515 3.807405 -3.697419
v 5.976529 3.795802 -3.341907
v 5.731144 3.694160 -3.335200
v 5.629502 3.795802 -3.335200
v 5.874887 4.041186 -3.335200
v 5.863781 4.014374 -3.335200
v 5.949717 3.928439 -3.335200
v 5.657636 3.927891 -3.335200
v 5.742797 4.013053 -3.335200
v 5.742747 3.722173 -3.335200
v 5.874887 3.694160 -3.341907
v 5.629502 3.939545 -3.335200
v 5.976529 3.939545 -3.335200
v 5.731144 4.041187 -3.335200
v 5.864243 3.719858 -3.341907
v 5.950831 3.806446 -3.341907
v 5.657515 3.807405 -3.335200
v 6.356600 4.097021 -1.849070
v 5.573628 3.314049 -1.849070
v 5.249310 3.638367 -1.849070
v 5.249310 4.097021 -1.849070
v 6.032282 4.421338 -1.849070
v 5.573628 3.314049 -1.581169
v 5.573628 4.421338 -1.581169
v 6.032282 4.421338 -1.581169
v 6.270017 4.061157 -1.581169
v 5.996418 3.400633 -1.581169
v 5.609491 3.400633 -1.581169
v 5.335894 3.674231 -1.581169
v 5.593949 3.374337 0.925454
v 5.593949 4.367628 0.925454
v 6.258248 3.681031 0.925454
v 5.989617 3.412400 0.925454
v 5.341084 3.681031 0.925454
v 5.609715 4.329565 0.925454
v 5.989617 4.329565 0.925454
v 6.258249 4.060934 1.057855
v 6.258248 3.681031 1.057855
v 5.989617 3.412400 1.057855
v 5.609715 3.412400 1.057855
v 5.341084 4.060934 1.057855
v 5.609715 4.329565 1.057855
v 6.351837 4.099699 1.057855
v 5.570950 4.423153 1.057855
v 6.028383 4.423153 1.057855
v 6.351837 4.099699 1.368166
v 6.254581 4.054764 -1.849070
v 6.254581 3.680624 -1.849070
v 5.615885 3.416068 -1.849070
v 5.351329 4.054763 -1.849070
v 5.615885 4.319320 -1.849070
v 5.990025 4.319320 -1.849070
v 6.356600 3.638367 -1.849070
v 6.032282 3.314049 -1.849070
v 5.573628 4.421338 -1.849070
v 6.356600 3.638367 -1.581169
v 6.356600 4.097021 -1.581169
v 5.249310 3.638367 -1.581169
v 6.032282 3.314049 -1.581169
v 5.249310 4.097021 -1.581169
v 5.335894 4.061157 -1.581169
v 6.270017 3.674231 -1.581169
v 5.996418 4.334755 -1.581169
v 5.502477 3.480415 0.809750
v 6.190894 3.574436 0.817598
v 6.096203 3.479745 0.817598
v 5.989617 4.329565 1.057855
v 5.341084 3.681031 1.057855
v 6.258249 4.060934 0.925454
v 5.341084 4.060934 0.925454
v 5.609715 3.412400 0.925454
v 5.247496 3.642266 1.057855
v 5.247496 4.099699 1.057855
v 6.028383 3.318812 1.057855
v 5.570950 3.318812 1.057855
v 6.351837 3.642266 1.057855
v 5.247496 3.642266 1.368166
v 6.028383 3.318812 1.368166
v 5.247496 4.099699 1.368166
v 6.351837 3.642266 1.368166
v 5.570950 3.318812 1.368166
v 5.570950 4.423153 1.368166
v 6.028383 4.423153 1.368166
v 6.266507 4.064354 1.368166
v 5.332826 4.064354 1.368166
v 6.266507 3.677610 1.368166
v 5.993038 3.404141 1.368166
v 5.606295 3.404141 1.368166
v 5.332826 3.677611 1.368166
v 5.424601 3.715625 1.599104
v 5.424601 4.026340 1.599104
v 5.955024 4.246048 1.599104
v 5.993038 4.337823 1.368166
v 5.606295 4.337823 1.368166
v 6.105527 3.744291 2.490345
v 5.493806 3.744291 2.490345
v 5.493806 3.997674 2.490345
v 5.926358 4.176843 2.490345
v 6.025382 3.964477 2.846176
v 6.025382 3.777488 2.846176
v 5.893161 3.645266 2.846176
v 5.706172 3.645266 2.846176
v 5.573951 3.777488 2.846176
v 5.573951 3.964477 2.846176
v 5.706172 4.096698 2.846176
v 5.893161 4.096698 2.846176
v 5.857489 3.894933 3.235262
v 5.857489 3.847032 3.235262
v 5.823618 3.813160 3.235262
v 5.775716 3.813160 3.235262
v 5.741844 3.847032 3.235262
v 5.741845 3.894933 3.235262
v 5.775716 3.928804 3.235262
v 5.823617 3.928804 3.235262
v 5.815639 3.877598 3.279140
v 5.815639 3.864367 3.279140
v 5.806283 3.855010 3.279140
v 5.793051 3.855010 3.279140
v 5.783695 3.864367 3.279140
v 5.783695 3.877598 3.279140
v 5.793051 3.886954 3.279140
v 5.806282 3.886954 3.279140
v 5.644309 4.246048 1.599104
v 5.644309 3.495917 1.599104
v 5.955025 3.495916 1.599104
v 6.174732 3.715625 1.599104
v 6.174732 4.026340 1.599104
v 5.672976 4.176843 2.490345
v 5.926358 3.565122 2.490345
v 6.105527 3.997674 2.490345
v 5.672976 3.565122 2.490345
v 5.609491 4.334755 -1.581169
v 5.303020 3.665265 0.925454
v 6.005383 3.374337 0.925454
v 6.005383 4.367628 0.925454
v 6.296312 4.076700 0.925454
v 5.168513 3.317793 -0.515931
v 6.352853 4.502132 -0.515931
v 5.168576 4.423933 -0.515931
v 5.168576 4.423933 0.529046
v 6.431115 4.423871 0.529046
v 5.409125 3.573766 0.809750
v 6.096911 4.261476 0.809306
v 6.096911 4.261476 -0.285480
v 6.096203 3.479745 -0.293802
v 6.190894 3.574436 -0.293802
v 6.431052 3.317730 0.529046
v 6.352916 3.239593 0.529046
v 5.246714 4.502070 0.529046
v 5.303021 4.076700 0.925454
v 6.296312 3.665265 0.925454
v 5.503126 4.262163 0.817352
v 5.408477 4.167513 0.817352
v 6.352853 4.502132 0.529046
v 6.190187 4.168200 0.809306
v 5.246776 3.239531 0.529046
v 5.168513 3.317793 0.529046
v 5.503126 4.262163 -0.293556
v 5.246714 4.502070 -0.515931
v 6.352916 3.239593 -0.515931
v 5.408477 4.167514 -0.293556
v 5.246776 3.239531 -0.515931
v 5.502477 3.480415 -0.285926
v 6.190187 4.168200 -0.285480
v 6.431052 3.317730 -0.515931
v 6.431115 4.423871 -0.515931
v 5.409125 3.573766 -0.285926
v 6.156470 3.600481 -2.979098
v 5.146544 4.595317 -2.156250
v 5.426801 4.162569 -1.916421
v 6.092844 3.496522 -2.962610
v 5.529282 4.227631 -1.867944
v 6.070120 3.514130 -1.867698
v 5.442970 4.141319 -1.867943
v 6.156471 3.600481 -1.867698
v 6.452213 3.147138 -3.693006
v 6.174080 3.577756 -1.917634
v 6.092845 3.496522 -1.917634
v 5.075289 4.524063 -3.693006
v 5.529282 4.227632 -2.978851
v 6.070120 3.514131 -2.979098
v 5.426801 4.162569 -2.961397
v 5.146544 4.595318 -3.693006
v 6.174079 3.577756 -2.961769
v 6.523469 3.218393 -3.693006
v 5.442970 4.141319 -2.978851
v 5.508032 4.243800 -3.693006
v 5.426801 4.162569 -3.693006
v 5.075289 4.524063 -2.156250
v 5.508032 4.243800 -1.916421
v 6.174079 3.577757 -3.693006
v 6.092844 3.496522 -3.693006
v 5.508032 4.243800 -2.959475
v 6.523470 3.218392 -2.156250
v 6.452214 3.147137 -2.156250
v 6.073452 4.227633 -2.978851
v 6.159765 4.141322 -2.978851
v 5.532615 3.514133 -2.979098
v 6.073453 4.227633 -1.867944
v 6.094704 4.243803 -1.916421
v 6.159765 4.141322 -1.867944
v 5.446264 3.600483 -1.867698
v 5.532615 3.514133 -1.867698
v 6.527452 4.524059 -2.156250
v 6.175934 4.162572 -3.693006
v 5.079271 3.218389 -2.156250
v 5.509890 3.496525 -3.693006
v 5.446264 3.600484 -2.979098
v 6.527452 4.524059 -3.693006
v 6.094703 4.243803 -2.961397
v 5.150526 3.147135 -3.693006
v 5.079271 3.218390 -3.693006
v 5.150526 3.147134 -2.156250
v 6.456196 4.595314 -3.693006
v 6.456197 4.595314 -2.156250
v 6.175934 4.162571 -1.916421
v 6.094703 4.243803 -3.693006
v 5.428655 3.577759 -1.917634
v 5.509890 3.496524 -1.917634
v 5.428655 3.577759 -3.693006
v 5.428655 3.577759 -2.962610
v 6.175934 4.162572 -2.959475
v 5.509890 3.496524 -2.961769
v 4.004659 5.417446 -1.849070
v 3.365963 5.682003 -3.167199
v 3.365963 5.682003 -1.849070
v 3.365963 6.056142 -3.167199
v 3.630520 6.320698 -3.167199
v 3.678645 6.204515 -3.284406
v 3.956534 6.204515 -3.284406
v 4.024075 5.783543 -3.697419
v 3.611104 5.954601 -3.697419
v 3.956534 5.533630 -3.284406
v 4.153030 5.730127 -3.284406
v 3.482147 6.008017 -3.284406
v 4.269216 6.056142 -3.167200
v 4.269216 5.682003 -3.167200
v 4.004659 5.417446 -3.167199
v 3.630520 5.417447 -3.167199
v 4.004659 6.320699 -3.167199
v 4.093870 5.754633 -3.284406
v 3.541308 5.983511 -3.284406
v 4.093870 5.983511 -3.284406
v 3.932028 6.145353 -3.284406
v 3.991164 5.797180 -3.697419
v 3.644137 5.797180 -3.697419
v 3.644137 5.940923 -3.697419
v 3.889522 6.042565 -3.697419
v 3.991164 5.940923 -3.697419
v 3.745779 6.042565 -3.697419
v 3.703150 6.145353 -3.284406
v 3.889522 5.695538 -3.697419
v 3.932028 5.592791 -3.284406
v 3.903119 6.075558 -3.697419
v 3.732060 6.075558 -3.697419
v 3.611104 5.783543 -3.697419
v 3.732060 5.662587 -3.697419
v 3.903119 5.662587 -3.697419
v 4.024075 5.954601 -3.697419
v 3.745779 5.695539 -3.697419
v 3.482147 5.730127 -3.284406
v 4.153030 6.008017 -3.284406
v 3.541308 5.754633 -3.284406
v 3.678645 5.533630 -3.284406
v 3.703150 5.592792 -3.284406
v 3.878416 6.015752 -3.697419
v 3.964351 5.929817 -3.697419
v 3.672270 5.929270 -3.697419
v 3.757432 6.014431 -3.697419
v 3.878877 5.721236 -3.697419
v 3.965466 5.807825 -3.697419
v 3.757382 5.723551 -3.697419
v 3.672150 5.808783 -3.697419
v 3.991164 5.797180 -3.341907
v 3.745779 5.695539 -3.335200
v 3.644137 5.797180 -3.335200
v 3.889522 6.042565 -3.335200
v 3.878416 6.015752 -3.335200
v 3.964351 5.929817 -3.335200
v 3.672270 5.929270 -3.335200
v 3.757432 6.014431 -3.335200
v 3.757382 5.723551 -3.335200
v 3.889522 5.695538 -3.341907
v 3.644137 5.940923 -3.335200
v 3.991164 5.940923 -3.335200
v 3.745779 6.042565 -3.335200
v 3.878877 5.721236 -3.341907
v 3.965466 5.807825 -3.341907
v 3.672150 5.808783 -3.335200
v 4.371234 6.098399 -1.849070
v 3.588263 5.315428 -1.849070
v 3.263945 5.639745 -1.849070
v 3.263945 6.098399 -1.849070
v 4.046916 6.422716 -1.849070
v 3.588263 5.315428 -1.581169
v 3.588263 6.422716 -1.581169
v 4.046916 6.422716 -1.581169
v 4.284651 6.062535 -1.581169
v 4.011052 5.402011 -1.581169
v 3.624126 5.402011 -1.581169
v 3.350528 5.675609 -1.581169
v 3.608584 5.375715 0.925454
v 3.608584 6.369007 0.925454
v 4.272882 5.682409 0.925454
v 4.004251 5.413778 0.925454
v 3.355718 5.682409 0.925454
v 3.624350 6.330943 0.925454
v 4.004251 6.330943 0.925454
v 4.272883 6.062312 1.057855
v 4.272882 5.682409 1.057855
v 4.004251 5.413778 1.057855
v 3.624350 5.413778 1.057855
v 3.355718 6.062312 1.057855
v 3.624350 6.330943 1.057855
v 4.366471 6.101078 1.057855
v 3.585585 6.424531 1.057855
v 4.043017 6.424531 1.057855
v 4.366471 6.101078 1.368166
v 4.269216 6.056142 -1.849070
v 4.269216 5.682003 -1.849070
v 3.630520 5.417446 -1.849070
v 3.365963 6.056142 -1.849070
v 3.630520 6.320698 -1.849070
v 4.004659 6.320699 -1.849070
v 4.371234 5.639745 -1.849070
v 4.046916 5.315428 -1.849070
v 3.588263 6.422716 -1.849070
v 4.371234 5.639745 -1.581169
v 4.371234 6.098399 -1.581169
v 3.263945 5.639745 -1.581169
v 4.046916 5.315427 -1.581169
v 3.263945 6.098399 -1.581169
v 3.350528 6.062535 -1.581169
v 4.284651 5.675609 -1.581169
v 4.011052 6.336133 -1.581169
v 3.517111 5.481793 0.809750
v 4.205528 5.575814 0.817598
v 4.110837 5.481124 0.817598
v 4.004251 6.330943 1.057855
v 3.355718 5.682409 1.057855
v 4.272883 6.062312 0.925454
v 3.355718 6.062312 0.925454
v 3.624350 5.413778 0.925454
v 3.262130 5.643644 1.057855
v 3.262131 6.101078 1.057855
v 4.043017 5.320190 1.057855
v 3.585585 5.320190 1.057855
v 4.366471 5.643644 1.057855
v 3.262130 5.643644 1.368166
v 4.043017 5.320190 1.368166
v 3.262131 6.101078 1.368166
v 4.366471 5.643644 1.368166
v 3.585585 5.320190 1.368166
v 3.585585 6.424531 1.368166
v 4.043017 6.424531 1.368166
v 4.281141 6.065732 1.368166
v 3.347460 6.065732 1.368166
v 4.281141 5.678988 1.368166
v 4.007672 5.405519 1.368166
v 3.620929 5.405519 1.368166
v 3.347460 5.678989 1.368166
v 3.439235 5.717003 1.599104
v 3.439235 6.027718 1.599104
v 3.969659 6.247427 1.599104
v 4.007672 6.339201 1.368166
v 3.620929 6.339201 1.368166
v 4.120161 5.745668 2.490345
v 3.508440 5.745669 2.490345
v 3.508440 5.999052 2.490345
v 3.940993 6.178221 2.490345
v 4.040016 5.965855 2.846176
v 4.040016 5.778866 2.846176
v 3.907795 5.646645 2.846176
v 3.720807 5.646645 2.846176
v 3.588585 5.778866 2.846176
v 3.588585 5.965855 2.846176
v 3.720807 6.098076 2.846176
v 3.907796 6.098076 2.846176
v 3.872123 5.896311 3.235262
v 3.872123 5.848410 3.235262
v 3.838253 5.814538 3.235262
v 3.790350 5.814538 3.235262
v 3.756479 5.848410 3.235262
v 3.756480 5.896311 3.235262
v 3.790350 5.930182 3.235262
v 3.838252 5.930182 3.235262
v 3.830273 5.878976 3.279140
v 3.830273 5.865745 3.279140
v 3.820918 5.856388 3.279140
v 3.807685 5.856388 3.279140
v 3.798329 5.865745 3.279140
v 3.798330 5.878976 3.279140
v 3.807686 5.888331 3.279140
v 3.820917 5.888332 3.279140
v 3.658944 6.247427 1.599104
v 3.658944 5.497295 1.599104
v 3.969659 5.497294 1.599104
v 4.189366 5.717003 1.599104
v 4.189366 6.027718 1.599104
v 3.687610 6.178221 2.490345
v 3.940993 5.566500 2.490345
v 4.120161 5.999051 2.490345
v 3.687610 5.566500 2.490345
v 3.624126 6.336134 -1.581169
v 3.317655 5.666643 0.925454
v 4.020018 5.375715 0.925454
v 4.020018 6.369007 0.925454
v 4.310946 6.078078 0.925454
v 3.183148 5.319172 -0.515931
v 4.367487 6.503511 -0.515931
v 3.183211 6.425311 -0.515931
v 3.183211 6.425311 0.529046
v 4.445749 6.425249 0.529046
v 3.423760 5.575144 0.809750
v 4.111546 6.262854 0.809306
v 4.111546 6.262855 -0.285480
v 4.110837 5.481124 -0.293802
v 4.205528 5.575814 -0.293802
v 4.445686 5.319109 0.529046
v 4.367550 5.240972 0.529046
v 3.261348 6.503448 0.529046
v 3.317656 6.078078 0.925454
v 4.310946 5.666643 0.925454
v 3.517761 6.263541 0.817352
v 3.423111 6.168891 0.817352
v 4.367487 6.503511 0.529046
v 4.204821 6.169578 0.809306
v 3.261410 5.240910 0.529046
v 3.183148 5.319172 0.529046
v 3.517761 6.263541 -0.293556
v 3.261348 6.503448 -0.515931
v 4.367550 5.240972 -0.515931
v 3.423111 6.168892 -0.293556
v 3.261410 5.240910 -0.515931
v 3.517111 5.481793 -0.285926
v 4.204821 6.169579 -0.285480
v 4.445686 5.319109 -0.515931
v 4.445749 6.425249 -0.515931
v 3.423760 5.575145 -0.285926
v 4.171104 5.601859 -2.979098
v 3.161179 6.596696 -2.156250
v 3.441435 6.163947 -1.916421
v 4.107478 5.497900 -2.962610
v 3.543916 6.229010 -1.867944
v 4.084754 5.515509 -1.867698
v 3.457604 6.142697 -1.867943
v 4.171105 5.601859 -1.867698
v 4.466847 5.148516 -3.693006
v 4.188714 5.579134 -1.917634
v 4.107479 5.497900 -1.917634
v 3.089923 6.525441 -3.693006
v 3.543916 6.229010 -2.978851
v 4.084754 5.515509 -2.979098
v 3.441435 6.163947 -2.961397
v 3.161179 6.596696 -3.693006
v 4.188713 5.579135 -2.961769
v 4.538103 5.219771 -3.693006
v 3.457604 6.142697 -2.978851
v 3.522666 6.245179 -3.693006
v 3.441435 6.163947 -3.693006
v 3.089923 6.525441 -2.156250
v 3.522666 6.245178 -1.916421
v 4.188713 5.579135 -3.693006
v 4.107478 5.497900 -3.693006
v 3.522666 6.245178 -2.959475
v 4.538104 5.219770 -2.156250
v 4.466848 5.148516 -2.156250
v 4.088086 6.229012 -2.978851
v 4.174399 6.142700 -2.978851
v 3.547249 5.515512 -2.979098
v 4.088087 6.229012 -1.867944
v 4.109338 6.245181 -1.916421
v 4.174399 6.142700 -1.867944
v 3.460899 5.601862 -1.867698
v 3.547249 5.515512 -1.867698
v 4.542086 6.525437 -2.156250
v 4.190568 6.163950 -3.693006
v 3.093906 5.219768 -2.156250
v 3.524524 5.497903 -3.693006
v 3.460899 5.601862 -2.979098
v 4.542086 6.525438 -3.693006
v 4.109337 6.245181 -2.961397
v 3.165161 5.148513 -3.693006
v 3.093906 5.219768 -3.693006
v 3.165161 5.148513 -2.156250
v 4.470830 6.596692 -3.693006
v 4.470831 6.596692 -2.156250
v 4.190568 6.163950 -1.916421
v 4.109337 6.245181 -3.693006
v 3.443290 5.579137 -1.917634
v 3.524524 5.497903 -1.917634
v 3.443290 5.579137 -3.693006
v 3.443290 5.579137 -2.962610
v 4.190568 6.163950 -2.959475
v 3.524524 5.497903 -2.961769
v -5.990026 3.416068 -1.849070
v -5.351331 3.680625 -3.167199
v -5.351331 3.680624 -1.849070
v -5.351331 4.054764 -3.167199
v -5.615887 4.319320 -3.167199
v -5.664012 4.203136 -3.284406
v -5.941901 4.203136 -3.284406
v -6.009442 3.782165 -3.697419
v -5.596471 3.953223 -3.697419
v -5.941901 3.532252 -3.284406
v -6.138398 3.728749 -3.284406
v -5.467515 4.006639 -3.284406
v -6.254583 4.054764 -3.167200
v -6.254583 3.680625 -3.167200
v -5.990026 3.416068 -3.167199
v -5.615887 3.416068 -3.167199
v -5.990026 4.319320 -3.167199
v -6.079238 3.753255 -3.284406
v -5.526675 3.982133 -3.284406
v -6.079238 3.982133 -3.284406
v -5.917396 4.143975 -3.284406
v -5.976531 3.795802 -3.697419
v -5.629504 3.795802 -3.697419
v -5.629504 3.939545 -3.697419
v -5.874889 4.041187 -3.697419
v -5.976531 3.939545 -3.697419
v -5.731146 4.041187 -3.697419
v -5.688517 4.143975 -3.284406
v -5.874889 3.694160 -3.697419
v -5.917396 3.591413 -3.284406
v -5.888486 4.074180 -3.697419
v -5.717428 4.074180 -3.697419
v -5.596471 3.782165 -3.697419
v -5.717428 3.661208 -3.697419
v -5.888486 3.661208 -3.697419
v -6.009442 3.953223 -3.697419
v -5.731146 3.694160 -3.697419
v -5.467515 3.728749 -3.284406
v -6.138398 4.006639 -3.284406
v -5.526675 3.753255 -3.284406
v -5.664012 3.532251 -3.284406
v -5.688518 3.591413 -3.284406
v -5.863783 4.014374 -3.697419
v -5.949718 3.928439 -3.697419
v -5.657638 3.927891 -3.697419
v -5.742799 4.013053 -3.697419
v -5.864244 3.719858 -3.697419
v -5.950833 3.806446 -3.697419
v -5.742749 3.722173 -3.697419
v -5.657517 3.807405 -3.697419
v -5.976531 3.795802 -3.341907
v -5.731146 3.694160 -3.335200
v -5.629504 3.795802 -3.335200
v -5.874889 4.041186 -3.335200
v -5.863783 4.014374 -3.335200
v -5.949718 3.928439 -3.335200
v -5.657638 3.927891 -3.335200
v -5.742799 4.013053 -3.335200
v -5.742749 3.722173 -3.335200
v -5.874889 3.694160 -3.341907
v -5.629504 3.939545 -3.335200
v -5.976531 3.939545 -3.335200
v -5.731146 4.041187 -3.335200
v -5.864244 3.719858 -3.341907
v -5.950833 3.806446 -3.341907
v -5.657517 3.807405 -3.335200
v -6.356602 4.097021 -1.849070
v -5.573630 3.314049 -1.849070
v -5.249312 3.638367 -1.849070
v -5.249312 4.097021 -1.849070
v -6.032284 4.421338 -1.849070
v -5.573630 3.314049 -1.581169
v -5.573630 4.421338 -1.581169
v -6.032284 4.421338 -1.581169
v -6.270019 4.061157 -1.581169
v -5.996420 3.400633 -1.581169
v -5.609493 3.400633 -1.581169
v -5.335896 3.674231 -1.581169
v -5.593951 3.374337 0.925454
v -5.593951 4.367628 0.925454
v -6.258250 3.681031 0.925454
v -5.989619 3.412400 0.925454
v -5.341085 3.681031 0.925454
v -5.609717 4.329565 0.925454
v -5.989619 4.329565 0.925454
v -6.258251 4.060934 1.057855
v -6.258250 3.681031 1.057855
v -5.989619 3.412400 1.057855
v -5.609717 3.412400 1.057855
v -5.341085 4.060934 1.057855
v -5.609717 4.329565 1.057855
v -6.351839 4.099699 1.057855
v -5.570952 4.423153 1.057855
v -6.028385 4.423153 1.057855
v -6.351839 4.099699 1.368166
v -6.254583 4.054764 -1.849070
v -6.254583 3.680624 -1.849070
v -5.615887 3.416068 -1.849070
v -5.351331 4.054763 -1.849070
v -5.615887 4.319320 -1.849070
v -5.990026 4.319320 -1.849070
v -6.356602 3.638367 -1.849070
v -6.032284 3.314049 -1.849070
v -5.573630 4.421338 -1.849070
v -6.356602 3.638367 -1.581169
v -6.356602 4.097021 -1.581169
v -5.249312 3.638367 -1.581169
v -6.032284 3.314049 -1.581169
v -5.249312 4.097021 -1.581169
v -5.335896 4.061157 -1.581169
v -6.270019 3.674231 -1.581169
v -5.996420 4.334755 -1.581169
v -5.502479 3.480415 0.809750
v -6.190896 3.574436 0.817598
v -6.096205 3.479745 0.817598
v -5.989619 4.329565 1.057855
v -5.341085 3.681031 1.057855
v -6.258251 4.060934 0.925454
v -5.341085 4.060934 0.925454
v -5.609717 3.412400 0.925454
v -5.247498 3.642266 1.057855
v -5.247498 4.099699 1.057855
v -6.028385 3.318812 1.057855
v -5.570952 3.318812 1.057855
v -6.351839 3.642266 1.057855
v -5.247498 3.642266 1.368166
v -6.028385 3.318812 1.368166
v -5.247498 4.099699 1.368166
v -6.351839 3.642266 1.368166
v -5.570952 3.318812 1.368166
v -5.570952 4.423153 1.368166
v -6.028385 4.423153 1.368166
v -6.266509 4.064354 1.368166
v -5.332828 4.064354 1.368166
v -6.266509 3.677610 1.368166
v -5.993040 3.404141 1.368166
v -5.606297 3.404141 1.368166
v -5.332828 3.677611 1.368166
v -5.424603 3.715625 1.599104
v -5.424603 4.026340 1.599104
v -5.955026 4.246048 1.599104
v -5.993040 4.337823 1.368166
v -5.606297 4.337823 1.368166
v -6.105529 3.744291 2.490345
v -5.493808 3.744291 2.490345
v -5.493808 3.997674 2.490345
v -5.926360 4.176843 2.490345
v -6.025384 3.964477 2.846176
v -6.025384 3.777488 2.846176
v -5.893163 3.645266 2.846176
v -5.706174 3.645266 2.846176
v -5.573953 3.777488 2.846176
v -5.573953 3.964477 2.846176
v -5.706174 4.096698 2.846176
v -5.893163 4.096698 2.846176
v -5.857491 3.894933 3.235262
v -5.857491 3.847032 3.235262
v -5.823620 3.813160 3.235262
v -5.775718 3.813160 3.235262
v -5.741846 3.847032 3.235262
v -5.741847 3.894933 3.235262
v -5.775718 3.928804 3.235262
v -5.823619 3.928804 3.235262
v -5.815640 3.877598 3.279140
v -5.815640 3.864367 3.279140
v -5.806285 3.855010 3.279140
v -5.793053 3.855010 3.279140
v -5.783697 3.864367 3.279140
v -5.783697 3.877598 3.279140
v -5.793053 3.886954 3.279140
v -5.806284 3.886954 3.279140
v -5.644311 4.246048 1.599104
v -5.644311 3.495917 1.599104
v -5.955027 3.495916 1.599104
v -6.174734 3.715625 1.599104
v -6.174734 4.026340 1.599104
v -5.672977 4.176843 2.490345
v -5.926360 3.565122 2.490345
v -6.105529 3.997674 2.490345
v -5.672977 3.565122 2.490345
v -5.609493 4.334755 -1.581169
v -5.303022 3.665265 0.925454
v -6.005385 3.374337 0.925454
v -6.005385 4.367628 0.925454
v -6.296314 4.076700 0.925454
v -5.168515 3.317793 -0.515931
v -6.352855 4.502132 -0.515931
v -5.168578 4.423933 -0.515931
v -5.168578 4.423933 0.529046
v -6.431117 4.423871 0.529046
v -5.409127 3.573766 0.809750
v -6.096913 4.261476 0.809306
v -6.096913 4.261476 -0.285480
v -6.096205 3.479745 -0.293802
v -6.190896 3.574436 -0.293802
v -6.431054 3.317730 0.529046
v -6.352918 3.239593 0.529046
v -5.246716 4.502070 0.529046
v -5.303023 4.076700 0.925454
v -6.296314 3.665265 0.925454
v -5.503128 4.262163 0.817352
v -5.408479 4.167513 0.817352
v -6.352855 4.502132 0.529046
v -6.190188 4.168200 0.809306
v -5.246778 3.239531 0.529046
v -5.168515 3.317793 0.529046
v -5.503128 4.262163 -0.293556
v -5.246716 4.502070 -0.515931
v -6.352918 3.239593 -0.515931
v -5.408479 4.167514 -0.293556
v -5.246778 3.239531 -0.515931
v -5.502479 3.480415 -0.285926
v -6.190188 4.168200 -0.285480
v -6.431054 3.317730 -0.515931
v -6.431117 4.423871 -0.515931
v -5.409127 3.573766 -0.285926
v -6.156472 3.600481 -2.979098
v -5.146546 4.595317 -2.156250
v -5.426803 4.162569 -1.916421
v -6.092846 3.496522 -2.962610
v -5.529284 4.227631 -1.867944
v -6.070122 3.514130 -1.867698
v -5.442972 4.141319 -1.867943
v -6.156473 3.600481 -1.867698
v -6.452215 3.147138 -3.693006
v -6.174082 3.577756 -1.917634
v -6.092847 3.496522 -1.917634
v -5.075291 4.524063 -3.693006
v -5.529284 4.227632 -2.978851
v -6.070122 3.514131 -2.979098
v -5.426803 4.162569 -2.961397
v -5.146546 4.595318 -3.693006
v -6.174081 3.577756 -2.961769
v -6.523471 3.218393 -3.693006
v -5.442972 4.141319 -2.978851
v -5.508034 4.243800 -3.693006
v -5.426803 4.162569 -3.693006
v -5.075291 4.524063 -2.156250
v -5.508034 4.243800 -1.916421
v -6.174081 3.577757 -3.693006
v -6.092846 3.496522 -3.693006
v -5.508034 4.243800 -2.959475
v -6.523472 3.218392 -2.156250
v -6.452216 3.147137 -2.156250
v -6.073454 4.227633 -2.978851
v -6.159767 4.141322 -2.978851
v -5.532617 3.514133 -2.979098
v -6.073455 4.227633 -1.867944
v -6.094706 4.243803 -1.916421
v -6.159767 4.141322 -1.867944
v -5.446266 3.600483 -1.867698
v -5.532617 3.514133 -1.867698
v -6.527453 4.524059 -2.156250
v -6.175936 4.162572 -3.693006
v -5.079273 3.218389 -2.156250
v -5.509892 3.496525 -3.693006
v -5.446266 3.600484 -2.979098
v -6.527453 4.524059 -3.693006
v -6.094705 4.243803 -2.961397
v -5.150528 3.147135 -3.693006
v -5.079273 3.218390 -3.693006
v -5.150528 3.147134 -2.156250
v -6.456198 4.595314 -3.693006
v -6.456199 4.595314 -2.156250
v -6.175936 4.162571 -1.916421
v -6.094705 4.243803 -3.693006
v -5.428657 3.577759 -1.917634
v -5.509892 3.496524 -1.917634
v -5.428657 3.577759 -3.693006
v -5.428657 3.577759 -2.962610
v -6.175936 4.162572 -2.959475
v -5.509892 3.496524 -2.961769
v -0.123070 5.979490 0.484369
v -0.270465 5.903992 0.335221
v -0.270465 5.979490 0.335221
v -0.016730 5.979226 0.231873
v 0.235767 5.979490 0.338213
v 0.086618 5.979490 0.485609
v -0.119729 5.980827 -0.092607
v 0.235767 5.903992 0.338213
v 0.086618 5.903992 0.485609
v -0.123070 5.903992 0.484369
v 0.089961 5.980827 -0.091853
v 0.237891 5.980827 -0.070411
v -0.268345 5.980827 -0.072232
v -0.268345 5.903992 -0.072232
v 0.089702 6.101786 -0.030352
v -0.119900 6.203868 -0.049702
v -0.268167 6.203868 -0.121790
v 0.237525 6.294448 -0.015830
v -0.268110 6.294448 -0.137502
v 0.237469 6.203868 -0.000066
v 0.237983 6.101786 -0.096063
v -0.754636 6.112567 0.046772
v -0.119551 6.203868 -0.142164
v 0.090053 6.101786 -0.117505
v -0.268763 6.203868 -0.003058
v -0.754728 5.995610 0.072424
v -0.754577 6.728245 0.030313
v 0.089611 5.980827 -0.020623
v -0.120078 5.980827 -0.021863
v -0.268850 6.101786 0.021015
v -0.119637 6.101786 -0.118259
v 0.090139 6.203868 -0.141410
v -0.754654 6.796974 0.051808
v 0.237382 6.101786 0.024007
v -0.268253 6.101786 -0.097884
v -0.755542 6.402691 0.138626
v 0.238069 6.203868 -0.119969
v -0.119803 6.401833 -0.074059
v -0.119986 6.101786 -0.031591
v 0.237891 5.903992 -0.070411
v 0.237288 5.980827 0.050120
v -0.268944 5.980827 0.047128
v -0.755584 6.298858 0.150052
v -0.119843 6.294448 -0.063628
v -0.754487 6.600399 0.005304
v -0.754890 6.887046 0.117369
v -0.754457 6.507833 -0.002991
v 0.722850 6.298858 0.156542
v 0.089788 6.203868 -0.048463
v 0.722891 6.402691 0.145116
v -0.268069 6.401833 -0.148900
v 0.237566 6.401833 -0.027256
v 0.722454 6.887046 0.266728
v -0.119494 6.294448 -0.157876
v -0.268707 6.294448 -0.018822
v 0.090196 6.294448 -0.157122
v 0.722613 5.995610 0.222492
v 0.238126 6.294448 -0.135681
v 0.237562 6.510571 -0.026003
v -0.268074 6.510571 -0.147647
v 0.089845 6.294448 -0.062388
v -0.119808 6.510668 -0.072531
v 0.723784 6.796974 0.057127
v 0.723861 6.728245 0.035632
v -0.119453 6.401833 -0.169275
v -0.268665 6.401833 -0.030248
v 0.090237 6.401833 -0.168520
v 0.722887 6.507833 0.146369
v 0.238167 6.401833 -0.147079
v -0.119847 6.607168 -0.062074
v 0.722857 6.600399 0.154664
v 0.089886 6.401833 -0.072819
v -0.268104 6.606304 -0.139352
v 0.237532 6.606304 -0.017708
v 0.723951 6.600399 0.010623
v 0.723981 6.507833 0.002328
v -0.119458 6.509916 -0.168022
v -0.268670 6.510571 -0.028995
v 0.090232 6.509916 -0.167268
v 0.238162 6.510571 -0.145826
v 0.237442 6.738523 0.007301
v -0.268194 6.738523 -0.114343
v 0.089880 6.510668 -0.071292
v 0.722707 6.112567 0.196379
v -0.119991 6.744141 -0.023665
v 0.723710 5.995610 0.077743
v -0.119488 6.600490 -0.159726
v -0.268700 6.606304 -0.020700
v 0.090202 6.600490 -0.158972
v 0.722794 6.211274 0.172306
v 0.238133 6.606304 -0.137531
v -0.120088 6.809490 0.000174
v 0.723985 6.402691 0.001075
v 0.089841 6.607168 -0.060834
v -0.268271 6.809603 -0.092848
v 0.237365 6.809603 0.028796
v 0.723802 6.112567 0.052091
v 0.723888 6.211274 0.028185
v -0.119578 6.700731 -0.134718
v -0.268790 6.738523 0.004309
v 0.090112 6.700731 -0.133963
v 0.238043 6.738523 -0.112522
v 0.237129 6.946846 0.094357
v 0.089697 6.744141 -0.022426
v 0.237729 6.946846 -0.025466
v 0.723944 6.298858 0.012473
v 0.722690 6.796974 0.201168
v -0.119655 6.771811 -0.113222
v -0.268867 6.809603 0.025804
v 0.090035 6.771811 -0.112468
v 0.237965 6.809603 -0.091027
v 0.089600 6.809490 0.001414
v 0.723548 6.887046 0.122687
v 0.722767 6.728245 0.179673
v -0.269103 6.946846 0.091364
v 0.089799 6.952294 -0.046908
v -0.268507 6.946846 -0.027287
v 0.089283 6.952294 0.070318
v -0.119891 6.952294 -0.047662
v -0.120405 6.952294 0.069078
v -1.121733 6.311592 0.406830
v -1.121743 6.117047 0.451530
v 1.087836 6.127645 0.349799
v -1.121676 6.403197 0.397822
v 1.088112 6.403197 0.285574
v 1.088071 6.312011 0.296480
v 1.087929 6.171575 0.332243
v -1.120577 6.311218 0.289474
v 1.086911 6.312363 0.415781
v -1.121803 6.167872 0.439813
v -1.120719 6.164566 0.332593
v -1.120812 6.107581 0.365600
v 1.086901 6.136530 0.456460
v 1.086871 6.239940 0.429624
v -1.121773 6.237747 0.420978
v -1.120633 6.236682 0.306011
v 1.086841 6.174678 0.447467
v 1.088015 6.238940 0.311284
v 1.086968 6.403197 0.406936
v -1.120536 6.403197 0.277628
v -1.120540 6.497870 0.278604
v 1.086938 6.497654 0.417054
v 1.088108 6.497654 0.286817
v -1.121706 6.497870 0.397318
v 1.086908 6.568485 0.430739
v 1.088078 6.568485 0.295031
v -1.120570 6.570406 0.284714
v -1.121736 6.570406 0.403931
v 1.086818 6.599460 0.439952
v 1.087988 6.599460 0.306255
v -1.121826 6.611945 0.418518
v -1.120660 6.611945 0.296181
v 1.086741 6.662355 0.461447
v 1.087911 6.662355 0.341626
v -1.120738 6.674840 0.333681
v -1.121903 6.674840 0.452330
v 1.086742 6.735787 0.491914
v 1.087675 6.744782 0.388787
v -1.121902 6.747910 0.495888
v -1.120973 6.757268 0.399241
v -0.755547 6.507833 0.128948
v -0.755577 6.600399 0.148174
v -0.754550 6.211274 0.022866
v -0.755640 6.211274 0.165816
v -0.755821 5.995610 0.216002
v -0.755667 6.728245 0.173183
v -0.754453 6.402691 -0.004244
v -0.754494 6.298858 0.007154
v -0.755727 6.112567 0.189889
v -0.755744 6.796974 0.194678
v -0.755980 6.887046 0.260238
v -0.511618 6.916946 0.011285
v -0.512064 6.296653 0.043150
v -0.511382 6.803288 -0.054275
v -0.511364 6.107176 -0.059312
v -0.512028 6.509202 0.032977
v -0.512058 6.603352 0.041273
v -0.512148 6.733384 0.066281
v -0.511180 6.402262 -0.110327
v -0.512302 5.988218 0.109100
v -0.512225 6.803288 0.087777
v -0.512461 6.916946 0.153337
v -0.511456 5.988218 -0.033660
v -0.511185 6.509202 -0.109075
v -0.511215 6.603352 -0.100779
v -0.512023 6.402262 0.031724
v -0.511305 6.733384 -0.075770
v -0.511278 6.207571 -0.083217
v -0.512121 6.207571 0.058914
v -0.511221 6.296653 -0.098929
v -0.512208 6.107176 0.082988
v 0.480269 6.296653 0.047892
v 0.479872 6.916946 0.158078
v 0.480955 6.803288 -0.050705
v 0.480305 6.509202 0.037718
v 0.480031 5.988218 0.113841
v 0.480212 6.207571 0.063655
v 0.480973 6.107176 -0.055742
v 0.481059 6.207571 -0.079647
v 0.481116 6.296653 -0.095359
v 0.480108 6.803288 0.092518
v 0.480185 6.733384 0.071023
v 0.480719 6.916946 0.014855
v 0.481157 6.402262 -0.106758
v 0.480881 5.988218 -0.030090
v 0.480125 6.107176 0.087729
v 0.481152 6.509202 -0.105505
v 0.481122 6.603352 -0.097209
v 0.480275 6.603352 0.046014
v 0.481032 6.733384 -0.072201
v 0.480310 6.402262 0.036465
v -0.673265 2.594408 2.714595
v -0.428188 2.593378 2.714450
v -0.215437 2.715013 2.714374
v -0.092018 2.926721 2.714386
v -0.091000 3.171775 2.714486
v -0.212658 3.384514 2.714644
v -0.424392 3.507934 2.714820
v -0.669468 3.508964 2.714966
v -0.882219 3.387329 2.715042
v -1.005638 3.175621 2.715029
v -1.006656 2.930566 2.714929
v -0.884999 2.717828 2.714771
v -0.685320 2.550149 2.716763
v -0.416467 2.549026 2.716581
v -0.183072 2.682481 2.716435
v -0.047673 2.914753 2.716365
v -0.046550 3.183607 2.716389
v -0.180004 3.417003 2.716500
v -0.412275 3.552402 2.716669
v -0.681128 3.553525 2.716852
v -0.914523 3.420071 2.716999
v -1.049922 3.187798 2.717068
v -1.051046 2.918945 2.717045
v -0.917593 2.685549 2.716933
v -0.685003 2.551042 2.821524
v -0.416726 2.549921 2.821342
v -0.183830 2.683090 2.821196
v -0.048721 2.914865 2.821126
v -0.047600 3.183144 2.821150
v -0.180768 3.416039 2.821261
v -0.412543 3.551149 2.821431
v -0.680820 3.552270 2.821613
v -0.913715 3.419101 2.821758
v -1.048825 3.187325 2.821829
v -1.049946 2.919047 2.821805
v -0.916778 2.686152 2.821694
v -0.668658 2.610708 2.948716
v -0.432509 2.609722 2.948556
v -0.227504 2.726942 2.948428
v -0.108576 2.930961 2.948366
v -0.107589 3.167111 2.948386
v -0.224809 3.372115 2.948484
v -0.428827 3.491045 2.948634
v -0.664976 3.492031 2.948794
v -0.869980 3.374810 2.948922
v -0.988909 3.170791 2.948984
v -0.989896 2.934642 2.948963
v -0.872676 2.729637 2.948865
v -0.650949 2.675523 3.021796
v -0.449640 2.674682 3.021659
v -0.274881 2.774609 3.021550
v -0.173499 2.948527 3.021496
v -0.172658 3.149836 3.021514
v -0.272584 3.324595 3.021598
v -0.446501 3.425978 3.021725
v -0.647810 3.426819 3.021862
v -0.822569 3.326893 3.021971
v -0.923951 3.152974 3.022023
v -0.924793 2.951665 3.022006
v -0.824867 2.776906 3.021923
v -0.643920 2.701348 3.012630
v -0.456458 2.700565 3.012503
v -0.293720 2.793618 3.012400
v -0.199311 2.955574 3.012351
v -0.198527 3.143036 3.012368
v -0.291580 3.305775 3.012446
v -0.453535 3.400184 3.012565
v -0.640997 3.400967 3.012691
v -0.803735 3.307914 3.012793
v -0.898144 3.145958 3.012842
v -0.898927 2.958496 3.012825
v -0.805875 2.795758 3.012748
v -0.625553 2.768738 3.041623
v -0.463957 2.729010 3.033093
v -0.342901 2.843211 3.041438
v -0.227722 2.963280 3.032955
v -0.266069 3.125232 3.041412
v -0.312487 3.285001 3.033041
v -0.471891 3.332781 3.041570
v -0.633488 3.372452 3.033267
v -0.754543 3.258308 3.041755
v -0.869723 3.138181 3.033406
v -0.831375 2.976287 3.041782
v -0.784957 2.816461 3.033319
v -0.548721 3.050846 3.066847
v -0.431325 2.604519 2.631233
v -0.223903 2.723021 2.631483
v -0.103597 2.929313 2.631937
v -0.102643 3.168121 2.632475
v -0.221297 3.375456 2.632953
v -0.427765 3.495763 2.633243
v -0.666725 3.496805 2.633266
v -0.874147 3.378303 2.633018
v -0.994453 3.172011 2.632563
v -0.995407 2.933203 2.632025
v -0.876754 2.725868 2.631547
v -0.670285 2.605561 2.631257
v -0.431347 2.604751 2.511932
v -0.223929 2.723234 2.512238
v -0.103630 2.929502 2.512771
v -0.102683 3.168285 2.513387
v -0.221341 3.375602 2.513921
v -0.427811 3.495902 2.514231
v -0.666769 3.496951 2.514234
v -0.874186 3.378467 2.513929
v -0.994486 3.172199 2.513397
v -0.995433 2.933416 2.512781
v -0.876775 2.726099 2.512246
v -0.670305 2.605799 2.511935
v -0.429466 2.597786 2.448634
v -0.218733 2.718163 2.448944
v -0.096512 2.927727 2.449485
v -0.095549 3.170326 2.450111
v -0.216104 3.380956 2.450654
v -0.425874 3.503178 2.450969
v -0.668650 3.504244 2.450972
v -0.879382 3.383867 2.450662
v -1.001604 3.174303 2.450121
v -1.002567 2.931704 2.449495
v -0.882012 2.721074 2.448952
v -0.672242 2.598851 2.448637
v -0.428266 2.593554 2.327491
v -0.215420 2.715138 2.327804
v -0.091972 2.926805 2.328351
v -0.091000 3.171838 2.328982
v -0.212764 3.384580 2.329531
v -0.424638 3.508029 2.329850
v -0.669850 3.509105 2.329852
v -0.882696 3.387521 2.329539
v -1.006144 3.175854 2.328993
v -1.007116 2.930821 2.328360
v -0.885352 2.718079 2.327811
v -0.673478 2.594630 2.327493
v -0.422305 2.571162 2.251343
v -0.198956 2.698746 2.251672
v -0.069416 2.920858 2.252245
v -0.068396 3.177982 2.252908
v -0.196169 3.401223 2.253484
v -0.418498 3.530763 2.253819
v -0.675811 3.531893 2.253822
v -0.899160 3.404309 2.253492
v -1.028699 3.182197 2.252919
v -1.029720 2.925073 2.252256
v -0.901947 2.701832 2.251680
v -0.679618 2.572291 2.251346
v -0.425916 2.585025 2.182831
v -0.208929 2.708974 2.183151
v -0.083080 2.924758 2.183708
v -0.082089 3.174558 2.184352
v -0.206222 3.391439 2.184911
v -0.422218 3.517289 2.185236
v -0.672200 3.518386 2.185239
v -0.889186 3.394437 2.184919
v -1.015036 3.178653 2.184363
v -1.016027 2.928853 2.183718
v -0.891894 2.711972 2.183158
v -0.675899 2.586121 2.182834
v -0.452935 2.687584 2.120407
v -0.317512 2.818559 2.117523
v -0.185322 2.952775 2.121092
v -0.231164 3.135510 2.118340
v -0.281445 3.317060 2.122030
v -0.462710 3.368827 2.118942
v -0.645181 3.416153 2.122286
v -0.780603 3.285194 2.118726
v -0.912794 3.150961 2.121603
v -0.866951 2.968244 2.117908
v -0.816671 2.786677 2.120662
v -0.635406 2.734926 2.117307
v -0.549058 3.051902 2.108458
v -1.028895 2.924692 2.431655
v -1.028604 3.181571 2.432317
v -0.896414 3.401074 2.433006
v -0.419521 3.526543 2.433331
v -0.896414 3.401264 2.360157
v -0.674818 3.527853 2.360485
v -0.069378 2.920702 2.359405
v -0.201698 2.701232 2.358353
v -0.241872 2.741075 2.604360
v -0.437843 2.629130 2.604071
v -0.858562 2.743990 2.534680
v -0.973195 3.166429 2.535862
v -0.856233 3.360356 2.536270
v -0.434502 3.471283 2.536558
v -0.124746 2.935344 2.535279
v -0.674818 3.527664 2.433334
v -0.069378 2.920514 2.431657
v -0.068363 3.177392 2.432320
v -0.201698 2.701043 2.431201
v -0.198933 3.398017 2.432999
v -0.678595 2.575768 2.358029
v -0.419521 3.526733 2.360482
v -0.423298 2.574647 2.358027
v -1.028895 2.924880 2.359402
v -0.434502 3.471102 2.606242
v -0.660273 3.472093 2.606245
v -0.858562 2.743809 2.604365
v -0.660273 3.472274 2.536561
v -0.973451 2.939260 2.535275
v -0.042697 3.143393 2.526347
v -0.043501 2.944556 2.441135
v -0.042731 3.135846 2.604044
v -0.043644 2.949824 2.362014
v -0.123848 3.162513 2.535865
v -0.123848 3.162333 2.605317
v -0.124746 2.935163 2.604731
v -0.042931 2.953601 2.525857
v -0.899049 2.704289 2.358359
v -0.068363 3.177580 2.360068
v -1.058815 3.152025 2.362506
v -1.059289 3.140101 2.604025
v -1.059088 2.965033 2.603573
v -1.058944 3.156905 2.441653
v -0.973195 3.166249 2.605313
v -0.973451 2.939080 2.604727
v -1.059323 3.147648 2.526328
v -1.028604 3.181759 2.360065
v -0.198933 3.398207 2.360151
v -0.043235 3.147787 2.362525
v -0.423298 2.574458 2.430875
v -0.678595 2.575578 2.430878
v -1.058568 2.948797 2.441116
v -0.899049 2.704100 2.431207
v -0.043101 3.152664 2.441672
v -0.241872 2.741256 2.534676
v -0.239427 3.357622 2.536265
v -0.437843 2.629311 2.534387
v -0.663614 2.630301 2.534389
v -1.059089 2.957856 2.525838
v -0.042932 2.960778 2.603592
v -0.239427 3.357440 2.605949
v -0.856233 3.360175 2.605954
v -0.663614 2.630121 2.604074
v -1.058437 2.954062 2.361995
v -0.001716 3.135711 2.604043
v -0.001757 2.929735 2.523326
v -0.001813 2.949585 2.362013
v -0.001753 2.960643 2.603591
v -0.001746 3.178453 2.444202
v -0.001750 3.147549 2.362524
v -0.001813 2.918318 2.443532
v -0.001716 3.166975 2.523937
v -1.099630 3.182711 2.444183
v -1.099661 3.139968 2.604024
v -1.099617 2.933992 2.523307
v -1.099557 2.953843 2.361994
v -1.099625 3.151806 2.362505
v -1.099662 3.171231 2.523919
v -1.099557 2.922576 2.443512
v -1.099622 2.964900 2.603573
v 0.932630 0.014047 3.997214
v 0.932630 0.014047 3.997214
v 3.994414 0.014047 0.935431
v 3.994414 0.014047 0.935431
v -3.995235 0.014047 -0.930653
v -3.995236 0.014047 0.935430
v -3.995236 0.014047 0.935430
v 3.994413 0.014047 -0.930652
v 3.994413 0.014047 -0.930652
v 3.994414 1.303158 0.935431
v 3.994414 1.303158 0.935431
v 0.932629 1.303158 -3.992436
v 0.932629 1.303158 -3.992436
v 3.994413 1.303158 -0.930652
v 3.994413 1.303158 -0.930652
v -0.933453 0.014047 3.997214
v -0.933453 0.014047 3.997214
v -0.933452 0.014047 -3.992435
v -0.933452 0.014047 -3.992435
v 0.932629 0.014047 -3.992436
v 0.932629 0.014047 -3.992436
v -3.995235 1.303158 -0.930653
v -3.995236 1.303158 0.935430
v -3.995236 1.303158 0.935430
v 0.932630 1.303158 3.997214
v 0.932630 1.303158 3.997214
v -0.933452 1.303158 -3.992435
v -0.933452 1.303158 -3.992435
v -0.933453 1.303158 3.997214
v -0.933453 1.303158 3.997214
v 4.473854 0.017930 3.260663
v 3.073346 0.017930 1.860155
v 5.503072 0.017930 6.680541
v 3.278525 0.017930 4.455992
v 1.878017 0.375678 3.055483
v 3.278525 0.375678 4.455992
v 4.473854 0.375678 3.260663
v 3.073346 0.375678 1.860155
v 4.416719 1.091507 2.640885
v 4.416719 1.091507 2.640885
v 3.354668 1.091507 1.578833
v 2.671646 1.091507 4.385957
v 2.671646 1.091507 4.385957
v 1.609595 1.091507 3.323906
v 4.416318 1.124867 3.318199
v 3.015811 1.124867 1.917691
v 4.416318 0.375678 3.318199
v 3.015811 0.375678 1.917691
v 1.609595 0.428323 3.323906
v 2.671646 0.428323 4.385957
v 2.671646 0.428323 4.385957
v 6.579593 1.124867 7.556101
v 6.579593 1.124867 7.556101
v 6.579593 0.983315 7.556101
v 6.579593 0.983315 7.556101
v 7.576763 0.983315 6.558931
v 7.576763 0.983315 6.558931
v 7.576763 1.124867 6.558931
v 7.576763 1.124867 6.558931
v 3.348959 1.124867 4.385557
v 1.948452 1.124867 2.985048
v 4.416318 1.091507 3.318199
v 4.416318 1.091507 3.318199
v 3.015811 1.091507 1.917691
v 1.977470 1.124867 2.956031
v 1.977470 0.983315 2.956031
v 7.789171 0.375678 9.185526
v 7.789171 0.375678 9.185526
v 7.048607 0.375678 8.808296
v 1.878017 0.017930 3.055483
v 2.972695 0.983315 1.960806
v 9.203384 0.375678 7.771313
v 9.203384 0.375678 7.771313
v 9.173875 0.017930 7.713380
v 9.173875 0.017930 7.713380
v 2.972695 1.124867 1.960806
v 1.948452 1.091507 2.985048
v 3.348959 1.091507 4.385557
v 3.348959 1.091507 4.385557
v 6.048137 0.375678 8.244599
v 7.731238 0.017930 9.156016
v 7.731238 0.017930 9.156016
v 6.640865 0.375678 5.542747
v 8.040428 0.375678 6.933886
v 8.040428 0.375678 6.933886
v 7.048607 0.017930 8.808296
v 7.699639 1.124867 6.593098
v 7.699639 1.124867 6.593098
v 6.628726 1.124867 7.664011
v 6.628726 1.124867 7.664011
v 6.969515 0.375678 8.004799
v 6.969515 0.375678 8.004799
v 3.354668 0.428323 1.578833
v 3.015811 0.428323 1.917691
v 8.262459 0.375678 6.030278
v 8.826155 0.375678 7.030748
v 3.348959 0.375678 4.385557
v 1.948452 0.375678 2.985048
v 5.573507 0.375678 6.610106
v 5.503072 0.375678 6.680541
v 4.416318 0.429928 3.318199
v 4.416318 0.429928 3.318199
v 4.416719 0.428323 2.640885
v 4.416719 0.428323 2.640885
v 3.348959 0.429928 4.385557
v 3.348959 0.429928 4.385557
v 6.698401 0.375678 5.485212
v 8.262459 0.017930 6.030278
v 6.698401 0.017930 5.485212
v 8.826155 0.017930 7.030748
v 6.048137 0.017930 8.244599
v 1.948452 0.428323 2.985048
v -3.260664 0.017930 4.473854
v -1.860156 0.017930 3.073347
v -6.680542 0.017930 5.503072
v -4.455992 0.017930 3.278525
v -3.055484 0.375678 1.878017
v -4.455992 0.375678 3.278525
v -3.260664 0.375678 4.473854
v -1.860156 0.375678 3.073347
v -2.640886 1.091507 4.416719
v -2.640886 1.091507 4.416719
v -1.578834 1.091507 3.354668
v -4.385958 1.091507 2.671645
v -4.385958 1.091507 2.671645
v -3.323906 1.091507 1.609594
v -3.318200 1.124867 4.416317
v -1.917691 1.124867 3.015810
v -3.318200 0.375678 4.416317
v -1.917691 0.375678 3.015810
v -3.323906 0.428323 1.609594
v -4.385958 0.428323 2.671645
v -4.385958 0.428323 2.671645
v -7.556102 1.124867 6.579593
v -7.556102 1.124867 6.579593
v -7.556102 0.983315 6.579593
v -7.556102 0.983315 6.579593
v -6.558932 0.983315 7.576763
v -6.558932 0.983315 7.576763
v -6.558932 1.124867 7.576763
v -6.558932 1.124867 7.576763
v -4.385558 1.124867 3.348959
v -2.985049 1.124867 1.948452
v -3.318200 1.091507 4.416317
v -3.318200 1.091507 4.416317
v -1.917691 1.091507 3.015810
v -2.956031 1.124867 1.977470
v -2.956031 0.983315 1.977470
v -9.185529 0.375678 7.789171
v -9.185529 0.375678 7.789171
v -8.808297 0.375678 7.048606
v -3.055484 0.017930 1.878017
v -1.960806 0.983315 2.972695
v -7.771315 0.375678 9.203384
v -7.771315 0.375678 9.203384
v -7.713381 0.017930 9.173874
v -7.713381 0.017930 9.173874
v -1.960806 1.124867 2.972695
v -2.985049 1.091507 1.948452
v -4.385558 1.091507 3.348959
v -4.385558 1.091507 3.348959
v -8.244601 0.375678 6.048137
v -9.156017 0.017930 7.731238
v -9.156017 0.017930 7.731238
v -5.542749 0.375678 6.640865
v -6.933888 0.375678 8.040427
v -6.933888 0.375678 8.040427
v -8.808297 0.017930 7.048606
v -6.593099 1.124867 7.699639
v -6.593099 1.124867 7.699639
v -7.664012 1.124867 6.628726
v -7.664012 1.124867 6.628726
v -8.004801 0.375678 6.969514
v -8.004801 0.375678 6.969514
v -1.578834 0.428323 3.354668
v -1.917691 0.428323 3.015810
v -6.030279 0.375678 8.262459
v -7.030749 0.375678 8.826155
v -4.385558 0.375678 3.348959
v -2.985049 0.375678 1.948452
v -6.610107 0.375678 5.573506
v -6.680542 0.375678 5.503072
v -3.318200 0.429928 4.416317
v -3.318200 0.429928 4.416317
v -2.640886 0.428323 4.416719
v -2.640886 0.428323 4.416719
v -4.385558 0.429928 3.348959
v -4.385558 0.429928 3.348959
v -5.485213 0.375678 6.698400
v -6.030279 0.017930 8.262459
v -5.485213 0.017930 6.698400
v -7.030749 0.017930 8.826155
v -8.244601 0.017930 6.048137
v -2.985049 0.428323 1.948452
v -4.473853 0.017930 -3.260665
v -3.073346 0.017930 -1.860156
v -5.503070 0.017930 -6.680542
v -3.278523 0.017930 -4.455992
v -1.878016 0.375678 -3.055484
v -3.278523 0.375678 -4.455992
v -4.473853 0.375678 -3.260665
v -3.073346 0.375678 -1.860156
v -4.416718 1.091507 -2.640887
v -4.416718 1.091507 -2.640887
v -3.354668 1.091507 -1.578834
v -2.671644 1.091507 -4.385958
v -2.671644 1.091507 -4.385958
v -1.609594 1.091507 -3.323906
v -4.416317 1.124867 -3.318200
v -3.015810 1.124867 -1.917692
v -4.416317 0.375678 -3.318200
v -3.015810 0.375678 -1.917692
v -1.609594 0.428323 -3.323906
v -2.671644 0.428323 -4.385958
v -2.671644 0.428323 -4.385958
v -6.579591 1.124867 -7.556103
v -6.579591 1.124867 -7.556103
v -6.579591 0.983315 -7.556103
v -6.579591 0.983315 -7.556103
v -7.576761 0.983315 -6.558933
v -7.576761 0.983315 -6.558933
v -7.576761 1.124867 -6.558933
v -7.576761 1.124867 -6.558933
v -3.348958 1.124867 -4.385558
v -1.948451 1.124867 -2.985049
v -4.416317 1.091507 -3.318200
v -4.416317 1.091507 -3.318200
v -3.015810 1.091507 -1.917692
v -1.977469 1.124867 -2.956032
v -1.977469 0.983315 -2.956032
v -7.789168 0.375678 -9.185529
v -7.789168 0.375678 -9.185529
v -7.048604 0.375678 -8.808298
v -1.878016 0.017930 -3.055484
v -2.972695 0.983315 -1.960807
v -9.203382 0.375678 -7.771316
v -9.203382 0.375678 -7.771316
v -9.173872 0.017930 -7.713383
v -9.173872 0.017930 -7.713383
v -2.972695 1.124867 -1.960807
v -1.948451 1.091507 -2.985049
v -3.348958 1.091507 -4.385558
v -3.348958 1.091507 -4.385558
v -6.048134 0.375678 -8.244601
v -7.731236 0.017930 -9.156019
v -7.731236 0.017930 -9.156019
v -6.640863 0.375678 -5.542750
v -8.040425 0.375678 -6.933888
v -8.040425 0.375678 -6.933888
v -7.048604 0.017930 -8.808298
v -7.699636 1.124867 -6.593100
v -7.699636 1.124867 -6.593100
v -6.628723 1.124867 -7.664013
v -6.628723 1.124867 -7.664013
v -6.969512 0.375678 -8.004802
v -6.969512 0.375678 -8.004802
v -3.354668 0.428323 -1.578834
v -3.015810 0.428323 -1.917692
v -8.262458 0.375678 -6.030281
v -8.826152 0.375678 -7.030751
v -3.348958 0.375678 -4.385558
v -1.948451 0.375678 -2.985049
v -5.573505 0.375678 -6.610108
v -5.503070 0.375678 -6.680542
v -4.416317 0.429928 -3.318200
v -4.416317 0.429928 -3.318200
v -4.416718 0.428323 -2.640887
v -4.416718 0.428323 -2.640887
v -3.348958 0.429928 -4.385558
v -3.348958 0.429928 -4.385558
v -6.698399 0.375678 -5.485214
v -8.262458 0.017930 -6.030281
v -6.698399 0.017930 -5.485214
v -8.826152 0.017930 -7.030751
v -6.048134 0.017930 -8.244601
v -1.948451 0.428323 -2.985049
v 3.260663 0.017930 -4.473854
v 1.860155 0.017930 -3.073347
v 6.680541 0.017930 -5.503073
v 4.455992 0.017930 -3.278525
v 3.055483 0.375678 -1.878018
v 4.455992 0.375678 -3.278525
v 3.260663 0.375678 -4.473854
v 1.860155 0.375678 -3.073347
v 2.640886 1.091507 -4.416719
v 2.640886 1.091507 -4.416719
v 1.578834 1.091507 -3.354668
v 4.385958 1.091507 -2.671646
v 4.385958 1.091507 -2.671646
v 3.323906 1.091507 -1.609595
v 3.318199 1.124867 -4.416318
v 1.917691 1.124867 -3.015811
v 3.318199 0.375678 -4.416318
v 1.917691 0.375678 -3.015811
v 3.323906 0.428323 -1.609595
v 4.385958 0.428323 -2.671646
v 4.385958 0.428323 -2.671646
v 7.556101 1.124867 -6.579594
v 7.556101 1.124867 -6.579594
v 7.556101 0.983315 -6.579594
v 7.556101 0.983315 -6.579594
v 6.558931 0.983315 -7.576764
v 6.558931 0.983315 -7.576764
v 6.558931 1.124867 -7.576764
v 6.558931 1.124867 -7.576764
v 4.385557 1.124867 -3.348960
v 2.985049 1.124867 -1.948452
v 3.318199 1.091507 -4.416318
v 3.318199 1.091507 -4.416318
v 1.917691 1.091507 -3.015811
v 2.956031 1.124867 -1.977470
v 2.956031 0.983315 -1.977470
v 9.185527 0.375678 -7.789172
v 9.185527 0.375678 -7.789172
v 8.808296 0.375678 -7.048607
v 3.055483 0.017930 -1.878018
v 1.960806 0.983315 -2.972696
v 7.771314 0.375678 -9.203385
v 7.771314 0.375678 -9.203385
v 7.713380 0.017930 -9.173876
v 7.713380 0.017930 -9.173876
v 1.960806 1.124867 -2.972696
v 2.985049 1.091507 -1.948452
v 4.385557 1.091507 -3.348960
v 4.385557 1.091507 -3.348960
v 8.244600 0.375678 -6.048138
v 9.156016 0.017930 -7.731239
v 9.156016 0.017930 -7.731239
v 5.542748 0.375678 -6.640866
v 6.933887 0.375678 -8.040428
v 6.933887 0.375678 -8.040428
v 8.808296 0.017930 -7.048607
v 6.593098 1.124867 -7.699640
v 6.593098 1.124867 -7.699640
v 7.664011 1.124867 -6.628727
v 7.664011 1.124867 -6.628727
v 8.004800 0.375678 -6.969515
v 8.004800 0.375678 -6.969515
v 1.578834 0.428323 -3.354668
v 1.917691 0.428323 -3.015811
v 6.030278 0.375678 -8.262461
v 7.030748 0.375678 -8.826156
v 4.385557 0.375678 -3.348960
v 2.985049 0.375678 -1.948452
v 6.610106 0.375678 -5.573507
v 6.680541 0.375678 -5.503073
v 3.318199 0.429928 -4.416318
v 3.318199 0.429928 -4.416318
v 2.640886 0.428323 -4.416719
v 2.640886 0.428323 -4.416719
v 4.385557 0.429928 -3.348960
v 4.385557 0.429928 -3.348960
v 5.485212 0.375678 -6.698401
v 6.030278 0.017930 -8.262461
v 5.485212 0.017930 -6.698401
v 7.030748 0.017930 -8.826156
v 8.244600 0.017930 -6.048138
v 2.985049 0.428323 -1.948452
v -2.165393 1.608957 -2.165392
v -2.957981 1.608957 -0.792588
v 2.165393 1.608957 -2.165392
v 0.792587 1.608957 -2.957981
v -2.436000 1.571497 -2.435999
v -3.327637 1.571497 -0.891637
v 2.436000 1.783768 2.436000
v 3.327637 1.783768 0.891638
v -2.435999 1.571497 2.436000
v -3.327636 1.571497 0.891638
v 2.957981 1.608957 0.792589
v 2.165392 1.608957 2.165392
v 2.957981 1.608957 -0.792588
v 3.327637 1.571497 -0.891638
v 3.327637 1.571497 0.891638
v 2.436000 1.783768 -2.435999
v 3.327637 1.783768 -0.891638
v -0.891638 1.783768 3.327637
v -2.435999 1.783768 2.436000
v -3.327637 1.783768 -0.891637
v -3.327636 1.783768 0.891638
v -2.436000 1.783768 -2.435999
v 0.792589 1.608957 2.957981
v -2.165392 1.608957 2.165392
v -0.792589 1.608957 2.957981
v -2.957980 1.608957 0.792589
v -0.792590 1.608957 -2.957981
v 2.436000 1.571497 -2.435999
v 2.436000 1.571497 2.436000
v 0.891638 1.571497 3.327637
v -0.891638 1.571497 3.327637
v -0.891639 1.571497 -3.327637
v 0.891636 1.571497 -3.327638
v 0.891638 1.783768 3.327637
v -0.891639 1.783768 -3.327637
v 0.891636 1.783768 -3.327638
v 0.001848 3.213127 2.993716
v -0.000063 3.115166 3.046109
v -1.103723 3.213127 2.806456
v -1.101965 3.115166 2.858985
v -0.937481 2.419808 3.053274
v -1.101965 2.788280 2.939503
v -1.101464 3.270771 2.339979
v -1.102658 3.375113 2.248204
v -0.162253 2.419808 3.185338
v -0.937487 3.780213 2.006867
v -0.162288 3.780213 2.006867
v 0.444318 5.699230 -2.606030
v -0.038935 5.699230 -2.735517
v 0.444318 5.699230 -0.931992
v 0.798084 5.699230 -1.285758
v -1.005441 5.699230 -1.769011
v -0.875954 5.699230 -1.285758
v -0.875954 5.699230 -2.252264
v -0.522188 5.699230 -2.606030
v 0.506933 5.687715 -2.714481
v -0.038935 5.687715 -2.860746
v 0.906535 5.687715 -2.314879
v 1.052800 5.687715 -1.769011
v 0.906535 5.687715 -1.223144
v 0.506933 5.687715 -0.823541
v -0.038935 5.687715 -0.677276
v -0.584802 5.687715 -0.823541
v -0.984405 5.687715 -1.223143
v -1.130670 5.687715 -1.769011
v -0.984405 5.687715 -2.314878
v -0.584803 5.687715 -2.714481
v -0.000063 2.788280 3.126918
v -0.038935 5.699230 -0.802505
v -0.522188 5.699230 -0.931992
v 0.798084 5.699230 -2.252264
v 0.927572 5.699230 -1.769011
v 0.028018 1.941963 -2.894659
v 0.958378 1.941939 -2.894672
v -0.913868 1.941939 -2.894672
v -1.128459 1.972753 -2.928420
v -1.184814 1.943993 -2.879793
v -1.184814 1.943993 -2.879793
v -1.128459 2.912489 -2.928433
v -1.168299 2.940820 -2.894182
v -1.168299 2.940820 -2.894182
v 0.028018 2.951431 -2.894751
v 0.958378 2.951431 -2.894751
v -0.913868 2.951431 -2.894751
v -0.924272 1.988911 -3.245159
v 0.027832 1.988934 -3.245146
v 1.195310 1.964257 -3.046663
v 1.195310 1.964257 -3.046663
v 1.174363 1.972753 -2.928420
v 1.194269 1.964722 -3.149727
v 1.194269 1.964722 -3.149727
v 1.169492 1.974900 -3.289093
v 1.169492 1.974900 -3.289093
v 1.169492 2.910605 -3.289106
v 1.169492 2.910605 -3.289106
v 0.995517 2.921028 -3.289105
v 0.027985 2.921028 -3.289105
v -0.952562 1.967249 -3.289014
v 0.027985 1.967273 -3.289001
v 0.971957 1.979220 -3.285616
v 1.140479 1.986612 -3.285693
v 1.140479 1.986612 -3.285693
v 0.027888 1.979243 -3.285603
v -0.928944 1.979220 -3.285616
v 0.971957 2.908814 -3.285705
v 1.140479 2.898743 -3.285706
v 1.140479 2.898743 -3.285706
v 0.027888 2.908814 -3.285705
v -1.094556 2.898743 -3.285705
v -1.094556 2.898743 -3.285705
v -0.928944 2.908814 -3.285705
v 0.967269 1.988911 -3.245159
v 0.027832 2.896926 -3.245235
v -0.924272 2.896926 -3.245235
v -1.088059 2.893335 -3.245584
v -1.088059 2.893335 -3.245584
v -1.148378 1.964722 -3.149727
v -1.148378 1.964722 -3.149727
v -0.974870 1.956979 -3.149647
v 1.017710 1.956979 -3.149647
v -0.975717 1.956505 -3.046582
v 0.028115 1.956529 -3.046569
v 0.028115 2.931721 -3.046675
v -0.975717 2.931721 -3.046675
v -1.149418 2.921158 -3.046675
v -1.149418 2.921158 -3.046675
v -1.149418 1.964257 -3.046662
v -1.149418 1.964257 -3.046662
v -1.195321 1.945707 -3.150467
v -1.195321 1.945707 -3.150467
v -1.195495 1.945591 -3.045360
v -1.195495 1.945591 -3.045360
v -1.013490 1.937445 -3.045277
v 0.028269 1.937470 -3.045263
v 1.241341 1.945591 -3.045360
v 1.241341 1.945591 -3.045360
v 1.241166 1.945707 -3.150468
v 1.241166 1.945707 -3.150468
v 1.056049 2.950995 -3.150481
v 0.028267 2.950995 -3.150481
v -1.013323 1.937561 -3.150384
v 0.028267 1.937587 -3.150370
v -1.013323 2.950995 -3.150481
v 1.218332 1.943993 -2.882751
v 1.218332 1.943993 -2.882751
v 1.213904 2.940820 -2.894183
v 1.213904 2.940820 -2.894183
v -0.285772 5.906114 0.241826
v -0.206868 5.906114 0.051336
v -0.206868 5.906114 0.432316
v 1.241341 2.939928 -3.045374
v 1.241341 2.939928 -3.045374
v 1.056217 2.951024 -3.045374
v 1.195310 2.921158 -3.046676
v 1.195310 2.921158 -3.046676
v 1.018555 2.931721 -3.046676
v -0.016378 5.849431 -0.027568
v 0.174113 5.849431 0.051336
v 0.253016 5.849431 0.241826
v 0.174113 5.849431 0.432316
v -0.016378 5.849431 0.511220
v -0.206868 5.849431 0.432316
v -0.285772 5.849431 0.241826
v -0.206868 5.849431 0.051336
v 0.174113 5.979649 0.432316
v -0.016378 5.979649 0.511220
v -0.206868 5.979649 0.432316
v -0.285772 5.979649 0.241826
v -1.097872 3.734878 2.040099
v -0.000102 3.375113 2.248204
v -0.004527 3.734878 2.040099
v -1.123593 1.974900 -3.289092
v -1.123593 1.974900 -3.289092
v 0.967269 2.896926 -3.245235
v -1.088059 1.991111 -3.245568
v -1.088059 1.991111 -3.245568
v 1.133623 1.991111 -3.245569
v 1.133623 1.991111 -3.245569
v -1.094556 1.986612 -3.285692
v -1.094556 1.986612 -3.285692
v 0.174113 5.979649 0.051336
v 0.253016 5.979649 0.241826
v 0.147516 5.911247 0.077932
v 0.215404 5.911247 0.241826
v 0.147516 5.911247 0.405720
v -0.180272 5.911247 0.405720
v -0.248159 5.911247 0.241826
v 1.133623 2.893335 -3.245585
v 1.133623 2.893335 -3.245585
v 0.215404 5.974515 0.241826
v 0.147516 5.974515 0.405720
v -0.248159 5.974515 0.241826
v -0.180272 5.974515 0.077932
v -1.123593 2.910605 -3.289105
v -1.123593 2.910605 -3.289105
v -0.952562 2.921028 -3.289105
v 1.174363 2.912489 -2.928433
v -0.016378 5.974515 0.473607
v -0.180272 5.974515 0.405720
v -0.180272 5.911247 0.077932
v -0.016378 5.911247 0.010045
v -0.016378 5.906114 0.511220
v 0.174113 5.906114 0.432316
v 0.253016 5.906114 0.241826
v 0.174113 5.906114 0.051336
v -0.016378 5.906114 -0.027568
v -0.001243 3.269144 2.332435
v 2.755529 3.724023 -0.821209
v 2.755529 3.501561 -0.692949
v 2.755529 3.373034 -0.470642
v 2.755529 3.372879 -0.213854
v 2.755529 3.501139 0.008608
v 2.755529 3.723446 0.137136
v 2.755529 3.980234 0.137290
v 2.755529 4.202696 0.009030
v 2.755529 4.331223 -0.213277
v 2.755529 4.331378 -0.470064
v 2.755529 4.203118 -0.692527
v 2.755529 3.980811 -0.821054
v -2.765867 3.724023 -0.821209
v -2.765867 3.501561 -0.692949
v -2.765867 3.373034 -0.470642
v -2.765867 3.372879 -0.213854
v -2.765867 3.501139 0.008608
v -2.765867 3.723446 0.137136
v -2.765867 3.980234 0.137290
v -2.765867 4.202696 0.009030
v -2.765867 4.331223 -0.213277
v -2.765867 4.331378 -0.470064
v -2.765867 4.203118 -0.692527
v -2.765867 3.980811 -0.821054
v -0.016378 5.979649 -0.027568
v -0.206868 5.979649 0.051336
v -0.016378 5.911247 0.473607
v -0.016378 5.974515 0.010045
v 0.147516 5.974515 0.077932
v 0.995517 1.967249 -3.289014
v -1.148378 2.920778 -3.149740
v -1.148378 2.920778 -3.149740
v 0.028111 1.957003 -3.149633
v 0.028111 2.931328 -3.149740
v -0.974870 2.931328 -3.149740
v 1.017710 2.931328 -3.149740
v 1.018555 1.956505 -3.046582
v 1.056049 1.937561 -3.150385
v -1.195321 2.939899 -3.150481
v -1.195321 2.939899 -3.150481
v 1.241166 2.939899 -3.150482
v 1.241166 2.939899 -3.150482
v 0.028269 2.951024 -3.045374
v -1.013490 2.951024 -3.045374
v -1.195495 2.939928 -3.045374
v -1.195495 2.939928 -3.045374
v 1.056217 1.937445 -3.045277
v 1.194269 2.920778 -3.149741
v 1.194269 2.920778 -3.149741
v 3.124412 4.802680 0.813529
v 3.124412 4.802680 0.813529
v 3.038723 4.919840 0.901188
v 3.038723 4.919840 0.901188
v 3.490110 5.114910 0.438940
v 3.490110 5.114910 0.438940
v 3.490110 5.114995 -0.668374
v 3.490110 5.114995 -0.668374
v 3.490110 4.802680 0.438940
v 3.490110 4.802680 0.438940
v 4.609498 2.933316 1.044482
v 4.609498 2.933316 1.044482
v 4.430009 3.143941 1.921016
v 4.430009 3.143941 1.921016
v 5.079595 3.436205 0.702315
v 5.079595 3.436205 0.702315
v 5.079595 3.445728 -1.754964
v 5.079595 3.445728 -1.754964
v 2.963164 4.440171 -3.136629
v 2.963164 4.440171 -3.136629
v 2.963164 3.254293 -3.136629
v 2.963164 3.254293 -3.136629
v 3.883921 3.903137 10.366391
v 3.710927 3.903137 10.366391
v 4.006245 4.025462 10.366391
v 3.588603 4.198454 10.366391
v 3.710927 4.320779 10.366391
v 3.588603 4.025462 10.366391
v 3.883921 4.320779 10.366391
v 4.006245 4.198454 10.366391
v 3.917455 4.401739 10.315289
v 4.087205 4.231989 10.315289
v 3.507643 3.991927 10.315289
v 3.507643 4.231989 10.315289
v 4.087205 4.231989 11.873805
v 4.087204 3.991927 11.782307
v 3.917455 4.401739 11.943753
v 3.677392 4.401739 11.943753
v 3.507643 4.231989 11.873805
v 3.507643 3.991927 11.782307
v 3.917455 3.822177 11.699124
v 3.677392 3.822177 11.699124
v 4.035779 4.013227 10.444338
v 3.896154 3.873602 10.444338
v 4.035780 4.210689 10.444338
v 3.896154 4.350314 10.444338
v 3.559068 4.013227 10.444338
v 3.559068 4.210689 10.444338
v 4.035779 4.013227 11.789839
v 3.896154 3.873602 11.721418
v 3.559068 4.013227 11.789839
v 3.559068 4.210689 11.865099
v 3.507643 4.231989 11.203900
v 3.677392 4.401739 11.203900
v 4.118967 3.978770 11.203900
v 3.930612 3.790415 11.203900
v 3.664236 3.790415 11.203900
v 4.117061 3.979560 10.899544
v 3.929822 3.792321 10.899544
v 3.477786 4.244356 10.899544
v 3.665026 4.431595 10.899544
v 3.929822 4.431595 10.899544
v 4.117062 4.244356 10.899544
v 3.502291 3.989710 10.899544
v 3.502291 4.234206 10.899544
v 3.917455 4.401739 11.203900
v 4.087205 4.231989 11.203900
v 3.675176 4.407091 10.899544
v 3.919672 4.407091 10.899544
v 3.919672 3.816825 10.899544
v 3.675176 3.816825 10.899544
v 3.890431 3.457895 6.359321
v 3.890431 3.380845 6.359321
v 3.930612 4.433501 11.203900
v 4.118967 4.245146 11.203900
v 3.475881 3.978770 11.203900
v 3.475881 4.245146 11.203900
v 3.713229 3.384495 6.359321
v 3.713229 3.454244 6.359321
v 3.762549 3.503564 6.359321
v 3.832298 3.503564 6.359321
v 3.881618 3.454244 6.359321
v 3.881618 3.384495 6.359321
v 3.758899 3.326362 6.359321
v 3.704416 3.380845 6.359321
v 3.704416 3.457895 6.359321
v 3.835948 3.326362 6.359321
v 3.835948 3.512377 6.359321
v 3.758899 3.512377 6.302458
v 3.835948 3.512377 6.302458
v 3.704416 3.457895 6.302458
v 3.704416 3.380845 6.302458
v 3.832298 3.335176 6.359321
v 3.762549 3.335176 6.359321
v 3.762549 3.335176 6.198944
v 3.713229 3.384495 6.198944
v 3.881618 3.384495 6.198944
v 3.832298 3.335176 6.198944
v 3.832298 3.503564 6.198944
v 3.881618 3.454244 6.198944
v 3.758899 3.512377 6.359321
v 3.890431 3.457895 6.302458
v 3.890431 3.380845 6.302458
v 3.883920 3.903138 3.625718
v 3.883920 3.903138 3.625718
v 3.710927 3.903138 3.625718
v 3.710927 3.903138 3.625718
v 3.664236 4.433501 11.203900
v 4.092556 4.234206 10.899544
v 3.677392 3.822177 11.203900
v 3.507643 3.991927 11.203900
v 3.917455 3.822177 11.203900
v 4.087204 3.991927 11.203900
v 3.698693 3.873602 10.444338
v 3.698693 4.350314 10.444338
v 3.698693 3.873602 11.721418
v 3.698693 4.350314 11.922634
v 3.896154 4.350314 11.922634
v 4.035780 4.210689 11.865099
v 4.866086 4.439999 0.855647
v 4.866086 4.439999 0.855647
v 4.866086 4.439999 -1.034745
v 4.120221 4.694875 -1.669780
v 4.120221 4.694875 -1.669780
v 4.120221 5.114910 -1.669780
v 4.120221 5.114910 -1.669780
v 4.120221 4.781748 -1.146728
v 4.120221 4.781748 -1.146728
v 3.497244 4.781748 -1.146728
v 3.497244 4.781748 -1.146728
v 4.120221 5.114809 -1.146728
v 4.120221 5.114809 -1.146728
v 4.701000 2.966633 -2.214003
v 3.971355 3.254293 -3.136629
v 3.971355 3.254293 -3.136629
v 4.561435 4.914357 -1.041823
v 4.556187 4.919840 0.901188
v 4.556187 4.919840 0.901188
v 4.127355 5.114910 0.438940
v 4.127355 5.114910 0.438940
v 4.752403 4.414244 0.788480
v 4.752403 4.414244 0.788480
v 4.752403 4.414244 -1.018352
v 5.183210 3.436205 0.702315
v 5.183210 3.436205 0.702315
v 5.183209 3.445728 -1.754964
v 5.183209 3.445728 -1.754964
v 3.762549 3.503564 6.198944
v 3.713229 3.454244 6.198944
v 4.234627 5.114910 0.702315
v 4.234627 5.114910 0.702315
v 4.234627 5.218525 0.702315
v 4.234627 5.218525 0.702315
v 4.517972 4.802680 0.813529
v 4.517972 4.802680 0.813529
v 3.883920 3.903138 5.504658
v 3.883920 3.903138 5.504658
v 3.710927 3.903138 5.504658
v 3.710927 3.903138 5.504658
v 5.079595 4.277276 -1.754964
v 5.079595 4.277276 -1.754964
v 5.183209 4.277276 -1.754964
v 5.183209 4.277276 -1.754964
v 5.183209 3.740937 -1.602103
v 5.183209 3.740937 -1.602103
v 5.183210 3.740936 0.561435
v 5.183210 3.740936 0.561435
v 5.368721 3.740937 -1.602103
v 5.368721 3.740937 -1.602103
v 5.079896 3.543478 -0.668374
v 5.079896 3.543478 -0.668374
v 5.061088 3.543477 0.438939
v 5.061088 3.543477 0.438939
v 5.079595 4.286798 0.702315
v 5.079595 4.286798 0.702315
v 3.038723 2.933612 1.044482
v 3.038723 2.933612 1.044482
v 3.218211 3.143941 1.921016
v 3.218211 3.143941 1.921016
v 4.752218 4.180722 -0.668374
v 4.752218 4.180722 -0.668374
v 5.079896 4.180722 -0.668374
v 5.079896 4.180722 -0.668374
v 3.218211 4.565952 1.921016
v 3.218211 4.565952 1.921016
v 4.866086 3.275675 -1.034922
v 4.866086 3.275675 0.855647
v 4.866086 3.275675 0.855647
v 3.038723 4.776577 1.044482
v 3.038723 4.776577 1.044482
v 4.609498 4.776577 1.044482
v 4.609498 4.776577 1.044482
v 3.384035 5.218525 0.702315
v 3.384035 5.218525 0.702315
v 3.497244 4.694875 -1.669780
v 3.497244 4.694875 -1.669780
v 3.393557 5.114910 -1.754964
v 3.393557 5.114910 -1.754964
v 4.225104 5.114910 -1.754964
v 4.225104 5.114910 -1.754964
v 3.393557 5.218525 -1.754964
v 3.393557 5.218525 -1.754964
v 4.225104 5.218525 -1.754964
v 4.225104 5.218525 -1.754964
v 3.497244 5.114910 -1.669780
v 3.497244 5.114910 -1.669780
v 3.694568 5.417250 0.561436
v 3.694568 5.417250 0.561436
v 3.929896 5.417250 0.561436
v 3.929896 5.417250 0.561436
v 3.124412 4.802680 -1.020701
v 3.124412 4.666753 -1.839094
v 3.124412 4.666753 -1.839094
v 3.883920 3.903138 5.285251
v 3.883920 3.903138 5.285251
v 3.710927 3.903138 5.285251
v 3.710927 3.903138 5.285251
v 4.430009 4.565952 1.921016
v 4.430009 4.565952 1.921016
v 3.705457 3.641398 5.495801
v 3.705457 3.641398 5.495801
v 3.705457 3.641398 5.280780
v 3.705457 3.641398 5.280780
v 3.889390 3.641398 5.495801
v 3.889390 3.641398 5.495801
v 4.866086 3.389887 -1.945490
v 4.866086 3.389887 -1.945490
v 3.889390 3.641398 5.280780
v 3.889390 3.641398 5.280780
v 3.497244 5.114809 -1.146728
v 3.497244 5.114809 -1.146728
v 5.079595 3.550612 -1.669780
v 5.079595 3.550612 -1.669780
v 5.079710 3.550612 -1.146728
v 5.079710 3.550612 -1.146728
v 3.694568 5.218525 0.561436
v 3.694568 5.218525 0.561436
v 3.929896 5.218525 0.561436
v 3.929896 5.218525 0.561436
v 3.694568 5.218525 -1.602103
v 3.694568 5.218525 -1.602103
v 3.929896 5.218525 -1.602103
v 3.929896 5.218525 -1.602103
v 3.694568 5.417250 -1.602103
v 3.694568 5.417250 -1.602103
v 3.929896 5.417250 -1.602103
v 3.929896 5.417250 -1.602103
v 3.384035 5.114910 0.702315
v 3.384035 5.114910 0.702315
v 4.752218 3.550612 -1.146728
v 4.752218 3.550612 -1.146728
v 4.752403 3.549934 -1.669614
v 4.752403 3.549934 -1.669614
v 4.752218 4.180722 0.438940
v 4.752218 4.180722 0.438940
v 4.866086 4.322801 -1.945490
v 4.866086 4.322801 -1.945490
v 4.752403 4.302226 -1.894720
v 4.752403 4.302226 -1.894720
v 4.710789 4.711465 -2.214806
v 3.971355 4.440171 -3.136629
v 3.971355 4.440171 -3.136629
v 3.080948 4.914357 -1.041823
v 4.127355 4.802680 -0.668374
v 4.127355 4.802680 -0.668374
v 4.127355 4.802680 0.438940
v 4.127355 4.802680 0.438940
v 3.490110 4.802680 -0.668374
v 3.490110 4.802680 -0.668374
v 4.127355 5.114995 -0.668374
v 4.127355 5.114995 -0.668374
v 4.752403 3.301386 0.788480
v 4.752403 3.301386 0.788480
v 2.963164 2.966633 -2.214003
v 2.963164 2.775140 1.044482
v 2.963164 2.775140 1.044482
v 4.701000 2.775140 1.044482
v 4.701000 2.775140 1.044482
v 4.866086 3.109629 1.044482
v 4.701000 4.919513 1.044482
v 4.701000 4.919513 1.044482
v 2.963164 4.919513 1.044482
v 2.963164 4.919513 1.044482
v 2.963164 2.775046 -1.041823
v 2.963164 4.709598 -2.214003
v 5.368721 3.740936 0.561435
v 5.368721 3.740936 0.561435
v 5.368721 3.976264 0.561435
v 5.368721 3.976264 0.561435
v 5.368721 3.976265 -1.602103
v 5.368721 3.976265 -1.602103
v 5.183209 3.976265 -1.602103
v 5.183209 3.976265 -1.602103
v 5.183210 4.286798 0.702315
v 5.183210 4.286798 0.702315
v 4.752218 3.543477 0.438939
v 4.752218 3.543477 0.438939
v 4.752218 3.543478 -0.668374
v 4.752218 3.543478 -0.668374
v 2.963164 4.914357 -1.041823
v 3.086196 4.761941 -1.902551
v 3.086196 4.761941 -1.902551
v 4.556187 4.761941 -1.902551
v 4.556187 4.761941 -1.902551
v 4.517972 4.666753 -1.839094
v 4.517972 4.666753 -1.839094
v 4.517972 4.802680 -1.020701
v 4.710789 4.914357 -1.041823
v 4.701000 2.775046 -1.041823
v 4.866086 4.538790 1.044482
v 3.677392 3.822177 10.315289
v 3.677392 4.401739 10.315289
v 5.183210 3.976264 0.561435
v 5.183210 3.976264 0.561435
v 4.087204 3.991927 10.315289
v 3.917455 3.822177 10.315289
v 4.752403 3.410550 -1.894720
v 4.752403 3.410550 -1.894720
v 5.079595 4.180722 0.438940
v 5.079595 4.180722 0.438940
v 4.752218 4.173588 -1.669780
v 4.752218 4.173588 -1.669780
v 4.752403 3.301387 -1.018521
v 4.752218 4.173588 -1.146728
v 4.752218 4.173588 -1.146728
v 3.889390 3.641398 3.804495
v 3.889390 3.641398 3.804495
v 3.705457 3.641398 3.804495
v 3.705457 3.641398 3.804495
v 3.883920 3.903138 3.807472
v 3.883920 3.903138 3.807472
v 3.710927 3.903138 3.807472
v 3.710927 3.903138 3.807472
v 3.889390 3.641398 3.625551
v 3.889390 3.641398 3.625551
v 3.705457 3.641398 3.625551
v 3.705457 3.641398 3.625551
v 5.079595 4.173588 -1.669780
v 5.079595 4.173588 -1.669780
v 5.079710 4.173588 -1.146728
v 5.079710 4.173588 -1.146728
v 3.077618 4.323668 -3.027355
v 3.077618 3.370797 -3.027355
v 3.856902 3.370797 -3.027355
v 3.856902 4.323668 -3.027355
v 4.092556 3.989710 10.899544
v 3.665026 3.792321 10.899544
v 3.477786 3.979560 10.899544
v 3.835948 3.326362 6.302458
v 3.758899 3.326362 6.302458
v 4.093871 5.983511 -3.284406
v 4.093871 5.983511 -3.284406
v 3.932029 6.145353 -3.284406
v 3.932029 6.145353 -3.284406
v 3.757383 5.723551 -3.697419
v 3.757383 5.723551 -3.697419
v 3.757383 5.723551 -3.335200
v 3.757383 5.723551 -3.335200
v 3.703151 6.145353 -3.284406
v 3.703151 6.145353 -3.284406
v 3.678646 6.204515 -3.284406
v 3.889523 6.042565 -3.697419
v 3.889523 6.042565 -3.697419
v 3.889523 6.042565 -3.697419
v 3.889523 6.042565 -3.697419
v 3.889523 6.042565 -3.697419
v 3.991165 5.940923 -3.697419
v 3.991165 5.940923 -3.697419
v 3.991165 5.940923 -3.697419
v 3.991165 5.940923 -3.697419
v 3.991165 5.940923 -3.697419
v 3.757433 6.014431 -3.697419
v 3.757433 6.014431 -3.697419
v 3.757433 6.014431 -3.335200
v 3.757433 6.014431 -3.335200
v 3.732061 5.662587 -3.697419
v 3.732061 5.662587 -3.697419
v 3.672271 5.929270 -3.697419
v 3.672271 5.929270 -3.697419
v 3.672271 5.929270 -3.335200
v 3.672271 5.929270 -3.335200
v 3.745780 5.695539 -3.697419
v 3.745780 5.695539 -3.697419
v 3.745780 5.695539 -3.697419
v 3.745780 5.695539 -3.697419
v 3.745780 5.695539 -3.697419
v 3.903120 5.662587 -3.697419
v 3.903120 5.662587 -3.697419
v 3.903120 6.075558 -3.697419
v 3.903120 6.075558 -3.697419
v 3.732061 6.075558 -3.697419
v 3.732061 6.075558 -3.697419
v 3.611105 5.783543 -3.697419
v 3.611105 5.783543 -3.697419
v 4.024076 5.954601 -3.697419
v 4.024076 5.954601 -3.697419
v 4.153031 6.008017 -3.284406
v 3.964352 5.929817 -3.697419
v 3.964352 5.929817 -3.697419
v 3.964352 5.929817 -3.335200
v 3.964352 5.929817 -3.335200
v 3.541309 5.754633 -3.284406
v 3.703151 5.592792 -3.284406
v 3.889523 5.695538 -3.341907
v 3.889523 5.695538 -3.341907
v 3.889523 5.695538 -3.697419
v 3.889523 5.695538 -3.697419
v 3.889523 5.695538 -3.697419
v 3.889523 5.695538 -3.697419
v 3.889523 5.695538 -3.697419
v 3.878417 6.015752 -3.697419
v 3.878417 6.015752 -3.697419
v 3.965467 5.807825 -3.697419
v 3.965467 5.807825 -3.697419
v 3.878878 5.721236 -3.697419
v 3.878878 5.721236 -3.697419
v 3.672151 5.808783 -3.697419
v 3.672151 5.808783 -3.697419
v 3.745780 6.042565 -3.697419
v 3.745780 6.042565 -3.697419
v 3.745780 6.042565 -3.697419
v 3.745780 6.042565 -3.697419
v 3.745780 6.042565 -3.697419
v 3.745780 6.042565 -3.335200
v 3.745780 6.042565 -3.335200
v 3.889523 6.042565 -3.335200
v 3.889523 6.042565 -3.335200
v 3.878417 6.015752 -3.335200
v 3.878417 6.015752 -3.335200
v 3.745780 5.695539 -3.335200
v 3.745780 5.695539 -3.335200
v 3.991165 5.797180 -3.697419
v 3.991165 5.797180 -3.697419
v 3.991165 5.797180 -3.697419
v 3.991165 5.797180 -3.697419
v 3.991165 5.797180 -3.697419
v 3.878878 5.721236 -3.341907
v 3.878878 5.721236 -3.341907
v 3.672151 5.808783 -3.335200
v 3.672151 5.808783 -3.335200
v 3.965467 5.807825 -3.341907
v 3.965467 5.807825 -3.341907
v 3.588264 5.315428 -1.849070
v 3.263946 5.639745 -1.849070
v 3.263946 6.098399 -1.849070
v 4.046917 6.422716 -1.849070
v 4.371235 6.098399 -1.849070
v 3.588264 6.422716 -1.581169
v 4.046917 6.422716 -1.581169
v 4.011053 5.402011 -1.581169
v 3.624127 5.402011 -1.581169
v 3.350529 5.675609 -1.581169
v 4.272883 5.682409 0.925454
v 4.004252 5.413778 0.925454
v 3.624351 6.330943 0.925454
v 4.004252 6.330943 0.925454
v 4.272884 6.062312 1.057855
v 4.272883 5.682409 1.057855
v 4.004252 5.413778 1.057855
v 3.624351 5.413778 1.057855
v 3.355719 6.062312 1.057855
v 3.624351 6.330943 1.057855
v 3.585586 6.424531 1.057855
v 4.043018 6.424531 1.057855
v 4.366472 6.101078 1.057855
v 4.004660 6.320699 -1.849070
v 4.269217 6.056142 -1.849070
v 3.630521 6.320698 -1.849070
v 3.365964 6.056142 -1.849070
v 4.269217 5.682003 -1.849070
v 4.371235 5.639745 -1.849070
v 4.046917 5.315428 -1.849070
v 4.371235 6.098399 -1.581169
v 4.371235 5.639745 -1.581169
v 3.263946 5.639745 -1.581169
v 3.263946 6.098399 -1.581169
v 4.046917 5.315427 -1.581169
v 4.020019 6.369007 0.925454
v 4.310947 6.078078 0.925454
v 4.367488 6.503511 0.529046
v 4.367488 6.503511 0.529046
v 4.367488 6.503511 -0.515931
v 4.367488 6.503511 -0.515931
v 4.111547 6.262854 0.809306
v 4.111547 6.262855 -0.285480
v 3.261349 6.503448 -0.515931
v 3.261349 6.503448 -0.515931
v 3.261349 6.503448 0.529046
v 3.261349 6.503448 0.529046
v 4.445750 6.425249 -0.515931
v 4.445750 6.425249 -0.515931
v 4.445750 6.425249 0.529046
v 4.445750 6.425249 0.529046
v 3.183212 6.425311 -0.515931
v 3.183212 6.425311 -0.515931
v 3.183212 6.425311 0.529046
v 3.183212 6.425311 0.529046
v 4.204822 6.169579 -0.285480
v 4.204822 6.169578 0.809306
v 3.423112 6.168892 -0.293556
v 3.423112 6.168891 0.817352
v 3.517762 6.263541 0.817352
v 3.517762 6.263541 -0.293556
v 4.366472 5.643644 1.057855
v 4.043018 5.320190 1.057855
v 3.585586 5.320190 1.057855
v 3.262131 5.643644 1.057855
v 3.262132 6.101078 1.057855
v 4.366472 5.643644 1.368166
v 4.043018 5.320190 1.368166
v 3.262131 5.643644 1.368166
v 3.262132 6.101078 1.368166
v 3.585586 6.424531 1.368166
v 4.043018 6.424531 1.368166
v 4.281142 5.678988 1.368166
v 4.007673 5.405519 1.368166
v 3.620930 5.405519 1.368166
v 3.620930 6.339201 1.368166
v 4.007673 6.339201 1.368166
v 4.004252 6.330943 1.057855
v 3.355719 5.682409 1.057855
v 4.272884 6.062312 0.925454
v 3.355719 6.062312 0.925454
v 3.355719 5.682409 0.925454
v 3.624351 5.413778 0.925454
v 3.608585 6.369007 0.925454
v 3.317657 6.078078 0.925454
v 3.317656 5.666643 0.925454
v 3.608585 5.375715 0.925454
v 4.020019 5.375715 0.925454
v 4.310947 5.666643 0.925454
v 4.205529 5.575814 0.817598
v 4.110838 5.481124 0.817598
v 3.183149 5.319172 -0.515931
v 3.183149 5.319172 -0.515931
v 3.183149 5.319172 0.529046
v 3.183149 5.319172 0.529046
v 3.423761 5.575145 -0.285926
v 3.423761 5.575144 0.809750
v 3.517112 5.481793 -0.285926
v 3.517112 5.481793 0.809750
v 3.261411 5.240910 -0.515931
v 3.261411 5.240910 -0.515931
v 4.011053 6.336133 -1.581169
v 4.284652 6.062535 -1.581169
v 3.261411 5.240910 0.529046
v 3.261411 5.240910 0.529046
v 4.205529 5.575814 -0.293802
v 4.110838 5.481124 -0.293802
v 4.367551 5.240972 0.529046
v 4.367551 5.240972 0.529046
v 4.445687 5.319109 0.529046
v 4.445687 5.319109 0.529046
v 3.588264 5.315428 -1.581169
v 3.588264 6.422716 -1.849070
v 3.644138 5.797180 -3.335200
v 3.644138 5.797180 -3.335200
v 3.644138 5.797180 -3.697419
v 3.644138 5.797180 -3.697419
v 3.644138 5.797180 -3.697419
v 3.644138 5.797180 -3.697419
v 3.644138 5.797180 -3.697419
v 3.524525 5.497903 -2.961769
v 3.524525 5.497903 -2.961769
v 3.443291 5.579137 -2.962610
v 3.443291 5.579137 -2.962610
v 3.547250 5.515512 -1.867698
v 3.524525 5.497903 -1.917634
v 3.460900 5.601862 -2.979098
v 3.547250 5.515512 -2.979098
v 3.991165 5.797180 -3.341907
v 3.991165 5.797180 -3.341907
v 3.644138 5.940923 -3.697419
v 3.644138 5.940923 -3.697419
v 3.644138 5.940923 -3.697419
v 3.644138 5.940923 -3.697419
v 3.644138 5.940923 -3.697419
v 4.109338 6.245181 -2.961397
v 4.109338 6.245181 -2.961397
v 4.109338 6.245181 -3.693006
v 4.109338 6.245181 -3.693006
v 4.190569 6.163950 -2.959475
v 4.190569 6.163950 -2.959475
v 3.644138 5.940923 -3.335200
v 3.644138 5.940923 -3.335200
v 3.932029 5.592791 -3.284406
v 3.443291 5.579137 -1.917634
v 3.460900 5.601862 -1.867698
v 3.165162 5.148513 -2.156250
v 3.165162 5.148513 -2.156250
v 3.165162 5.148513 -3.693006
v 3.165162 5.148513 -3.693006
v 4.190569 6.163950 -3.693006
v 4.190569 6.163950 -3.693006
v 4.093871 5.754633 -3.284406
v 3.541309 5.983511 -3.284406
v 3.541309 5.983511 -3.284406
v 4.470831 6.596692 -3.693006
v 4.470831 6.596692 -3.693006
v 4.542087 6.525438 -3.693006
v 4.542087 6.525438 -3.693006
v 4.024076 5.783543 -3.697419
v 4.024076 5.783543 -3.697419
v 3.482148 6.008017 -3.284406
v 3.611104 5.954601 -3.697419
v 3.611104 5.954601 -3.697419
v 3.956535 6.204515 -3.284406
v 3.991165 5.940923 -3.335200
v 3.991165 5.940923 -3.335200
v 4.174400 6.142700 -1.867944
v 4.190569 6.163950 -1.916421
v 4.542087 6.525437 -2.156250
v 4.542087 6.525437 -2.156250
v 3.441436 6.163947 -3.693006
v 3.441436 6.163947 -3.693006
v 3.089924 6.525441 -3.693006
v 3.089924 6.525441 -3.693006
v 3.441436 6.163947 -1.916421
v 3.457605 6.142697 -1.867943
v 3.522667 6.245179 -3.693006
v 3.522667 6.245179 -3.693006
v 3.161180 6.596696 -3.693006
v 3.161180 6.596696 -3.693006
v 3.522667 6.245178 -1.916421
v 3.543917 6.229010 -1.867944
v 4.445687 5.319109 -0.515931
v 4.445687 5.319109 -0.515931
v 4.367551 5.240972 -0.515931
v 4.367551 5.240972 -0.515931
v 3.161180 6.596696 -2.156250
v 3.161180 6.596696 -2.156250
v 4.284652 5.675609 -1.581169
v 3.365964 5.682003 -1.849070
v 3.630521 5.417446 -1.849070
v 4.004660 5.417446 -1.849070
v 4.466849 5.148516 -2.156250
v 4.466849 5.148516 -2.156250
v 4.466848 5.148516 -3.693006
v 4.466848 5.148516 -3.693006
v 4.084755 5.515509 -1.867698
v 4.107480 5.497900 -1.917634
v 4.171106 5.601859 -1.867698
v 4.188715 5.579134 -1.917634
v 3.457605 6.142697 -2.978851
v 3.441436 6.163947 -2.961397
v 3.441436 6.163947 -2.961397
v 3.443291 5.579137 -3.693006
v 3.443291 5.579137 -3.693006
v 3.524525 5.497903 -3.693006
v 3.524525 5.497903 -3.693006
v 3.093907 5.219768 -2.156250
v 3.093907 5.219768 -2.156250
v 4.088087 6.229012 -2.978851
v 4.109339 6.245181 -1.916421
v 4.088088 6.229012 -1.867944
v 3.089924 6.525441 -2.156250
v 3.089924 6.525441 -2.156250
v 3.093907 5.219768 -3.693006
v 3.093907 5.219768 -3.693006
v 4.470832 6.596692 -2.156250
v 4.470832 6.596692 -2.156250
v 3.522667 6.245178 -2.959475
v 3.522667 6.245178 -2.959475
v 3.543917 6.229010 -2.978851
v 4.174400 6.142700 -2.978851
v 4.366472 6.101078 1.368166
v 3.585586 5.320190 1.368166
v 4.281142 6.065732 1.368166
v 3.347461 6.065732 1.368166
v 3.624127 6.336134 -1.581169
v 4.538105 5.219770 -2.156250
v 4.538105 5.219770 -2.156250
v 4.538104 5.219771 -3.693006
v 4.538104 5.219771 -3.693006
v 4.188714 5.579135 -2.961769
v 4.188714 5.579135 -2.961769
v 4.171105 5.601859 -2.979098
v 4.084755 5.515509 -2.979098
v 4.107479 5.497900 -2.962610
v 4.107479 5.497900 -2.962610
v 4.107479 5.497900 -3.693006
v 4.107479 5.497900 -3.693006
v 4.188714 5.579135 -3.693006
v 4.188714 5.579135 -3.693006
v 3.350529 6.062535 -1.581169
v 3.347461 5.678989 1.368166
v -6.079237 3.982133 -3.284406
v -6.079237 3.982133 -3.284406
v -5.917395 4.143975 -3.284406
v -5.917395 4.143975 -3.284406
v -5.742748 3.722173 -3.697419
v -5.742748 3.722173 -3.697419
v -5.742748 3.722173 -3.335200
v -5.742748 3.722173 -3.335200
v -5.688516 4.143975 -3.284406
v -5.688516 4.143975 -3.284406
v -5.664011 4.203136 -3.284406
v -5.874888 4.041187 -3.697419
v -5.874888 4.041187 -3.697419
v -5.874888 4.041187 -3.697419
v -5.874888 4.041187 -3.697419
v -5.874888 4.041187 -3.697419
v -5.976530 3.939545 -3.697419
v -5.976530 3.939545 -3.697419
v -5.976530 3.939545 -3.697419
v -5.976530 3.939545 -3.697419
v -5.976530 3.939545 -3.697419
v -5.742798 4.013053 -3.697419
v -5.742798 4.013053 -3.697419
v -5.742798 4.013053 -3.335200
v -5.742798 4.013053 -3.335200
v -5.717427 3.661208 -3.697419
v -5.717427 3.661208 -3.697419
v -5.657637 3.927891 -3.697419
v -5.657637 3.927891 -3.697419
v -5.657637 3.927891 -3.335200
v -5.657637 3.927891 -3.335200
v -5.731145 3.694160 -3.697419
v -5.731145 3.694160 -3.697419
v -5.731145 3.694160 -3.697419
v -5.731145 3.694160 -3.697419
v -5.731145 3.694160 -3.697419
v -5.888485 3.661208 -3.697419
v -5.888485 3.661208 -3.697419
v -5.888485 4.074180 -3.697419
v -5.888485 4.074180 -3.697419
v -5.717427 4.074180 -3.697419
v -5.717427 4.074180 -3.697419
v -5.596470 3.782165 -3.697419
v -5.596470 3.782165 -3.697419
v -6.009441 3.953223 -3.697419
v -6.009441 3.953223 -3.697419
v -6.138397 4.006639 -3.284406
v -5.949718 3.928439 -3.697419
v -5.949718 3.928439 -3.697419
v -5.949718 3.928439 -3.335200
v -5.949718 3.928439 -3.335200
v -5.526674 3.753255 -3.284406
v -5.688517 3.591413 -3.284406
v -5.874888 3.694160 -3.341907
v -5.874888 3.694160 -3.341907
v -5.874888 3.694160 -3.697419
v -5.874888 3.694160 -3.697419
v -5.874888 3.694160 -3.697419
v -5.874888 3.694160 -3.697419
v -5.874888 3.694160 -3.697419
v -5.863782 4.014374 -3.697419
v -5.863782 4.014374 -3.697419
v -5.950832 3.806446 -3.697419
v -5.950832 3.806446 -3.697419
v -5.864244 3.719858 -3.697419
v -5.864244 3.719858 -3.697419
v -5.657516 3.807405 -3.697419
v -5.657516 3.807405 -3.697419
v -5.731145 4.041187 -3.697419
v -5.731145 4.041187 -3.697419
v -5.731145 4.041187 -3.697419
v -5.731145 4.041187 -3.697419
v -5.731145 4.041187 -3.697419
v -5.731145 4.041187 -3.335200
v -5.731145 4.041187 -3.335200
v -5.874888 4.041186 -3.335200
v -5.874888 4.041186 -3.335200
v -5.863782 4.014374 -3.335200
v -5.863782 4.014374 -3.335200
v -5.731145 3.694160 -3.335200
v -5.731145 3.694160 -3.335200
v -5.976530 3.795802 -3.697419
v -5.976530 3.795802 -3.697419
v -5.976530 3.795802 -3.697419
v -5.976530 3.795802 -3.697419
v -5.976530 3.795802 -3.697419
v -5.864244 3.719858 -3.341907
v -5.864244 3.719858 -3.341907
v -5.657516 3.807405 -3.335200
v -5.657516 3.807405 -3.335200
v -5.950832 3.806446 -3.341907
v -5.950832 3.806446 -3.341907
v -5.573629 3.314049 -1.849070
v -5.249311 3.638367 -1.849070
v -5.249311 4.097021 -1.849070
v -6.032283 4.421338 -1.849070
v -6.356601 4.097021 -1.849070
v -5.573629 4.421338 -1.581169
v -6.032283 4.421338 -1.581169
v -5.996419 3.400633 -1.581169
v -5.609492 3.400633 -1.581169
v -5.335895 3.674231 -1.581169
v -6.258249 3.681031 0.925454
v -5.989618 3.412400 0.925454
v -5.609716 4.329565 0.925454
v -5.989618 4.329565 0.925454
v -6.258250 4.060934 1.057855
v -6.258249 3.681031 1.057855
v -5.989618 3.412400 1.057855
v -5.609716 3.412400 1.057855
v -5.341084 4.060934 1.057855
v -5.609716 4.329565 1.057855
v -5.570951 4.423153 1.057855
v -6.028384 4.423153 1.057855
v -6.351838 4.099699 1.057855
v -5.990026 4.319320 -1.849070
v -6.254582 4.054764 -1.849070
v -5.615886 4.319320 -1.849070
v -5.351330 4.054763 -1.849070
v -6.254582 3.680624 -1.849070
v -6.356601 3.638367 -1.849070
v -6.032283 3.314049 -1.849070
v -6.356601 4.097021 -1.581169
v -6.356601 3.638367 -1.581169
v -5.249311 3.638367 -1.581169
v -5.249311 4.097021 -1.581169
v -6.032283 3.314049 -1.581169
v -6.005384 4.367628 0.925454
v -6.296313 4.076700 0.925454
v -6.352854 4.502132 0.529046
v -6.352854 4.502132 0.529046
v -6.352854 4.502132 -0.515931
v -6.352854 4.502132 -0.515931
v -6.096912 4.261476 0.809306
v -6.096912 4.261476 -0.285480
v -5.246715 4.502070 -0.515931
v -5.246715 4.502070 -0.515931
v -5.246715 4.502070 0.529046
v -5.246715 4.502070 0.529046
v -6.431116 4.423871 -0.515931
v -6.431116 4.423871 -0.515931
v -6.431116 4.423871 0.529046
v -6.431116 4.423871 0.529046
v -5.168577 4.423933 -0.515931
v -5.168577 4.423933 -0.515931
v -5.168577 4.423933 0.529046
v -5.168577 4.423933 0.529046
v -6.190187 4.168200 -0.285480
v -6.190187 4.168200 0.809306
v -5.408478 4.167514 -0.293556
v -5.408478 4.167513 0.817352
v -5.503127 4.262163 0.817352
v -5.503127 4.262163 -0.293556
v -6.351838 3.642266 1.057855
v -6.028384 3.318812 1.057855
v -5.570951 3.318812 1.057855
v -5.247497 3.642266 1.057855
v -5.247497 4.099699 1.057855
v -6.351838 3.642266 1.368166
v -6.028384 3.318812 1.368166
v -5.247497 3.642266 1.368166
v -5.247497 4.099699 1.368166
v -5.570951 4.423153 1.368166
v -6.028384 4.423153 1.368166
v -6.266508 3.677610 1.368166
v -5.993039 3.404141 1.368166
v -5.606296 3.404141 1.368166
v -5.606296 4.337823 1.368166
v -5.993039 4.337823 1.368166
v -5.989618 4.329565 1.057855
v -5.341084 3.681031 1.057855
v -6.258250 4.060934 0.925454
v -5.341084 4.060934 0.925454
v -5.341084 3.681031 0.925454
v -5.609716 3.412400 0.925454
v -5.593950 4.367628 0.925454
v -5.303022 4.076700 0.925454
v -5.303021 3.665265 0.925454
v -5.593950 3.374337 0.925454
v -6.005384 3.374337 0.925454
v -6.296313 3.665265 0.925454
v -6.190895 3.574436 0.817598
v -6.096204 3.479745 0.817598
v -5.168514 3.317793 -0.515931
v -5.168514 3.317793 -0.515931
v -5.168514 3.317793 0.529046
v -5.168514 3.317793 0.529046
v -5.409126 3.573766 -0.285926
v -5.409126 3.573766 0.809750
v -5.502478 3.480415 -0.285926
v -5.502478 3.480415 0.809750
v -5.246777 3.239531 -0.515931
v -5.246777 3.239531 -0.515931
v -5.996419 4.334755 -1.581169
v -6.270018 4.061157 -1.581169
v -5.246777 3.239531 0.529046
v -5.246777 3.239531 0.529046
v -6.190895 3.574436 -0.293802
v -6.096204 3.479745 -0.293802
v -6.352917 3.239593 0.529046
v -6.352917 3.239593 0.529046
v -6.431053 3.317730 0.529046
v -6.431053 3.317730 0.529046
v -5.573629 3.314049 -1.581169
v -5.573629 4.421338 -1.849070
v -5.629503 3.795802 -3.335200
v -5.629503 3.795802 -3.335200
v -5.629503 3.795802 -3.697419
v -5.629503 3.795802 -3.697419
v -5.629503 3.795802 -3.697419
v -5.629503 3.795802 -3.697419
v -5.629503 3.795802 -3.697419
v -5.509891 3.496524 -2.961769
v -5.509891 3.496524 -2.961769
v -5.428656 3.577759 -2.962610
v -5.428656 3.577759 -2.962610
v -5.532616 3.514133 -1.867698
v -5.509891 3.496524 -1.917634
v -5.446265 3.600484 -2.979098
v -5.532616 3.514133 -2.979098
v -5.976530 3.795802 -3.341907
v -5.976530 3.795802 -3.341907
v -5.629503 3.939545 -3.697419
v -5.629503 3.939545 -3.697419
v -5.629503 3.939545 -3.697419
v -5.629503 3.939545 -3.697419
v -5.629503 3.939545 -3.697419
v -6.094704 4.243803 -2.961397
v -6.094704 4.243803 -2.961397
v -6.094704 4.243803 -3.693006
v -6.094704 4.243803 -3.693006
v -6.175935 4.162572 -2.959475
v -6.175935 4.162572 -2.959475
v -5.629503 3.939545 -3.335200
v -5.629503 3.939545 -3.335200
v -5.917395 3.591413 -3.284406
v -5.428656 3.577759 -1.917634
v -5.446265 3.600483 -1.867698
v -5.150527 3.147134 -2.156250
v -5.150527 3.147134 -2.156250
v -5.150527 3.147135 -3.693006
v -5.150527 3.147135 -3.693006
v -6.175935 4.162572 -3.693006
v -6.175935 4.162572 -3.693006
v -6.079237 3.753255 -3.284406
v -5.526674 3.982133 -3.284406
v -5.526674 3.982133 -3.284406
v -6.456197 4.595314 -3.693006
v -6.456197 4.595314 -3.693006
v -6.527452 4.524059 -3.693006
v -6.527452 4.524059 -3.693006
v -6.009441 3.782165 -3.697419
v -6.009441 3.782165 -3.697419
v -5.467514 4.006639 -3.284406
v -5.596470 3.953223 -3.697419
v -5.596470 3.953223 -3.697419
v -5.941900 4.203136 -3.284406
v -5.976530 3.939545 -3.335200
v -5.976530 3.939545 -3.335200
v -6.159766 4.141322 -1.867944
v -6.175935 4.162571 -1.916421
v -6.527452 4.524059 -2.156250
v -6.527452 4.524059 -2.156250
v -5.426802 4.162569 -3.693006
v -5.426802 4.162569 -3.693006
v -5.075290 4.524063 -3.693006
v -5.075290 4.524063 -3.693006
v -5.426802 4.162569 -1.916421
v -5.442971 4.141319 -1.867943
v -5.508033 4.243800 -3.693006
v -5.508033 4.243800 -3.693006
v -5.146545 4.595318 -3.693006
v -5.146545 4.595318 -3.693006
v -5.508033 4.243800 -1.916421
v -5.529283 4.227631 -1.867944
v -6.431053 3.317730 -0.515931
v -6.431053 3.317730 -0.515931
v -6.352917 3.239593 -0.515931
v -6.352917 3.239593 -0.515931
v -5.146545 4.595317 -2.156250
v -5.146545 4.595317 -2.156250
v -6.270018 3.674231 -1.581169
v -5.351330 3.680624 -1.849070
v -5.615886 3.416068 -1.849070
v -5.990026 3.416068 -1.849070
v -6.452215 3.147137 -2.156250
v -6.452215 3.147137 -2.156250
v -6.452214 3.147138 -3.693006
v -6.452214 3.147138 -3.693006
v -6.070121 3.514130 -1.867698
v -6.092846 3.496522 -1.917634
v -6.156472 3.600481 -1.867698
v -6.174081 3.577756 -1.917634
v -5.442971 4.141319 -2.978851
v -5.426802 4.162569 -2.961397
v -5.426802 4.162569 -2.961397
v -5.428656 3.577759 -3.693006
v -5.428656 3.577759 -3.693006
v -5.509891 3.496525 -3.693006
v -5.509891 3.496525 -3.693006
v -5.079272 3.218389 -2.156250
v -5.079272 3.218389 -2.156250
v -6.073453 4.227633 -2.978851
v -6.094705 4.243803 -1.916421
v -6.073454 4.227633 -1.867944
v -5.075290 4.524063 -2.156250
v -5.075290 4.524063 -2.156250
v -5.079272 3.218390 -3.693006
v -5.079272 3.218390 -3.693006
v -6.456198 4.595314 -2.156250
v -6.456198 4.595314 -2.156250
v -5.508033 4.243800 -2.959475
v -5.508033 4.243800 -2.959475
v -5.529283 4.227632 -2.978851
v -6.159766 4.141322 -2.978851
v -6.351838 4.099699 1.368166
v -5.570951 3.318812 1.368166
v -6.266508 4.064354 1.368166
v -5.332827 4.064354 1.368166
v -5.609492 4.334755 -1.581169
v -6.523471 3.218392 -2.156250
v -6.523471 3.218392 -2.156250
v -6.523470 3.218393 -3.693006
v -6.523470 3.218393 -3.693006
v -6.174080 3.577756 -2.961769
v -6.174080 3.577756 -2.961769
v -6.156471 3.600481 -2.979098
v -6.070121 3.514131 -2.979098
v -6.092845 3.496522 -2.962610
v -6.092845 3.496522 -2.962610
v -6.092845 3.496522 -3.693006
v -6.092845 3.496522 -3.693006
v -6.174080 3.577757 -3.693006
v -6.174080 3.577757 -3.693006
v -5.335895 4.061157 -1.581169
v -5.332827 3.677611 1.368166
v -4.093871 5.983511 -3.284406
v -4.093871 5.983511 -3.284406
v -3.932029 6.145353 -3.284406
v -3.932029 6.145353 -3.284406
v -3.757382 5.723551 -3.697419
v -3.757382 5.723551 -3.697419
v -3.757382 5.723551 -3.335200
v -3.757382 5.723551 -3.335200
v -3.703150 6.145353 -3.284406
v -3.703150 6.145353 -3.284406
v -3.678645 6.204515 -3.284406
v -3.889523 6.042565 -3.697419
v -3.889523 6.042565 -3.697419
v -3.889523 6.042565 -3.697419
v -3.889523 6.042565 -3.697419
v -3.889523 6.042565 -3.697419
v -3.991164 5.940923 -3.697419
v -3.991164 5.940923 -3.697419
v -3.991164 5.940923 -3.697419
v -3.991164 5.940923 -3.697419
v -3.991164 5.940923 -3.697419
v -3.757432 6.014431 -3.697419
v -3.757432 6.014431 -3.697419
v -3.757432 6.014431 -3.335200
v -3.757432 6.014431 -3.335200
v -3.732061 5.662587 -3.697419
v -3.732061 5.662587 -3.697419
v -3.672271 5.929270 -3.697419
v -3.672271 5.929270 -3.697419
v -3.672271 5.929270 -3.335200
v -3.672271 5.929270 -3.335200
v -3.745779 5.695539 -3.697419
v -3.745779 5.695539 -3.697419
v -3.745779 5.695539 -3.697419
v -3.745779 5.695539 -3.697419
v -3.745779 5.695539 -3.697419
v -3.903119 5.662587 -3.697419
v -3.903119 5.662587 -3.697419
v -3.903119 6.075558 -3.697419
v -3.903119 6.075558 -3.697419
v -3.732061 6.075558 -3.697419
v -3.732061 6.075558 -3.697419
v -3.611104 5.783543 -3.697419
v -3.611104 5.783543 -3.697419
v -4.024076 5.954601 -3.697419
v -4.024076 5.954601 -3.697419
v -4.153031 6.008017 -3.284406
v -3.964352 5.929817 -3.697419
v -3.964352 5.929817 -3.697419
v -3.964352 5.929817 -3.335200
v -3.964352 5.929817 -3.335200
v -3.541308 5.754633 -3.284406
v -3.703151 5.592792 -3.284406
v -3.889523 5.695538 -3.341907
v -3.889523 5.695538 -3.341907
v -3.889523 5.695538 -3.697419
v -3.889523 5.695538 -3.697419
v -3.889523 5.695538 -3.697419
v -3.889523 5.695538 -3.697419
v -3.889523 5.695538 -3.697419
v -3.878417 6.015752 -3.697419
v -3.878417 6.015752 -3.697419
v -3.965466 5.807825 -3.697419
v -3.965466 5.807825 -3.697419
v -3.878878 5.721236 -3.697419
v -3.878878 5.721236 -3.697419
v -3.672150 5.808783 -3.697419
v -3.672150 5.808783 -3.697419
v -3.745779 6.042565 -3.697419
v -3.745779 6.042565 -3.697419
v -3.745779 6.042565 -3.697419
v -3.745779 6.042565 -3.697419
v -3.745779 6.042565 -3.697419
v -3.745779 6.042565 -3.335200
v -3.745779 6.042565 -3.335200
v -3.889523 6.042565 -3.335200
v -3.889523 6.042565 -3.335200
v -3.878417 6.015752 -3.335200
v -3.878417 6.015752 -3.335200
v -3.745779 5.695539 -3.335200
v -3.745779 5.695539 -3.335200
v -3.991164 5.797180 -3.697419
v -3.991164 5.797180 -3.697419
v -3.991164 5.797180 -3.697419
v -3.991164 5.797180 -3.697419
v -3.991164 5.797180 -3.697419
v -3.878878 5.721236 -3.341907
v -3.878878 5.721236 -3.341907
v -3.672150 5.808783 -3.335200
v -3.672150 5.808783 -3.335200
v -3.965466 5.807825 -3.341907
v -3.965466 5.807825 -3.341907
v -3.588263 5.315428 -1.849070
v -3.263946 5.639745 -1.849070
v -3.263946 6.098399 -1.849070
v -4.046917 6.422716 -1.849070
v -4.371235 6.098399 -1.849070
v -3.588263 6.422716 -1.581169
v -4.046917 6.422716 -1.581169
v -4.011053 5.402011 -1.581169
v -3.624126 5.402011 -1.581169
v -3.350529 5.675609 -1.581169
v -4.272883 5.682409 0.925454
v -4.004252 5.413778 0.925454
v -3.624351 6.330943 0.925454
v -4.004252 6.330943 0.925454
v -4.272884 6.062312 1.057855
v -4.272883 5.682409 1.057855
v -4.004252 5.413778 1.057855
v -3.624351 5.413778 1.057855
v -3.355719 6.062312 1.057855
v -3.624351 6.330943 1.057855
v -3.585585 6.424531 1.057855
v -4.043018 6.424531 1.057855
v -4.366472 6.101078 1.057855
v -4.004660 6.320699 -1.849070
v -4.269217 6.056142 -1.849070
v -3.630520 6.320698 -1.849070
v -3.365964 6.056142 -1.849070
v -4.269217 5.682003 -1.849070
v -4.371235 5.639745 -1.849070
v -4.046917 5.315428 -1.849070
v -4.371235 6.098399 -1.581169
v -4.371235 5.639745 -1.581169
v -3.263946 5.639745 -1.581169
v -3.263946 6.098399 -1.581169
v -4.046917 5.315427 -1.581169
v -4.020019 6.369007 0.925454
v -4.310947 6.078078 0.925454
v -4.367488 6.503511 0.529046
v -4.367488 6.503511 0.529046
v -4.367488 6.503511 -0.515931
v -4.367488 6.503511 -0.515931
v -4.111547 6.262854 0.809306
v -4.111547 6.262855 -0.285480
v -3.261349 6.503448 -0.515931
v -3.261349 6.503448 -0.515931
v -3.261349 6.503448 0.529046
v -3.261349 6.503448 0.529046
v -4.445750 6.425249 -0.515931
v -4.445750 6.425249 -0.515931
v -4.445750 6.425249 0.529046
v -4.445750 6.425249 0.529046
v -3.183211 6.425311 -0.515931
v -3.183211 6.425311 -0.515931
v -3.183211 6.425311 0.529046
v -3.183211 6.425311 0.529046
v -4.204822 6.169579 -0.285480
v -4.204822 6.169578 0.809306
v -3.423112 6.168892 -0.293556
v -3.423112 6.168891 0.817352
v -3.517761 6.263541 0.817352
v -3.517761 6.263541 -0.293556
v -4.366472 5.643644 1.057855
v -4.043018 5.320190 1.057855
v -3.585585 5.320190 1.057855
v -3.262131 5.643644 1.057855
v -3.262131 6.101078 1.057855
v -4.366472 5.643644 1.368166
v -4.043018 5.320190 1.368166
v -3.262131 5.643644 1.368166
v -3.262131 6.101078 1.368166
v -3.585585 6.424531 1.368166
v -4.043018 6.424531 1.368166
v -4.281142 5.678988 1.368166
v -4.007673 5.405519 1.368166
v -3.620930 5.405519 1.368166
v -3.620930 6.339201 1.368166
v -4.007673 6.339201 1.368166
v -4.004252 6.330943 1.057855
v -3.355719 5.682409 1.057855
v -4.272884 6.062312 0.925454
v -3.355719 6.062312 0.925454
v -3.355719 5.682409 0.925454
v -3.624351 5.413778 0.925454
v -3.608584 6.369007 0.925454
v -3.317656 6.078078 0.925454
v -3.317656 5.666643 0.925454
v -3.608584 5.375715 0.925454
v -4.020019 5.375715 0.925454
v -4.310947 5.666643 0.925454
v -4.205529 5.575814 0.817598
v -4.110838 5.481124 0.817598
v -3.183148 5.319172 -0.515931
v -3.183148 5.319172 -0.515931
v -3.183148 5.319172 0.529046
v -3.183148 5.319172 0.529046
v -3.423760 5.575145 -0.285926
v -3.423760 5.575144 0.809750
v -3.517112 5.481793 -0.285926
v -3.517112 5.481793 0.809750
v -3.261411 5.240910 -0.515931
v -3.261411 5.240910 -0.515931
v -4.011053 6.336133 -1.581169
v -4.284652 6.062535 -1.581169
v -3.261411 5.240910 0.529046
v -3.261411 5.240910 0.529046
v -4.205529 5.575814 -0.293802
v -4.110838 5.481124 -0.293802
v -4.367551 5.240972 0.529046
v -4.367551 5.240972 0.529046
v -4.445687 5.319109 0.529046
v -4.445687 5.319109 0.529046
v -3.588263 5.315428 -1.581169
v -3.588263 6.422716 -1.849070
v -3.644137 5.797180 -3.335200
v -3.644137 5.797180 -3.335200
v -3.644137 5.797180 -3.697419
v -3.644137 5.797180 -3.697419
v -3.644137 5.797180 -3.697419
v -3.644137 5.797180 -3.697419
v -3.644137 5.797180 -3.697419
v -3.524525 5.497903 -2.961769
v -3.524525 5.497903 -2.961769
v -3.443290 5.579137 -2.962610
v -3.443290 5.579137 -2.962610
v -3.547250 5.515512 -1.867698
v -3.524525 5.497903 -1.917634
v -3.460899 5.601862 -2.979098
v -3.547250 5.515512 -2.979098
v -3.991164 5.797180 -3.341907
v -3.991164 5.797180 -3.341907
v -3.644137 5.940923 -3.697419
v -3.644137 5.940923 -3.697419
v -3.644137 5.940923 -3.697419
v -3.644137 5.940923 -3.697419
v -3.644137 5.940923 -3.697419
v -4.109338 6.245181 -2.961397
v -4.109338 6.245181 -2.961397
v -4.109338 6.245181 -3.693006
v -4.109338 6.245181 -3.693006
v -4.190569 6.163950 -2.959475
v -4.190569 6.163950 -2.959475
v -3.644137 5.940923 -3.335200
v -3.644137 5.940923 -3.335200
v -3.932029 5.592791 -3.284406
v -3.443290 5.579137 -1.917634
v -3.460899 5.601862 -1.867698
v -3.165161 5.148513 -2.156250
v -3.165161 5.148513 -2.156250
v -3.165161 5.148513 -3.693006
v -3.165161 5.148513 -3.693006
v -4.190569 6.163950 -3.693006
v -4.190569 6.163950 -3.693006
v -4.093871 5.754633 -3.284406
v -3.541308 5.983511 -3.284406
v -3.541308 5.983511 -3.284406
v -4.470831 6.596692 -3.693006
v -4.470831 6.596692 -3.693006
v -4.542087 6.525438 -3.693006
v -4.542087 6.525438 -3.693006
v -4.024076 5.783543 -3.697419
v -4.024076 5.783543 -3.697419
v -3.482148 6.008017 -3.284406
v -3.611104 5.954601 -3.697419
v -3.611104 5.954601 -3.697419
v -3.956534 6.204515 -3.284406
v -3.991164 5.940923 -3.335200
v -3.991164 5.940923 -3.335200
v -4.174400 6.142700 -1.867944
v -4.190569 6.163950 -1.916421
v -4.542087 6.525437 -2.156250
v -4.542087 6.525437 -2.156250
v -3.441436 6.163947 -3.693006
v -3.441436 6.163947 -3.693006
v -3.089924 6.525441 -3.693006
v -3.089924 6.525441 -3.693006
v -3.441436 6.163947 -1.916421
v -3.457605 6.142697 -1.867943
v -3.522667 6.245179 -3.693006
v -3.522667 6.245179 -3.693006
v -3.161180 6.596696 -3.693006
v -3.161180 6.596696 -3.693006
v -3.522667 6.245178 -1.916421
v -3.543917 6.229010 -1.867944
v -4.445687 5.319109 -0.515931
v -4.445687 5.319109 -0.515931
v -4.367551 5.240972 -0.515931
v -4.367551 5.240972 -0.515931
v -3.161180 6.596696 -2.156250
v -3.161180 6.596696 -2.156250
v -4.284652 5.675609 -1.581169
v -3.365964 5.682003 -1.849070
v -3.630520 5.417446 -1.849070
v -4.004660 5.417446 -1.849070
v -4.466849 5.148516 -2.156250
v -4.466849 5.148516 -2.156250
v -4.466848 5.148516 -3.693006
v -4.466848 5.148516 -3.693006
v -4.084755 5.515509 -1.867698
v -4.107480 5.497900 -1.917634
v -4.171106 5.601859 -1.867698
v -4.188715 5.579134 -1.917634
v -3.457605 6.142697 -2.978851
v -3.441436 6.163947 -2.961397
v -3.441436 6.163947 -2.961397
v -3.443290 5.579137 -3.693006
v -3.443290 5.579137 -3.693006
v -3.524525 5.497903 -3.693006
v -3.524525 5.497903 -3.693006
v -3.093906 5.219768 -2.156250
v -3.093906 5.219768 -2.156250
v -4.088087 6.229012 -2.978851
v -4.109339 6.245181 -1.916421
v -4.088088 6.229012 -1.867944
v -3.089924 6.525441 -2.156250
v -3.089924 6.525441 -2.156250
v -3.093906 5.219768 -3.693006
v -3.093906 5.219768 -3.693006
v -4.470832 6.596692 -2.156250
v -4.470832 6.596692 -2.156250
v -3.522667 6.245178 -2.959475
v -3.522667 6.245178 -2.959475
v -3.543917 6.229010 -2.978851
v -4.174400 6.142700 -2.978851
v -4.366472 6.101078 1.368166
v -3.585585 5.320190 1.368166
v -4.281142 6.065732 1.368166
v -3.347461 6.065732 1.368166
v -3.624126 6.336134 -1.581169
v -4.538105 5.219770 -2.156250
v -4.538105 5.219770 -2.156250
v -4.538104 5.219771 -3.693006
v -4.538104 5.219771 -3.693006
v -4.188714 5.579135 -2.961769
v -4.188714 5.579135 -2.961769
v -4.171105 5.601859 -2.979098
v -4.084755 5.515509 -2.979098
v -4.107479 5.497900 -2.962610
v -4.107479 5.497900 -2.962610
v -4.107479 5.497900 -3.693006
v -4.107479 5.497900 -3.693006
v -4.188714 5.579135 -3.693006
v -4.188714 5.579135 -3.693006
v -3.350529 6.062535 -1.581169
v -3.347461 5.678989 1.368166
v 6.079237 3.982133 -3.284406
v 6.079237 3.982133 -3.284406
v 5.917395 4.143975 -3.284406
v 5.917395 4.143975 -3.284406
v 5.742748 3.722173 -3.697419
v 5.742748 3.722173 -3.697419
v 5.742748 3.722173 -3.335200
v 5.742748 3.722173 -3.335200
v 5.688516 4.143975 -3.284406
v 5.688516 4.143975 -3.284406
v 5.664011 4.203136 -3.284406
v 5.874888 4.041187 -3.697419
v 5.874888 4.041187 -3.697419
v 5.874888 4.041187 -3.697419
v 5.874888 4.041187 -3.697419
v 5.874888 4.041187 -3.697419
v 5.976530 3.939545 -3.697419
v 5.976530 3.939545 -3.697419
v 5.976530 3.939545 -3.697419
v 5.976530 3.939545 -3.697419
v 5.976530 3.939545 -3.697419
v 5.742798 4.013053 -3.697419
v 5.742798 4.013053 -3.697419
v 5.742798 4.013053 -3.335200
v 5.742798 4.013053 -3.335200
v 5.717427 3.661208 -3.697419
v 5.717427 3.661208 -3.697419
v 5.657637 3.927891 -3.697419
v 5.657637 3.927891 -3.697419
v 5.657637 3.927891 -3.335200
v 5.657637 3.927891 -3.335200
v 5.731145 3.694160 -3.697419
v 5.731145 3.694160 -3.697419
v 5.731145 3.694160 -3.697419
v 5.731145 3.694160 -3.697419
v 5.731145 3.694160 -3.697419
v 5.888485 3.661208 -3.697419
v 5.888485 3.661208 -3.697419
v 5.888485 4.074180 -3.697419
v 5.888485 4.074180 -3.697419
v 5.717427 4.074180 -3.697419
v 5.717427 4.074180 -3.697419
v 5.596470 3.782165 -3.697419
v 5.596470 3.782165 -3.697419
v 6.009441 3.953223 -3.697419
v 6.009441 3.953223 -3.697419
v 6.138397 4.006639 -3.284406
v 5.949718 3.928439 -3.697419
v 5.949718 3.928439 -3.697419
v 5.949718 3.928439 -3.335200
v 5.949718 3.928439 -3.335200
v 5.526674 3.753255 -3.284406
v 5.688517 3.591413 -3.284406
v 5.874888 3.694160 -3.341907
v 5.874888 3.694160 -3.341907
v 5.874888 3.694160 -3.697419
v 5.874888 3.694160 -3.697419
v 5.874888 3.694160 -3.697419
v 5.874888 3.694160 -3.697419
v 5.874888 3.694160 -3.697419
v 5.863782 4.014374 -3.697419
v 5.863782 4.014374 -3.697419
v 5.950832 3.806446 -3.697419
v 5.950832 3.806446 -3.697419
v 5.864244 3.719858 -3.697419
v 5.864244 3.719858 -3.697419
v 5.657516 3.807405 -3.697419
v 5.657516 3.807405 -3.697419
v 5.731145 4.041187 -3.697419
v 5.731145 4.041187 -3.697419
v 5.731145 4.041187 -3.697419
v 5.731145 4.041187 -3.697419
v 5.731145 4.041187 -3.697419
v 5.731145 4.041187 -3.335200
v 5.731145 4.041187 -3.335200
v 5.874888 4.041186 -3.335200
v 5.874888 4.041186 -3.335200
v 5.863782 4.014374 -3.335200
v 5.863782 4.014374 -3.335200
v 5.731145 3.694160 -3.335200
v 5.731145 3.694160 -3.335200
v 5.976530 3.795802 -3.697419
v 5.976530 3.795802 -3.697419
v 5.976530 3.795802 -3.697419
v 5.976530 3.795802 -3.697419
v 5.976530 3.795802 -3.697419
v 5.864244 3.719858 -3.341907
v 5.864244 3.719858 -3.341907
v 5.657516 3.807405 -3.335200
v 5.657516 3.807405 -3.335200
v 5.950832 3.806446 -3.341907
v 5.950832 3.806446 -3.341907
v 5.573629 3.314049 -1.849070
v 5.249311 3.638367 -1.849070
v 5.249311 4.097021 -1.849070
v 6.032283 4.421338 -1.849070
v 6.356601 4.097021 -1.849070
v 5.573629 4.421338 -1.581169
v 6.032283 4.421338 -1.581169
v 5.996419 3.400633 -1.581169
v 5.609492 3.400633 -1.581169
v 5.335895 3.674231 -1.581169
v 6.258249 3.681031 0.925454
v 5.989618 3.412400 0.925454
v 5.609716 4.329565 0.925454
v 5.989618 4.329565 0.925454
v 6.258250 4.060934 1.057855
v 6.258249 3.681031 1.057855
v 5.989618 3.412400 1.057855
v 5.609716 3.412400 1.057855
v 5.341084 4.060934 1.057855
v 5.609716 4.329565 1.057855
v 5.570951 4.423153 1.057855
v 6.028384 4.423153 1.057855
v 6.351838 4.099699 1.057855
v 5.990026 4.319320 -1.849070
v 6.254582 4.054764 -1.849070
v 5.615886 4.319320 -1.849070
v 5.351330 4.054763 -1.849070
v 6.254582 3.680624 -1.849070
v 6.356601 3.638367 -1.849070
v 6.032283 3.314049 -1.849070
v 6.356601 4.097021 -1.581169
v 6.356601 3.638367 -1.581169
v 5.249311 3.638367 -1.581169
v 5.249311 4.097021 -1.581169
v 6.032283 3.314049 -1.581169
v 6.005384 4.367628 0.925454
v 6.296313 4.076700 0.925454
v 6.352854 4.502132 0.529046
v 6.352854 4.502132 0.529046
v 6.352854 4.502132 -0.515931
v 6.352854 4.502132 -0.515931
v 6.096912 4.261476 0.809306
v 6.096912 4.261476 -0.285480
v 5.246715 4.502070 -0.515931
v 5.246715 4.502070 -0.515931
v 5.246715 4.502070 0.529046
v 5.246715 4.502070 0.529046
v 6.431116 4.423871 -0.515931
v 6.431116 4.423871 -0.515931
v 6.431116 4.423871 0.529046
v 6.431116 4.423871 0.529046
v 5.168577 4.423933 -0.515931
v 5.168577 4.423933 -0.515931
v 5.168577 4.423933 0.529046
v 5.168577 4.423933 0.529046
v 6.190187 4.168200 -0.285480
v 6.190187 4.168200 0.809306
v 5.408478 4.167514 -0.293556
v 5.408478 4.167513 0.817352
v 5.503127 4.262163 0.817352
v 5.503127 4.262163 -0.293556
v 6.351838 3.642266 1.057855
v 6.028384 3.318812 1.057855
v 5.570951 3.318812 1.057855
v 5.247497 3.642266 1.057855
v 5.247497 4.099699 1.057855
v 6.351838 3.642266 1.368166
v 6.028384 3.318812 1.368166
v 5.247497 3.642266 1.368166
v 5.247497 4.099699 1.368166
v 5.570951 4.423153 1.368166
v 6.028384 4.423153 1.368166
v 6.266508 3.677610 1.368166
v 5.993039 3.404141 1.368166
v 5.606296 3.404141 1.368166
v 5.606296 4.337823 1.368166
v 5.993039 4.337823 1.368166
v 5.989618 4.329565 1.057855
v 5.341084 3.681031 1.057855
v 6.258250 4.060934 0.925454
v 5.341084 4.060934 0.925454
v 5.341084 3.681031 0.925454
v 5.609716 3.412400 0.925454
v 5.593950 4.367628 0.925454
v 5.303022 4.076700 0.925454
v 5.303021 3.665265 0.925454
v 5.593950 3.374337 0.925454
v 6.005384 3.374337 0.925454
v 6.296313 3.665265 0.925454
v 6.190895 3.574436 0.817598
v 6.096204 3.479745 0.817598
v 5.168514 3.317793 -0.515931
v 5.168514 3.317793 -0.515931
v 5.168514 3.317793 0.529046
v 5.168514 3.317793 0.529046
v 5.409126 3.573766 -0.285926
v 5.409126 3.573766 0.809750
v 5.502478 3.480415 -0.285926
v 5.502478 3.480415 0.809750
v 5.246777 3.239531 -0.515931
v 5.246777 3.239531 -0.515931
v 5.996419 4.334755 -1.581169
v 6.270018 4.061157 -1.581169
v 5.246777 3.239531 0.529046
v 5.246777 3.239531 0.529046
v 6.190895 3.574436 -0.293802
v 6.096204 3.479745 -0.293802
v 6.352917 3.239593 0.529046
v 6.352917 3.239593 0.529046
v 6.431053 3.317730 0.529046
v 6.431053 3.317730 0.529046
v 5.573629 3.314049 -1.581169
v 5.573629 4.421338 -1.849070
v 5.629503 3.795802 -3.335200
v 5.629503 3.795802 -3.335200
v 5.629503 3.795802 -3.697419
v 5.629503 3.795802 -3.697419
v 5.629503 3.795802 -3.697419
v 5.629503 3.795802 -3.697419
v 5.629503 3.795802 -3.697419
v 5.509891 3.496524 -2.961769
v 5.509891 3.496524 -2.961769
v 5.428656 3.577759 -2.962610
v 5.428656 3.577759 -2.962610
v 5.532616 3.514133 -1.867698
v 5.509891 3.496524 -1.917634
v 5.446265 3.600484 -2.979098
v 5.532616 3.514133 -2.979098
v 5.976530 3.795802 -3.341907
v 5.976530 3.795802 -3.341907
v 5.629503 3.939545 -3.697419
v 5.629503 3.939545 -3.697419
v 5.629503 3.939545 -3.697419
v 5.629503 3.939545 -3.697419
v 5.629503 3.939545 -3.697419
v 6.094704 4.243803 -2.961397
v 6.094704 4.243803 -2.961397
v 6.094704 4.243803 -3.693006
v 6.094704 4.243803 -3.693006
v 6.175935 4.162572 -2.959475
v 6.175935 4.162572 -2.959475
v 5.629503 3.939545 -3.335200
v 5.629503 3.939545 -3.335200
v 5.917395 3.591413 -3.284406
v 5.428656 3.577759 -1.917634
v 5.446265 3.600483 -1.867698
v 5.150527 3.147134 -2.156250
v 5.150527 3.147134 -2.156250
v 5.150527 3.147135 -3.693006
v 5.150527 3.147135 -3.693006
v 6.175935 4.162572 -3.693006
v 6.175935 4.162572 -3.693006
v 6.079237 3.753255 -3.284406
v 5.526674 3.982133 -3.284406
v 5.526674 3.982133 -3.284406
v 6.456197 4.595314 -3.693006
v 6.456197 4.595314 -3.693006
v 6.527452 4.524059 -3.693006
v 6.527452 4.524059 -3.693006
v 6.009441 3.782165 -3.697419
v 6.009441 3.782165 -3.697419
v 5.467514 4.006639 -3.284406
v 5.596470 3.953223 -3.697419
v 5.596470 3.953223 -3.697419
v 5.941900 4.203136 -3.284406
v 5.976530 3.939545 -3.335200
v 5.976530 3.939545 -3.335200
v 6.159766 4.141322 -1.867944
v 6.175935 4.162571 -1.916421
v 6.527452 4.524059 -2.156250
v 6.527452 4.524059 -2.156250
v 5.426802 4.162569 -3.693006
v 5.426802 4.162569 -3.693006
v 5.075290 4.524063 -3.693006
v 5.075290 4.524063 -3.693006
v 5.426802 4.162569 -1.916421
v 5.442971 4.141319 -1.867943
v 5.508033 4.243800 -3.693006
v 5.508033 4.243800 -3.693006
v 5.146545 4.595318 -3.693006
v 5.146545 4.595318 -3.693006
v 5.508033 4.243800 -1.916421
v 5.529283 4.227631 -1.867944
v 6.431053 3.317730 -0.515931
v 6.431053 3.317730 -0.515931
v 6.352917 3.239593 -0.515931
v 6.352917 3.239593 -0.515931
v 5.146545 4.595317 -2.156250
v 5.146545 4.595317 -2.156250
v 6.270018 3.674231 -1.581169
v 5.351330 3.680624 -1.849070
v 5.615886 3.416068 -1.849070
v 5.990026 3.416068 -1.849070
v 6.452215 3.147137 -2.156250
v 6.452215 3.147137 -2.156250
v 6.452214 3.147138 -3.693006
v 6.452214 3.147138 -3.693006
v 6.070121 3.514130 -1.867698
v 6.092846 3.496522 -1.917634
v 6.156472 3.600481 -1.867698
v 6.174081 3.577756 -1.917634
v 5.442971 4.141319 -2.978851
v 5.426802 4.162569 -2.961397
v 5.426802 4.162569 -2.961397
v 5.428656 3.577759 -3.693006
v 5.428656 3.577759 -3.693006
v 5.509891 3.496525 -3.693006
v 5.509891 3.496525 -3.693006
v 5.079272 3.218389 -2.156250
v 5.079272 3.218389 -2.156250
v 6.073453 4.227633 -2.978851
v 6.094705 4.243803 -1.916421
v 6.073454 4.227633 -1.867944
v 5.075290 4.524063 -2.156250
v 5.075290 4.524063 -2.156250
v 5.079272 3.218390 -3.693006
v 5.079272 3.218390 -3.693006
v 6.456198 4.595314 -2.156250
v 6.456198 4.595314 -2.156250
v 5.508033 4.243800 -2.959475
v 5.508033 4.243800 -2.959475
v 5.529283 4.227632 -2.978851
v 6.159766 4.141322 -2.978851
v 6.351838 4.099699 1.368166
v 5.570951 3.318812 1.368166
v 6.266508 4.064354 1.368166
v 5.332827 4.064354 1.368166
v 5.609492 4.334755 -1.581169
v 6.523471 3.218392 -2.156250
v 6.523471 3.218392 -2.156250
v 6.523470 3.218393 -3.693006
v 6.523470 3.218393 -3.693006
v 6.174080 3.577756 -2.961769
v 6.174080 3.577756 -2.961769
v 6.156471 3.600481 -2.979098
v 6.070121 3.514131 -2.979098
v 6.092845 3.496522 -2.962610
v 6.092845 3.496522 -2.962610
v 6.092845 3.496522 -3.693006
v 6.092845 3.496522 -3.693006
v 6.174080 3.577757 -3.693006
v 6.174080 3.577757 -3.693006
v 5.335895 4.061157 -1.581169
v 5.332827 3.677611 1.368166
v -3.124412 4.802680 0.813529
v -3.124412 4.802680 0.813529
v -3.038723 4.919840 0.901188
v -3.038723 4.919840 0.901188
v -3.490111 5.114910 0.438940
v -3.490111 5.114910 0.438940
v -3.490111 5.114995 -0.668374
v -3.490111 5.114995 -0.668374
v -3.490111 4.802680 0.438940
v -3.490111 4.802680 0.438940
v -4.609499 2.933316 1.044482
v -4.609499 2.933316 1.044482
v -4.430010 3.143941 1.921016
v -4.430010 3.143941 1.921016
v -5.079596 3.436205 0.702315
v -5.079596 3.436205 0.702315
v -5.079596 3.445728 -1.754964
v -5.079596 3.445728 -1.754964
v -2.963165 4.440171 -3.136629
v -2.963165 4.440171 -3.136629
v -2.963165 3.254293 -3.136629
v -2.963165 3.254293 -3.136629
v -3.883921 3.903137 10.366391
v -3.710927 3.903137 10.366391
v -4.006246 4.025462 10.366391
v -3.588603 4.198454 10.366391
v -3.710927 4.320779 10.366391
v -3.588603 4.025462 10.366391
v -3.883921 4.320779 10.366391
v -4.006246 4.198454 10.366391
v -3.917456 4.401739 10.315289
v -4.087206 4.231989 10.315289
v -3.507643 3.991927 10.315289
v -3.507643 4.231989 10.315289
v -4.087206 4.231989 11.873805
v -4.087205 3.991927 11.782307
v -3.917456 4.401739 11.943753
v -3.677393 4.401739 11.943753
v -3.507643 4.231989 11.873805
v -3.507643 3.991927 11.782307
v -3.917456 3.822177 11.699124
v -3.677393 3.822177 11.699124
v -4.035780 4.013227 10.444338
v -3.896155 3.873602 10.444338
v -4.035781 4.210689 10.444338
v -3.896155 4.350314 10.444338
v -3.559068 4.013227 10.444338
v -3.559068 4.210689 10.444338
v -4.035780 4.013227 11.789839
v -3.896155 3.873602 11.721418
v -3.559068 4.013227 11.789839
v -3.559068 4.210689 11.865099
v -3.507643 4.231989 11.203900
v -3.677393 4.401739 11.203900
v -4.118968 3.978770 11.203900
v -3.930612 3.790415 11.203900
v -3.664237 3.790415 11.203900
v -4.117062 3.979560 10.899544
v -3.929822 3.792321 10.899544
v -3.477787 4.244356 10.899544
v -3.665026 4.431595 10.899544
v -3.929822 4.431595 10.899544
v -4.117063 4.244356 10.899544
v -3.502291 3.989710 10.899544
v -3.502291 4.234206 10.899544
v -3.917456 4.401739 11.203900
v -4.087206 4.231989 11.203900
v -3.675176 4.407091 10.899544
v -3.919672 4.407091 10.899544
v -3.919672 3.816825 10.899544
v -3.675176 3.816825 10.899544
v -3.890431 3.457895 6.359321
v -3.890431 3.380845 6.359321
v -3.930612 4.433501 11.203900
v -4.118968 4.245146 11.203900
v -3.475881 3.978770 11.203900
v -3.475881 4.245146 11.203900
v -3.713230 3.384495 6.359321
v -3.713230 3.454244 6.359321
v -3.762550 3.503564 6.359321
v -3.832299 3.503564 6.359321
v -3.881618 3.454244 6.359321
v -3.881618 3.384495 6.359321
v -3.758899 3.326362 6.359321
v -3.704417 3.380845 6.359321
v -3.704417 3.457895 6.359321
v -3.835949 3.326362 6.359321
v -3.835949 3.512377 6.359321
v -3.758899 3.512377 6.302458
v -3.835949 3.512377 6.302458
v -3.704417 3.457895 6.302458
v -3.704417 3.380845 6.302458
v -3.832299 3.335176 6.359321
v -3.762550 3.335176 6.359321
v -3.762550 3.335176 6.198944
v -3.713230 3.384495 6.198944
v -3.881618 3.384495 6.198944
v -3.832299 3.335176 6.198944
v -3.832299 3.503564 6.198944
v -3.881618 3.454244 6.198944
v -3.758899 3.512377 6.359321
v -3.890431 3.457895 6.302458
v -3.890431 3.380845 6.302458
v -3.883921 3.903138 3.625718
v -3.883921 3.903138 3.625718
v -3.710928 3.903138 3.625718
v -3.710928 3.903138 3.625718
v -3.664237 4.433501 11.203900
v -4.092557 4.234206 10.899544
v -3.677393 3.822177 11.203900
v -3.507643 3.991927 11.203900
v -3.917456 3.822177 11.203900
v -4.087205 3.991927 11.203900
v -3.698694 3.873602 10.444338
v -3.698694 4.350314 10.444338
v -3.698694 3.873602 11.721418
v -3.698694 4.350314 11.922634
v -3.896155 4.350314 11.922634
v -4.035781 4.210689 11.865099
v -4.866087 4.439999 0.855647
v -4.866087 4.439999 0.855647
v -4.866087 4.439999 -1.034745
v -4.120222 4.694875 -1.669780
v -4.120222 4.694875 -1.669780
v -4.120222 5.114910 -1.669780
v -4.120222 5.114910 -1.669780
v -4.120222 4.781748 -1.146728
v -4.120222 4.781748 -1.146728
v -3.497245 4.781748 -1.146728
v -3.497245 4.781748 -1.146728
v -4.120222 5.114809 -1.146728
v -4.120222 5.114809 -1.146728
v -4.701001 2.966633 -2.214003
v -3.971356 3.254293 -3.136629
v -3.971356 3.254293 -3.136629
v -4.561436 4.914357 -1.041823
v -4.556188 4.919840 0.901188
v -4.556188 4.919840 0.901188
v -4.127356 5.114910 0.438940
v -4.127356 5.114910 0.438940
v -4.752404 4.414244 0.788480
v -4.752404 4.414244 0.788480
v -4.752404 4.414244 -1.018352
v -5.183211 3.436205 0.702315
v -5.183211 3.436205 0.702315
v -5.183210 3.445728 -1.754964
v -5.183210 3.445728 -1.754964
v -3.762550 3.503564 6.198944
v -3.713230 3.454244 6.198944
v -4.234628 5.114910 0.702315
v -4.234628 5.114910 0.702315
v -4.234628 5.218525 0.702315
v -4.234628 5.218525 0.702315
v -4.517973 4.802680 0.813529
v -4.517973 4.802680 0.813529
v -3.883921 3.903138 5.504658
v -3.883921 3.903138 5.504658
v -3.710928 3.903138 5.504658
v -3.710928 3.903138 5.504658
v -5.079596 4.277276 -1.754964
v -5.079596 4.277276 -1.754964
v -5.183210 4.277276 -1.754964
v -5.183210 4.277276 -1.754964
v -5.183210 3.740937 -1.602103
v -5.183210 3.740937 -1.602103
v -5.183211 3.740936 0.561435
v -5.183211 3.740936 0.561435
v -5.368721 3.740937 -1.602103
v -5.368721 3.740937 -1.602103
v -5.079897 3.543478 -0.668374
v -5.079897 3.543478 -0.668374
v -5.061089 3.543477 0.438939
v -5.061089 3.543477 0.438939
v -5.079596 4.286798 0.702315
v -5.079596 4.286798 0.702315
v -3.038723 2.933612 1.044482
v -3.038723 2.933612 1.044482
v -3.218212 3.143941 1.921016
v -3.218212 3.143941 1.921016
v -4.752219 4.180722 -0.668374
v -4.752219 4.180722 -0.668374
v -5.079897 4.180722 -0.668374
v -5.079897 4.180722 -0.668374
v -3.218212 4.565952 1.921016
v -3.218212 4.565952 1.921016
v -4.866087 3.275675 -1.034922
v -4.866087 3.275675 0.855647
v -4.866087 3.275675 0.855647
v -3.038723 4.776577 1.044482
v -3.038723 4.776577 1.044482
v -4.609499 4.776577 1.044482
v -4.609499 4.776577 1.044482
v -3.384036 5.218525 0.702315
v -3.384036 5.218525 0.702315
v -3.497245 4.694875 -1.669780
v -3.497245 4.694875 -1.669780
v -3.393558 5.114910 -1.754964
v -3.393558 5.114910 -1.754964
v -4.225105 5.114910 -1.754964
v -4.225105 5.114910 -1.754964
v -3.393558 5.218525 -1.754964
v -3.393558 5.218525 -1.754964
v -4.225105 5.218525 -1.754964
v -4.225105 5.218525 -1.754964
v -3.497245 5.114910 -1.669780
v -3.497245 5.114910 -1.669780
v -3.694569 5.417250 0.561436
v -3.694569 5.417250 0.561436
v -3.929897 5.417250 0.561436
v -3.929897 5.417250 0.561436
v -3.124412 4.802680 -1.020701
v -3.124412 4.666753 -1.839094
v -3.124412 4.666753 -1.839094
v -3.883921 3.903138 5.285251
v -3.883921 3.903138 5.285251
v -3.710928 3.903138 5.285251
v -3.710928 3.903138 5.285251
v -4.430010 4.565952 1.921016
v -4.430010 4.565952 1.921016
v -3.705457 3.641398 5.495801
v -3.705457 3.641398 5.495801
v -3.705457 3.641398 5.280780
v -3.705457 3.641398 5.280780
v -3.889391 3.641398 5.495801
v -3.889391 3.641398 5.495801
v -4.866087 3.389887 -1.945490
v -4.866087 3.389887 -1.945490
v -3.889391 3.641398 5.280780
v -3.889391 3.641398 5.280780
v -3.497245 5.114809 -1.146728
v -3.497245 5.114809 -1.146728
v -5.079596 3.550612 -1.669780
v -5.079596 3.550612 -1.669780
v -5.079710 3.550612 -1.146728
v -5.079710 3.550612 -1.146728
v -3.694569 5.218525 0.561436
v -3.694569 5.218525 0.561436
v -3.929897 5.218525 0.561436
v -3.929897 5.218525 0.561436
v -3.694569 5.218525 -1.602103
v -3.694569 5.218525 -1.602103
v -3.929897 5.218525 -1.602103
v -3.929897 5.218525 -1.602103
v -3.694569 5.417250 -1.602103
v -3.694569 5.417250 -1.602103
v -3.929897 5.417250 -1.602103
v -3.929897 5.417250 -1.602103
v -3.384036 5.114910 0.702315
v -3.384036 5.114910 0.702315
v -4.752219 3.550612 -1.146728
v -4.752219 3.550612 -1.146728
v -4.752404 3.549934 -1.669614
v -4.752404 3.549934 -1.669614
v -4.752219 4.180722 0.438940
v -4.752219 4.180722 0.438940
v -4.866087 4.322801 -1.945490
v -4.866087 4.322801 -1.945490
v -4.752404 4.302226 -1.894720
v -4.752404 4.302226 -1.894720
v -4.710790 4.711465 -2.214806
v -3.971356 4.440171 -3.136629
v -3.971356 4.440171 -3.136629
v -3.080949 4.914357 -1.041823
v -4.127356 4.802680 -0.668374
v -4.127356 4.802680 -0.668374
v -4.127356 4.802680 0.438940
v -4.127356 4.802680 0.438940
v -3.490111 4.802680 -0.668374
v -3.490111 4.802680 -0.668374
v -4.127356 5.114995 -0.668374
v -4.127356 5.114995 -0.668374
v -4.752404 3.301386 0.788480
v -4.752404 3.301386 0.788480
v -2.963165 2.966633 -2.214003
v -2.963165 2.775140 1.044482
v -2.963165 2.775140 1.044482
v -4.701001 2.775140 1.044482
v -4.701001 2.775140 1.044482
v -4.866087 3.109629 1.044482
v -4.701001 4.919513 1.044482
v -4.701001 4.919513 1.044482
v -2.963165 4.919513 1.044482
v -2.963165 4.919513 1.044482
v -2.963165 2.775046 -1.041823
v -2.963165 4.709598 -2.214003
v -5.368721 3.740936 0.561435
v -5.368721 3.740936 0.561435
v -5.368721 3.976264 0.561435
v -5.368721 3.976264 0.561435
v -5.368721 3.976265 -1.602103
v -5.368721 3.976265 -1.602103
v -5.183210 3.976265 -1.602103
v -5.183210 3.976265 -1.602103
v -5.183211 4.286798 0.702315
v -5.183211 4.286798 0.702315
v -4.752219 3.543477 0.438939
v -4.752219 3.543477 0.438939
v -4.752219 3.543478 -0.668374
v -4.752219 3.543478 -0.668374
v -2.963165 4.914357 -1.041823
v -3.086197 4.761941 -1.902551
v -3.086197 4.761941 -1.902551
v -4.556188 4.761941 -1.902551
v -4.556188 4.761941 -1.902551
v -4.517972 4.666753 -1.839094
v -4.517972 4.666753 -1.839094
v -4.517973 4.802680 -1.020701
v -4.710790 4.914357 -1.041823
v -4.701001 2.775046 -1.041823
v -4.866087 4.538790 1.044482
v -3.677393 3.822177 10.315289
v -3.677393 4.401739 10.315289
v -5.183211 3.976264 0.561435
v -5.183211 3.976264 0.561435
v -4.087205 3.991927 10.315289
v -3.917456 3.822177 10.315289
v -4.752404 3.410550 -1.894720
v -4.752404 3.410550 -1.894720
v -5.079596 4.180722 0.438940
v -5.079596 4.180722 0.438940
v -4.752219 4.173588 -1.669780
v -4.752219 4.173588 -1.669780
v -4.752404 3.301387 -1.018521
v -4.752219 4.173588 -1.146728
v -4.752219 4.173588 -1.146728
v -3.889391 3.641398 3.804495
v -3.889391 3.641398 3.804495
v -3.705457 3.641398 3.804495
v -3.705457 3.641398 3.804495
v -3.883921 3.903138 3.807472
v -3.883921 3.903138 3.807472
v -3.710928 3.903138 3.807472
v -3.710928 3.903138 3.807472
v -3.889391 3.641398 3.625551
v -3.889391 3.641398 3.625551
v -3.705457 3.641398 3.625551
v -3.705457 3.641398 3.625551
v -5.079596 4.173588 -1.669780
v -5.079596 4.173588 -1.669780
v -5.079710 4.173588 -1.146728
v -5.079710 4.173588 -1.146728
v -3.077619 4.323668 -3.027355
v -3.077619 3.370797 -3.027355
v -3.856903 3.370797 -3.027355
v -3.856903 4.323668 -3.027355
v -4.092557 3.989710 10.899544
v -3.665026 3.792321 10.899544
v -3.477787 3.979560 10.899544
v -3.835949 3.326362 6.302458
v -3.758899 3.326362 6.302458
v -4.093872 5.983511 -3.284406
v -4.093872 5.983511 -3.284406
v -3.932030 6.145353 -3.284406
v -3.932030 6.145353 -3.284406
v -3.757383 5.723551 -3.697419
v -3.757383 5.723551 -3.697419
v -3.757383 5.723551 -3.335200
v -3.757383 5.723551 -3.335200
v -3.703151 6.145353 -3.284406
v -3.703151 6.145353 -3.284406
v -3.678646 6.204515 -3.284406
v -3.889524 6.042565 -3.697419
v -3.889524 6.042565 -3.697419
v -3.889524 6.042565 -3.697419
v -3.889524 6.042565 -3.697419
v -3.889524 6.042565 -3.697419
v -3.991165 5.940923 -3.697419
v -3.991165 5.940923 -3.697419
v -3.991165 5.940923 -3.697419
v -3.991165 5.940923 -3.697419
v -3.991165 5.940923 -3.697419
v -3.757433 6.014431 -3.697419
v -3.757433 6.014431 -3.697419
v -3.757433 6.014431 -3.335200
v -3.757433 6.014431 -3.335200
v -3.732062 5.662587 -3.697419
v -3.732062 5.662587 -3.697419
v -3.672272 5.929270 -3.697419
v -3.672272 5.929270 -3.697419
v -3.672272 5.929270 -3.335200
v -3.672272 5.929270 -3.335200
v -3.745780 5.695539 -3.697419
v -3.745780 5.695539 -3.697419
v -3.745780 5.695539 -3.697419
v -3.745780 5.695539 -3.697419
v -3.745780 5.695539 -3.697419
v -3.903120 5.662587 -3.697419
v -3.903120 5.662587 -3.697419
v -3.903120 6.075558 -3.697419
v -3.903120 6.075558 -3.697419
v -3.732062 6.075558 -3.697419
v -3.732062 6.075558 -3.697419
v -3.611105 5.783543 -3.697419
v -3.611105 5.783543 -3.697419
v -4.024076 5.954601 -3.697419
v -4.024076 5.954601 -3.697419
v -4.153032 6.008017 -3.284406
v -3.964353 5.929817 -3.697419
v -3.964353 5.929817 -3.697419
v -3.964353 5.929817 -3.335200
v -3.964353 5.929817 -3.335200
v -3.541309 5.754633 -3.284406
v -3.703152 5.592792 -3.284406
v -3.889524 5.695538 -3.341907
v -3.889524 5.695538 -3.341907
v -3.889524 5.695538 -3.697419
v -3.889524 5.695538 -3.697419
v -3.889524 5.695538 -3.697419
v -3.889524 5.695538 -3.697419
v -3.889524 5.695538 -3.697419
v -3.878417 6.015752 -3.697419
v -3.878417 6.015752 -3.697419
v -3.965467 5.807825 -3.697419
v -3.965467 5.807825 -3.697419
v -3.878879 5.721236 -3.697419
v -3.878879 5.721236 -3.697419
v -3.672151 5.808783 -3.697419
v -3.672151 5.808783 -3.697419
v -3.745780 6.042565 -3.697419
v -3.745780 6.042565 -3.697419
v -3.745780 6.042565 -3.697419
v -3.745780 6.042565 -3.697419
v -3.745780 6.042565 -3.697419
v -3.745780 6.042565 -3.335200
v -3.745780 6.042565 -3.335200
v -3.889524 6.042565 -3.335200
v -3.889524 6.042565 -3.335200
v -3.878417 6.015752 -3.335200
v -3.878417 6.015752 -3.335200
v -3.745780 5.695539 -3.335200
v -3.745780 5.695539 -3.335200
v -3.991165 5.797180 -3.697419
v -3.991165 5.797180 -3.697419
v -3.991165 5.797180 -3.697419
v -3.991165 5.797180 -3.697419
v -3.991165 5.797180 -3.697419
v -3.878879 5.721236 -3.341907
v -3.878879 5.721236 -3.341907
v -3.672151 5.808783 -3.335200
v -3.672151 5.808783 -3.335200
v -3.965467 5.807825 -3.341907
v -3.965467 5.807825 -3.341907
v -3.588264 5.315428 -1.849070
v -3.263947 5.639745 -1.849070
v -3.263947 6.098399 -1.849070
v -4.046918 6.422716 -1.849070
v -4.371236 6.098399 -1.849070
v -3.588264 6.422716 -1.581169
v -4.046918 6.422716 -1.581169
v -4.011054 5.402011 -1.581169
v -3.624127 5.402011 -1.581169
v -3.350530 5.675609 -1.581169
v -4.272884 5.682409 0.925454
v -4.004253 5.413778 0.925454
v -3.624352 6.330943 0.925454
v -4.004253 6.330943 0.925454
v -4.272885 6.062312 1.057855
v -4.272884 5.682409 1.057855
v -4.004253 5.413778 1.057855
v -3.624352 5.413778 1.057855
v -3.355720 6.062312 1.057855
v -3.624352 6.330943 1.057855
v -3.585586 6.424531 1.057855
v -4.043019 6.424531 1.057855
v -4.366473 6.101078 1.057855
v -4.004661 6.320699 -1.849070
v -4.269217 6.056142 -1.849070
v -3.630521 6.320698 -1.849070
v -3.365965 6.056142 -1.849070
v -4.269217 5.682003 -1.849070
v -4.371236 5.639745 -1.849070
v -4.046918 5.315428 -1.849070
v -4.371236 6.098399 -1.581169
v -4.371236 5.639745 -1.581169
v -3.263947 5.639745 -1.581169
v -3.263947 6.098399 -1.581169
v -4.046918 5.315427 -1.581169
v -4.020020 6.369007 0.925454
v -4.310948 6.078078 0.925454
v -4.367489 6.503511 0.529046
v -4.367489 6.503511 0.529046
v -4.367489 6.503511 -0.515931
v -4.367489 6.503511 -0.515931
v -4.111547 6.262854 0.809306
v -4.111547 6.262855 -0.285480
v -3.261350 6.503448 -0.515931
v -3.261350 6.503448 -0.515931
v -3.261350 6.503448 0.529046
v -3.261350 6.503448 0.529046
v -4.445751 6.425249 -0.515931
v -4.445751 6.425249 -0.515931
v -4.445751 6.425249 0.529046
v -4.445751 6.425249 0.529046
v -3.183212 6.425311 -0.515931
v -3.183212 6.425311 -0.515931
v -3.183212 6.425311 0.529046
v -3.183212 6.425311 0.529046
v -4.204823 6.169579 -0.285480
v -4.204823 6.169578 0.809306
v -3.423113 6.168892 -0.293556
v -3.423113 6.168891 0.817352
v -3.517762 6.263541 0.817352
v -3.517762 6.263541 -0.293556
v -4.366473 5.643644 1.057855
v -4.043019 5.320190 1.057855
v -3.585586 5.320190 1.057855
v -3.262132 5.643644 1.057855
v -3.262132 6.101078 1.057855
v -4.366473 5.643644 1.368166
v -4.043019 5.320190 1.368166
v -3.262132 5.643644 1.368166
v -3.262132 6.101078 1.368166
v -3.585586 6.424531 1.368166
v -4.043019 6.424531 1.368166
v -4.281143 5.678988 1.368166
v -4.007674 5.405519 1.368166
v -3.620931 5.405519 1.368166
v -3.620931 6.339201 1.368166
v -4.007674 6.339201 1.368166
v -4.004253 6.330943 1.057855
v -3.355720 5.682409 1.057855
v -4.272885 6.062312 0.925454
v -3.355720 6.062312 0.925454
v -3.355720 5.682409 0.925454
v -3.624352 5.413778 0.925454
v -3.608585 6.369007 0.925454
v -3.317657 6.078078 0.925454
v -3.317657 5.666643 0.925454
v -3.608585 5.375715 0.925454
v -4.020020 5.375715 0.925454
v -4.310948 5.666643 0.925454
v -4.205530 5.575814 0.817598
v -4.110839 5.481124 0.817598
v -3.183149 5.319172 -0.515931
v -3.183149 5.319172 -0.515931
v -3.183149 5.319172 0.529046
v -3.183149 5.319172 0.529046
v -3.423761 5.575145 -0.285926
v -3.423761 5.575144 0.809750
v -3.517113 5.481793 -0.285926
v -3.517113 5.481793 0.809750
v -3.261412 5.240910 -0.515931
v -3.261412 5.240910 -0.515931
v -4.011054 6.336133 -1.581169
v -4.284653 6.062535 -1.581169
v -3.261412 5.240910 0.529046
v -3.261412 5.240910 0.529046
v -4.205530 5.575814 -0.293802
v -4.110839 5.481124 -0.293802
v -4.367552 5.240972 0.529046
v -4.367552 5.240972 0.529046
v -4.445688 5.319109 0.529046
v -4.445688 5.319109 0.529046
v -3.588264 5.315428 -1.581169
v -3.588264 6.422716 -1.849070
v -3.644138 5.797180 -3.335200
v -3.644138 5.797180 -3.335200
v -3.644138 5.797180 -3.697419
v -3.644138 5.797180 -3.697419
v -3.644138 5.797180 -3.697419
v -3.644138 5.797180 -3.697419
v -3.644138 5.797180 -3.697419
v -3.524526 5.497903 -2.961769
v -3.524526 5.497903 -2.961769
v -3.443291 5.579137 -2.962610
v -3.443291 5.579137 -2.962610
v -3.547251 5.515512 -1.867698
v -3.524526 5.497903 -1.917634
v -3.460900 5.601862 -2.979098
v -3.547251 5.515512 -2.979098
v -3.991165 5.797180 -3.341907
v -3.991165 5.797180 -3.341907
v -3.644138 5.940923 -3.697419
v -3.644138 5.940923 -3.697419
v -3.644138 5.940923 -3.697419
v -3.644138 5.940923 -3.697419
v -3.644138 5.940923 -3.697419
v -4.109339 6.245181 -2.961397
v -4.109339 6.245181 -2.961397
v -4.109339 6.245181 -3.693006
v -4.109339 6.245181 -3.693006
v -4.190570 6.163950 -2.959475
v -4.190570 6.163950 -2.959475
v -3.644138 5.940923 -3.335200
v -3.644138 5.940923 -3.335200
v -3.932030 5.592791 -3.284406
v -3.443291 5.579137 -1.917634
v -3.460900 5.601862 -1.867698
v -3.165162 5.148513 -2.156250
v -3.165162 5.148513 -2.156250
v -3.165162 5.148513 -3.693006
v -3.165162 5.148513 -3.693006
v -4.190570 6.163950 -3.693006
v -4.190570 6.163950 -3.693006
v -4.093872 5.754633 -3.284406
v -3.541309 5.983511 -3.284406
v -3.541309 5.983511 -3.284406
v -4.470832 6.596692 -3.693006
v -4.470832 6.596692 -3.693006
v -4.542088 6.525438 -3.693006
v -4.542088 6.525438 -3.693006
v -4.024076 5.783543 -3.697419
v -4.024076 5.783543 -3.697419
v -3.482149 6.008017 -3.284406
v -3.611105 5.954601 -3.697419
v -3.611105 5.954601 -3.697419
v -3.956535 6.204515 -3.284406
v -3.991165 5.940923 -3.335200
v -3.991165 5.940923 -3.335200
v -4.174401 6.142700 -1.867944
v -4.190570 6.163950 -1.916421
v -4.542088 6.525437 -2.156250
v -4.542088 6.525437 -2.156250
v -3.441437 6.163947 -3.693006
v -3.441437 6.163947 -3.693006
v -3.089925 6.525441 -3.693006
v -3.089925 6.525441 -3.693006
v -3.441437 6.163947 -1.916421
v -3.457606 6.142697 -1.867943
v -3.522668 6.245179 -3.693006
v -3.522668 6.245179 -3.693006
v -3.161180 6.596696 -3.693006
v -3.161180 6.596696 -3.693006
v -3.522668 6.245178 -1.916421
v -3.543918 6.229010 -1.867944
v -4.445688 5.319109 -0.515931
v -4.445688 5.319109 -0.515931
v -4.367552 5.240972 -0.515931
v -4.367552 5.240972 -0.515931
v -3.161180 6.596696 -2.156250
v -3.161180 6.596696 -2.156250
v -4.284653 5.675609 -1.581169
v -3.365965 5.682003 -1.849070
v -3.630521 5.417446 -1.849070
v -4.004661 5.417446 -1.849070
v -4.466850 5.148516 -2.156250
v -4.466850 5.148516 -2.156250
v -4.466849 5.148516 -3.693006
v -4.466849 5.148516 -3.693006
v -4.084756 5.515509 -1.867698
v -4.107481 5.497900 -1.917634
v -4.171107 5.601859 -1.867698
v -4.188716 5.579134 -1.917634
v -3.457606 6.142697 -2.978851
v -3.441437 6.163947 -2.961397
v -3.441437 6.163947 -2.961397
v -3.443291 5.579137 -3.693006
v -3.443291 5.579137 -3.693006
v -3.524526 5.497903 -3.693006
v -3.524526 5.497903 -3.693006
v -3.093907 5.219768 -2.156250
v -3.093907 5.219768 -2.156250
v -4.088088 6.229012 -2.978851
v -4.109340 6.245181 -1.916421
v -4.088089 6.229012 -1.867944
v -3.089925 6.525441 -2.156250
v -3.089925 6.525441 -2.156250
v -3.093907 5.219768 -3.693006
v -3.093907 5.219768 -3.693006
v -4.470833 6.596692 -2.156250
v -4.470833 6.596692 -2.156250
v -3.522668 6.245178 -2.959475
v -3.522668 6.245178 -2.959475
v -3.543918 6.229010 -2.978851
v -4.174401 6.142700 -2.978851
v -4.366473 6.101078 1.368166
v -3.585586 5.320190 1.368166
v -4.281143 6.065732 1.368166
v -3.347462 6.065732 1.368166
v -3.624127 6.336134 -1.581169
v -4.538106 5.219770 -2.156250
v -4.538106 5.219770 -2.156250
v -4.538105 5.219771 -3.693006
v -4.538105 5.219771 -3.693006
v -4.188715 5.579135 -2.961769
v -4.188715 5.579135 -2.961769
v -4.171106 5.601859 -2.979098
v -4.084756 5.515509 -2.979098
v -4.107480 5.497900 -2.962610
v -4.107480 5.497900 -2.962610
v -4.107480 5.497900 -3.693006
v -4.107480 5.497900 -3.693006
v -4.188715 5.579135 -3.693006
v -4.188715 5.579135 -3.693006
v -3.350530 6.062535 -1.581169
v -3.347462 5.678989 1.368166
v 6.079236 3.982133 -3.284406
v 6.079236 3.982133 -3.284406
v 5.917394 4.143975 -3.284406
v 5.917394 4.143975 -3.284406
v 5.742747 3.722173 -3.697419
v 5.742747 3.722173 -3.697419
v 5.742747 3.722173 -3.335200
v 5.742747 3.722173 -3.335200
v 5.688515 4.143975 -3.284406
v 5.688515 4.143975 -3.284406
v 5.664010 4.203136 -3.284406
v 5.874887 4.041187 -3.697419
v 5.874887 4.041187 -3.697419
v 5.874887 4.041187 -3.697419
v 5.874887 4.041187 -3.697419
v 5.874887 4.041187 -3.697419
v 5.976529 3.939545 -3.697419
v 5.976529 3.939545 -3.697419
v 5.976529 3.939545 -3.697419
v 5.976529 3.939545 -3.697419
v 5.976529 3.939545 -3.697419
v 5.742797 4.013053 -3.697419
v 5.742797 4.013053 -3.697419
v 5.742797 4.013053 -3.335200
v 5.742797 4.013053 -3.335200
v 5.717426 3.661208 -3.697419
v 5.717426 3.661208 -3.697419
v 5.657636 3.927891 -3.697419
v 5.657636 3.927891 -3.697419
v 5.657636 3.927891 -3.335200
v 5.657636 3.927891 -3.335200
v 5.731144 3.694160 -3.697419
v 5.731144 3.694160 -3.697419
v 5.731144 3.694160 -3.697419
v 5.731144 3.694160 -3.697419
v 5.731144 3.694160 -3.697419
v 5.888484 3.661208 -3.697419
v 5.888484 3.661208 -3.697419
v 5.888484 4.074180 -3.697419
v 5.888484 4.074180 -3.697419
v 5.717426 4.074180 -3.697419
v 5.717426 4.074180 -3.697419
v 5.596469 3.782165 -3.697419
v 5.596469 3.782165 -3.697419
v 6.009440 3.953223 -3.697419
v 6.009440 3.953223 -3.697419
v 6.138396 4.006639 -3.284406
v 5.949717 3.928439 -3.697419
v 5.949717 3.928439 -3.697419
v 5.949717 3.928439 -3.335200
v 5.949717 3.928439 -3.335200
v 5.526673 3.753255 -3.284406
v 5.688516 3.591413 -3.284406
v 5.874887 3.694160 -3.341907
v 5.874887 3.694160 -3.341907
v 5.874887 3.694160 -3.697419
v 5.874887 3.694160 -3.697419
v 5.874887 3.694160 -3.697419
v 5.874887 3.694160 -3.697419
v 5.874887 3.694160 -3.697419
v 5.863781 4.014374 -3.697419
v 5.863781 4.014374 -3.697419
v 5.950831 3.806446 -3.697419
v 5.950831 3.806446 -3.697419
v 5.864243 3.719858 -3.697419
v 5.864243 3.719858 -3.697419
v 5.657515 3.807405 -3.697419
v 5.657515 3.807405 -3.697419
v 5.731144 4.041187 -3.697419
v 5.731144 4.041187 -3.697419
v 5.731144 4.041187 -3.697419
v 5.731144 4.041187 -3.697419
v 5.731144 4.041187 -3.697419
v 5.731144 4.041187 -3.335200
v 5.731144 4.041187 -3.335200
v 5.874887 4.041186 -3.335200
v 5.874887 4.041186 -3.335200
v 5.863781 4.014374 -3.335200
v 5.863781 4.014374 -3.335200
v 5.731144 3.694160 -3.335200
v 5.731144 3.694160 -3.335200
v 5.976529 3.795802 -3.697419
v 5.976529 3.795802 -3.697419
v 5.976529 3.795802 -3.697419
v 5.976529 3.795802 -3.697419
v 5.976529 3.795802 -3.697419
v 5.864243 3.719858 -3.341907
v 5.864243 3.719858 -3.341907
v 5.657515 3.807405 -3.335200
v 5.657515 3.807405 -3.335200
v 5.950831 3.806446 -3.341907
v 5.950831 3.806446 -3.341907
v 5.573628 3.314049 -1.849070
v 5.249310 3.638367 -1.849070
v 5.249310 4.097021 -1.849070
v 6.032282 4.421338 -1.849070
v 6.356600 4.097021 -1.849070
v 5.573628 4.421338 -1.581169
v 6.032282 4.421338 -1.581169
v 5.996418 3.400633 -1.581169
v 5.609491 3.400633 -1.581169
v 5.335894 3.674231 -1.581169
v 6.258248 3.681031 0.925454
v 5.989617 3.412400 0.925454
v 5.609715 4.329565 0.925454
v 5.989617 4.329565 0.925454
v 6.258249 4.060934 1.057855
v 6.258248 3.681031 1.057855
v 5.989617 3.412400 1.057855
v 5.609715 3.412400 1.057855
v 5.341084 4.060934 1.057855
v 5.609715 4.329565 1.057855
v 5.570950 4.423153 1.057855
v 6.028383 4.423153 1.057855
v 6.351837 4.099699 1.057855
v 5.990025 4.319320 -1.849070
v 6.254581 4.054764 -1.849070
v 5.615885 4.319320 -1.849070
v 5.351329 4.054763 -1.849070
v 6.254581 3.680624 -1.849070
v 6.356600 3.638367 -1.849070
v 6.032282 3.314049 -1.849070
v 6.356600 4.097021 -1.581169
v 6.356600 3.638367 -1.581169
v 5.249310 3.638367 -1.581169
v 5.249310 4.097021 -1.581169
v 6.032282 3.314049 -1.581169
v 6.005383 4.367628 0.925454
v 6.296312 4.076700 0.925454
v 6.352853 4.502132 0.529046
v 6.352853 4.502132 0.529046
v 6.352853 4.502132 -0.515931
v 6.352853 4.502132 -0.515931
v 6.096911 4.261476 0.809306
v 6.096911 4.261476 -0.285480
v 5.246714 4.502070 -0.515931
v 5.246714 4.502070 -0.515931
v 5.246714 4.502070 0.529046
v 5.246714 4.502070 0.529046
v 6.431115 4.423871 -0.515931
v 6.431115 4.423871 -0.515931
v 6.431115 4.423871 0.529046
v 6.431115 4.423871 0.529046
v 5.168576 4.423933 -0.515931
v 5.168576 4.423933 -0.515931
v 5.168576 4.423933 0.529046
v 5.168576 4.423933 0.529046
v 6.190187 4.168200 -0.285480
v 6.190187 4.168200 0.809306
v 5.408477 4.167514 -0.293556
v 5.408477 4.167513 0.817352
v 5.503126 4.262163 0.817352
v 5.503126 4.262163 -0.293556
v 6.351837 3.642266 1.057855
v 6.028383 3.318812 1.057855
v 5.570950 3.318812 1.057855
v 5.247496 3.642266 1.057855
v 5.247496 4.099699 1.057855
v 6.351837 3.642266 1.368166
v 6.028383 3.318812 1.368166
v 5.247496 3.642266 1.368166
v 5.247496 4.099699 1.368166
v 5.570950 4.423153 1.368166
v 6.028383 4.423153 1.368166
v 6.266507 3.677610 1.368166
v 5.993038 3.404141 1.368166
v 5.606295 3.404141 1.368166
v 5.606295 4.337823 1.368166
v 5.993038 4.337823 1.368166
v 5.989617 4.329565 1.057855
v 5.341084 3.681031 1.057855
v 6.258249 4.060934 0.925454
v 5.341084 4.060934 0.925454
v 5.341084 3.681031 0.925454
v 5.609715 3.412400 0.925454
v 5.593949 4.367628 0.925454
v 5.303021 4.076700 0.925454
v 5.303020 3.665265 0.925454
v 5.593949 3.374337 0.925454
v 6.005383 3.374337 0.925454
v 6.296312 3.665265 0.925454
v 6.190894 3.574436 0.817598
v 6.096203 3.479745 0.817598
v 5.168513 3.317793 -0.515931
v 5.168513 3.317793 -0.515931
v 5.168513 3.317793 0.529046
v 5.168513 3.317793 0.529046
v 5.409125 3.573766 -0.285926
v 5.409125 3.573766 0.809750
v 5.502477 3.480415 -0.285926
v 5.502477 3.480415 0.809750
v 5.246776 3.239531 -0.515931
v 5.246776 3.239531 -0.515931
v 5.996418 4.334755 -1.581169
v 6.270017 4.061157 -1.581169
v 5.246776 3.239531 0.529046
v 5.246776 3.239531 0.529046
v 6.190894 3.574436 -0.293802
v 6.096203 3.479745 -0.293802
v 6.352916 3.239593 0.529046
v 6.352916 3.239593 0.529046
v 6.431052 3.317730 0.529046
v 6.431052 3.317730 0.529046
v 5.573628 3.314049 -1.581169
v 5.573628 4.421338 -1.849070
v 5.629502 3.795802 -3.335200
v 5.629502 3.795802 -3.335200
v 5.629502 3.795802 -3.697419
v 5.629502 3.795802 -3.697419
v 5.629502 3.795802 -3.697419
v 5.629502 3.795802 -3.697419
v 5.629502 3.795802 -3.697419
v 5.509890 3.496524 -2.961769
v 5.509890 3.496524 -2.961769
v 5.428655 3.577759 -2.962610
v 5.428655 3.577759 -2.962610
v 5.532615 3.514133 -1.867698
v 5.509890 3.496524 -1.917634
v 5.446264 3.600484 -2.979098
v 5.532615 3.514133 -2.979098
v 5.976529 3.795802 -3.341907
v 5.976529 3.795802 -3.341907
v 5.629502 3.939545 -3.697419
v 5.629502 3.939545 -3.697419
v 5.629502 3.939545 -3.697419
v 5.629502 3.939545 -3.697419
v 5.629502 3.939545 -3.697419
v 6.094703 4.243803 -2.961397
v 6.094703 4.243803 -2.961397
v 6.094703 4.243803 -3.693006
v 6.094703 4.243803 -3.693006
v 6.175934 4.162572 -2.959475
v 6.175934 4.162572 -2.959475
v 5.629502 3.939545 -3.335200
v 5.629502 3.939545 -3.335200
v 5.917394 3.591413 -3.284406
v 5.428655 3.577759 -1.917634
v 5.446264 3.600483 -1.867698
v 5.150526 3.147134 -2.156250
v 5.150526 3.147134 -2.156250
v 5.150526 3.147135 -3.693006
v 5.150526 3.147135 -3.693006
v 6.175934 4.162572 -3.693006
v 6.175934 4.162572 -3.693006
v 6.079236 3.753255 -3.284406
v 5.526673 3.982133 -3.284406
v 5.526673 3.982133 -3.284406
v 6.456196 4.595314 -3.693006
v 6.456196 4.595314 -3.693006
v 6.527452 4.524059 -3.693006
v 6.527452 4.524059 -3.693006
v 6.009440 3.782165 -3.697419
v 6.009440 3.782165 -3.697419
v 5.467513 4.006639 -3.284406
v 5.596469 3.953223 -3.697419
v 5.596469 3.953223 -3.697419
v 5.941899 4.203136 -3.284406
v 5.976529 3.939545 -3.335200
v 5.976529 3.939545 -3.335200
v 6.159765 4.141322 -1.867944
v 6.175934 4.162571 -1.916421
v 6.527452 4.524059 -2.156250
v 6.527452 4.524059 -2.156250
v 5.426801 4.162569 -3.693006
v 5.426801 4.162569 -3.693006
v 5.075289 4.524063 -3.693006
v 5.075289 4.524063 -3.693006
v 5.426801 4.162569 -1.916421
v 5.442970 4.141319 -1.867943
v 5.508032 4.243800 -3.693006
v 5.508032 4.243800 -3.693006
v 5.146544 4.595318 -3.693006
v 5.146544 4.595318 -3.693006
v 5.508032 4.243800 -1.916421
v 5.529282 4.227631 -1.867944
v 6.431052 3.317730 -0.515931
v 6.431052 3.317730 -0.515931
v 6.352916 3.239593 -0.515931
v 6.352916 3.239593 -0.515931
v 5.146544 4.595317 -2.156250
v 5.146544 4.595317 -2.156250
v 6.270017 3.674231 -1.581169
v 5.351329 3.680624 -1.849070
v 5.615885 3.416068 -1.849070
v 5.990025 3.416068 -1.849070
v 6.452214 3.147137 -2.156250
v 6.452214 3.147137 -2.156250
v 6.452213 3.147138 -3.693006
v 6.452213 3.147138 -3.693006
v 6.070120 3.514130 -1.867698
v 6.092845 3.496522 -1.917634
v 6.156471 3.600481 -1.867698
v 6.174080 3.577756 -1.917634
v 5.442970 4.141319 -2.978851
v 5.426801 4.162569 -2.961397
v 5.426801 4.162569 -2.961397
v 5.428655 3.577759 -3.693006
v 5.428655 3.577759 -3.693006
v 5.509890 3.496525 -3.693006
v 5.509890 3.496525 -3.693006
v 5.079271 3.218389 -2.156250
v 5.079271 3.218389 -2.156250
v 6.073452 4.227633 -2.978851
v 6.094704 4.243803 -1.916421
v 6.073453 4.227633 -1.867944
v 5.075289 4.524063 -2.156250
v 5.075289 4.524063 -2.156250
v 5.079271 3.218390 -3.693006
v 5.079271 3.218390 -3.693006
v 6.456197 4.595314 -2.156250
v 6.456197 4.595314 -2.156250
v 5.508032 4.243800 -2.959475
v 5.508032 4.243800 -2.959475
v 5.529282 4.227632 -2.978851
v 6.159765 4.141322 -2.978851
v 6.351837 4.099699 1.368166
v 5.570950 3.318812 1.368166
v 6.266507 4.064354 1.368166
v 5.332826 4.064354 1.368166
v 5.609491 4.334755 -1.581169
v 6.523470 3.218392 -2.156250
v 6.523470 3.218392 -2.156250
v 6.523469 3.218393 -3.693006
v 6.523469 3.218393 -3.693006
v 6.174079 3.577756 -2.961769
v 6.174079 3.577756 -2.961769
v 6.156470 3.600481 -2.979098
v 6.070120 3.514131 -2.979098
v 6.092844 3.496522 -2.962610
v 6.092844 3.496522 -2.962610
v 6.092844 3.496522 -3.693006
v 6.092844 3.496522 -3.693006
v 6.174079 3.577757 -3.693006
v 6.174079 3.577757 -3.693006
v 5.335894 4.061157 -1.581169
v 5.332826 3.677611 1.368166
v 4.093870 5.983511 -3.284406
v 4.093870 5.983511 -3.284406
v 3.932028 6.145353 -3.284406
v 3.932028 6.145353 -3.284406
v 3.757382 5.723551 -3.697419
v 3.757382 5.723551 -3.697419
v 3.757382 5.723551 -3.335200
v 3.757382 5.723551 -3.335200
v 3.703150 6.145353 -3.284406
v 3.703150 6.145353 -3.284406
v 3.678645 6.204515 -3.284406
v 3.889522 6.042565 -3.697419
v 3.889522 6.042565 -3.697419
v 3.889522 6.042565 -3.697419
v 3.889522 6.042565 -3.697419
v 3.889522 6.042565 -3.697419
v 3.991164 5.940923 -3.697419
v 3.991164 5.940923 -3.697419
v 3.991164 5.940923 -3.697419
v 3.991164 5.940923 -3.697419
v 3.991164 5.940923 -3.697419
v 3.757432 6.014431 -3.697419
v 3.757432 6.014431 -3.697419
v 3.757432 6.014431 -3.335200
v 3.757432 6.014431 -3.335200
v 3.732060 5.662587 -3.697419
v 3.732060 5.662587 -3.697419
v 3.672270 5.929270 -3.697419
v 3.672270 5.929270 -3.697419
v 3.672270 5.929270 -3.335200
v 3.672270 5.929270 -3.335200
v 3.745779 5.695539 -3.697419
v 3.745779 5.695539 -3.697419
v 3.745779 5.695539 -3.697419
v 3.745779 5.695539 -3.697419
v 3.745779 5.695539 -3.697419
v 3.903119 5.662587 -3.697419
v 3.903119 5.662587 -3.697419
v 3.903119 6.075558 -3.697419
v 3.903119 6.075558 -3.697419
v 3.732060 6.075558 -3.697419
v 3.732060 6.075558 -3.697419
v 3.611104 5.783543 -3.697419
v 3.611104 5.783543 -3.697419
v 4.024075 5.954601 -3.697419
v 4.024075 5.954601 -3.697419
v 4.153030 6.008017 -3.284406
v 3.964351 5.929817 -3.697419
v 3.964351 5.929817 -3.697419
v 3.964351 5.929817 -3.335200
v 3.964351 5.929817 -3.335200
v 3.541308 5.754633 -3.284406
v 3.703150 5.592792 -3.284406
v 3.889522 5.695538 -3.341907
v 3.889522 5.695538 -3.341907
v 3.889522 5.695538 -3.697419
v 3.889522 5.695538 -3.697419
v 3.889522 5.695538 -3.697419
v 3.889522 5.695538 -3.697419
v 3.889522 5.695538 -3.697419
v 3.878416 6.015752 -3.697419
v 3.878416 6.015752 -3.697419
v 3.965466 5.807825 -3.697419
v 3.965466 5.807825 -3.697419
v 3.878877 5.721236 -3.697419
v 3.878877 5.721236 -3.697419
v 3.672150 5.808783 -3.697419
v 3.672150 5.808783 -3.697419
v 3.745779 6.042565 -3.697419
v 3.745779 6.042565 -3.697419
v 3.745779 6.042565 -3.697419
v 3.745779 6.042565 -3.697419
v 3.745779 6.042565 -3.697419
v 3.745779 6.042565 -3.335200
v 3.745779 6.042565 -3.335200
v 3.889522 6.042565 -3.335200
v 3.889522 6.042565 -3.335200
v 3.878416 6.015752 -3.335200
v 3.878416 6.015752 -3.335200
v 3.745779 5.695539 -3.335200
v 3.745779 5.695539 -3.335200
v 3.991164 5.797180 -3.697419
v 3.991164 5.797180 -3.697419
v 3.991164 5.797180 -3.697419
v 3.991164 5.797180 -3.697419
v 3.991164 5.797180 -3.697419
v 3.878877 5.721236 -3.341907
v 3.878877 5.721236 -3.341907
v 3.672150 5.808783 -3.335200
v 3.672150 5.808783 -3.335200
v 3.965466 5.807825 -3.341907
v 3.965466 5.807825 -3.341907
v 3.588263 5.315428 -1.849070
v 3.263945 5.639745 -1.849070
v 3.263945 6.098399 -1.849070
v 4.046916 6.422716 -1.849070
v 4.371234 6.098399 -1.849070
v 3.588263 6.422716 -1.581169
v 4.046916 6.422716 -1.581169
v 4.011052 5.402011 -1.581169
v 3.624126 5.402011 -1.581169
v 3.350528 5.675609 -1.581169
v 4.272882 5.682409 0.925454
v 4.004251 5.413778 0.925454
v 3.624350 6.330943 0.925454
v 4.004251 6.330943 0.925454
v 4.272883 6.062312 1.057855
v 4.272882 5.682409 1.057855
v 4.004251 5.413778 1.057855
v 3.624350 5.413778 1.057855
v 3.355718 6.062312 1.057855
v 3.624350 6.330943 1.057855
v 3.585585 6.424531 1.057855
v 4.043017 6.424531 1.057855
v 4.366471 6.101078 1.057855
v 4.004659 6.320699 -1.849070
v 4.269216 6.056142 -1.849070
v 3.630520 6.320698 -1.849070
v 3.365963 6.056142 -1.849070
v 4.269216 5.682003 -1.849070
v 4.371234 5.639745 -1.849070
v 4.046916 5.315428 -1.849070
v 4.371234 6.098399 -1.581169
v 4.371234 5.639745 -1.581169
v 3.263945 5.639745 -1.581169
v 3.263945 6.098399 -1.581169
v 4.046916 5.315427 -1.581169
v 4.020018 6.369007 0.925454
v 4.310946 6.078078 0.925454
v 4.367487 6.503511 0.529046
v 4.367487 6.503511 0.529046
v 4.367487 6.503511 -0.515931
v 4.367487 6.503511 -0.515931
v 4.111546 6.262854 0.809306
v 4.111546 6.262855 -0.285480
v 3.261348 6.503448 -0.515931
v 3.261348 6.503448 -0.515931
v 3.261348 6.503448 0.529046
v 3.261348 6.503448 0.529046
v 4.445749 6.425249 -0.515931
v 4.445749 6.425249 -0.515931
v 4.445749 6.425249 0.529046
v 4.445749 6.425249 0.529046
v 3.183211 6.425311 -0.515931
v 3.183211 6.425311 -0.515931
v 3.183211 6.425311 0.529046
v 3.183211 6.425311 0.529046
v 4.204821 6.169579 -0.285480
v 4.204821 6.169578 0.809306
v 3.423111 6.168892 -0.293556
v 3.423111 6.168891 0.817352
v 3.517761 6.263541 0.817352
v 3.517761 6.263541 -0.293556
v 4.366471 5.643644 1.057855
v 4.043017 5.320190 1.057855
v 3.585585 5.320190 1.057855
v 3.262130 5.643644 1.057855
v 3.262131 6.101078 1.057855
v 4.366471 5.643644 1.368166
v 4.043017 5.320190 1.368166
v 3.262130 5.643644 1.368166
v 3.262131 6.101078 1.368166
v 3.585585 6.424531 1.368166
v 4.043017 6.424531 1.368166
v 4.281141 5.678988 1.368166
v 4.007672 5.405519 1.368166
v 3.620929 5.405519 1.368166
v 3.620929 6.339201 1.368166
v 4.007672 6.339201 1.368166
v 4.004251 6.330943 1.057855
v 3.355718 5.682409 1.057855
v 4.272883 6.062312 0.925454
v 3.355718 6.062312 0.925454
v 3.355718 5.682409 0.925454
v 3.624350 5.413778 0.925454
v 3.608584 6.369007 0.925454
v 3.317656 6.078078 0.925454
v 3.317655 5.666643 0.925454
v 3.608584 5.375715 0.925454
v 4.020018 5.375715 0.925454
v 4.310946 5.666643 0.925454
v 4.205528 5.575814 0.817598
v 4.110837 5.481124 0.817598
v 3.183148 5.319172 -0.515931
v 3.183148 5.319172 -0.515931
v 3.183148 5.319172 0.529046
v 3.183148 5.319172 0.529046
v 3.423760 5.575145 -0.285926
v 3.423760 5.575144 0.809750
v 3.517111 5.481793 -0.285926
v 3.517111 5.481793 0.809750
v 3.261410 5.240910 -0.515931
v 3.261410 5.240910 -0.515931
v 4.011052 6.336133 -1.581169
v 4.284651 6.062535 -1.581169
v 3.261410 5.240910 0.529046
v 3.261410 5.240910 0.529046
v 4.205528 5.575814 -0.293802
v 4.110837 5.481124 -0.293802
v 4.367550 5.240972 0.529046
v 4.367550 5.240972 0.529046
v 4.445686 5.319109 0.529046
v 4.445686 5.319109 0.529046
v 3.588263 5.315428 -1.581169
v 3.588263 6.422716 -1.849070
v 3.644137 5.797180 -3.335200
v 3.644137 5.797180 -3.335200
v 3.644137 5.797180 -3.697419
v 3.644137 5.797180 -3.697419
v 3.644137 5.797180 -3.697419
v 3.644137 5.797180 -3.697419
v 3.644137 5.797180 -3.697419
v 3.524524 5.497903 -2.961769
v 3.524524 5.497903 -2.961769
v 3.443290 5.579137 -2.962610
v 3.443290 5.579137 -2.962610
v 3.547249 5.515512 -1.867698
v 3.524524 5.497903 -1.917634
v 3.460899 5.601862 -2.979098
v 3.547249 5.515512 -2.979098
v 3.991164 5.797180 -3.341907
v 3.991164 5.797180 -3.341907
v 3.644137 5.940923 -3.697419
v 3.644137 5.940923 -3.697419
v 3.644137 5.940923 -3.697419
v 3.644137 5.940923 -3.697419
v 3.644137 5.940923 -3.697419
v 4.109337 6.245181 -2.961397
v 4.109337 6.245181 -2.961397
v 4.109337 6.245181 -3.693006
v 4.109337 6.245181 -3.693006
v 4.190568 6.163950 -2.959475
v 4.190568 6.163950 -2.959475
v 3.644137 5.940923 -3.335200
v 3.644137 5.940923 -3.335200
v 3.932028 5.592791 -3.284406
v 3.443290 5.579137 -1.917634
v 3.460899 5.601862 -1.867698
v 3.165161 5.148513 -2.156250
v 3.165161 5.148513 -2.156250
v 3.165161 5.148513 -3.693006
v 3.165161 5.148513 -3.693006
v 4.190568 6.163950 -3.693006
v 4.190568 6.163950 -3.693006
v 4.093870 5.754633 -3.284406
v 3.541308 5.983511 -3.284406
v 3.541308 5.983511 -3.284406
v 4.470830 6.596692 -3.693006
v 4.470830 6.596692 -3.693006
v 4.542086 6.525438 -3.693006
v 4.542086 6.525438 -3.693006
v 4.024075 5.783543 -3.697419
v 4.024075 5.783543 -3.697419
v 3.482147 6.008017 -3.284406
v 3.611104 5.954601 -3.697419
v 3.611104 5.954601 -3.697419
v 3.956534 6.204515 -3.284406
v 3.991164 5.940923 -3.335200
v 3.991164 5.940923 -3.335200
v 4.174399 6.142700 -1.867944
v 4.190568 6.163950 -1.916421
v 4.542086 6.525437 -2.156250
v 4.542086 6.525437 -2.156250
v 3.441435 6.163947 -3.693006
v 3.441435 6.163947 -3.693006
v 3.089923 6.525441 -3.693006
v 3.089923 6.525441 -3.693006
v 3.441435 6.163947 -1.916421
v 3.457604 6.142697 -1.867943
v 3.522666 6.245179 -3.693006
v 3.522666 6.245179 -3.693006
v 3.161179 6.596696 -3.693006
v 3.161179 6.596696 -3.693006
v 3.522666 6.245178 -1.916421
v 3.543916 6.229010 -1.867944
v 4.445686 5.319109 -0.515931
v 4.445686 5.319109 -0.515931
v 4.367550 5.240972 -0.515931
v 4.367550 5.240972 -0.515931
v 3.161179 6.596696 -2.156250
v 3.161179 6.596696 -2.156250
v 4.284651 5.675609 -1.581169
v 3.365963 5.682003 -1.849070
v 3.630520 5.417446 -1.849070
v 4.004659 5.417446 -1.849070
v 4.466848 5.148516 -2.156250
v 4.466848 5.148516 -2.156250
v 4.466847 5.148516 -3.693006
v 4.466847 5.148516 -3.693006
v 4.084754 5.515509 -1.867698
v 4.107479 5.497900 -1.917634
v 4.171105 5.601859 -1.867698
v 4.188714 5.579134 -1.917634
v 3.457604 6.142697 -2.978851
v 3.441435 6.163947 -2.961397
v 3.441435 6.163947 -2.961397
v 3.443290 5.579137 -3.693006
v 3.443290 5.579137 -3.693006
v 3.524524 5.497903 -3.693006
v 3.524524 5.497903 -3.693006
v 3.093906 5.219768 -2.156250
v 3.093906 5.219768 -2.156250
v 4.088086 6.229012 -2.978851
v 4.109338 6.245181 -1.916421
v 4.088087 6.229012 -1.867944
v 3.089923 6.525441 -2.156250
v 3.089923 6.525441 -2.156250
v 3.093906 5.219768 -3.693006
v 3.093906 5.219768 -3.693006
v 4.470831 6.596692 -2.156250
v 4.470831 6.596692 -2.156250
v 3.522666 6.245178 -2.959475
v 3.522666 6.245178 -2.959475
v 3.543916 6.229010 -2.978851
v 4.174399 6.142700 -2.978851
v 4.366471 6.101078 1.368166
v 3.585585 5.320190 1.368166
v 4.281141 6.065732 1.368166
v 3.347460 6.065732 1.368166
v 3.624126 6.336134 -1.581169
v 4.538104 5.219770 -2.156250
v 4.538104 5.219770 -2.156250
v 4.538103 5.219771 -3.693006
v 4.538103 5.219771 -3.693006
v 4.188713 5.579135 -2.961769
v 4.188713 5.579135 -2.961769
v 4.171104 5.601859 -2.979098
v 4.084754 5.515509 -2.979098
v 4.107478 5.497900 -2.962610
v 4.107478 5.497900 -2.962610
v 4.107478 5.497900 -3.693006
v 4.107478 5.497900 -3.693006
v 4.188713 5.579135 -3.693006
v 4.188713 5.579135 -3.693006
v 3.350528 6.062535 -1.581169
v 3.347460 5.678989 1.368166
v -6.079238 3.982133 -3.284406
v -6.079238 3.982133 -3.284406
v -5.917396 4.143975 -3.284406
v -5.917396 4.143975 -3.284406
v -5.742749 3.722173 -3.697419
v -5.742749 3.722173 -3.697419
v -5.742749 3.722173 -3.335200
v -5.742749 3.722173 -3.335200
v -5.688517 4.143975 -3.284406
v -5.688517 4.143975 -3.284406
v -5.664012 4.203136 -3.284406
v -5.874889 4.041187 -3.697419
v -5.874889 4.041187 -3.697419
v -5.874889 4.041187 -3.697419
v -5.874889 4.041187 -3.697419
v -5.874889 4.041187 -3.697419
v -5.976531 3.939545 -3.697419
v -5.976531 3.939545 -3.697419
v -5.976531 3.939545 -3.697419
v -5.976531 3.939545 -3.697419
v -5.976531 3.939545 -3.697419
v -5.742799 4.013053 -3.697419
v -5.742799 4.013053 -3.697419
v -5.742799 4.013053 -3.335200
v -5.742799 4.013053 -3.335200
v -5.717428 3.661208 -3.697419
v -5.717428 3.661208 -3.697419
v -5.657638 3.927891 -3.697419
v -5.657638 3.927891 -3.697419
v -5.657638 3.927891 -3.335200
v -5.657638 3.927891 -3.335200
v -5.731146 3.694160 -3.697419
v -5.731146 3.694160 -3.697419
v -5.731146 3.694160 -3.697419
v -5.731146 3.694160 -3.697419
v -5.731146 3.694160 -3.697419
v -5.888486 3.661208 -3.697419
v -5.888486 3.661208 -3.697419
v -5.888486 4.074180 -3.697419
v -5.888486 4.074180 -3.697419
v -5.717428 4.074180 -3.697419
v -5.717428 4.074180 -3.697419
v -5.596471 3.782165 -3.697419
v -5.596471 3.782165 -3.697419
v -6.009442 3.953223 -3.697419
v -6.009442 3.953223 -3.697419
v -6.138398 4.006639 -3.284406
v -5.949718 3.928439 -3.697419
v -5.949718 3.928439 -3.697419
v -5.949718 3.928439 -3.335200
v -5.949718 3.928439 -3.335200
v -5.526675 3.753255 -3.284406
v -5.688518 3.591413 -3.284406
v -5.874889 3.694160 -3.341907
v -5.874889 3.694160 -3.341907
v -5.874889 3.694160 -3.697419
v -5.874889 3.694160 -3.697419
v -5.874889 3.694160 -3.697419
v -5.874889 3.694160 -3.697419
v -5.874889 3.694160 -3.697419
v -5.863783 4.014374 -3.697419
v -5.863783 4.014374 -3.697419
v -5.950833 3.806446 -3.697419
v -5.950833 3.806446 -3.697419
v -5.864244 3.719858 -3.697419
v -5.864244 3.719858 -3.697419
v -5.657517 3.807405 -3.697419
v -5.657517 3.807405 -3.697419
v -5.731146 4.041187 -3.697419
v -5.731146 4.041187 -3.697419
v -5.731146 4.041187 -3.697419
v -5.731146 4.041187 -3.697419
v -5.731146 4.041187 -3.697419
v -5.731146 4.041187 -3.335200
v -5.731146 4.041187 -3.335200
v -5.874889 4.041186 -3.335200
v -5.874889 4.041186 -3.335200
v -5.863783 4.014374 -3.335200
v -5.863783 4.014374 -3.335200
v -5.731146 3.694160 -3.335200
v -5.731146 3.694160 -3.335200
v -5.976531 3.795802 -3.697419
v -5.976531 3.795802 -3.697419
v -5.976531 3.795802 -3.697419
v -5.976531 3.795802 -3.697419
v -5.976531 3.795802 -3.697419
v -5.864244 3.719858 -3.341907
v -5.864244 3.719858 -3.341907
v -5.657517 3.807405 -3.335200
v -5.657517 3.807405 -3.335200
v -5.950833 3.806446 -3.341907
v -5.950833 3.806446 -3.341907
v -5.573630 3.314049 -1.849070
v -5.249312 3.638367 -1.849070
v -5.249312 4.097021 -1.849070
v -6.032284 4.421338 -1.849070
v -6.356602 4.097021 -1.849070
v -5.573630 4.421338 -1.581169
v -6.032284 4.421338 -1.581169
v -5.996420 3.400633 -1.581169
v -5.609493 3.400633 -1.581169
v -5.335896 3.674231 -1.581169
v -6.258250 3.681031 0.925454
v -5.989619 3.412400 0.925454
v -5.609717 4.329565 0.925454
v -5.989619 4.329565 0.925454
v -6.258251 4.060934 1.057855
v -6.258250 3.681031 1.057855
v -5.989619 3.412400 1.057855
v -5.609717 3.412400 1.057855
v -5.341085 4.060934 1.057855
v -5.609717 4.329565 1.057855
v -5.570952 4.423153 1.057855
v -6.028385 4.423153 1.057855
v -6.351839 4.099699 1.057855
v -5.990026 4.319320 -1.849070
v -6.254583 4.054764 -1.849070
v -5.615887 4.319320 -1.849070
v -5.351331 4.054763 -1.849070
v -6.254583 3.680624 -1.849070
v -6.356602 3.638367 -1.849070
v -6.032284 3.314049 -1.849070
v -6.356602 4.097021 -1.581169
v -6.356602 3.638367 -1.581169
v -5.249312 3.638367 -1.581169
v -5.249312 4.097021 -1.581169
v -6.032284 3.314049 -1.581169
v -6.005385 4.367628 0.925454
v -6.296314 4.076700 0.925454
v -6.352855 4.502132 0.529046
v -6.352855 4.502132 0.529046
v -6.352855 4.502132 -0.515931
v -6.352855 4.502132 -0.515931
v -6.096913 4.261476 0.809306
v -6.096913 4.261476 -0.285480
v -5.246716 4.502070 -0.515931
v -5.246716 4.502070 -0.515931
v -5.246716 4.502070 0.529046
v -5.246716 4.502070 0.529046
v -6.431117 4.423871 -0.515931
v -6.431117 4.423871 -0.515931
v -6.431117 4.423871 0.529046
v -6.431117 4.423871 0.529046
v -5.168578 4.423933 -0.515931
v -5.168578 4.423933 -0.515931
v -5.168578 4.423933 0.529046
v -5.168578 4.423933 0.529046
v -6.190188 4.168200 -0.285480
v -6.190188 4.168200 0.809306
v -5.408479 4.167514 -0.293556
v -5.408479 4.167513 0.817352
v -5.503128 4.262163 0.817352
v -5.503128 4.262163 -0.293556
v -6.351839 3.642266 1.057855
v -6.028385 3.318812 1.057855
v -5.570952 3.318812 1.057855
v -5.247498 3.642266 1.057855
v -5.247498 4.099699 1.057855
v -6.351839 3.642266 1.368166
v -6.028385 3.318812 1.368166
v -5.247498 3.642266 1.368166
v -5.247498 4.099699 1.368166
v -5.570952 4.423153 1.368166
v -6.028385 4.423153 1.368166
v -6.266509 3.677610 1.368166
v -5.993040 3.404141 1.368166
v -5.606297 3.404141 1.368166
v -5.606297 4.337823 1.368166
v -5.993040 4.337823 1.368166
v -5.989619 4.329565 1.057855
v -5.341085 3.681031 1.057855
v -6.258251 4.060934 0.925454
v -5.341085 4.060934 0.925454
v -5.341085 3.681031 0.925454
v -5.609717 3.412400 0.925454
v -5.593951 4.367628 0.925454
v -5.303023 4.076700 0.925454
v -5.303022 3.665265 0.925454
v -5.593951 3.374337 0.925454
v -6.005385 3.374337 0.925454
v -6.296314 3.665265 0.925454
v -6.190896 3.574436 0.817598
v -6.096205 3.479745 0.817598
v -5.168515 3.317793 -0.515931
v -5.168515 3.317793 -0.515931
v -5.168515 3.317793 0.529046
v -5.168515 3.317793 0.529046
v -5.409127 3.573766 -0.285926
v -5.409127 3.573766 0.809750
v -5.502479 3.480415 -0.285926
v -5.502479 3.480415 0.809750
v -5.246778 3.239531 -0.515931
v -5.246778 3.239531 -0.515931
v -5.996420 4.334755 -1.581169
v -6.270019 4.061157 -1.581169
v -5.246778 3.239531 0.529046
v -5.246778 3.239531 0.529046
v -6.190896 3.574436 -0.293802
v -6.096205 3.479745 -0.293802
v -6.352918 3.239593 0.529046
v -6.352918 3.239593 0.529046
v -6.431054 3.317730 0.529046
v -6.431054 3.317730 0.529046
v -5.573630 3.314049 -1.581169
v -5.573630 4.421338 -1.849070
v -5.629504 3.795802 -3.335200
v -5.629504 3.795802 -3.335200
v -5.629504 3.795802 -3.697419
v -5.629504 3.795802 -3.697419
v -5.629504 3.795802 -3.697419
v -5.629504 3.795802 -3.697419
v -5.629504 3.795802 -3.697419
v -5.509892 3.496524 -2.961769
v -5.509892 3.496524 -2.961769
v -5.428657 3.577759 -2.962610
v -5.428657 3.577759 -2.962610
v -5.532617 3.514133 -1.867698
v -5.509892 3.496524 -1.917634
v -5.446266 3.600484 -2.979098
v -5.532617 3.514133 -2.979098
v -5.976531 3.795802 -3.341907
v -5.976531 3.795802 -3.341907
v -5.629504 3.939545 -3.697419
v -5.629504 3.939545 -3.697419
v -5.629504 3.939545 -3.697419
v -5.629504 3.939545 -3.697419
v -5.629504 3.939545 -3.697419
v -6.094705 4.243803 -2.961397
v -6.094705 4.243803 -2.961397
v -6.094705 4.243803 -3.693006
v -6.094705 4.243803 -3.693006
v -6.175936 4.162572 -2.959475
v -6.175936 4.162572 -2.959475
v -5.629504 3.939545 -3.335200
v -5.629504 3.939545 -3.335200
v -5.917396 3.591413 -3.284406
v -5.428657 3.577759 -1.917634
v -5.446266 3.600483 -1.867698
v -5.150528 3.147134 -2.156250
v -5.150528 3.147134 -2.156250
v -5.150528 3.147135 -3.693006
v -5.150528 3.147135 -3.693006
v -6.175936 4.162572 -3.693006
v -6.175936 4.162572 -3.693006
v -6.079238 3.753255 -3.284406
v -5.526675 3.982133 -3.284406
v -5.526675 3.982133 -3.284406
v -6.456198 4.595314 -3.693006
v -6.456198 4.595314 -3.693006
v -6.527453 4.524059 -3.693006
v -6.527453 4.524059 -3.693006
v -6.009442 3.782165 -3.697419
v -6.009442 3.782165 -3.697419
v -5.467515 4.006639 -3.284406
v -5.596471 3.953223 -3.697419
v -5.596471 3.953223 -3.697419
v -5.941901 4.203136 -3.284406
v -5.976531 3.939545 -3.335200
v -5.976531 3.939545 -3.335200
v -6.159767 4.141322 -1.867944
v -6.175936 4.162571 -1.916421
v -6.527453 4.524059 -2.156250
v -6.527453 4.524059 -2.156250
v -5.426803 4.162569 -3.693006
v -5.426803 4.162569 -3.693006
v -5.075291 4.524063 -3.693006
v -5.075291 4.524063 -3.693006
v -5.426803 4.162569 -1.916421
v -5.442972 4.141319 -1.867943
v -5.508034 4.243800 -3.693006
v -5.508034 4.243800 -3.693006
v -5.146546 4.595318 -3.693006
v -5.146546 4.595318 -3.693006
v -5.508034 4.243800 -1.916421
v -5.529284 4.227631 -1.867944
v -6.431054 3.317730 -0.515931
v -6.431054 3.317730 -0.515931
v -6.352918 3.239593 -0.515931
v -6.352918 3.239593 -0.515931
v -5.146546 4.595317 -2.156250
v -5.146546 4.595317 -2.156250
v -6.270019 3.674231 -1.581169
v -5.351331 3.680624 -1.849070
v -5.615887 3.416068 -1.849070
v -5.990026 3.416068 -1.849070
v -6.452216 3.147137 -2.156250
v -6.452216 3.147137 -2.156250
v -6.452215 3.147138 -3.693006
v -6.452215 3.147138 -3.693006
v -6.070122 3.514130 -1.867698
v -6.092847 3.496522 -1.917634
v -6.156473 3.600481 -1.867698
v -6.174082 3.577756 -1.917634
v -5.442972 4.141319 -2.978851
v -5.426803 4.162569 -2.961397
v -5.426803 4.162569 -2.961397
v -5.428657 3.577759 -3.693006
v -5.428657 3.577759 -3.693006
v -5.509892 3.496525 -3.693006
v -5.509892 3.496525 -3.693006
v -5.079273 3.218389 -2.156250
v -5.079273 3.218389 -2.156250
v -6.073454 4.227633 -2.978851
v -6.094706 4.243803 -1.916421
v -6.073455 4.227633 -1.867944
v -5.075291 4.524063 -2.156250
v -5.075291 4.524063 -2.156250
v -5.079273 3.218390 -3.693006
v -5.079273 3.218390 -3.693006
v -6.456199 4.595314 -2.156250
v -6.456199 4.595314 -2.156250
v -5.508034 4.243800 -2.959475
v -5.508034 4.243800 -2.959475
v -5.529284 4.227632 -2.978851
v -6.159767 4.141322 -2.978851
v -6.351839 4.099699 1.368166
v -5.570952 3.318812 1.368166
v -6.266509 4.064354 1.368166
v -5.332828 4.064354 1.368166
v -5.609493 4.334755 -1.581169
v -6.523472 3.218392 -2.156250
v -6.523472 3.218392 -2.156250
v -6.523471 3.218393 -3.693006
v -6.523471 3.218393 -3.693006
v -6.174081 3.577756 -2.961769
v -6.174081 3.577756 -2.961769
v -6.156472 3.600481 -2.979098
v -6.070122 3.514131 -2.979098
v -6.092846 3.496522 -2.962610
v -6.092846 3.496522 -2.962610
v -6.092846 3.496522 -3.693006
v -6.092846 3.496522 -3.693006
v -6.174081 3.577757 -3.693006
v -6.174081 3.577757 -3.693006
v -5.335896 4.061157 -1.581169
v -5.332828 3.677611 1.368166
v -0.123070 5.979490 0.484369
v -0.270465 5.979490 0.335221
v 0.235767 5.979490 0.338213
v 0.086618 5.979490 0.485609
v 0.235767 5.903992 0.338213
v 0.086618 5.903992 0.485609
v -0.123070 5.903992 0.484369
v 0.089611 5.980827 -0.020623
v -0.120078 5.980827 -0.021863
v 1.087675 6.744782 0.388787
v 1.087675 6.744782 0.388787
v 0.723548 6.887046 0.122687
v -0.755980 6.887046 0.260238
v -1.121902 6.747910 0.495888
v -1.121902 6.747910 0.495888
v 0.089283 6.952294 0.070318
v 0.237129 6.946846 0.094357
v -0.268507 6.946846 -0.027287
v -0.119891 6.952294 -0.047662
v 1.088112 6.403197 0.285574
v 1.088071 6.312011 0.296480
v 1.086901 6.136530 0.456460
v 1.086841 6.174678 0.447467
v -1.121773 6.237747 0.420978
v -1.121733 6.311592 0.406830
v 1.088015 6.238940 0.311284
v 1.087929 6.171575 0.332243
v 1.087836 6.127645 0.349799
v 1.086911 6.312363 0.415781
v 1.086968 6.403197 0.406936
v -1.120577 6.311218 0.289474
v -1.120536 6.403197 0.277628
v -1.121706 6.497870 0.397318
v -1.121676 6.403197 0.397822
v 1.086818 6.599460 0.439952
v 1.086908 6.568485 0.430739
v -1.120570 6.570406 0.284714
v -1.120660 6.611945 0.296181
v 1.086741 6.662355 0.461447
v -1.120738 6.674840 0.333681
v 1.086742 6.735787 0.491914
v 1.086742 6.735787 0.491914
v -0.754890 6.887046 0.117369
v -0.511618 6.916946 0.011285
v 0.237288 5.980827 0.050120
v 0.237288 5.980827 0.050120
v 0.237288 5.980827 0.050120
v 0.237891 5.980827 -0.070411
v 0.237891 5.980827 -0.070411
v 0.237891 5.980827 -0.070411
v 0.479872 6.916946 0.158078
v 0.237891 5.903992 -0.070411
v 0.237891 5.903992 -0.070411
v 0.480881 5.988218 -0.030090
v 0.480719 6.916946 0.014855
v 0.723710 5.995610 0.077743
v 0.723710 5.995610 0.077743
v 0.089961 5.980827 -0.091853
v -0.270465 5.903992 0.335221
v -0.268944 5.980827 0.047128
v -0.268944 5.980827 0.047128
v -0.268944 5.980827 0.047128
v 0.722613 5.995610 0.222492
v 0.722613 5.995610 0.222492
v -0.268345 5.903992 -0.072232
v -0.268345 5.903992 -0.072232
v -0.119729 5.980827 -0.092607
v -0.268345 5.980827 -0.072232
v -0.268345 5.980827 -0.072232
v -0.268345 5.980827 -0.072232
v 0.722454 6.887046 0.266728
v 0.480031 5.988218 0.113841
v 0.237729 6.946846 -0.025466
v -0.754728 5.995610 0.072424
v -1.120812 6.107581 0.365600
v -1.120812 6.107581 0.365600
v -0.755821 5.995610 0.216002
v -1.121743 6.117047 0.451530
v -1.121743 6.117047 0.451530
v -0.512302 5.988218 0.109100
v -0.512461 6.916946 0.153337
v -0.269103 6.946846 0.091364
v -1.120973 6.757268 0.399241
v -1.120973 6.757268 0.399241
v -0.120405 6.952294 0.069078
v 0.089799 6.952294 -0.046908
v -1.121803 6.167872 0.439813
v -1.120719 6.164566 0.332593
v -1.120633 6.236682 0.306011
v 1.086871 6.239940 0.429624
v -1.120540 6.497870 0.278604
v 1.086938 6.497654 0.417054
v 1.088108 6.497654 0.286817
v 1.088078 6.568485 0.295031
v -1.121736 6.570406 0.403931
v 1.087988 6.599460 0.306255
v -1.121826 6.611945 0.418518
v 1.087911 6.662355 0.341626
v -1.121903 6.674840 0.452330
v -0.511456 5.988218 -0.033660
v -0.673265 2.594408 2.714595
v -0.428188 2.593378 2.714450
v -0.215437 2.715013 2.714374
v -0.092018 2.926721 2.714386
v -0.091000 3.171775 2.714486
v -0.212658 3.384514 2.714644
v -0.424392 3.507934 2.714820
v -0.669468 3.508964 2.714966
v -0.882219 3.387329 2.715042
v -1.005638 3.175621 2.715029
v -1.006656 2.930566 2.714929
v -0.884999 2.717828 2.714771
v -0.685320 2.550149 2.716763
v -0.416467 2.549026 2.716581
v -0.183072 2.682481 2.716435
v -0.047673 2.914753 2.716365
v -0.046550 3.183607 2.716389
v -0.180004 3.417003 2.716500
v -0.412275 3.552402 2.716669
v -0.681128 3.553525 2.716852
v -0.914523 3.420071 2.716999
v -1.049922 3.187798 2.717068
v -1.051046 2.918945 2.717045
v -0.917593 2.685549 2.716933
v -0.650949 2.675523 3.021796
v -0.449640 2.674682 3.021659
v -0.274881 2.774609 3.021550
v -0.173499 2.948527 3.021496
v -0.172658 3.149836 3.021514
v -0.272584 3.324595 3.021598
v -0.446501 3.425978 3.021725
v -0.647810 3.426819 3.021862
v -0.822569 3.326893 3.021971
v -0.923951 3.152974 3.022023
v -0.924793 2.951665 3.022006
v -0.824867 2.776906 3.021923
v -0.643920 2.701348 3.012630
v -0.456458 2.700565 3.012503
v -0.293720 2.793618 3.012400
v -0.199311 2.955574 3.012351
v -0.198527 3.143036 3.012368
v -0.291580 3.305775 3.012446
v -0.453535 3.400184 3.012565
v -0.640997 3.400967 3.012691
v -0.803735 3.307914 3.012793
v -0.898144 3.145958 3.012842
v -0.898927 2.958496 3.012825
v -0.805875 2.795758 3.012748
v -0.995433 2.933416 2.512781
v -0.876775 2.726099 2.512246
v -0.670305 2.605799 2.511935
v -0.874186 3.378467 2.513929
v -0.994486 3.172199 2.513397
v -0.666769 3.496951 2.514234
v -0.427811 3.495902 2.514231
v -0.221341 3.375602 2.513921
v -0.102683 3.168285 2.513387
v -0.223929 2.723234 2.512238
v -0.103630 2.929502 2.512771
v -0.431347 2.604751 2.511932
v -1.002567 2.931704 2.449495
v -0.882012 2.721074 2.448952
v -0.672242 2.598851 2.448637
v -0.879382 3.383867 2.450662
v -1.001604 3.174303 2.450121
v -0.668650 3.504244 2.450972
v -0.425874 3.503178 2.450969
v -0.216104 3.380956 2.450654
v -0.095549 3.170326 2.450111
v -0.218733 2.718163 2.448944
v -0.096512 2.927727 2.449485
v -0.429466 2.597786 2.448634
v -1.007116 2.930821 2.328360
v -0.885352 2.718079 2.327811
v -0.673478 2.594630 2.327493
v -1.006144 3.175854 2.328993
v -0.882696 3.387521 2.329539
v -0.669850 3.509105 2.329852
v -0.424638 3.508029 2.329850
v -0.212764 3.384580 2.329531
v -0.091000 3.171838 2.328982
v -0.091972 2.926805 2.328351
v -0.215420 2.715138 2.327804
v -0.428266 2.593554 2.327491
v -0.896414 3.401074 2.433006
v -1.028604 3.181571 2.432317
v -1.028604 3.181571 2.432317
v -0.674818 3.527853 2.360485
v -0.896414 3.401264 2.360157
v -0.201698 2.701232 2.358353
v -0.069378 2.920702 2.359405
v -0.069378 2.920702 2.359405
v -0.437843 2.629130 2.604071
v -0.241872 2.741075 2.604360
v -0.856233 3.360356 2.536270
v -0.973195 3.166429 2.535862
v -0.973195 3.166429 2.535862
v -0.068363 3.177392 2.432320
v -0.198933 3.398017 2.432999
v -0.201698 2.701043 2.431201
v -0.069378 2.920514 2.431657
v -0.678595 2.575768 2.358029
v -0.423298 2.574647 2.358027
v -0.434502 3.471102 2.606242
v -0.660273 3.472093 2.606245
v -1.028895 2.924692 2.431655
v -1.028895 2.924692 2.431655
v -0.124746 2.935163 2.604731
v -0.124746 2.935163 2.604731
v -0.123848 3.162333 2.605317
v -0.123848 3.162333 2.605317
v -0.973451 2.939080 2.604727
v -0.973451 2.939080 2.604727
v -0.973195 3.166249 2.605313
v -0.973195 3.166249 2.605313
v -0.068363 3.177580 2.360068
v -0.068363 3.177580 2.360068
v -0.198933 3.398207 2.360151
v -0.899049 2.704100 2.431207
v -0.678595 2.575578 2.430878
v -0.423298 2.574458 2.430875
v -0.437843 2.629311 2.534387
v -0.241872 2.741256 2.534676
v -0.663614 2.630301 2.534389
v -0.042731 3.135846 2.604044
v -0.001716 3.135711 2.604043
v -0.973451 2.939260 2.535275
v -0.973451 2.939260 2.535275
v -0.001750 3.147549 2.362524
v -0.001813 2.949585 2.362013
v -0.001753 2.960643 2.603591
v -0.124746 2.935344 2.535279
v -0.124746 2.935344 2.535279
v -0.239427 3.357622 2.536265
v -0.434502 3.471283 2.536558
v -0.660273 3.472274 2.536561
v -0.858562 2.743990 2.534680
v -1.099557 2.953843 2.361994
v -1.099625 3.151806 2.362505
v -0.663614 2.630121 2.604074
v -1.099622 2.964900 2.603573
v -0.674818 3.527664 2.433334
v -0.419521 3.526543 2.433331
v -1.028895 2.924880 2.359402
v -1.028895 2.924880 2.359402
v -0.899049 2.704289 2.358359
v -1.028604 3.181759 2.360065
v -1.028604 3.181759 2.360065
v -0.419521 3.526733 2.360482
v -0.858562 2.743809 2.604365
v -0.856233 3.360175 2.605954
v -0.239427 3.357440 2.605949
v -0.043101 3.152664 2.441672
v -0.043101 3.152664 2.441672
v -0.043644 2.949824 2.362014
v -1.059089 2.957856 2.525838
v -1.059089 2.957856 2.525838
v -1.059323 3.147648 2.526328
v -1.059323 3.147648 2.526328
v -1.058944 3.156905 2.441653
v -1.058944 3.156905 2.441653
v -0.042932 2.960778 2.603592
v -0.042697 3.143393 2.526347
v -0.042697 3.143393 2.526347
v -0.123848 3.162513 2.535865
v -0.123848 3.162513 2.535865
v -0.043501 2.944556 2.441135
v -0.043501 2.944556 2.441135
v -0.043235 3.147787 2.362525
v -1.099661 3.139968 2.604024
v -1.059289 3.140101 2.604025
v -0.042931 2.953601 2.525857
v -0.042931 2.953601 2.525857
v -1.058815 3.152025 2.362506
v -1.059088 2.965033 2.603573
v -1.058437 2.954062 2.361995
v -1.058568 2.948797 2.441116
v -1.058568 2.948797 2.441116
vt 0.787808 0.008903
vt 0.787808 0.033913
vt 0.751605 0.033913
vt 0.751605 0.008903
vt 0.792799 0.154864
vt 0.660805 0.286857
vt 0.660805 0.185692
vt 0.691634 0.154864
vt 0.547389 0.008903
vt 0.631395 0.008903
vt 0.631395 0.033913
vt 0.547389 0.033913
vt 0.823628 0.286857
vt 0.792799 0.317686
vt 0.691634 0.317686
vt 0.823628 0.185692
vt 0.667598 0.008903
vt 0.667598 0.033913
vt 0.511185 0.033913
vt 0.511185 0.008903
vt 0.691769 0.317758
vt 0.660940 0.286929
vt 0.792934 0.154935
vt 0.823763 0.185764
vt 0.792934 0.317758
vt 0.823763 0.286929
vt 0.660940 0.185764
vt 0.691769 0.154935
vt 0.871815 0.008903
vt 0.871815 0.033913
vt 0.908018 0.008903
vt 0.908018 0.033913
vt 0.992024 0.008903
vt 0.992024 0.033913
vt 0.645374 0.222143
vt 0.645374 0.231614
vt 0.592941 0.231614
vt 0.723305 0.114994
vt 0.723305 0.086097
vt 0.788751 0.086097
vt 0.641127 0.296498
vt 0.641127 0.305763
vt 0.548819 0.305763
vt 0.540208 0.259817
vt 0.540213 0.309239
vt 0.311725 0.309211
vt 0.878680 0.140830
vt 0.878680 0.144931
vt 0.778872 0.144931
vt 0.923927 0.071384
vt 0.923929 0.074110
vt 0.767773 0.074109
vt 0.651026 0.169054
vt 0.651026 0.198093
vt 0.585259 0.198093
vt 0.466217 0.216649
vt 0.435817 0.216649
vt 0.435817 0.207178
vt 0.650865 0.242180
vt 0.650865 0.247402
vt 0.410817 0.247391
vt 0.490085 0.114658
vt 0.520300 0.096923
vt 0.520266 0.169541
vt 0.415127 0.231614
vt 0.413406 0.222143
vt 0.435408 0.222143
vt 0.510065 0.207178
vt 0.510065 0.216649
vt 0.605324 0.114658
vt 0.578809 0.169541
vt 0.575814 0.169541
vt 0.835288 0.047595
vt 0.767766 0.047643
vt 0.835289 0.049389
vt 0.767684 0.047255
vt 0.835206 0.047012
vt 0.835212 0.048806
vt 0.950573 0.139449
vt 0.916131 0.122809
vt 0.916131 0.083769
vt 0.643847 0.313496
vt 0.551539 0.313496
vt 0.548819 0.306227
vt 0.413912 0.250588
vt 0.594446 0.250588
vt 0.539498 0.252780
vt 0.976117 0.132317
vt 0.976117 0.074261
vt 0.992942 0.079730
vt 0.767783 0.071772
vt 0.767785 0.074497
vt 0.923937 0.074293
vt 0.593349 0.207178
vt 0.593349 0.216649
vt 0.933226 0.044112
vt 0.933226 0.064942
vt 0.867940 0.064944
vt 0.847135 0.044114
vt 0.879139 0.129531
vt 0.879139 0.134175
vt 0.786812 0.134175
vt 0.843476 0.122809
vt 0.797735 0.122809
vt 0.797735 0.083769
vt 0.543053 0.247663
vt 0.629553 0.247663
vt 0.629553 0.250326
vt 0.509657 0.222143
vt 0.509657 0.231614
vt 0.465809 0.231614
vt 0.594468 0.251727
vt 0.843476 0.083769
vt 0.611613 0.073006
vt 0.410819 0.241907
vt 0.410817 0.236685
vt 0.650880 0.236631
vt 0.595285 0.047900
vt 0.661740 0.047659
vt 0.611607 0.073071
vt 0.414822 0.250188
vt 0.786812 0.129531
vt 0.640158 0.134175
vt 0.592941 0.222143
vt 0.767771 0.071384
vt 0.645783 0.207178
vt 0.645783 0.216649
vt 0.501450 0.073957
vt 0.661820 0.047740
vt 0.595365 0.047787
vt 0.526918 0.107149
vt 0.568610 0.107148
vt 0.568610 0.178030
vt 0.778872 0.140830
vt 0.620334 0.144931
vt 0.666304 0.122564
vt 0.710162 0.122564
vt 0.710162 0.079725
vt 0.593959 0.073957
vt 0.576033 0.096923
vt 0.584504 0.044870
vt 0.413814 0.216649
vt 0.415536 0.207178
vt 0.642457 0.284618
vt 0.550654 0.284618
vt 0.549732 0.267953
vt 0.950573 0.067129
vt 0.465809 0.222143
vt 0.767691 0.049104
vt 0.767767 0.049492
vt 0.788751 0.114994
vt 0.548819 0.296498
vt 0.311720 0.259692
vt 0.585259 0.169054
vt 0.466217 0.207178
vt 0.410818 0.242168
vt 0.516600 0.169541
vt 0.435408 0.231614
vt 0.647953 0.306227
vt 0.410817 0.252780
vt 0.992942 0.126847
vt 0.923935 0.071567
vt 0.650881 0.241853
vt 0.410817 0.247943
vt 0.640158 0.129532
vt 0.526918 0.178030
vt 0.620334 0.140831
vt 0.666304 0.079621
vt 0.510905 0.044870
vt 0.643380 0.267953
vt 0.641518 0.326900
vt 0.641518 0.333466
vt 0.608187 0.333466
vt 0.608187 0.326900
vt 0.674848 0.326900
vt 0.674848 0.333466
vt 0.741510 0.326900
vt 0.741510 0.333466
vt 0.708179 0.333466
vt 0.708179 0.326900
vt 0.808172 0.326900
vt 0.808172 0.333466
vt 0.774841 0.333466
vt 0.774841 0.326900
vt 0.841502 0.326900
vt 0.841502 0.333466
vt 0.874833 0.326900
vt 0.874833 0.333466
vt 0.908164 0.326900
vt 0.908164 0.333466
vt 0.941495 0.326900
vt 0.941495 0.333466
vt 0.574856 0.333466
vt 0.574856 0.326900
vt 0.878779 0.358099
vt 0.872759 0.368525
vt 0.869936 0.367769
vt 0.876712 0.356033
vt 0.889206 0.352082
vt 0.888450 0.349258
vt 0.917697 0.380568
vt 0.917697 0.368529
vt 0.920519 0.367772
vt 0.920520 0.381323
vt 0.911677 0.390993
vt 0.913744 0.393059
vt 0.911675 0.358104
vt 0.913741 0.356037
vt 0.901246 0.352086
vt 0.902002 0.349262
vt 0.901249 0.397012
vt 0.902006 0.399835
vt 0.878780 0.390992
vt 0.889208 0.397012
vt 0.888452 0.399835
vt 0.876714 0.393059
vt 0.872760 0.380565
vt 0.869937 0.381322
vt 0.654012 0.338005
vt 0.616516 0.338005
vt 0.616516 0.333541
vt 0.654012 0.333541
vt 0.841492 0.338004
vt 0.803996 0.338004
vt 0.803996 0.333541
vt 0.953981 0.338005
vt 0.916485 0.338005
vt 0.916485 0.333541
vt 0.953981 0.333541
vt 0.579020 0.338005
vt 0.579020 0.333541
vt 0.729004 0.338004
vt 0.691508 0.338004
vt 0.691508 0.333541
vt 0.729004 0.333541
vt 0.878988 0.338004
vt 0.878988 0.333541
vt 0.541525 0.338005
vt 0.541525 0.333541
vt 0.766500 0.338004
vt 0.766500 0.333541
vt 0.541525 0.326900
vt 0.993525 0.256715
vt 0.971992 0.294011
vt 0.832802 0.213649
vt 0.854335 0.176353
vt 0.993525 0.213649
vt 0.891631 0.154821
vt 0.971992 0.176353
vt 0.934696 0.154821
vt 0.934696 0.315544
vt 0.832802 0.256715
vt 0.991478 0.338005
vt 0.991478 0.333541
vt 0.854335 0.294011
vt 0.891631 0.315544
vt 0.608935 0.447225
vt 0.607164 0.411571
vt 0.615156 0.417622
vt 0.616877 0.445384
vt 0.637616 0.565179
vt 0.635557 0.549427
vt 0.660370 0.546650
vt 0.662309 0.561482
vt 0.023946 0.476798
vt 0.026440 0.486360
vt 0.008808 0.484319
vt 0.006253 0.473378
vt 0.468949 0.333902
vt 0.476542 0.332932
vt 0.477050 0.345141
vt 0.462831 0.343953
vt 0.364786 0.473763
vt 0.362198 0.484402
vt 0.344013 0.486567
vt 0.346492 0.477009
vt 0.835233 0.370664
vt 0.835056 0.358933
vt 0.852272 0.358933
vt 0.850304 0.370870
vt 0.938765 0.489045
vt 0.928986 0.486520
vt 0.928987 0.484838
vt 0.938549 0.485303
vt 0.984432 0.485392
vt 0.985413 0.462478
vt 0.994798 0.462754
vt 0.993853 0.485018
vt 0.486183 0.337134
vt 0.495818 0.352307
vt 0.359455 0.503685
vt 0.347213 0.537135
vt 0.326829 0.544281
vt 0.341172 0.509107
vt 0.476757 0.964346
vt 0.495898 0.955325
vt 0.486463 0.972985
vt 0.476687 0.978024
vt 0.023196 0.810099
vt 0.022461 0.798020
vt 0.030237 0.798005
vt 0.031704 0.809110
vt 0.318565 0.806128
vt 0.264017 0.804413
vt 0.263911 0.795692
vt 0.317318 0.798066
vt 0.681968 0.417456
vt 0.677918 0.416949
vt 0.677889 0.410013
vt 0.682448 0.410526
vt 0.986550 0.404262
vt 0.997344 0.406529
vt 0.996398 0.412595
vt 0.986859 0.411628
vt 0.937748 0.462235
vt 0.928171 0.462444
vt 0.928078 0.455519
vt 0.937695 0.455389
vt 0.986161 0.429005
vt 0.995409 0.429386
vt 0.853378 0.445478
vt 0.850786 0.422193
vt 0.854862 0.421763
vt 0.854464 0.444186
vt 0.354195 0.798059
vt 0.353363 0.810475
vt 0.073558 0.519061
vt 0.082457 0.553319
vt 0.037429 0.543614
vt 0.023548 0.508826
vt 0.017959 0.536695
vt 0.006137 0.503685
vt 0.850439 0.415230
vt 0.855027 0.414801
vt 0.928010 0.445880
vt 0.937646 0.445790
vt 0.926382 0.407061
vt 0.937653 0.404262
vt 0.936951 0.410938
vt 0.927404 0.412313
vt 0.984205 0.489238
vt 0.793895 0.386043
vt 0.787495 0.360818
vt 0.793251 0.360068
vt 0.799858 0.370826
vt 0.993830 0.486699
vt 0.985534 0.455653
vt 0.994947 0.455867
vt 0.921860 0.495172
vt 0.864353 0.504753
vt 0.864332 0.497411
vt 0.921602 0.488503
vt 0.242015 0.514546
vt 0.238162 0.551455
vt 0.179351 0.549393
vt 0.179349 0.512270
vt 0.102596 0.517121
vt 0.108044 0.552742
vt 0.921786 0.437538
vt 0.864533 0.441747
vt 0.864619 0.418182
vt 0.921860 0.417389
vt 0.984606 0.492328
vt 0.938372 0.492243
vt 0.835796 0.423872
vt 0.830225 0.417179
vt 0.677880 0.439291
vt 0.678937 0.440601
vt 0.817269 0.660694
vt 0.815289 0.667815
vt 0.795197 0.660518
vt 0.796876 0.653263
vt 0.290457 0.491897
vt 0.292080 0.481958
vt 0.278709 0.553455
vt 0.287736 0.518499
vt 0.257295 0.516387
vt 0.252074 0.552875
vt 0.127623 0.550981
vt 0.121337 0.514704
vt 0.122767 0.480897
vt 0.125344 0.491089
vt 0.106504 0.491655
vt 0.105920 0.481288
vt 0.604928 0.894339
vt 0.606784 0.858882
vt 0.614913 0.860184
vt 0.611300 0.894461
vt 0.844548 0.913582
vt 0.917737 0.924816
vt 0.916602 0.941514
vt 0.905716 0.953892
vt 0.126849 0.662821
vt 0.178887 0.665296
vt 0.185136 0.671156
vt 0.140359 0.670013
vt 0.610617 0.645277
vt 0.610212 0.624004
vt 0.617955 0.625303
vt 0.618375 0.646446
vt 0.251511 0.662779
vt 0.278024 0.660815
vt 0.280395 0.668135
vt 0.255840 0.669132
vt 0.634929 0.919308
vt 0.705786 0.912953
vt 0.636006 0.940345
vt 0.844520 0.703398
vt 0.815992 0.808477
vt 0.774781 0.800517
vt 0.705547 0.827705
vt 0.634531 0.804926
vt 0.634439 0.739165
vt 0.703698 0.983294
vt 0.647063 0.953330
vt 0.730583 0.983081
vt 0.856225 0.533410
vt 0.836879 0.528244
vt 0.836616 0.489848
vt 0.856224 0.484164
vt 0.817405 0.456804
vt 0.830828 0.442358
vt 0.699384 0.871991
vt 0.634438 0.862064
vt 0.784443 0.437839
vt 0.789074 0.419331
vt 0.746541 0.437735
vt 0.742011 0.419203
vt 0.916790 0.807971
vt 0.918383 0.867313
vt 0.852083 0.872596
vt 0.845026 0.828084
vt 0.916404 0.742503
vt 0.107427 0.661686
vt 0.109997 0.668767
vt 0.635256 0.711957
vt 0.637071 0.704421
vt 0.646200 0.703729
vt 0.081769 0.659235
vt 0.082759 0.666632
vt 0.774581 0.935139
vt 0.815711 0.928009
vt 0.845469 0.983349
vt 0.815984 0.983081
vt 0.903586 0.703495
vt 0.916342 0.701359
vt 0.919058 0.707095
vt 0.807159 0.818896
vt 0.774423 0.810489
vt 0.232029 0.664030
vt 0.228670 0.670870
vt 0.686066 0.705485
vt 0.734764 0.927917
vt 0.772373 0.982889
vt 0.713476 0.456520
vt 0.700132 0.442001
vt 0.719646 0.840417
vt 0.711968 0.871127
vt 0.734798 0.808423
vt 0.811734 0.705535
vt 0.776425 0.705487
vt 0.694084 0.489459
vt 0.674508 0.483668
vt 0.693612 0.527853
vt 0.674239 0.532914
vt 0.698550 0.575301
vt 0.712682 0.561264
vt 0.745899 0.580582
vt 0.740698 0.599776
vt 0.784305 0.580687
vt 0.789401 0.599909
vt 0.370115 0.203276
vt 0.361767 0.209021
vt 0.359827 0.207367
vt 0.369262 0.200873
vt 0.357410 0.218171
vt 0.354903 0.217708
vt 0.358212 0.228273
vt 0.355810 0.229125
vt 0.383208 0.240169
vt 0.391557 0.234424
vt 0.393497 0.236078
vt 0.384061 0.242571
vt 0.380218 0.202473
vt 0.380680 0.199966
vt 0.389368 0.206829
vt 0.391021 0.204889
vt 0.353122 0.136770
vt 0.330788 0.114353
vt 0.344146 0.106560
vt 0.360799 0.123338
vt 0.330905 0.053219
vt 0.353326 0.030885
vt 0.361121 0.044249
vt 0.344332 0.060889
vt 0.444923 0.084004
vt 0.436678 0.114554
vt 0.423251 0.106883
vt 0.429453 0.084072
vt 0.414461 0.031003
vt 0.436795 0.053420
vt 0.423437 0.061213
vt 0.406784 0.044435
vt 0.383675 0.145024
vt 0.383605 0.129559
vt 0.322660 0.083769
vt 0.338130 0.083700
vt 0.383908 0.022749
vt 0.383978 0.038214
vt 0.414257 0.136888
vt 0.406462 0.123524
vt 0.393780 0.066747
vt 0.383886 0.060619
vt 0.383792 0.083886
vt 0.403989 0.072335
vt 0.403629 0.083967
vt 0.363954 0.083806
vt 0.363594 0.095438
vt 0.363689 0.072171
vt 0.373943 0.066666
vt 0.393640 0.101107
vt 0.403894 0.095602
vt 0.373803 0.101026
vt 0.383697 0.107153
vt 0.371557 0.249052
vt 0.385916 0.247781
vt 0.386200 0.248545
vt 0.371422 0.249853
vt 0.367772 0.195850
vt 0.355995 0.204196
vt 0.355381 0.203671
vt 0.367480 0.195096
vt 0.349499 0.216975
vt 0.350464 0.231208
vt 0.349703 0.231479
vt 0.348706 0.216819
vt 0.402947 0.212118
vt 0.394876 0.200349
vt 0.395392 0.199729
vt 0.403709 0.211846
vt 0.397773 0.239505
vt 0.398400 0.240027
vt 0.358562 0.242975
vt 0.358044 0.243597
vt 0.381967 0.194363
vt 0.382093 0.193566
vt 0.403974 0.226447
vt 0.404773 0.226592
vt 0.424059 0.153379
vt 0.383917 0.164209
vt 0.383819 0.154482
vt 0.419110 0.145006
vt 0.680811 0.976839
vt 0.719969 0.902264
vt 0.742422 0.922738
vt 0.774306 0.930533
vt 0.806669 0.922810
vt 0.828958 0.902417
vt 0.817627 0.561550
vt 0.831683 0.575664
vt 0.871595 0.978808
vt 0.707574 0.705475
vt 0.723987 0.705478
vt 0.253218 0.741065
vt 0.252890 0.776877
vt 0.196892 0.776279
vt 0.196320 0.736357
vt 0.729721 0.640563
vt 0.730388 0.632102
vt 0.650237 0.618347
vt 0.649696 0.628831
vt 0.634802 0.626795
vt 0.635150 0.616765
vt 0.075993 0.481928
vt 0.077655 0.491897
vt 0.702078 0.412762
vt 0.701625 0.406749
vt 0.740093 0.402429
vt 0.985700 0.446097
vt 0.995098 0.446298
vt 0.830054 0.411949
vt 0.849585 0.406103
vt 0.927902 0.429063
vt 0.937507 0.428531
vt 0.246066 0.480942
vt 0.245822 0.491156
vt 0.183331 0.490834
vt 0.183335 0.480641
vt 0.635766 0.686740
vt 0.855282 0.405083
vt 0.677819 0.400335
vt 0.683536 0.401267
vt 0.261481 0.481306
vt 0.260908 0.491637
vt 0.677773 0.383078
vt 0.683785 0.383538
vt 0.299439 0.743048
vt 0.300894 0.777705
vt 0.186476 0.776577
vt 0.185329 0.755719
vt 0.315200 0.743585
vt 0.315653 0.778075
vt 0.962735 0.981942
vt 0.962735 0.976892
vt 0.974223 0.976892
vt 0.974223 0.981942
vt 0.301606 0.296032
vt 0.294367 0.303384
vt 0.292835 0.301414
vt 0.299386 0.294841
vt 0.377990 0.675418
vt 0.412756 0.657974
vt 0.464653 0.632750
vt 0.475937 0.669900
vt 0.367214 0.672273
vt 0.365103 0.684230
vt 0.356048 0.677019
vt 0.410846 0.649778
vt 0.832873 0.388236
vt 0.815601 0.411014
vt 0.803547 0.407659
vt 0.263895 0.468307
vt 0.246677 0.468881
vt 0.183447 0.468562
vt 0.120941 0.468834
vt 0.183441 0.390535
vt 0.183501 0.401288
vt 0.121637 0.401061
vt 0.121640 0.390274
vt 0.246287 0.390473
vt 0.246136 0.401248
vt 0.084473 0.172997
vt 0.142041 0.172975
vt 0.144665 0.175697
vt 0.084473 0.175728
vt 0.080557 0.097720
vt 0.022277 0.097673
vt 0.019568 0.095147
vt 0.080560 0.095191
vt 0.010367 0.173150
vt 0.026188 0.172972
vt 0.023465 0.175694
vt 0.012787 0.175934
vt 0.138120 0.097796
vt 0.140735 0.095275
vt 0.018512 0.087788
vt 0.080574 0.087891
vt 0.084479 0.183013
vt 0.022430 0.183066
vt 0.798234 0.406533
vt 0.801309 0.412730
vt 0.025395 0.554844
vt 0.042178 0.558338
vt 0.034045 0.658272
vt 0.016581 0.657490
vt 0.507106 0.961040
vt 0.509195 0.946918
vt 0.605860 0.903787
vt 0.462173 0.622586
vt 0.250347 0.567773
vt 0.275764 0.567642
vt 0.321913 0.559138
vt 0.329157 0.660242
vt 0.109686 0.567527
vt 0.128580 0.566297
vt 0.179327 0.564956
vt 0.610018 0.565485
vt 0.617813 0.568163
vt 0.234282 0.566862
vt 0.609545 0.507856
vt 0.617650 0.511111
vt 0.607587 0.797882
vt 0.608165 0.738628
vt 0.615835 0.736853
vt 0.615997 0.795835
vt 0.780813 0.567531
vt 0.808006 0.551905
vt 0.324376 0.666902
vt 0.823699 0.524741
vt 0.494055 0.839078
vt 0.082242 0.227934
vt 0.017797 0.227933
vt 0.017807 0.221431
vt 0.082242 0.221431
vt 0.085320 0.567217
vt 0.006526 0.227927
vt 0.006537 0.221425
vt 0.962735 0.797713
vt 0.962735 0.792664
vt 0.974223 0.792664
vt 0.974223 0.797713
vt 0.932498 0.786499
vt 0.947589 0.786502
vt 0.947587 0.797580
vt 0.932496 0.797578
vt 0.941484 0.949315
vt 0.941484 0.964405
vt 0.929996 0.964405
vt 0.929996 0.949315
vt 0.322670 0.119204
vt 0.313204 0.083912
vt 0.383765 0.013291
vt 0.419066 0.022741
vt 0.006292 0.344141
vt 0.055823 0.344265
vt 0.055554 0.349683
vt 0.006343 0.350362
vt 0.509522 0.664814
vt 0.608762 0.664141
vt 0.608338 0.680772
vt 0.331577 0.694772
vt 0.330972 0.744098
vt 0.315247 0.694219
vt 0.348317 0.695345
vt 0.346575 0.744090
vt 0.061867 0.693787
vt 0.064437 0.742403
vt 0.030008 0.743952
vt 0.030538 0.694383
vt 0.264202 0.401270
vt 0.150292 0.281395
vt 0.088622 0.281395
vt 0.090445 0.277493
vt 0.148576 0.278139
vt 0.154262 0.098483
vt 0.151560 0.095110
vt 0.104285 0.401058
vt 0.197516 0.692982
vt 0.187544 0.693105
vt 0.298898 0.693661
vt 0.257171 0.692605
vt 0.101496 0.693600
vt 0.104395 0.736956
vt 0.125024 0.693531
vt 0.125815 0.733194
vt 0.113647 0.756170
vt 0.109161 0.693589
vt 0.174814 0.693225
vt 0.174582 0.732895
vt 0.339502 0.555523
vt 0.347515 0.659717
vt 0.509132 0.358817
vt 0.506826 0.346375
vt 0.608138 0.403048
vt 0.055655 0.327486
vt 0.056212 0.321593
vt 0.058103 0.322318
vt 0.058174 0.327603
vt 0.927754 0.491666
vt 0.848235 0.446762
vt 0.995017 0.491826
vt 0.696869 0.419419
vt 0.684034 0.441979
vt 0.083099 0.074600
vt 0.083099 0.018429
vt 0.141215 0.018429
vt 0.141215 0.074602
vt 0.058325 0.355339
vt 0.057763 0.349747
vt 0.059882 0.349670
vt 0.059990 0.355301
vt 0.057828 0.338916
vt 0.057948 0.333337
vt 0.059935 0.333485
vt 0.059698 0.339035
vt 0.060127 0.321736
vt 0.060267 0.327689
vt 0.058039 0.360911
vt 0.060044 0.360800
vt 0.057754 0.344270
vt 0.059438 0.344264
vt 0.058416 0.365784
vt 0.060255 0.366193
vt 0.875842 0.604670
vt 0.897089 0.608641
vt 0.898880 0.631180
vt 0.876810 0.636119
vt 0.886994 0.576627
vt 0.904009 0.588291
vt 0.314171 0.043838
vt 0.343524 0.014393
vt 0.348473 0.022767
vt 0.322643 0.048615
vt 0.347124 0.352090
vt 0.346402 0.346785
vt 0.351855 0.346222
vt 0.353071 0.350864
vt 0.464105 0.083762
vt 0.453412 0.123935
vt 0.444939 0.119158
vt 0.454380 0.083861
vt 0.423844 0.014269
vt 0.453286 0.043621
vt 0.444913 0.048568
vt 0.343739 0.153504
vt 0.348517 0.145032
vt 0.303478 0.084010
vt 0.383666 0.003564
vt 0.314297 0.124152
vt 0.347006 0.331919
vt 0.346316 0.337090
vt 0.346146 0.341915
vt 0.348490 0.326334
vt 0.485736 0.051725
vt 0.478836 0.053269
vt 0.471870 0.033879
vt 0.477870 0.031568
vt 0.367991 0.335050
vt 0.365559 0.340922
vt 0.359687 0.338490
vt 0.363127 0.335050
vt 0.363127 0.346794
vt 0.359687 0.343354
vt 0.367991 0.346794
vt 0.371431 0.343354
vt 0.371431 0.338490
vt 0.427176 0.172822
vt 0.402797 0.179586
vt 0.401202 0.178239
vt 0.425790 0.170905
vt 0.448660 0.159941
vt 0.447358 0.158197
vt 0.466428 0.142961
vt 0.464685 0.141407
vt 0.477783 0.123537
vt 0.477060 0.121814
vt 0.485794 0.098942
vt 0.484746 0.098719
vt 0.489941 0.073019
vt 0.488388 0.074574
vt 0.488044 0.050943
vt 0.479789 0.030175
vt 0.321965 0.167655
vt 0.303000 0.153016
vt 0.305026 0.151401
vt 0.323751 0.165824
vt 0.345144 0.177090
vt 0.347262 0.175858
vt 0.374073 0.180806
vt 0.374159 0.179561
vt 0.374538 0.170912
vt 0.399819 0.170049
vt 0.855781 0.679906
vt 0.846224 0.686740
vt 0.832792 0.675752
vt 0.837198 0.669870
vt 0.754415 0.705478
vt 0.749954 0.450760
vt 0.722940 0.466149
vt 0.024200 0.074601
vt 0.024200 0.018429
vt 0.731777 0.683347
vt 0.936455 0.565341
vt 0.958269 0.565935
vt 0.956935 0.572172
vt 0.938020 0.571057
vt 0.909099 0.591910
vt 0.903045 0.610094
vt 0.904798 0.629970
vt 0.023098 0.220288
vt 0.012354 0.220247
vt 0.013887 0.211602
vt 0.024478 0.211643
vt 0.931889 0.662414
vt 0.914571 0.648367
vt 0.921959 0.642426
vt 0.936460 0.653334
vt 0.911576 0.611250
vt 0.913454 0.627543
vt 0.921601 0.578268
vt 0.926097 0.584812
vt 0.916165 0.596233
vt 0.953464 0.579734
vt 0.939245 0.578724
vt 0.956846 0.668684
vt 0.955359 0.657216
vt 0.005447 0.098483
vt 0.008927 0.094957
vt 0.025467 0.252342
vt 0.087148 0.252342
vt 0.085467 0.255630
vt 0.027346 0.256907
vt 0.157927 0.173150
vt 0.155525 0.175933
vt 0.228927 0.010165
vt 0.229358 0.021476
vt 0.228432 0.023132
vt 0.228082 0.012058
vt 0.960669 0.588412
vt 0.975840 0.603584
vt 0.965291 0.608232
vt 0.956496 0.599158
vt 0.702157 0.386258
vt 0.739472 0.382422
vt 0.965095 0.620867
vt 0.956021 0.629662
vt 0.952835 0.621742
vt 0.957242 0.617519
vt 0.943386 0.629465
vt 0.934590 0.620392
vt 0.942510 0.617206
vt 0.946733 0.621613
vt 0.934787 0.607757
vt 0.943861 0.598961
vt 0.947047 0.606881
vt 0.942640 0.611104
vt 0.957372 0.611417
vt 0.953149 0.607011
vt 0.949941 0.614312
vt 0.103598 0.468243
vt 0.702823 0.365848
vt 0.738623 0.366043
vt 0.952012 0.502778
vt 0.967691 0.502778
vt 0.966586 0.505448
vt 0.953120 0.505447
vt 0.940927 0.513868
vt 0.943599 0.514972
vt 0.063617 0.778135
vt 0.029504 0.778520
vt 0.103521 0.776825
vt 0.111401 0.776923
vt 0.422708 0.163592
vt 0.349465 0.167847
vt 0.327549 0.159029
vt 0.480894 0.074450
vt 0.477185 0.096904
vt 0.309289 0.145782
vt 0.442865 0.152057
vt 0.459177 0.136951
vt 0.470284 0.118627
vt 0.395915 0.225276
vt 0.398421 0.225739
vt 0.373107 0.240974
vt 0.372645 0.243480
vt 0.363957 0.236619
vt 0.362304 0.238559
vt 0.395114 0.215175
vt 0.397515 0.214322
vt 0.943044 0.828391
vt 0.943044 0.843481
vt 0.931555 0.843481
vt 0.931555 0.828391
vt 0.932465 0.976757
vt 0.947556 0.976760
vt 0.947554 0.987838
vt 0.932463 0.987836
vt 0.707122 0.493086
vt 0.742126 0.818862
vt 0.322499 0.968104
vt 0.353371 0.969796
vt 0.347507 0.976160
vt 0.333138 0.979458
vt 0.612851 0.900609
vt 0.038554 0.664875
vt 0.020980 0.664541
vt 0.616408 0.662958
vt 0.615961 0.679704
vt 0.375111 0.682812
vt 0.677773 0.365830
vt 0.684086 0.365814
vt 0.110467 0.804883
vt 0.033018 0.835534
vt 0.747916 0.355829
vt 0.702144 0.354772
vt 0.848517 0.388050
vt 0.855641 0.388072
vt 0.855942 0.370975
vt 0.706811 0.524422
vt 0.024043 0.969924
vt 0.034563 0.969711
vt 0.040081 0.979578
vt 0.029667 0.979955
vt 0.615769 0.409727
vt 0.385230 0.963927
vt 0.461158 0.965951
vt 0.468558 0.976966
vt 0.434716 0.976767
vt 0.265079 0.969200
vt 0.188489 0.834276
vt 0.322024 0.834243
vt 0.682220 0.354709
vt 0.148644 0.969191
vt 0.746436 0.402572
vt 0.743261 0.408794
vt 0.110668 0.795030
vt 0.292515 0.251380
vt 0.300817 0.259682
vt 0.299164 0.260078
vt 0.290800 0.252281
vt 0.255630 0.121950
vt 0.262165 0.118448
vt 0.263758 0.128527
vt 0.257065 0.127892
vt 0.191320 0.239307
vt 0.263808 0.239307
vt 0.263141 0.244823
vt 0.192002 0.244823
vt 0.201194 0.251380
vt 0.203162 0.252342
vt 0.286986 0.102418
vt 0.293687 0.099503
vt 0.293687 0.137218
vt 0.286998 0.135650
vt 0.253008 0.269834
vt 0.245297 0.271591
vt 0.245318 0.261336
vt 0.253008 0.261176
vt 0.243918 0.288102
vt 0.245763 0.277443
vt 0.255764 0.277337
vt 0.255764 0.287944
vt 0.295530 0.005539
vt 0.295530 0.092323
vt 0.254496 0.091505
vt 0.254496 0.006337
vt 0.194158 0.302825
vt 0.195604 0.300972
vt 0.823559 0.493404
vt 0.807889 0.466381
vt 0.780959 0.450844
vt 0.757807 0.480702
vt 0.744659 0.488217
vt 0.786000 0.529839
vt 0.793623 0.516679
vt 0.793632 0.501475
vt 0.786049 0.488330
vt 0.749463 0.567445
vt 0.722356 0.551672
vt 0.744482 0.529726
vt 0.757623 0.537377
vt 0.737005 0.501320
vt 0.772942 0.480744
vt 0.772817 0.537418
vt 0.736931 0.516524
vt 0.635557 0.454306
vt 0.660370 0.457083
vt 0.662309 0.442251
vt 0.637616 0.438554
vt 0.185235 0.295898
vt 0.187598 0.294848
vt 0.289962 0.152884
vt 0.297663 0.156708
vt 0.296369 0.162685
vt 0.288364 0.162964
vt 0.257145 0.133961
vt 0.265150 0.136841
vt 0.265120 0.170072
vt 0.257145 0.171677
vt 0.188923 0.259003
vt 0.190752 0.259566
vt 0.226348 0.292118
vt 0.232872 0.261372
vt 0.236064 0.261190
vt 0.236064 0.291235
vt 0.340935 0.245643
vt 0.271409 0.245643
vt 0.271578 0.237805
vt 0.340782 0.237805
vt 0.218473 0.265030
vt 0.218473 0.293060
vt 0.210160 0.290491
vt 0.215723 0.264281
vt 0.262482 0.275868
vt 0.264896 0.261622
vt 0.266916 0.261354
vt 0.266916 0.275535
vt 0.352499 0.332993
vt 0.351584 0.337445
vt 0.351150 0.320634
vt 0.355693 0.324805
vt 0.353994 0.328700
vt 0.348453 0.357532
vt 0.353443 0.355633
vt 0.350932 0.341810
vt 0.351154 0.363527
vt 0.355694 0.359142
vt 0.055715 0.355414
vt 0.006457 0.356590
vt 0.006755 0.319813
vt 0.006551 0.325476
vt 0.055607 0.333411
vt 0.006380 0.331705
vt 0.006300 0.337927
vt 0.055642 0.339021
vt 0.055962 0.361018
vt 0.056341 0.366654
vt 0.006650 0.362822
vt 0.006918 0.369060
vt 0.929319 0.668902
vt 0.909880 0.652303
vt 0.917947 0.573038
vt 0.957925 0.677617
vt 0.864923 0.562011
vt 0.864923 0.546353
vt 0.869228 0.546353
vt 0.869228 0.562011
vt 0.864923 0.671619
vt 0.864923 0.655961
vt 0.869228 0.655961
vt 0.869228 0.671619
vt 0.864923 0.640303
vt 0.864923 0.624644
vt 0.869228 0.624644
vt 0.869228 0.640303
vt 0.864923 0.608986
vt 0.864923 0.593328
vt 0.869228 0.593328
vt 0.869228 0.608986
vt 0.864923 0.577669
vt 0.869228 0.577669
vt 0.978772 0.513872
vt 0.976103 0.514978
vt 0.978774 0.529554
vt 0.976103 0.528450
vt 0.967693 0.540645
vt 0.966585 0.537977
vt 0.952014 0.540643
vt 0.953119 0.537973
vt 0.960669 0.640211
vt 0.939213 0.640211
vt 0.924042 0.625040
vt 0.924042 0.603584
vt 0.939213 0.588412
vt 0.975840 0.625040
vt 0.940930 0.529551
vt 0.943599 0.528444
vt 0.983695 0.583307
vt 0.983695 0.569835
vt 0.988500 0.569835
vt 0.988500 0.583307
vt 0.983695 0.610251
vt 0.983695 0.596779
vt 0.988500 0.596779
vt 0.988500 0.610251
vt 0.983695 0.637195
vt 0.983695 0.623723
vt 0.988500 0.623723
vt 0.988500 0.637195
vt 0.983695 0.664140
vt 0.983695 0.650667
vt 0.988500 0.650667
vt 0.988500 0.664140
vt 0.983695 0.556363
vt 0.988500 0.556363
vt 0.934579 0.519273
vt 0.934579 0.534955
vt 0.931908 0.533851
vt 0.931909 0.520381
vt 0.923491 0.508185
vt 0.922387 0.510856
vt 0.907812 0.508188
vt 0.908921 0.510857
vt 0.896733 0.519283
vt 0.899404 0.520387
vt 0.923492 0.546046
vt 0.922383 0.543377
vt 0.907812 0.546050
vt 0.908915 0.543380
vt 0.896725 0.534964
vt 0.899394 0.533857
vt 0.209401 0.074055
vt 0.209402 0.135567
vt 0.202900 0.135565
vt 0.202899 0.074062
vt 0.238670 0.161055
vt 0.238670 0.149774
vt 0.245172 0.149764
vt 0.245172 0.161044
vt 0.238667 0.021737
vt 0.238667 0.010265
vt 0.245169 0.010275
vt 0.245169 0.021748
vt 0.181358 0.136909
vt 0.181358 0.075397
vt 0.187860 0.075405
vt 0.187861 0.136908
vt 0.158271 0.110786
vt 0.147336 0.110305
vt 0.149666 0.109123
vt 0.161120 0.109629
vt 0.150780 0.296408
vt 0.161704 0.295929
vt 0.164605 0.297106
vt 0.153153 0.297610
vt 0.013225 0.169983
vt 0.023970 0.170638
vt 0.021633 0.171834
vt 0.010374 0.171146
vt 0.016781 0.236790
vt 0.016782 0.295928
vt 0.013878 0.297105
vt 0.013877 0.235607
vt 0.147339 0.170629
vt 0.158273 0.169973
vt 0.161121 0.171136
vt 0.149669 0.171825
vt 0.168678 0.148135
vt 0.168449 0.136600
vt 0.169364 0.134938
vt 0.169520 0.146241
vt 0.168647 0.079289
vt 0.168576 0.021700
vt 0.169490 0.023370
vt 0.169621 0.079283
vt 0.229124 0.079296
vt 0.229358 0.136867
vt 0.228434 0.135216
vt 0.228145 0.079288
vt 0.228919 0.148391
vt 0.228075 0.146494
vt 0.083085 0.194115
vt 0.144304 0.194116
vt 0.142931 0.202761
vt 0.083077 0.202760
vt 0.085145 0.220289
vt 0.085138 0.211644
vt 0.010285 0.194166
vt 0.021038 0.194114
vt 0.022418 0.202759
vt 0.011818 0.202810
vt 0.157297 0.220247
vt 0.146364 0.220288
vt 0.144991 0.211643
vt 0.155764 0.211602
vt 0.138216 0.187006
vt 0.079813 0.187005
vt 0.079810 0.184431
vt 0.137926 0.184433
vt 0.024330 0.075737
vt 0.083523 0.075737
vt 0.083519 0.078347
vt 0.024619 0.078347
vt 0.141925 0.075737
vt 0.141634 0.078347
vt 0.014068 0.075887
vt 0.014485 0.078389
vt 0.020622 0.187006
vt 0.020911 0.184433
vt 0.150779 0.236132
vt 0.089556 0.236132
vt 0.089566 0.234914
vt 0.153151 0.234914
vt 0.086064 0.110302
vt 0.086073 0.109120
vt 0.027516 0.296408
vt 0.089556 0.296409
vt 0.089566 0.297611
vt 0.025137 0.297610
vt 0.086069 0.170640
vt 0.086079 0.171837
vt 0.156636 0.183289
vt 0.145697 0.183067
vt 0.011680 0.183290
vt 0.141803 0.087919
vt 0.023965 0.110314
vt 0.021627 0.109133
vt 0.027514 0.236136
vt 0.025136 0.234919
vt 0.238668 0.085329
vt 0.245171 0.085329
vt 0.157297 0.227927
vt 0.145834 0.227933
vt 0.145823 0.221431
vt 0.157286 0.221425
vt 0.007775 0.087611
vt 0.086166 0.263046
vt 0.026984 0.264345
vt 0.152730 0.087766
vt 0.090002 0.270059
vt 0.149195 0.270717
vt 0.013219 0.110797
vt 0.010367 0.109641
vt 0.161702 0.236785
vt 0.164603 0.235601
vt 0.010367 0.186922
vt 0.010778 0.184425
vt 0.152367 0.075887
vt 0.151928 0.078389
vt 0.148650 0.186922
vt 0.148217 0.184425
vt 0.171867 0.214110
vt 0.171866 0.157683
vt 0.174385 0.157961
vt 0.174385 0.213775
vt 0.177395 0.223094
vt 0.177396 0.279520
vt 0.174881 0.279186
vt 0.174880 0.223372
vt 0.014068 0.074465
vt 0.014068 0.018651
vt 0.151506 0.018652
vt 0.151506 0.074465
vt 0.085109 0.127478
vt 0.144253 0.127477
vt 0.143624 0.136234
vt 0.085739 0.136234
vt 0.155245 0.194168
vt 0.153712 0.202812
vt 0.142506 0.161568
vt 0.083362 0.161569
vt 0.083992 0.152812
vt 0.141876 0.152811
vt 0.168820 0.010378
vt 0.169659 0.012271
vt 0.188757 0.804853
vt 0.110910 0.834388
vt 0.474881 0.627511
vt 0.750930 0.381766
vt 0.345351 0.777400
vt 0.330848 0.778521
vt 0.754217 0.356126
vt 0.188681 0.795247
vt 0.200526 0.222292
vt 0.200524 0.187064
vt 0.210356 0.180259
vt 0.210356 0.229401
vt 0.337242 0.187064
vt 0.337240 0.222292
vt 0.329977 0.229401
vt 0.329977 0.180259
vt 0.200137 0.309271
vt 0.280575 0.309271
vt 0.280402 0.310670
vt 0.200379 0.310671
vt 0.273321 0.261960
vt 0.273321 0.274087
vt 0.269032 0.272923
vt 0.271381 0.261354
vt 0.956423 0.976761
vt 0.956422 0.981811
vt 0.956455 0.792532
vt 0.956454 0.797582
vt 0.929996 0.938592
vt 0.941484 0.938592
vt 0.989825 0.797148
vt 0.989825 0.976327
vt 0.978336 0.976327
vt 0.978336 0.797148
vt 0.944151 0.821653
vt 0.929060 0.821653
vt 0.929060 0.810165
vt 0.944151 0.810165
vt 0.266148 0.980223
vt 0.342867 0.666919
vt 0.837431 0.871253
vt 0.829345 0.840501
vt 0.640259 0.580843
vt 0.664798 0.576232
vt 0.632904 0.501867
vt 0.633199 0.485984
vt 0.658149 0.486911
vt 0.657872 0.501866
vt 0.643483 0.596398
vt 0.667833 0.590879
vt 0.634083 0.533610
vt 0.633199 0.517749
vt 0.658149 0.516822
vt 0.658982 0.531757
vt 0.640259 0.422890
vt 0.643483 0.407335
vt 0.667833 0.412854
vt 0.664798 0.427501
vt 0.634083 0.470123
vt 0.658982 0.471976
vt 0.077386 0.389468
vt 0.290234 0.389825
vt 0.385188 0.976464
vt 0.020106 0.694567
vt 0.021532 0.777267
vt 0.032081 0.387170
vt 0.358917 0.386109
vt 0.338342 0.387497
vt 0.386482 0.334542
vt 0.386560 0.346221
vt 0.012443 0.385826
vt 0.498693 0.679229
vt 0.478585 0.704473
vt 0.487341 0.496755
vt 0.500138 0.629662
vt 0.479946 0.604314
vt 0.387137 0.457932
vt 0.387425 0.521407
vt 0.386824 0.390655
vt 0.470556 0.599729
vt 0.511018 0.644123
vt 0.387737 0.577106
vt 0.387864 0.599889
vt 0.890404 0.665985
vt 0.915222 0.689896
vt 0.385751 0.783106
vt 0.385455 0.848271
vt 0.385367 0.917743
vt 0.948514 0.704688
vt 0.907750 0.556487
vt 0.958269 0.546390
vt 0.933220 0.547262
vt 0.386004 0.727371
vt 0.385188 0.708505
vt 0.467878 0.704911
vt 0.354141 0.837488
vt 0.085413 0.982248
vt 0.023555 0.836076
vt 0.177297 0.838259
vt 0.188413 0.982245
vt 0.163325 0.982260
vt 0.228655 0.982126
vt 0.109944 0.982256
vt 0.122300 0.838339
vt 0.128673 0.982262
vt 0.472581 0.617733
vt 0.800381 0.685439
vt 0.667404 0.930386
vt 0.664658 0.942525
vt 0.657407 0.940455
vt 0.659957 0.929141
vt 0.668765 0.917740
vt 0.660770 0.917051
vt 0.046382 0.967170
vt 0.054186 0.974979
vt 0.054182 0.986018
vt 0.040858 0.980494
vt 0.668510 0.804364
vt 0.627691 0.801852
vt 0.627496 0.814154
vt 0.668041 0.812436
vt 0.672336 0.830307
vt 0.629098 0.839000
vt 0.630725 0.851891
vt 0.680961 0.841782
vt 0.688769 0.768251
vt 0.637034 0.748744
vt 0.632334 0.762543
vt 0.678467 0.778377
vt 0.630130 0.776337
vt 0.672939 0.787495
vt 0.628573 0.789327
vt 0.669980 0.796149
vt 0.187871 0.675949
vt 0.194035 0.675949
vt 0.194035 0.690122
vt 0.187871 0.690122
vt 0.175544 0.675949
vt 0.181707 0.675949
vt 0.181707 0.690122
vt 0.175544 0.690122
vt 0.200199 0.675949
vt 0.206363 0.675949
vt 0.206363 0.690122
vt 0.200199 0.690122
vt 0.627980 0.826452
vt 0.669054 0.820891
vt 0.279510 0.571593
vt 0.279510 0.578402
vt 0.274485 0.578402
vt 0.274485 0.571593
vt 0.212526 0.675949
vt 0.218690 0.675949
vt 0.218690 0.690122
vt 0.212526 0.690122
vt 0.224854 0.675949
vt 0.224854 0.690122
vt 0.354016 0.429358
vt 0.333874 0.429358
vt 0.334828 0.427054
vt 0.353061 0.427054
vt 0.319632 0.415116
vt 0.319632 0.394974
vt 0.321936 0.395928
vt 0.321936 0.414162
vt 0.354016 0.380732
vt 0.368258 0.394974
vt 0.365954 0.395928
vt 0.353061 0.383036
vt 0.368258 0.415116
vt 0.365954 0.414162
vt 0.333874 0.380732
vt 0.334828 0.383036
vt 0.673605 0.812330
vt 0.673837 0.805060
vt 0.678551 0.826552
vt 0.674797 0.819352
vt 0.678648 0.790291
vt 0.683937 0.783534
vt 0.492866 0.760137
vt 0.366739 0.757775
vt 0.366522 0.772359
vt 0.492750 0.773749
vt 0.492832 0.814658
vt 0.366546 0.816119
vt 0.366779 0.830702
vt 0.493014 0.828274
vt 0.675757 0.797581
vt 0.680440 0.799050
vt 0.682506 0.792505
vt 0.693479 0.777890
vt 0.687356 0.787405
vt 0.694207 0.784091
vt 0.490367 0.924864
vt 0.490361 0.934483
vt 0.219940 0.934414
vt 0.219944 0.924792
vt 0.490372 0.876772
vt 0.490374 0.886388
vt 0.219957 0.886303
vt 0.219960 0.876681
vt 0.490373 0.915244
vt 0.219947 0.915170
vt 0.490355 0.944101
vt 0.219938 0.944036
vt 0.490353 0.953723
vt 0.219936 0.953659
vt 0.490376 0.905624
vt 0.219950 0.905548
vt 0.653122 0.660184
vt 0.653547 0.636788
vt 0.680441 0.637207
vt 0.680013 0.660743
vt 0.366185 0.575126
vt 0.355196 0.575001
vt 0.355399 0.548254
vt 0.366591 0.548382
vt 0.311240 0.575335
vt 0.300255 0.575626
vt 0.299443 0.548891
vt 0.310632 0.548594
vt 0.344207 0.574959
vt 0.344207 0.548212
vt 0.369436 0.300445
vt 0.354188 0.285196
vt 0.351684 0.286233
vt 0.368399 0.302949
vt 0.391001 0.300445
vt 0.392038 0.302949
vt 0.406249 0.263632
vt 0.406249 0.285196
vt 0.408753 0.286233
vt 0.408753 0.262594
vt 0.369436 0.248383
vt 0.391001 0.248383
vt 0.392038 0.245879
vt 0.368399 0.245879
vt 0.354188 0.263632
vt 0.351684 0.262595
vt 0.171843 0.375244
vt 0.175675 0.365189
vt 0.244186 0.365189
vt 0.244186 0.375244
vt 0.168914 0.395352
vt 0.168914 0.385298
vt 0.244186 0.385298
vt 0.244186 0.395353
vt 0.175675 0.415461
vt 0.171843 0.405407
vt 0.244186 0.405407
vt 0.244186 0.415461
vt 0.179159 0.355135
vt 0.179159 0.345080
vt 0.244186 0.345080
vt 0.244186 0.355135
vt 0.179159 0.425516
vt 0.244186 0.425516
vt 0.027530 0.986009
vt 0.027534 0.974970
vt 0.035334 0.993818
vt 0.046373 0.993822
vt 0.035343 0.967166
vt 0.273493 0.337187
vt 0.297912 0.337187
vt 0.295743 0.342889
vt 0.275660 0.342889
vt 0.315189 0.356415
vt 0.315168 0.382552
vt 0.309938 0.380209
vt 0.309954 0.358707
vt 0.297894 0.401221
vt 0.273476 0.401213
vt 0.275644 0.395559
vt 0.295729 0.395566
vt 0.256215 0.382534
vt 0.256211 0.356403
vt 0.261443 0.358697
vt 0.261446 0.380194
vt 0.531632 0.672493
vt 0.552174 0.672493
vt 0.552174 0.721985
vt 0.531632 0.714868
vt 0.065761 0.960168
vt 0.073615 0.960168
vt 0.079168 0.965722
vt 0.069688 0.969648
vt 0.079168 0.973575
vt 0.073615 0.979129
vt 0.065761 0.979129
vt 0.060208 0.973575
vt 0.060208 0.965722
vt 0.123717 0.884461
vt 0.180373 0.884461
vt 0.180373 0.891437
vt 0.123717 0.891437
vt 0.585193 0.905551
vt 0.585192 0.915302
vt 0.502578 0.915249
vt 0.502580 0.905624
vt 0.584852 0.886140
vt 0.585072 0.895816
vt 0.502577 0.896001
vt 0.502569 0.886383
vt 0.584617 0.944279
vt 0.584596 0.953886
vt 0.502527 0.953713
vt 0.502547 0.944106
vt 0.187684 0.607393
vt 0.341479 0.606498
vt 0.342188 0.614058
vt 0.172176 0.615582
vt 0.584851 0.934702
vt 0.502559 0.934493
vt 0.585066 0.925032
vt 0.502570 0.924873
vt 0.309812 0.442001
vt 0.379026 0.441582
vt 0.404033 0.451324
vt 0.309812 0.451328
vt 0.086217 0.917807
vt 0.086217 0.875865
vt 0.114496 0.875865
vt 0.114496 0.917807
vt 0.242952 0.809902
vt 0.242951 0.664241
vt 0.258795 0.664241
vt 0.258795 0.809902
vt 0.158250 0.848107
vt 0.158250 0.832615
vt 0.168313 0.813182
vt 0.168313 0.867922
vt 0.015827 0.832615
vt 0.015827 0.848107
vt 0.006553 0.868549
vt 0.006553 0.812555
vt 0.152687 0.773651
vt 0.168178 0.773654
vt 0.168174 0.786422
vt 0.152682 0.786419
vt 0.584583 0.876567
vt 0.502560 0.876772
vt 0.404066 0.312946
vt 0.379021 0.325190
vt 0.331407 0.672627
vt 0.435794 0.672654
vt 0.423849 0.732559
vt 0.343319 0.732537
vt 0.523681 0.733620
vt 0.443150 0.733620
vt 0.443150 0.639121
vt 0.523681 0.639121
vt 0.146987 0.787495
vt 0.004564 0.787495
vt 0.004564 0.774822
vt 0.146987 0.774822
vt 0.009031 0.793895
vt 0.170792 0.793895
vt 0.170792 0.800716
vt 0.009031 0.800716
vt 0.225083 0.564671
vt 0.224600 0.587805
vt 0.209312 0.587805
vt 0.208829 0.564671
vt 0.165278 0.917684
vt 0.122375 0.917684
vt 0.122375 0.896660
vt 0.165278 0.896660
vt 0.548618 0.967288
vt 0.389475 0.968235
vt 0.396812 0.979121
vt 0.547019 0.977125
vt 0.612714 0.501256
vt 0.569100 0.501254
vt 0.544077 0.475616
vt 0.639442 0.475618
vt 0.669403 0.958574
vt 0.684918 0.967332
vt 0.677175 0.979864
vt 0.661839 0.969922
vt 0.569087 0.577067
vt 0.544039 0.601159
vt 0.667473 0.858070
vt 0.690545 0.848546
vt 0.697334 0.867891
vt 0.675412 0.874087
vt 0.165731 0.946541
vt 0.091181 0.946541
vt 0.091181 0.925517
vt 0.165731 0.925517
vt 0.128070 0.231061
vt 0.008596 0.231061
vt 0.008596 0.164621
vt 0.077908 0.164621
vt 0.480146 0.371502
vt 0.480139 0.451332
vt 0.257132 0.863939
vt 0.264521 0.819455
vt 0.292847 0.819455
vt 0.292855 0.863939
vt 0.612726 0.577067
vt 0.639477 0.601156
vt 0.612240 0.609856
vt 0.700792 0.886838
vt 0.679378 0.889504
vt 0.701484 0.904913
vt 0.680845 0.904613
vt 0.569581 0.646167
vt 0.612228 0.646165
vt 0.639442 0.657913
vt 0.544072 0.657913
vt 0.700022 0.922020
vt 0.680384 0.919253
vt 0.329001 0.694974
vt 0.328980 0.817458
vt 0.269523 0.803461
vt 0.269539 0.708961
vt 0.696728 0.938171
vt 0.678291 0.933201
vt 0.228185 0.777077
vt 0.186216 0.777032
vt 0.186716 0.745534
vt 0.227745 0.745574
vt 0.186149 0.849931
vt 0.179149 0.867275
vt 0.179925 0.705474
vt 0.569570 0.609862
vt 0.061853 0.985046
vt 0.195387 0.985046
vt 0.192024 0.997922
vt 0.069393 0.997922
vt 0.186748 0.711090
vt 0.198128 0.906097
vt 0.198128 0.948039
vt 0.175704 0.948039
vt 0.175704 0.906097
vt 0.691667 0.953358
vt 0.674620 0.946412
vt 0.492728 0.801027
vt 0.366423 0.801534
vt 0.367122 0.845280
vt 0.493272 0.841867
vt 0.367579 0.859870
vt 0.493605 0.855425
vt 0.493175 0.746539
vt 0.367070 0.743176
vt 0.172470 0.467351
vt 0.343497 0.468672
vt 0.342236 0.500280
vt 0.172232 0.497929
vt 0.639763 0.286030
vt 0.500952 0.286009
vt 0.647854 0.272055
vt 0.685978 0.833291
vt 0.490376 0.896005
vt 0.219953 0.895925
vt 0.008596 0.312716
vt 0.128070 0.312716
vt 0.128070 0.456146
vt 0.008596 0.456146
vt 0.540959 0.330701
vt 0.602374 0.330722
vt 0.540933 0.405797
vt 0.602348 0.405818
vt 0.155956 0.325190
vt 0.155958 0.445348
vt 0.144612 0.451331
vt 0.144609 0.313724
vt 0.658070 0.866944
vt 0.663911 0.878370
vt 0.656474 0.880892
vt 0.652493 0.870750
vt 0.342168 0.995916
vt 0.212812 0.995916
vt 0.216175 0.985849
vt 0.338805 0.985848
vt 0.619378 0.978157
vt 0.614294 0.986627
vt 0.438583 0.489411
vt 0.438152 0.626549
vt 0.419725 0.603861
vt 0.420201 0.513802
vt 0.309809 0.312946
vt 0.309809 0.324772
vt 0.506581 0.985306
vt 0.351762 0.986765
vt 0.357352 0.996259
vt 0.505328 0.994864
vt 0.667299 0.891267
vt 0.668802 0.904552
vt 0.660624 0.904724
vt 0.659250 0.892511
vt 0.343380 0.647910
vt 0.660924 0.953767
vt 0.654665 0.950946
vt 0.647789 0.461556
vt 0.494214 0.461503
vt 0.500896 0.448874
vt 0.639707 0.448921
vt 0.655718 0.963019
vt 0.651073 0.959986
vt 0.412498 0.595076
vt 0.494280 0.272002
vt 0.662433 0.301619
vt 0.531033 0.512021
vt 0.531033 0.605226
vt 0.013141 0.617115
vt 0.157806 0.617108
vt 0.157806 0.758189
vt 0.012799 0.758196
vt 0.187727 0.511659
vt 0.026984 0.537848
vt 0.144847 0.537843
vt 0.045200 0.475457
vt 0.125392 0.475454
vt 0.172371 0.649596
vt 0.662389 0.427916
vt 0.081330 0.947288
vt 0.006780 0.947288
vt 0.006798 0.925851
vt 0.081330 0.925860
vt 0.634340 0.672493
vt 0.654882 0.672493
vt 0.654882 0.721986
vt 0.634340 0.729815
vt 0.593257 0.672493
vt 0.613799 0.672493
vt 0.613799 0.735800
vt 0.593257 0.735800
vt 0.572715 0.672493
vt 0.572715 0.729815
vt 0.675424 0.672493
vt 0.695965 0.672493
vt 0.695965 0.714868
vt 0.675424 0.714868
vt 0.439659 0.312568
vt 0.458086 0.312567
vt 0.462486 0.323209
vt 0.435288 0.322896
vt 0.471161 0.299521
vt 0.471338 0.280990
vt 0.481780 0.276520
vt 0.481780 0.303743
vt 0.458475 0.267821
vt 0.440096 0.267764
vt 0.435550 0.257400
vt 0.462634 0.257293
vt 0.427043 0.280819
vt 0.426850 0.299312
vt 0.416454 0.303696
vt 0.416519 0.276646
vt 0.581748 0.986770
vt 0.577650 0.996258
vt 0.323176 0.282575
vt 0.323164 0.236670
vt 0.339733 0.226410
vt 0.339733 0.292044
vt 0.244054 0.968242
vt 0.326148 0.968270
vt 0.324334 0.979225
vt 0.245868 0.979198
vt 0.412744 0.523807
vt 0.353594 0.860180
vt 0.304229 0.860180
vt 0.304229 0.825150
vt 0.353594 0.825150
vt 0.284676 0.236720
vt 0.275239 0.218375
vt 0.249465 0.236195
vt 0.110870 0.966722
vt 0.213328 0.966722
vt 0.211066 0.978341
vt 0.113137 0.978341
vt 0.167959 0.236195
vt 0.142231 0.218375
vt 0.492703 0.787387
vt 0.366417 0.786946
vt 0.140889 0.460241
vt 0.157144 0.460241
vt 0.156660 0.483384
vt 0.141373 0.483384
vt 0.263334 0.531484
vt 0.263334 0.554632
vt 0.243956 0.553977
vt 0.244343 0.530841
vt 0.612958 0.801309
vt 0.612873 0.814282
vt 0.613224 0.827222
vt 0.613967 0.840254
vt 0.614939 0.853448
vt 0.615394 0.760783
vt 0.614354 0.774697
vt 0.613477 0.788162
vt 0.242795 0.562402
vt 0.261794 0.562077
vt 0.261794 0.585216
vt 0.242407 0.585547
vt 0.505968 0.800975
vt 0.506060 0.814533
vt 0.506226 0.828078
vt 0.506454 0.841610
vt 0.506723 0.855117
vt 0.615463 0.747163
vt 0.506143 0.746604
vt 0.506074 0.760224
vt 0.505994 0.773821
vt 0.505949 0.787405
vt 0.595015 0.935012
vt 0.595362 0.925239
vt 0.595003 0.885815
vt 0.594510 0.876172
vt 0.595547 0.905477
vt 0.595360 0.895602
vt 0.595547 0.915378
vt 0.594549 0.944634
vt 0.593607 0.954507
vt 0.211307 0.529443
vt 0.227561 0.529449
vt 0.227070 0.552580
vt 0.211782 0.552575
vt 0.314416 0.685696
vt 0.299128 0.685696
vt 0.298645 0.662566
vt 0.314899 0.662566
vt 0.273225 0.665535
vt 0.289037 0.665715
vt 0.289037 0.688851
vt 0.272976 0.688669
vt 0.146374 0.495488
vt 0.162188 0.495478
vt 0.162188 0.518614
vt 0.146126 0.518624
vt 0.228053 0.849935
vt 0.235158 0.867275
vt 0.227777 0.711130
vt 0.234690 0.705527
vt 0.079712 0.877051
vt 0.079712 0.919953
vt 0.057582 0.919977
vt 0.057661 0.877051
vt 0.284676 0.282575
vt 0.275226 0.300289
vt 0.052271 0.918855
vt 0.010306 0.918855
vt 0.010309 0.896810
vt 0.052251 0.896816
vt 0.249465 0.283100
vt 0.341423 0.512755
vt 0.167959 0.283100
vt 0.142231 0.300289
vt 0.611650 0.419847
vt 0.612596 0.317667
vt 0.630063 0.299186
vt 0.630015 0.437683
vt 0.528534 0.315592
vt 0.510168 0.297756
vt 0.527587 0.417772
vt 0.510121 0.436253
vt 0.654034 0.543189
vt 0.653852 0.519790
vt 0.680748 0.519511
vt 0.680931 0.543050
vt 0.654033 0.589990
vt 0.654095 0.566590
vt 0.680991 0.566590
vt 0.680930 0.590130
vt 0.653851 0.613390
vt 0.680747 0.613669
vt 0.653549 0.496391
vt 0.653125 0.472995
vt 0.680016 0.472437
vt 0.680443 0.495973
vt 0.333217 0.575001
vt 0.333014 0.548254
vt 0.322228 0.575126
vt 0.321822 0.548382
vt 0.377173 0.575335
vt 0.377782 0.548594
vt 0.388159 0.575626
vt 0.388970 0.548891
vt 0.279510 0.564784
vt 0.274485 0.564784
vt 0.279510 0.544357
vt 0.279510 0.551166
vt 0.274485 0.551166
vt 0.274485 0.544357
vt 0.279510 0.530739
vt 0.279510 0.537548
vt 0.274485 0.537548
vt 0.274485 0.530739
vt 0.279510 0.557975
vt 0.274485 0.557975
vt 0.279510 0.585211
vt 0.274485 0.585211
vt 0.682377 0.823437
vt 0.678661 0.817939
vt 0.677836 0.811752
vt 0.678323 0.805435
vt 0.687710 0.828026
vt 0.767996 0.496817
vt 0.768006 0.510937
vt 0.732445 0.510888
vt 0.732445 0.496817
vt 0.756578 0.519617
vt 0.756578 0.531539
vt 0.721282 0.531539
vt 0.721282 0.519617
vt 0.711121 0.534289
vt 0.711121 0.516734
vt 0.714431 0.518093
vt 0.714431 0.532913
vt 0.984851 0.600177
vt 0.959403 0.600177
vt 0.959403 0.585313
vt 0.984851 0.585313
vt 0.857612 0.600177
vt 0.832164 0.600177
vt 0.832164 0.585313
vt 0.857612 0.585313
vt 0.806717 0.600177
vt 0.781269 0.600177
vt 0.781269 0.585313
vt 0.806717 0.585313
vt 0.933955 0.600177
vt 0.933955 0.585313
vt 0.908508 0.600177
vt 0.883060 0.600177
vt 0.883060 0.585313
vt 0.908507 0.585313
vt 0.905858 0.444045
vt 0.905858 0.571733
vt 0.878797 0.571733
vt 0.878797 0.444045
vt 0.851850 0.571733
vt 0.851850 0.444045
vt 0.769263 0.980912
vt 0.769263 0.872629
vt 0.734744 0.850335
vt 0.734744 0.952986
vt 0.826166 0.571733
vt 0.826166 0.444045
vt 0.801684 0.571733
vt 0.801684 0.444045
vt 0.779225 0.571733
vt 0.779225 0.444045
vt 0.983461 0.444045
vt 0.983461 0.571733
vt 0.957861 0.571733
vt 0.957861 0.444045
vt 0.794185 0.970448
vt 0.790580 0.970448
vt 0.790580 0.867796
vt 0.794185 0.867796
vt 0.932021 0.571733
vt 0.932021 0.444045
vt 0.773211 0.875594
vt 0.786316 0.875594
vt 0.785187 0.919095
vt 0.774330 0.919095
vt 0.773148 0.927317
vt 0.785948 0.927317
vt 0.785256 0.965554
vt 0.773752 0.965554
vt 0.928330 0.836150
vt 0.904951 0.836150
vt 0.904951 0.820290
vt 0.928330 0.820290
vt 0.811435 0.836150
vt 0.788056 0.836150
vt 0.788056 0.820290
vt 0.811435 0.820290
vt 0.705236 0.615950
vt 0.723542 0.597650
vt 0.721041 0.591609
vt 0.699196 0.613447
vt 0.705231 0.641835
vt 0.699190 0.644336
vt 0.944837 0.946304
vt 0.963086 0.946250
vt 0.963086 0.968774
vt 0.944837 0.968829
vt 0.882538 0.803122
vt 0.906641 0.803122
vt 0.906641 0.811522
vt 0.882538 0.811522
vt 0.930744 0.803122
vt 0.954846 0.803122
vt 0.954846 0.811522
vt 0.930744 0.811522
vt 0.786127 0.803122
vt 0.810230 0.803122
vt 0.810230 0.811522
vt 0.786127 0.811522
vt 0.864199 0.968911
vt 0.885785 0.968938
vt 0.885807 0.984483
vt 0.864199 0.984455
vt 0.906074 0.968960
vt 0.906074 0.984504
vt 0.927340 0.968801
vt 0.944837 0.984373
vt 0.927340 0.984345
vt 0.801752 0.968938
vt 0.822148 0.968938
vt 0.822148 0.984483
vt 0.801752 0.984483
vt 0.843310 0.968938
vt 0.843310 0.984483
vt 0.963086 0.984318
vt 0.927340 0.989663
vt 0.906074 0.989821
vt 0.963086 0.989539
vt 0.944837 0.989690
vt 0.843310 0.989800
vt 0.822148 0.989800
vt 0.885796 0.989800
vt 0.864199 0.989772
vt 0.801752 0.989800
vt 0.834333 0.803122
vt 0.858435 0.803122
vt 0.858435 0.811522
vt 0.834333 0.811522
vt 0.978949 0.803122
vt 0.978949 0.811522
vt 0.749416 0.660146
vt 0.723531 0.660141
vt 0.721028 0.666182
vt 0.751917 0.666187
vt 0.767723 0.641846
vt 0.773763 0.644349
vt 0.726285 0.653620
vt 0.711723 0.639059
vt 0.713628 0.638269
vt 0.727074 0.651715
vt 0.761440 0.639059
vt 0.746878 0.653620
vt 0.746089 0.651715
vt 0.759534 0.638269
vt 0.761440 0.618465
vt 0.759534 0.619255
vt 0.726285 0.603904
vt 0.746878 0.603904
vt 0.746089 0.605809
vt 0.727074 0.605809
vt 0.711723 0.618465
vt 0.713628 0.619254
vt 0.822148 0.876406
vt 0.843310 0.876406
vt 0.843310 0.946414
vt 0.822148 0.946414
vt 0.789430 0.987481
vt 0.794834 0.982059
vt 0.797080 0.984298
vt 0.791676 0.989720
vt 0.797085 0.987469
vt 0.794847 0.989714
vt 0.789424 0.984310
vt 0.791663 0.982064
vt 0.774787 0.751893
vt 0.725473 0.831007
vt 0.725472 0.680047
vt 0.774786 0.680047
vt 0.767414 0.641703
vt 0.749234 0.659884
vt 0.751873 0.666255
vt 0.705342 0.641703
vt 0.705342 0.615992
vt 0.698970 0.613353
vt 0.698970 0.644342
vt 0.692308 0.532348
vt 0.692308 0.460498
vt 0.703593 0.460498
vt 0.703593 0.532405
vt 0.749234 0.597811
vt 0.767414 0.615992
vt 0.773785 0.613353
vt 0.751873 0.591440
vt 0.723522 0.659884
vt 0.720883 0.666255
vt 0.723522 0.597811
vt 0.720883 0.591440
vt 0.724758 0.896153
vt 0.713473 0.896153
vt 0.714166 0.846746
vt 0.724065 0.846746
vt 0.719612 0.552065
vt 0.719612 0.578575
vt 0.724722 0.576461
vt 0.724722 0.554185
vt 0.719135 0.928704
vt 0.719135 0.909472
vt 0.724223 0.910038
vt 0.724314 0.928139
vt 0.777557 0.750182
vt 0.777558 0.859346
vt 0.774787 0.854483
vt 0.714987 0.479401
vt 0.717855 0.479401
vt 0.717855 0.514742
vt 0.714981 0.514742
vt 0.756334 0.541258
vt 0.713593 0.538576
vt 0.715228 0.544649
vt 0.757246 0.544638
vt 0.725289 0.993986
vt 0.713295 0.993986
vt 0.713650 0.988495
vt 0.724935 0.988495
vt 0.722765 0.490738
vt 0.722765 0.464738
vt 0.765161 0.469718
vt 0.765161 0.485759
vt 0.730108 0.576188
vt 0.730108 0.552686
vt 0.772047 0.557135
vt 0.772047 0.571739
vt 0.744133 0.451537
vt 0.721931 0.451537
vt 0.705987 0.435937
vt 0.759856 0.435846
vt 0.714343 0.933764
vt 0.724241 0.933764
vt 0.744320 0.397437
vt 0.759856 0.413624
vt 0.705987 0.413532
vt 0.721745 0.397437
vt 0.765023 0.411491
vt 0.746292 0.392704
vt 0.763492 0.520508
vt 0.763492 0.547806
vt 0.769304 0.545399
vt 0.769304 0.522915
vt 0.716029 0.835081
vt 0.706130 0.835081
vt 0.706130 0.684120
vt 0.716029 0.684120
vt 0.701042 0.411490
vt 0.719772 0.392704
vt 0.950984 0.609402
vt 0.950984 0.790965
vt 0.928109 0.790965
vt 0.928109 0.609402
vt 0.859465 0.609402
vt 0.882347 0.609402
vt 0.882347 0.790965
vt 0.859465 0.790965
vt 0.701044 0.437985
vt 0.719782 0.456723
vt 0.746282 0.456723
vt 0.765020 0.437985
vt 0.905858 0.427586
vt 0.932021 0.427586
vt 0.826166 0.427586
vt 0.851850 0.427586
vt 0.813710 0.609402
vt 0.836586 0.609402
vt 0.836586 0.790965
vt 0.813710 0.790965
vt 0.973851 0.609402
vt 0.973851 0.790965
vt 0.957861 0.427586
vt 0.983461 0.427586
vt 0.878797 0.427586
vt 0.905229 0.609402
vt 0.905229 0.790965
vt 0.801684 0.427586
vt 0.779225 0.427586
vt 0.749427 0.597655
vt 0.751930 0.591614
vt 0.767727 0.615961
vt 0.773768 0.613460
vt 0.975087 0.836150
vt 0.951708 0.836150
vt 0.951708 0.820290
vt 0.975087 0.820290
vt 0.834814 0.836150
vt 0.834814 0.820290
vt 0.881572 0.836150
vt 0.858193 0.836150
vt 0.858193 0.820290
vt 0.881572 0.820290
vt 0.864121 0.851312
vt 0.885822 0.851317
vt 0.885844 0.876406
vt 0.864199 0.876379
vt 0.905996 0.851361
vt 0.906074 0.876428
vt 0.927263 0.851202
vt 0.944760 0.851229
vt 0.944837 0.876296
vt 0.927340 0.876269
vt 0.927340 0.946277
vt 0.801752 0.946414
vt 0.864199 0.946386
vt 0.906074 0.946436
vt 0.885861 0.946414
vt 0.801752 0.876406
vt 0.963086 0.876242
vt 0.843232 0.851339
vt 0.801674 0.851339
vt 0.822070 0.851339
vt 0.790840 0.790965
vt 0.790840 0.609402
vt 0.963008 0.851175
vt 0.852006 0.179079
vt 0.869599 0.179185
vt 0.869431 0.191650
vt 0.851976 0.191311
vt 0.795273 0.339007
vt 0.795273 0.353652
vt 0.754599 0.353652
vt 0.754599 0.339007
vt 0.871694 0.078370
vt 0.854562 0.078334
vt 0.854608 0.065977
vt 0.871714 0.065886
vt 0.899698 0.066069
vt 0.899939 0.055382
vt 0.929948 0.055334
vt 0.929676 0.065887
vt 0.900781 0.040346
vt 0.931034 0.040580
vt 0.898077 0.202815
vt 0.898019 0.192057
vt 0.928196 0.192781
vt 0.928266 0.203381
vt 0.827940 0.156226
vt 0.852464 0.156204
vt 0.852229 0.166815
vt 0.828188 0.166861
vt 0.872213 0.101531
vt 0.854728 0.101442
vt 0.854628 0.090752
vt 0.871906 0.090833
vt 0.901542 0.031952
vt 0.932077 0.032359
vt 0.808710 0.143704
vt 0.827623 0.143916
vt 0.809635 0.156086
vt 0.810246 0.166820
vt 0.828429 0.179142
vt 0.810756 0.179303
vt 0.898265 0.179872
vt 0.899024 0.167723
vt 0.929538 0.168856
vt 0.928520 0.180787
vt 0.830392 0.090612
vt 0.830572 0.078180
vt 0.929080 0.218203
vt 0.981319 0.202384
vt 0.981777 0.206129
vt 0.870069 0.166727
vt 0.813037 0.090528
vt 0.813375 0.078060
vt 0.872696 0.113886
vt 0.854901 0.113817
vt 0.852756 0.143950
vt 0.870654 0.156023
vt 0.929981 0.226447
vt 0.982889 0.213856
vt 0.830193 0.101315
vt 0.812622 0.101236
vt 0.829908 0.113721
vt 0.812011 0.113612
vt 0.827492 0.129299
vt 0.852892 0.129335
vt 0.751590 0.181099
vt 0.752592 0.193107
vt 0.699927 0.194400
vt 0.699421 0.183247
vt 0.871558 0.143685
vt 0.828530 0.191341
vt 0.810986 0.191786
vt 0.813480 0.065576
vt 0.830639 0.065826
vt 0.754537 0.039647
vt 0.755446 0.054402
vt 0.702072 0.055574
vt 0.701460 0.050574
vt 0.869437 0.202647
vt 0.852040 0.202199
vt 0.854702 0.055563
vt 0.871864 0.054846
vt 0.753573 0.031412
vt 0.699048 0.042230
vt 0.828548 0.202212
vt 0.811051 0.202804
vt 0.813439 0.054543
vt 0.830640 0.055409
vt 0.869765 0.218121
vt 0.852421 0.218311
vt 0.854932 0.043603
vt 0.872362 0.039259
vt 0.828324 0.218389
vt 0.810838 0.218332
vt 0.813096 0.038981
vt 0.830517 0.043478
vt 0.870149 0.226745
vt 0.852623 0.226362
vt 0.855114 0.034897
vt 0.872800 0.030556
vt 0.828201 0.226460
vt 0.810523 0.226997
vt 0.812744 0.030295
vt 0.830415 0.034783
vt 0.755342 0.076898
vt 0.754414 0.088787
vt 0.700742 0.086150
vt 0.701871 0.075284
vt 0.871490 0.244796
vt 0.853300 0.245223
vt 0.981486 0.172056
vt 0.980530 0.182758
vt 0.899923 0.157301
vt 0.930728 0.158637
vt 0.899737 0.078162
vt 0.929789 0.077836
vt 0.901827 0.112635
vt 0.900864 0.100622
vt 0.931571 0.099944
vt 0.933058 0.111677
vt 0.900227 0.090234
vt 0.930577 0.089734
vt 0.901225 0.145291
vt 0.932438 0.146914
vt 0.899358 0.226375
vt 0.898695 0.217951
vt 0.903997 0.016588
vt 0.935892 0.019901
vt 0.785353 0.077563
vt 0.784729 0.089632
vt 0.781760 0.218363
vt 0.781147 0.226833
vt 0.750339 0.227067
vt 0.751192 0.218776
vt 0.778913 0.145388
vt 0.780252 0.157442
vt 0.749316 0.158874
vt 0.747565 0.147113
vt 0.783975 0.100018
vt 0.753298 0.098985
vt 0.782283 0.203170
vt 0.751943 0.203876
vt 0.782286 0.192343
vt 0.784064 0.031373
vt 0.784729 0.039764
vt 0.781183 0.167902
vt 0.781977 0.180083
vt 0.750540 0.169127
vt 0.785402 0.054791
vt 0.781798 0.016018
vt 0.749947 0.018914
vt 0.785525 0.065474
vt 0.755595 0.064954
vt 0.782873 0.112032
vt 0.751669 0.110702
vt 0.873279 0.128700
vt 0.902943 0.127056
vt 0.878988 0.289476
vt 0.878796 0.305245
vt 0.910689 0.300516
vt 0.910900 0.281685
vt 0.855108 0.128698
vt 0.776217 0.377258
vt 0.752873 0.362299
vt 0.696990 0.362425
vt 0.696956 0.377069
vt 0.938446 0.324846
vt 0.958641 0.345042
vt 0.958616 0.384282
vt 0.924165 0.359322
vt 0.901745 0.241695
vt 0.713925 0.353652
vt 0.713925 0.339007
vt 0.673252 0.353652
vt 0.673252 0.339007
vt 0.889690 0.345041
vt 0.909885 0.324846
vt 0.882335 0.394507
vt 0.826678 0.394507
vt 0.806518 0.345737
vt 0.902741 0.130919
vt 0.934362 0.132918
vt 0.938445 0.393798
vt 0.909885 0.393798
vt 0.889665 0.384281
vt 0.776253 0.362354
vt 0.882224 0.325556
vt 0.806497 0.374297
vt 0.826727 0.325556
vt 0.697143 0.377116
vt 0.697143 0.362471
vt 0.753025 0.362212
vt 0.776178 0.377116
vt 0.989689 0.034650
vt 0.986550 0.045404
vt 0.942951 0.286237
vt 0.942778 0.267391
vt 0.994297 0.237773
vt 0.994027 0.251315
vt 0.702157 0.064124
vt 0.807569 0.128881
vt 0.983294 0.076855
vt 0.984223 0.087634
vt 0.984123 0.155643
vt 0.982685 0.163466
vt 0.933484 0.238933
vt 0.984578 0.223126
vt 0.985370 0.096332
vt 0.942893 0.268015
vt 0.942712 0.286954
vt 0.993975 0.252209
vt 0.994474 0.238214
vt 0.697256 0.103821
vt 0.699360 0.095028
vt 0.986944 0.104478
vt 0.829577 0.128658
vt 0.872685 0.128916
vt 0.698403 0.172423
vt 0.697144 0.163638
vt 0.694616 0.030636
vt 0.934694 0.125709
vt 0.988255 0.109881
vt 0.983162 0.065714
vt 0.749859 0.124729
vt 0.694617 0.111129
vt 0.699888 0.202955
vt 0.980762 0.193935
vt 0.984868 0.151100
vt 0.983506 0.057345
vt 0.699141 0.208051
vt 0.695595 0.155241
vt 0.984195 0.053561
vt 0.697192 0.216246
vt 0.855705 0.011695
vt 0.874140 0.012249
vt 0.745589 0.133075
vt 0.694617 0.149168
vt 0.827757 0.245486
vt 0.809334 0.245183
vt 0.811598 0.012050
vt 0.829999 0.011695
vt 0.746874 0.239673
vt 0.694616 0.225968
vt 0.748360 0.268552
vt 0.748532 0.287244
vt 0.697640 0.250467
vt 0.697108 0.237773
vt 0.748857 0.287703
vt 0.748519 0.268921
vt 0.697784 0.238587
vt 0.698361 0.249883
vt 0.812679 0.306067
vt 0.812576 0.290543
vt 0.832049 0.293428
vt 0.832141 0.308702
vt 0.878939 0.305724
vt 0.859576 0.308560
vt 0.859484 0.293223
vt 0.878836 0.290047
vt 0.973406 0.348612
vt 0.989823 0.347549
vt 0.990504 0.360412
vt 0.973585 0.361503
vt 0.987471 0.335202
vt 0.971390 0.336292
vt 0.984691 0.325310
vt 0.968844 0.326476
vt 0.980845 0.316042
vt 0.965755 0.317454
vt 0.963952 0.311500
vt 0.976960 0.309413
vt 0.972837 0.371332
vt 0.990162 0.370217
vt 0.971482 0.378995
vt 0.988882 0.377873
vt 0.968277 0.387791
vt 0.984484 0.386743
vt 0.963891 0.398078
vt 0.977549 0.398449
vt 0.910962 0.300397
vt 0.910822 0.281658
vt 0.780843 0.301252
vt 0.780538 0.282576
vt 0.780483 0.282487
vt 0.780623 0.301072
vt 0.778846 0.242262
vt 0.777354 0.130960
vt 0.781585 0.126460
vt 0.811267 0.128461
vt 0.687033 0.332249
vt 0.687034 0.317345
vt 0.785229 0.317346
vt 0.785229 0.332250
vt 0.879171 0.305962
vt 0.859733 0.308671
vt 0.832297 0.308633
vt 0.812936 0.305870
vt 0.776178 0.362212
vt 0.812716 0.305969
vt 0.812476 0.290353
vt 0.256668 0.091868
vt 0.227117 0.091866
vt 0.225674 0.086517
vt 0.258098 0.086517
vt 0.282267 0.187388
vt 0.297040 0.161795
vt 0.302389 0.163238
vt 0.286178 0.191318
vt 0.256675 0.202162
vt 0.258098 0.207529
vt 0.227123 0.202160
vt 0.225674 0.207528
vt 0.201529 0.187381
vt 0.197595 0.191315
vt 0.186752 0.161786
vt 0.181383 0.163234
vt 0.186750 0.132233
vt 0.181383 0.130810
vt 0.201525 0.106640
vt 0.197595 0.102729
vt 0.297038 0.132243
vt 0.282261 0.106648
vt 0.286178 0.102731
vt 0.302389 0.130813
vt 0.682738 0.133847
vt 0.680251 0.160416
vt 0.670218 0.158571
vt 0.672795 0.133847
vt 0.660189 0.057834
vt 0.672655 0.081565
vt 0.663138 0.085312
vt 0.651587 0.063366
vt 0.643329 0.230694
vt 0.622687 0.247954
vt 0.616687 0.239421
vt 0.635957 0.223569
vt 0.598838 0.005967
vt 0.622686 0.019739
vt 0.616686 0.028273
vt 0.593502 0.015541
vt 0.672656 0.186129
vt 0.663139 0.182381
vt 0.680250 0.107278
vt 0.670218 0.109123
vt 0.598839 0.261727
vt 0.593502 0.252152
vt 0.643329 0.037000
vt 0.635956 0.044124
vt 0.660190 0.209860
vt 0.651587 0.204328
vt 0.657032 0.156176
vt 0.659212 0.133847
vt 0.650704 0.090191
vt 0.640369 0.070569
vt 0.609147 0.228345
vt 0.626386 0.214304
vt 0.609147 0.039349
vt 0.588426 0.029161
vt 0.650705 0.177503
vt 0.657032 0.111518
vt 0.588426 0.238533
vt 0.626386 0.053390
vt 0.640370 0.197125
vt 0.619593 0.207475
vt 0.632328 0.191772
vt 0.647448 0.154306
vt 0.649211 0.133847
vt 0.641736 0.093871
vt 0.632327 0.075922
vt 0.603993 0.220224
vt 0.603992 0.047469
vt 0.585771 0.038760
vt 0.641737 0.173823
vt 0.647448 0.113387
vt 0.585771 0.228934
vt 0.619593 0.060219
vt 0.287882 0.135291
vt 0.287882 0.159878
vt 0.284533 0.158990
vt 0.284537 0.136190
vt 0.196363 0.135295
vt 0.208666 0.114005
vt 0.211111 0.116459
vt 0.199705 0.136204
vt 0.229773 0.193544
vt 0.208497 0.181199
vt 0.210957 0.178761
vt 0.230675 0.190188
vt 0.275615 0.181184
vt 0.273157 0.178746
vt 0.229938 0.101722
vt 0.230828 0.105064
vt 0.254441 0.101724
vt 0.275648 0.113997
vt 0.273202 0.116442
vt 0.253547 0.105052
vt 0.196283 0.159877
vt 0.199632 0.158999
vt 0.254370 0.193520
vt 0.253462 0.190179
vt 0.624546 0.108507
vt 0.624546 0.154133
vt 0.616114 0.151901
vt 0.606578 0.113395
vt 0.454272 0.109229
vt 0.476772 0.069537
vt 0.489987 0.082649
vt 0.462708 0.111445
vt 0.516908 0.217002
vt 0.477395 0.194187
vt 0.483540 0.187988
vt 0.521654 0.198996
vt 0.602048 0.193827
vt 0.588827 0.180711
vt 0.516285 0.046726
vt 0.518578 0.055135
vt 0.561908 0.046364
vt 0.601420 0.069177
vt 0.595279 0.075362
vt 0.557158 0.064366
vt 0.454270 0.154855
vt 0.472233 0.149963
vt 0.562534 0.216640
vt 0.560245 0.208217
vt 0.539393 0.131696
vt 0.329071 0.068639
vt 0.329071 0.057160
vt 0.362178 0.057160
vt 0.362178 0.068639
vt 0.396126 0.057160
vt 0.396126 0.068639
vt 0.263523 0.068639
vt 0.263523 0.057160
vt 0.296351 0.057160
vt 0.296351 0.068639
vt 0.230969 0.068639
vt 0.230969 0.057160
vt 0.199033 0.068639
vt 0.199033 0.057160
vt 0.167143 0.068639
vt 0.167143 0.057160
vt 0.135068 0.068639
vt 0.135068 0.057160
vt 0.069936 0.068639
vt 0.069936 0.057160
vt 0.102774 0.057160
vt 0.102774 0.068639
vt 0.037387 0.068639
vt 0.037387 0.057160
vt 0.005368 0.068639
vt 0.005368 0.057160
vt 0.037387 0.038534
vt 0.005368 0.038534
vt 0.005368 0.029673
vt 0.037387 0.029673
vt 0.396126 0.038534
vt 0.362178 0.038534
vt 0.362178 0.029673
vt 0.396126 0.029673
vt 0.230969 0.038534
vt 0.199033 0.038534
vt 0.199033 0.029673
vt 0.230969 0.029673
vt 0.102774 0.038534
vt 0.069936 0.038534
vt 0.069936 0.029673
vt 0.102774 0.029673
vt 0.167143 0.038534
vt 0.167143 0.029673
vt 0.296351 0.038534
vt 0.263523 0.038534
vt 0.263523 0.029673
vt 0.296351 0.029673
vt 0.329071 0.038534
vt 0.329071 0.029673
vt 0.135068 0.038534
vt 0.135068 0.029673
vt 0.230923 0.005036
vt 0.263477 0.005036
vt 0.263523 0.015684
vt 0.230969 0.015684
vt 0.359414 0.088842
vt 0.396007 0.088842
vt 0.393029 0.099555
vt 0.362272 0.099921
vt 0.361353 0.225529
vt 0.330543 0.207395
vt 0.337758 0.199869
vt 0.364332 0.214817
vt 0.311127 0.177376
vt 0.321704 0.173949
vt 0.447775 0.173556
vt 0.430847 0.207198
vt 0.421945 0.198664
vt 0.436585 0.171167
vt 0.426817 0.106977
vt 0.419602 0.114502
vt 0.309586 0.140814
vt 0.326515 0.107172
vt 0.335416 0.115706
vt 0.320776 0.143203
vt 0.397947 0.225529
vt 0.395089 0.214450
vt 0.446233 0.136995
vt 0.435656 0.140422
vt 0.415915 0.192883
vt 0.428319 0.169056
vt 0.413665 0.120695
vt 0.391123 0.107699
vt 0.341446 0.121487
vt 0.329042 0.145314
vt 0.392632 0.206280
vt 0.427599 0.142669
vt 0.364729 0.108092
vt 0.366238 0.206673
vt 0.329761 0.171701
vt 0.343696 0.193676
vt 0.342129 0.167941
vt 0.355709 0.181146
vt 0.406315 0.183679
vt 0.411087 0.165020
vt 0.401652 0.133225
vt 0.387887 0.120214
vt 0.351047 0.130692
vt 0.346274 0.149350
vt 0.387874 0.189233
vt 0.415231 0.146429
vt 0.369488 0.125138
vt 0.369474 0.194157
vt 0.378681 0.157185
vt 0.263523 0.025821
vt 0.296351 0.025821
vt 0.069890 0.005036
vt 0.102728 0.005036
vt 0.102774 0.015684
vt 0.069936 0.015684
vt 0.296351 0.042897
vt 0.263523 0.042897
vt 0.037387 0.052097
vt 0.069936 0.052097
vt 0.329071 0.025821
vt 0.396126 0.052097
vt 0.362178 0.052097
vt 0.362178 0.042897
vt 0.396126 0.042897
vt 0.005368 0.052097
vt 0.005368 0.042897
vt 0.037387 0.042897
vt 0.263523 0.052097
vt 0.230969 0.052097
vt 0.230969 0.042897
vt 0.069936 0.042897
vt 0.199033 0.052097
vt 0.167143 0.052097
vt 0.167143 0.042897
vt 0.199033 0.042897
vt 0.329071 0.042897
vt 0.102774 0.042897
vt 0.167096 0.005036
vt 0.198986 0.005036
vt 0.199033 0.015684
vt 0.167143 0.015684
vt 0.362178 0.025821
vt 0.135068 0.025821
vt 0.167143 0.025821
vt 0.199033 0.025821
vt 0.005322 0.005036
vt 0.037341 0.005036
vt 0.037387 0.015684
vt 0.005368 0.015684
vt 0.230969 0.025821
vt 0.296305 0.005036
vt 0.296351 0.015684
vt 0.329024 0.005036
vt 0.329071 0.015684
vt 0.396126 0.025821
vt 0.135022 0.005036
vt 0.135068 0.015684
vt 0.069936 0.025821
vt 0.102774 0.025821
vt 0.362132 0.005036
vt 0.362178 0.015684
vt 0.037387 0.025821
vt 0.396079 0.005036
vt 0.396126 0.015684
vt 0.005368 0.025821
vt 0.144497 0.096821
vt 0.125817 0.092278
vt 0.126732 0.080482
vt 0.146861 0.087045
vt 0.504822 0.011082
vt 0.557120 0.010983
vt 0.557100 0.021943
vt 0.504803 0.022133
vt 0.161797 0.162778
vt 0.157718 0.141126
vt 0.169145 0.138999
vt 0.175495 0.162413
vt 0.161494 0.208122
vt 0.162354 0.186447
vt 0.175495 0.184811
vt 0.172927 0.208572
vt 0.103136 0.110970
vt 0.086300 0.111208
vt 0.086300 0.090518
vt 0.105224 0.090734
vt 0.137701 0.206919
vt 0.138946 0.187661
vt 0.142433 0.106061
vt 0.125622 0.101141
vt 0.151640 0.162456
vt 0.147044 0.142913
vt 0.271344 0.138761
vt 0.266866 0.159649
vt 0.220867 0.159757
vt 0.216285 0.138761
vt 0.425603 0.008588
vt 0.425603 0.063201
vt 0.405944 0.058676
vt 0.405820 0.013049
vt 0.007894 0.151646
vt 0.007895 0.088190
vt 0.030722 0.095434
vt 0.030584 0.144336
vt 0.497100 0.004281
vt 0.564962 0.004280
vt 0.561961 0.037394
vt 0.480811 0.037394
vt 0.488445 0.028723
vt 0.554188 0.028848
vt 0.507091 0.258387
vt 0.510018 0.231629
vt 0.569975 0.231629
vt 0.572834 0.258387
vt 0.107230 0.079433
vt 0.135068 0.052097
vt 0.135068 0.042897
vt 0.329071 0.052097
vt 0.296351 0.052097
vt 0.102774 0.052097
vt 0.086414 0.080576
vt 0.042224 0.095442
vt 0.042041 0.144344
vt 0.452040 0.056580
vt 0.441726 0.056534
vt 0.441786 0.011809
vt 0.452142 0.011854
vt 0.161752 0.075469
vt 0.170769 0.073777
vt 0.175906 0.092726
vt 0.165062 0.092986
vt 0.474029 0.063285
vt 0.474029 0.005250
vt 0.343417 0.083258
vt 0.337088 0.091398
vt 0.283714 0.091248
vt 0.277535 0.083258
vt 0.051761 0.083504
vt 0.060125 0.091719
vt 0.060294 0.147497
vt 0.051761 0.155882
vt 0.120585 0.141784
vt 0.111110 0.141433
vt 0.115623 0.122885
vt 0.125398 0.125069
vt 0.099418 0.140525
vt 0.109600 0.161889
vt 0.098436 0.159905
vt 0.175906 0.110837
vt 0.165466 0.112133
vt 0.152343 0.077077
vt 0.156024 0.092898
vt 0.106000 0.120564
vt 0.071710 0.091644
vt 0.071792 0.147422
vt 0.430535 0.216597
vt 0.496279 0.216597
vt 0.493423 0.243354
vt 0.433467 0.243354
vt 0.109401 0.180681
vt 0.099644 0.180575
vt 0.173785 0.130053
vt 0.164717 0.129667
vt 0.130945 0.180681
vt 0.130716 0.163963
vt 0.145552 0.113016
vt 0.144514 0.128596
vn 1.000000 0.000000 0.000000
vn 0.000000 -1.000000 0.000000
vn -0.707100 0.000000 0.707100
vn 0.000000 0.000000 1.000000
vn -1.000000 0.000000 0.000000
vn -0.923900 0.000000 -0.382700
vn 0.707100 0.000000 0.707100
vn 0.000000 1.000000 0.000000
vn 0.707100 0.000000 -0.707100
vn 0.000000 0.000000 -1.000000
vn -0.707100 0.000000 -0.707100
vn 0.706600 0.000000 -0.707500
vn 0.641500 0.000000 -0.767100
vn 0.881300 0.000000 -0.472500
vn -0.706600 0.000000 0.707500
vn -0.453900 0.000000 0.891000
vn -0.472500 0.000000 0.881300
vn 0.531500 0.000000 -0.847000
vn -0.707000 0.000000 0.707200
vn -0.847000 0.000000 0.531500
vn -0.767100 0.000000 0.641500
vn -0.002300 -1.000000 0.002300
vn -0.001500 -1.000000 0.001800
vn 0.000100 -1.000000 0.000800
vn -0.706800 0.000400 0.707400
vn 0.706900 0.000000 -0.707200
vn 0.704900 -0.001900 -0.709200
vn 0.706100 -0.004500 -0.708100
vn 0.705200 -0.002700 -0.708900
vn 0.706700 -0.000200 -0.707400
vn -0.706900 0.000700 0.707200
vn -0.706700 0.000300 0.707400
vn 0.594700 0.541000 0.594700
vn 0.000500 -1.000000 0.000500
vn 1.000000 0.000000 0.000600
vn 0.891000 0.000000 -0.453900
vn 0.696800 -0.170300 0.696800
vn 0.000600 0.000000 1.000000
vn 0.002000 -1.000000 -0.001000
vn 0.000500 -1.000000 -0.000200
vn 0.002300 -1.000000 -0.001200
vn 0.707500 0.000000 0.706600
vn 0.767100 0.000000 0.641500
vn 0.472500 0.000000 0.881300
vn -0.707500 0.000000 -0.706600
vn -0.891000 0.000000 -0.453900
vn -0.881300 0.000000 -0.472500
vn 0.847000 0.000000 0.531500
vn -0.707100 0.000000 -0.707000
vn -0.707200 0.000000 -0.707000
vn -0.531500 0.000000 -0.847000
vn -0.641500 0.000000 -0.767100
vn -0.002300 -1.000000 -0.002300
vn -0.001800 -1.000000 -0.001500
vn -0.000800 -1.000000 0.000100
vn -0.707400 0.000400 -0.706800
vn 0.707200 0.000000 0.706900
vn 0.709200 -0.001900 0.704900
vn 0.708100 -0.004500 0.706100
vn 0.708900 -0.002700 0.705200
vn 0.707400 -0.000200 0.706700
vn -0.707200 0.000700 -0.706900
vn -0.707400 0.000300 -0.706700
vn -0.594700 0.541000 0.594700
vn -0.000500 -1.000000 0.000500
vn -0.000600 0.000000 1.000000
vn 0.453900 0.000000 0.891000
vn -0.696800 -0.170300 0.696800
vn -1.000000 0.000000 0.000600
vn 0.001000 -1.000000 0.002000
vn 0.000200 -1.000000 0.000500
vn 0.001200 -1.000000 0.002300
vn -0.641500 0.000000 0.767100
vn -0.881300 0.000000 0.472500
vn 0.453900 0.000000 -0.891000
vn 0.472500 0.000000 -0.881300
vn -0.531500 0.000000 0.847000
vn 0.707000 0.000000 -0.707200
vn 0.847000 0.000000 -0.531500
vn 0.767100 0.000000 -0.641500
vn 0.002300 -1.000000 -0.002300
vn 0.001500 -1.000000 -0.001800
vn -0.000100 -1.000000 -0.000800
vn 0.706800 0.000400 -0.707400
vn -0.706900 0.000000 0.707200
vn -0.704900 -0.001900 0.709200
vn -0.706100 -0.004500 0.708100
vn -0.705200 -0.002700 0.708900
vn -0.706700 -0.000200 0.707400
vn 0.706900 0.000700 -0.707200
vn 0.706700 0.000300 -0.707400
vn -0.594700 0.541000 -0.594700
vn -0.000500 -1.000000 -0.000500
vn -1.000000 0.000000 -0.000600
vn -0.891000 0.000000 0.453900
vn -0.696800 -0.170300 -0.696800
vn -0.000600 0.000000 -1.000000
vn -0.002000 -1.000000 0.001000
vn -0.000500 -1.000000 0.000200
vn -0.002300 -1.000000 0.001200
vn -0.767100 0.000000 -0.641500
vn -0.472500 0.000000 -0.881300
vn 0.891000 0.000000 0.453900
vn 0.881300 0.000000 0.472500
vn -0.847000 0.000000 -0.531500
vn 0.707100 0.000000 0.707000
vn 0.707200 0.000000 0.707000
vn 0.531500 0.000000 0.847000
vn 0.641500 0.000000 0.767100
vn 0.002300 -1.000000 0.002300
vn 0.001800 -1.000000 0.001500
vn 0.000800 -1.000000 -0.000100
vn 0.707400 0.000400 0.706800
vn -0.707200 0.000000 -0.706900
vn -0.709200 -0.001900 -0.704900
vn -0.708100 -0.004500 -0.706100
vn -0.708900 -0.002700 -0.705200
vn -0.707400 -0.000200 -0.706700
vn 0.707200 0.000700 0.706900
vn 0.707400 0.000300 0.706700
vn 0.594700 0.541000 -0.594700
vn 0.000500 -1.000000 -0.000500
vn 0.000600 0.000000 -1.000000
vn -0.453900 0.000000 -0.891000
vn 0.696800 -0.170300 -0.696800
vn 1.000000 0.000000 -0.000600
vn -0.001000 -1.000000 -0.002000
vn -0.000200 -1.000000 -0.000500
vn -0.001200 -1.000000 -0.002300
vn 0.965900 0.000000 0.258800
vn 0.965900 0.000000 -0.258800
vn 0.258800 0.000000 -0.965900
vn -0.258800 0.000000 -0.965900
vn -0.965900 0.000000 -0.258800
vn -0.965900 0.000000 0.258800
vn -0.258800 0.000000 0.965900
vn 0.258800 0.000000 0.965900
vn 0.068900 -0.995200 0.068900
vn 0.094100 -0.995200 0.025200
vn 0.025200 -0.995200 0.094100
vn -0.094100 -0.995200 -0.025200
vn -0.094100 -0.995200 0.025200
vn -0.068900 -0.995200 -0.068900
vn -0.068900 -0.995200 0.068900
vn -0.025200 -0.995200 0.094100
vn -0.025200 -0.995200 -0.094100
vn 0.068900 -0.995200 -0.068900
vn 0.025200 -0.995200 -0.094100
vn 0.094100 -0.995200 -0.025200
vn -0.905100 0.424900 0.009500
vn -0.834500 0.533800 0.136500
vn -0.329400 0.941400 0.072400
vn -0.338800 0.940600 0.020000
vn 0.071700 -0.257500 -0.963600
vn 0.071700 0.258700 -0.963300
vn 0.687300 -0.194000 -0.699900
vn 0.602500 -0.540100 -0.587600
vn 0.934500 -0.212700 -0.285400
vn 0.938600 -0.066500 -0.338600
vn -0.895700 0.108000 0.431300
vn -0.714100 0.347000 0.608000
vn -0.989100 0.075400 0.126000
vn -0.999100 0.024000 0.034800
vn -0.949100 -0.065500 -0.308200
vn -0.935300 -0.214300 -0.281600
vn -0.595900 -0.544500 -0.590200
vn -0.672600 -0.203600 -0.711400
vn 0.873100 0.487400 0.000500
vn 0.279600 0.960100 -0.000600
vn 0.222300 0.904100 0.364900
vn 0.861700 0.490200 0.130800
vn 0.132100 -0.756900 0.640000
vn 0.736400 -0.467200 0.489300
vn 0.617100 -0.122300 0.777300
vn 0.031000 -0.148800 0.988400
vn -0.031500 -0.148900 0.988300
vn -0.009900 0.001100 0.999900
vn -0.692600 0.001800 0.721300
vn -0.620000 -0.122100 0.775000
vn -0.638500 0.323200 0.698500
vn -0.982000 0.079400 0.171200
vn -0.899800 -0.347000 -0.264400
vn -0.538700 -0.660400 -0.523100
vn 0.988500 0.088000 0.123200
vn 0.984500 0.079700 0.156300
vn 0.639600 0.362200 0.678000
vn 0.727300 0.395900 0.560600
vn -0.145000 0.777200 0.612300
vn -0.128900 0.451200 0.883100
vn 0.130600 0.489300 0.862200
vn 0.018400 0.564700 0.825000
vn 0.026900 0.864100 0.502600
vn 0.114400 0.816900 0.565300
vn -0.999000 0.003300 0.044300
vn -0.697700 0.002200 0.716400
vn -0.999400 0.008900 0.032600
vn -0.210100 0.913600 0.348000
vn -0.848900 0.513500 0.124900
vn -0.608100 0.402600 0.684100
vn -0.088000 0.403200 0.910800
vn 0.009800 0.001100 0.999900
vn 0.690400 0.001900 0.723400
vn 0.695600 0.002400 0.718400
vn 0.013000 0.000500 0.999900
vn -0.009200 0.006000 0.999900
vn -0.702000 0.006600 0.712100
vn 0.998800 0.003500 0.047800
vn 0.335000 -0.656500 -0.675700
vn 0.303700 -0.730800 -0.611300
vn 0.545700 -0.657100 -0.519900
vn 0.898300 -0.349400 -0.266300
vn 0.999300 0.010100 0.035200
vn 0.702400 0.006200 0.711800
vn 0.011900 0.002600 0.999900
vn 0.100200 0.401400 0.910400
vn 0.610000 0.371800 0.699700
vn -0.134100 -0.757000 0.639500
vn 0.993100 0.077900 -0.088000
vn 0.413600 0.883400 -0.220000
vn 0.409800 0.896200 -0.169900
vn 0.865400 0.466200 -0.183500
vn -0.737900 -0.465900 0.488200
vn -0.013200 0.000500 0.999900
vn -0.497200 0.847700 -0.185100
vn -0.434500 0.890100 -0.137300
vn 0.000000 -0.674400 -0.738300
vn 0.000000 -0.772200 -0.635300
vn 0.068400 -0.680700 -0.729300
vn 0.059400 -0.768500 -0.637000
vn -0.262900 0.964800 -0.000200
vn -0.181900 -0.967800 0.173900
vn 0.179100 -0.968200 0.174300
vn 0.999700 0.008900 0.024100
vn 0.999400 0.034300 0.007200
vn 0.475500 0.124400 0.870800
vn 0.338600 0.670900 0.659700
vn 0.266400 0.727900 0.631900
vn 0.415600 0.204900 0.886100
vn -0.320400 -0.659300 -0.680200
vn -0.410400 -0.267200 -0.871900
vn -0.289700 -0.734300 -0.613900
vn -0.067200 -0.680700 -0.729500
vn -0.058300 -0.768600 -0.637000
vn 0.000300 -0.247000 -0.969000
vn 0.092100 -0.256100 -0.962200
vn 0.838500 0.533600 0.110000
vn 0.832100 0.554500 -0.001800
vn 0.214200 0.976700 -0.007400
vn 0.293000 0.954900 0.048200
vn 0.056700 0.997600 -0.039900
vn 0.397200 0.917600 -0.013800
vn 0.453900 0.857700 -0.241600
vn 0.336600 0.863800 -0.374700
vn 0.000400 0.291000 -0.956700
vn 0.002200 0.324600 -0.945800
vn -0.003700 0.896000 -0.444100
vn 0.004100 0.896300 -0.443500
vn -0.889400 0.329800 -0.316500
vn -0.924900 0.380000 -0.012100
vn -0.391100 0.920300 -0.009800
vn -0.449500 0.862600 -0.231800
vn -0.079000 0.294200 -0.952500
vn -0.387400 0.287100 -0.876100
vn -0.233900 0.861600 -0.450400
vn -0.072800 0.880000 -0.469300
vn -0.061400 0.997100 -0.044200
vn -0.005100 0.950900 0.309500
vn 0.040400 0.995900 0.080700
vn -0.002000 0.993100 0.117000
vn -0.059500 0.997500 0.038100
vn -0.377300 0.926100 0.001000
vn -0.331800 0.861400 -0.384500
vn -0.005300 0.892100 -0.451600
vn 0.360600 -0.240900 -0.901100
vn 0.611400 -0.204300 -0.764500
vn 0.611400 -0.559200 -0.559900
vn 0.360600 -0.659100 -0.659900
vn 0.611400 -0.764200 -0.205200
vn 0.360600 -0.900800 -0.241900
vn -0.094500 0.995500 -0.000900
vn -0.383200 0.923600 0.000500
vn 0.611400 -0.764500 0.204300
vn 0.360600 -0.901100 0.240900
vn 0.611400 -0.559900 0.559200
vn 0.360600 -0.659900 0.659100
vn 0.272600 0.962000 0.016200
vn 0.360600 0.932600 0.009400
vn 0.085000 0.996400 0.003100
vn 0.065000 0.997000 0.040600
vn 0.097200 0.303200 -0.947900
vn 0.033400 0.878900 -0.475800
vn -0.186000 0.958900 0.214100
vn -0.039200 0.964800 0.260200
vn 0.418400 0.289400 -0.860900
vn 0.195600 0.869800 -0.453000
vn 0.000500 0.973500 -0.228700
vn 0.054200 0.991500 -0.117900
vn 0.040100 0.965100 0.258700
vn 0.183500 0.935400 0.302200
vn 0.164300 0.944400 0.284900
vn -0.001400 0.882400 0.470400
vn -0.001300 0.296200 -0.955100
vn -0.004000 0.964100 0.265400
vn -0.057800 0.989900 -0.129300
vn 0.611400 -0.205200 0.764200
vn 0.360600 -0.241900 0.900800
vn -0.245300 0.960300 0.132500
vn -0.276800 0.960900 0.001500
vn -0.041200 0.995300 0.087200
vn -0.002800 0.964800 0.262900
vn 0.003100 0.965700 0.259700
vn 0.611400 0.204300 0.764500
vn 0.360600 0.240900 0.901100
vn 0.611400 0.559200 0.559900
vn 0.360600 0.659100 0.659900
vn 0.360600 0.900800 0.241900
vn 0.611400 0.764200 0.205200
vn 0.611400 0.764500 -0.204300
vn 0.360600 0.901100 -0.240900
vn 0.611400 0.559900 -0.559200
vn 0.360600 0.659900 -0.659100
vn 0.045800 -0.995800 0.079300
vn 0.079300 -0.995800 0.045800
vn 0.091600 -0.995800 0.000000
vn 0.079300 -0.995800 -0.045800
vn -0.045800 -0.995800 -0.079300
vn -0.079300 -0.995800 -0.045800
vn 0.000000 -0.995800 0.091600
vn -0.045800 -0.995800 0.079300
vn -0.483300 0.829700 0.279000
vn -0.279000 0.829700 0.483300
vn -0.097300 0.980900 0.168600
vn -0.169900 0.980600 0.098100
vn 0.279000 0.829700 0.483300
vn 0.483300 0.829700 0.279000
vn 0.169900 0.980600 0.098100
vn 0.097300 0.980900 0.168600
vn 0.000000 0.829700 -0.558100
vn -0.279000 0.829700 -0.483300
vn -0.097300 0.980900 -0.168600
vn 0.000000 0.980600 -0.196200
vn 0.483300 0.829700 -0.279000
vn 0.279000 0.829700 -0.483300
vn 0.097300 0.980900 -0.168600
vn 0.169900 0.980600 -0.098100
vn -0.558100 0.829700 0.000000
vn -0.194600 0.980900 0.000000
vn 0.000000 0.829700 0.558100
vn 0.000000 0.980600 0.196200
vn 0.558100 0.829700 0.000000
vn 0.194600 0.980900 0.000000
vn -0.483300 0.829700 -0.279000
vn -0.169900 0.980600 -0.098100
vn 0.057800 0.997700 -0.033400
vn 0.082900 0.996600 0.000000
vn 0.041400 0.996600 -0.071700
vn 0.000000 0.997700 -0.066800
vn 0.000000 0.997700 0.066800
vn -0.041400 0.996600 0.071700
vn 0.041400 0.996600 0.071700
vn 0.057800 0.997700 0.033400
vn -0.057800 0.997700 -0.033400
vn -0.041400 0.996600 -0.071700
vn -0.057800 0.997700 0.033400
vn -0.082900 0.996600 0.000000
vn -0.686900 -0.608900 0.396600
vn -0.396600 -0.608900 0.686900
vn -0.477300 -0.298000 0.826700
vn -0.826700 -0.298000 0.477300
vn 0.396600 -0.608900 -0.686900
vn 0.000000 -0.608900 -0.793200
vn 0.000000 -0.298000 -0.954600
vn 0.477300 -0.298000 -0.826700
vn -0.396600 -0.608900 -0.686900
vn -0.686900 -0.608900 -0.396600
vn -0.826700 -0.298000 -0.477300
vn -0.477300 -0.298000 -0.826700
vn 0.686900 -0.608900 0.396600
vn 0.793200 -0.608900 0.000000
vn 0.954600 -0.298000 0.000000
vn 0.826700 -0.298000 0.477300
vn 0.000000 -0.608900 0.793200
vn 0.000000 -0.298000 0.954600
vn -0.793200 -0.608900 0.000000
vn -0.954600 -0.298000 0.000000
vn 0.686900 -0.608900 -0.396600
vn 0.826700 -0.298000 -0.477300
vn 0.396600 -0.608900 0.686900
vn 0.477300 -0.298000 0.826700
vn -0.939000 0.343800 0.000000
vn -0.813200 0.343800 -0.469500
vn -0.239900 0.959600 -0.146800
vn -0.190100 0.895600 -0.402200
vn -0.003700 0.793500 -0.608500
vn 0.177100 0.907700 -0.380300
vn 0.214900 0.967300 -0.134900
vn 0.611400 0.205200 -0.764200
vn 0.360600 0.241900 -0.900800
vn -0.002400 0.963400 0.268100
vn -0.001400 0.964700 0.263400
vn 0.294100 0.112100 0.949200
vn 0.264700 0.306300 0.914400
vn 0.164300 0.335600 0.927600
vn 0.143000 0.089200 0.985700
vn 0.160300 0.796100 0.583500
vn 0.072000 0.838500 0.540100
vn 0.065300 0.814500 0.576400
vn 0.171100 0.330400 0.928200
vn 0.435500 -0.247600 -0.865400
vn -0.999500 0.028900 0.008000
vn -0.999800 0.019600 0.002300
vn -0.999300 0.033400 0.018300
vn -0.012300 0.002900 0.999900
vn -0.700400 0.004200 0.713700
vn 0.999700 0.024800 0.001800
vn 0.999700 0.010800 0.021100
vn 0.706200 0.005800 0.708000
vn 0.008100 0.005300 0.999900
vn -0.000400 -0.247000 -0.969000
vn 0.000000 -0.246600 -0.969100
vn -0.010500 0.876600 0.481200
vn -0.999700 0.007700 0.021500
vn -0.094900 -0.265900 -0.959300
vn -0.999800 0.005200 0.015200
vn 0.476700 0.086700 0.874800
vn 0.196400 0.140800 0.970300
vn 0.534700 0.046300 0.843700
vn -0.368700 0.615400 -0.696600
vn 0.000000 0.707100 -0.707100
vn 0.000000 -0.707100 -0.707100
vn -0.368700 -0.615400 -0.696600
vn 0.551300 -0.003100 0.834300
vn 0.110000 0.356500 0.927800
vn -0.285400 -0.930200 0.230600
vn -0.750400 -0.505700 0.425700
vn -0.321200 0.718400 0.617000
vn -0.263300 0.793100 0.549100
vn -0.233400 0.819300 0.523700
vn -0.076600 0.856200 0.510900
vn -0.585100 0.174400 0.792000
vn -0.441900 0.264500 0.857100
vn 0.999900 0.009500 0.004100
vn 0.998800 0.047900 0.008900
vn 0.999000 0.034400 0.027000
vn -0.173900 -0.031200 -0.984300
vn -0.000800 0.014800 -0.999900
vn 0.000000 0.015700 -0.999800
vn 0.000800 0.014800 -0.999900
vn 0.000000 -0.017100 -0.999800
vn 0.022900 -0.017000 -0.999600
vn 0.043200 -0.049000 -0.997800
vn -0.064500 -0.077100 -0.994900
vn -0.027200 -0.016700 -0.999500
vn 0.000000 0.763200 -0.646200
vn 0.009700 0.764200 -0.644800
vn 0.029900 0.951400 -0.306500
vn 0.000000 0.951000 -0.309000
vn 0.000000 -0.823800 -0.566800
vn -0.009100 -0.828700 -0.559600
vn -0.025300 -0.968300 -0.248600
vn 0.000000 -0.965100 -0.261900
vn -0.038800 0.767300 -0.640100
vn -0.009600 0.764300 -0.644800
vn -0.030500 0.951400 -0.306300
vn -0.052000 0.934900 -0.351100
vn 0.008500 -0.827000 -0.562100
vn 0.023900 -0.967100 -0.253300
vn -0.024400 -0.996800 0.076300
vn 0.000000 -0.997300 0.072500
vn 0.000000 0.997200 0.074300
vn -0.033200 0.996300 0.079400
vn 0.999300 0.012800 0.034400
vn 0.996400 0.075300 0.039100
vn 0.884900 -0.247500 -0.394500
vn 0.661000 -0.325200 -0.676200
vn 0.683000 0.263500 -0.681200
vn 0.888700 0.324100 -0.324400
vn 0.647300 0.357800 0.673000
vn 0.986400 0.075800 0.145600
vn 0.572800 0.599700 0.558800
vn -0.425200 0.304200 0.852400
vn -0.082200 -0.390800 -0.916800
vn -0.371900 -0.362800 -0.854400
vn -0.651700 -0.327500 -0.684100
vn -0.678900 0.266200 -0.684300
vn 0.083600 -0.390700 -0.916700
vn -0.000100 -0.399500 -0.916700
vn 0.000000 -0.399400 -0.916700
vn -0.920700 0.390200 0.000700
vn 0.000100 -0.399500 -0.916700
vn -0.919800 0.392400 0.002700
vn 0.858600 0.512400 0.010700
vn 0.905600 0.424000 0.006700
vn 0.947900 0.225300 -0.225100
vn 0.947900 0.082600 -0.307600
vn 0.947900 -0.082200 -0.307700
vn 1.000000 0.000300 -0.002100
vn 0.000000 -1.000000 -0.001100
vn -0.022300 -0.999700 -0.001100
vn 0.386200 -0.360500 -0.849000
vn -0.044700 -0.999000 -0.001200
vn 0.368700 0.615400 -0.696600
vn 0.368700 -0.615400 -0.696600
vn -0.707100 -0.707100 0.000000
vn -0.729100 -0.646500 -0.224400
vn 0.301500 -0.904500 0.301500
vn 0.707100 -0.707100 0.000000
vn 0.729100 0.646500 -0.224400
vn 0.707100 0.707100 0.000000
vn 0.729100 -0.646500 -0.224400
vn -0.469500 0.343800 0.813200
vn 0.000000 0.343800 0.939000
vn 0.939000 0.343800 0.000000
vn 0.813200 0.343800 -0.469500
vn 0.708500 0.000000 -0.705600
vn 0.643900 0.417400 -0.641200
vn 0.908700 0.417400 0.001900
vn 1.000000 0.000000 0.002000
vn 0.927400 0.373700 -0.014500
vn 0.651800 0.009100 0.758300
vn 0.634000 0.017800 0.773100
vn 0.567400 0.027400 0.822900
vn 0.927000 -0.000200 0.374900
vn 0.924200 0.002300 0.381900
vn -0.528400 0.043300 0.847900
vn -0.500000 0.080100 0.862300
vn -0.627200 0.031600 0.778200
vn -0.663500 0.019000 0.747900
vn -0.301800 -0.161700 -0.939500
vn 0.691400 -0.002700 -0.722400
vn 0.933000 -0.001600 -0.359900
vn 0.929700 -0.001700 -0.368200
vn 0.033600 -0.835800 -0.547900
vn 0.040200 -0.956800 -0.288100
vn 0.174900 -0.095600 -0.979900
vn 0.133100 0.053400 0.989700
vn 0.122600 0.037100 0.991700
vn 0.505000 0.053300 0.861400
vn 0.313500 0.064300 0.947400
vn -0.416000 0.051700 0.907900
vn -0.419900 0.080100 0.904000
vn -0.295400 0.005000 0.955300
vn -0.325100 0.010300 0.945600
vn -0.479500 0.129000 0.868000
vn -0.400900 0.039000 0.915300
vn -0.009100 0.004200 0.999900
vn 0.030500 0.009500 0.999500
vn -0.887600 -0.245200 -0.389800
vn -0.978500 0.096800 0.182000
vn -0.594800 0.364300 0.716500
vn -0.506900 0.651400 0.564600
vn -0.908700 0.417400 -0.001900
vn -0.643900 0.417400 0.641200
vn -0.704400 0.107300 0.701600
vn -0.994200 0.107300 -0.002000
vn 0.865400 -0.481600 0.138200
vn -0.866500 -0.480100 0.136400
vn -0.999700 0.008200 0.023400
vn 0.000000 -0.000100 -1.000000
vn -0.001100 -0.000100 -1.000000
vn 0.701600 0.107300 0.704500
vn 0.994200 0.107300 0.002000
vn 0.937500 -0.348000 0.001900
vn 0.661500 -0.348000 0.664300
vn 0.002000 0.107300 -0.994200
vn -0.701600 0.107300 -0.704500
vn -0.661500 -0.348000 -0.664300
vn 0.001900 -0.348000 -0.937500
vn -0.664200 -0.348000 0.661500
vn -0.937500 -0.348000 -0.001900
vn -0.002000 0.107300 0.994200
vn -0.001900 -0.348000 0.937500
vn 0.704400 0.107300 -0.701600
vn 0.664200 -0.348000 -0.661500
vn 0.000000 0.090900 0.995800
vn 0.008200 0.401800 0.915700
vn -0.650800 0.376400 0.659400
vn -0.704200 0.090900 0.704200
vn 0.704200 0.090900 0.704200
vn 0.644100 0.424500 0.636300
vn 0.813200 0.343800 0.469500
vn 0.469500 0.343800 0.813200
vn 0.632100 0.444600 0.634700
vn 0.895700 0.444500 0.001800
vn 0.334400 0.942400 0.000700
vn 0.235900 0.942400 0.236900
vn -0.469500 0.343800 -0.813200
vn 0.000000 0.343800 -0.939000
vn 0.469500 0.343800 -0.813200
vn -0.813200 0.343800 0.469500
vn -0.632100 0.444500 -0.634700
vn 0.001800 0.444500 -0.895700
vn 0.634700 0.444500 -0.632100
vn -0.895700 0.444500 -0.001800
vn 0.674600 0.619600 -0.401300
vn 0.865500 0.022000 -0.500400
vn 0.999700 0.023500 0.000000
vn 0.774000 0.633100 0.000700
vn -0.000700 0.942400 0.334400
vn -0.334400 0.942400 -0.000700
vn -0.236900 0.942400 0.236000
vn -0.235900 0.942400 -0.236900
vn 0.000700 0.942400 -0.334400
vn 0.236900 0.942400 -0.235900
vn -0.176600 0.935600 0.305700
vn -0.396200 0.448700 0.801000
vn -0.693100 0.588200 0.416500
vn -0.794700 0.607000 0.000800
vn -0.689700 0.598700 -0.407200
vn -0.394300 0.430600 -0.811800
vn -0.003700 0.372000 -0.928200
vn 0.387800 0.446600 -0.806300
vn 0.241800 0.970300 0.001600
vn 0.219500 0.967900 0.122400
vn 0.677900 0.610700 0.409200
vn 0.389100 0.464500 0.795500
vn -0.003500 0.399300 0.916800
vn -0.000100 0.008300 0.999900
vn -0.497800 0.012500 0.867200
vn 0.912200 0.111200 0.394200
vn 0.438400 0.668000 0.601200
vn 0.612400 0.125300 0.780500
vn 0.000000 0.964600 0.263800
vn 0.947900 -0.225300 0.225100
vn 0.947900 -0.082600 0.307600
vn 0.001100 -0.000100 -1.000000
vn 0.642400 0.427600 -0.635900
vn 0.008000 0.407000 -0.913400
vn -0.017000 0.814700 -0.579700
vn 0.383400 0.833600 -0.397600
vn 0.385100 0.830700 0.402000
vn -0.017400 0.810000 0.586100
vn -0.443600 0.788600 0.425800
vn -0.024400 -0.996700 -0.077400
vn -0.044400 -0.995700 -0.080500
vn -0.020000 -0.996800 -0.076700
vn -0.441600 0.792200 -0.421100
vn -0.624800 0.780800 0.001600
vn -0.394600 0.918900 0.000000
vn -0.279000 0.918900 -0.279000
vn 0.000000 0.918900 0.394600
vn -0.279000 0.918900 0.279000
vn 0.543000 0.839700 0.001200
vn 0.394600 0.918900 0.000000
vn 0.279000 0.918900 0.279000
vn 0.000000 0.918900 -0.394600
vn 0.279000 0.918900 -0.279000
vn -0.036500 -0.842600 -0.537300
vn -0.042000 -0.956700 -0.288100
vn -0.652700 -0.000100 -0.757600
vn -0.918400 -0.000000 -0.395700
vn -0.925100 -0.000000 -0.379700
vn 0.038400 0.766900 -0.640500
vn 0.051300 0.934800 -0.351300
vn 0.088500 -0.068100 -0.993700
vn 0.012400 -0.246100 -0.969100
vn 0.002500 -0.263700 -0.964600
vn 0.058000 -0.141000 -0.988300
vn 0.586400 0.810000 0.000000
vn 0.414600 0.810000 -0.414600
vn 0.310100 0.898700 -0.310100
vn 0.438600 0.898700 0.000000
vn -1.000000 0.005500 0.000200
vn -0.999800 0.006000 0.019300
vn 0.000000 0.898700 -0.438600
vn -0.310100 0.898700 -0.310100
vn -0.081200 0.993400 -0.081200
vn 0.000000 0.993400 -0.114800
vn -0.438600 0.898700 0.000000
vn -0.310100 0.898700 0.310100
vn -0.081200 0.993400 0.081200
vn -0.114800 0.993400 0.000000
vn 0.000000 0.898700 0.438600
vn 0.310100 0.898700 0.310100
vn 0.081200 0.993400 0.081200
vn 0.000000 0.993400 0.114800
vn 0.081200 0.993400 -0.081200
vn 0.114800 0.993400 0.000000
vn 0.150500 -0.002300 -0.988600
vn -0.866200 0.499600 0.000200
vn -0.866100 0.488700 -0.105100
vn 0.135200 0.990800 0.000000
vn 0.095600 0.990800 -0.095600
vn 0.095600 0.990800 0.095600
vn -0.450400 0.293000 0.843400
vn -0.865500 0.018500 0.500600
vn 0.497400 0.013700 0.867400
vn 0.865300 0.021100 0.500800
vn 0.497000 0.013900 -0.867600
vn -0.000100 0.007300 -1.000000
vn -0.999800 0.020200 0.000000
vn -0.865700 0.019400 -0.500200
vn -0.497500 0.012700 -0.867400
vn -0.091600 -0.995800 0.000000
vn 0.000000 -0.995800 -0.091600
vn 0.045800 -0.995800 -0.079300
vn -0.079300 -0.995800 0.045800
vn 0.301500 0.904500 0.301500
vn -0.707100 0.707100 0.000000
vn -0.729100 0.646500 -0.224400
vn 0.947900 0.082200 0.307700
vn 0.036200 0.675300 0.736600
vn -0.073000 0.514300 0.854500
vn -0.079700 0.463700 0.882400
vn 0.999900 0.006800 0.009200
vn 0.947900 0.225100 0.225300
vn -0.045600 0.730000 0.681900
vn 0.999900 -0.000400 0.008800
vn 0.999400 0.025700 0.024400
vn -0.012400 0.681800 0.731400
vn -0.005800 0.521500 0.853200
vn 0.099100 0.483300 0.869800
vn -0.004400 0.711300 0.702900
vn -0.999100 0.029100 0.030900
vn -0.997600 0.066700 0.016000
vn 0.240400 -0.712700 0.658900
vn 0.602900 -0.421000 0.677600
vn -0.726200 -0.008200 0.687400
vn -0.284700 0.467200 0.837000
vn 0.420600 -0.871400 0.252400
vn 0.954500 -0.280200 0.101900
vn -0.343900 -0.904800 0.251000
vn -0.182400 -0.718100 0.671600
vn 0.238700 0.518800 0.820900
vn 0.858300 0.511400 0.040600
vn 0.322500 0.945700 0.039600
vn -0.282700 -0.738800 0.611700
vn -0.705400 -0.334500 0.624900
vn 0.231100 -0.949000 0.214200
vn 0.690300 -0.572500 0.442300
vn 0.689000 -0.387300 0.612500
vn 0.226100 -0.748200 0.623700
vn -0.271600 0.961600 0.039300
vn -0.062700 0.336800 0.939500
vn 0.947900 -0.225100 -0.225300
vn 0.947900 -0.307600 -0.082600
vn 0.947900 -0.307700 0.082200
vn 0.947900 0.307700 -0.082200
vn 0.947900 0.307600 0.082600
vn -0.611400 0.559900 -0.559200
vn -0.947900 0.225300 -0.225100
vn -0.947900 0.307700 -0.082200
vn -0.611400 0.764500 -0.204300
vn -0.947900 0.307600 0.082600
vn -0.611400 0.764200 0.205200
vn -0.611400 0.205200 -0.764200
vn -0.947900 0.082600 -0.307600
vn -0.360600 -0.901100 0.240900
vn -0.360600 -0.659900 0.659100
vn -0.611400 -0.559900 0.559200
vn -0.611400 -0.764500 0.204300
vn -0.360600 -0.900800 -0.241900
vn -0.611400 -0.764200 -0.205200
vn -0.947900 -0.082600 0.307600
vn -0.947900 -0.225300 0.225100
vn -0.947900 -0.082200 -0.307700
vn -0.947900 -0.307600 -0.082600
vn -0.947900 -0.225100 -0.225300
vn -0.947900 0.082200 0.307700
vn -0.947900 -0.307700 0.082200
vn -0.947900 0.225100 0.225300
vn -0.071700 0.257500 0.963600
vn -0.071700 -0.258700 0.963300
vn -0.560000 0.070700 0.825400
vn -0.935400 -0.335800 0.110700
vn -0.594800 -0.462700 0.657400
vn -0.805400 0.591100 0.043100
vn 0.685900 0.016200 0.727500
vn 0.680600 0.321300 0.658300
vn -0.698100 0.260900 0.666700
vn 0.208600 0.686400 0.696600
vn -0.634700 0.444500 0.632100
vn -0.001800 0.444600 0.895700
vn 0.641200 0.417400 0.643900
vn 0.705600 0.000000 0.708500
vn -0.708500 0.000000 0.705600
vn -1.000000 0.000000 -0.002000
vn -0.641300 0.417400 -0.643900
vn -0.705600 0.000000 -0.708500
vn 0.002000 0.000000 -1.000000
vn 0.001900 0.417400 -0.908700
vn -0.001800 0.417400 0.908700
vn -0.002000 0.000000 1.000000
vn -0.648900 0.380800 -0.658700
vn -0.930400 0.366300 -0.000800
vn 0.900900 0.433900 -0.000500
vn 0.000000 0.990800 -0.135200
vn -0.095600 0.990800 -0.095600
vn -0.135200 0.990800 0.000000
vn -0.095600 0.990800 0.095600
vn -0.414600 0.810000 -0.414600
vn -0.586400 0.810000 0.000000
vn -0.414600 0.810000 0.414600
vn 0.000000 0.810000 0.586400
vn 0.414600 0.810000 0.414600
vn 0.000000 0.810000 -0.586400
vn 0.000000 0.990800 0.135200
vn 0.095600 -0.990800 0.095600
vn 0.000000 -0.990800 0.135200
vn 0.135200 -0.990800 0.000000
vn 0.095600 -0.990800 -0.095600
vn 0.000000 -0.990800 -0.135200
vn -0.095600 -0.990800 0.095600
vn -0.135200 -0.990800 0.000000
vn -0.095600 -0.990800 -0.095600
vn -1.000000 0.000000 -0.001600
vn -0.060900 0.998100 -0.000400
vn -0.030500 0.999500 -0.000300
vn -0.030400 0.999500 -0.000300
vn 0.029900 0.999500 -0.000300
vn 0.059800 0.998200 -0.000400
vn 1.000000 0.000000 -0.001600
vn -0.013200 0.037000 0.999200
vn -0.000300 0.067600 0.997700
vn -0.002000 0.064500 0.997900
vn -0.021400 0.017000 0.999600
vn -0.000300 0.037300 -0.999300
vn -0.007800 0.019800 -0.999800
vn -0.012100 0.009000 -0.999900
vn -0.001600 0.034700 -0.999400
vn 0.014000 -0.034900 0.999300
vn 0.000600 -0.066100 0.997800
vn 0.003100 -0.061300 0.998100
vn 0.021500 -0.016500 0.999600
vn 0.007800 -0.019500 -0.999800
vn 0.007800 0.019800 -0.999800
vn 0.012100 0.009000 -0.999900
vn 0.012000 -0.009200 -0.999900
vn -0.000600 -0.066100 0.997800
vn -0.014000 -0.034900 0.999300
vn -0.021500 -0.016500 0.999600
vn -0.003000 -0.061400 0.998100
vn -0.088700 0.068600 -0.993700
vn -0.009700 0.255400 -0.966800
vn -0.001900 0.269600 -0.963000
vn -0.056000 0.147700 -0.987400
vn 0.000000 0.273000 -0.962000
vn 0.009900 0.255100 -0.966900
vn 0.001900 0.269500 -0.963000
vn 0.000000 -0.268200 -0.963300
vn -0.012200 -0.246500 -0.969100
vn -0.002500 -0.263800 -0.964600
vn -0.088500 -0.068200 -0.993700
vn -0.058000 -0.141300 -0.988300
vn 0.000000 0.997300 -0.073700
vn 0.032700 0.996300 -0.078900
vn 0.026800 0.996600 -0.078000
vn 0.000000 -0.997300 -0.073500
vn -0.060500 0.994700 -0.083300
vn -0.033300 0.996300 -0.079000
vn -0.027300 0.996600 -0.078000
vn 0.043700 -0.995800 -0.080400
vn 0.024000 -0.996700 -0.077300
vn 0.019700 -0.996900 -0.076600
vn -0.015200 0.979000 -0.203300
vn 0.000000 0.972500 -0.232900
vn -0.013200 0.978200 -0.207200
vn 0.021700 -0.968900 -0.246500
vn 0.000000 -0.959400 -0.281800
vn 0.019000 -0.967800 -0.250900
vn -0.021300 -0.968900 -0.246500
vn -0.018600 -0.967800 -0.251000
vn 0.040700 -0.975700 -0.215000
vn 0.015400 0.979000 -0.203300
vn 0.013400 0.978200 -0.207200
vn -0.000300 -0.037000 -0.999300
vn 0.000000 -0.037600 -0.999300
vn -0.001700 -0.034300 -0.999400
vn 0.000000 0.068300 0.997700
vn 0.000300 0.037300 -0.999300
vn 0.000000 0.037900 -0.999300
vn 0.001700 0.034600 -0.999400
vn 0.000000 -0.067300 0.997700
vn 0.059500 0.994700 0.083400
vn 0.032600 0.996300 0.079300
vn -0.060500 0.994700 0.083600
vn 0.024000 -0.996800 0.076200
vn 0.000400 0.067600 0.997700
vn 0.002000 0.064400 0.997900
vn 0.000300 -0.037000 -0.999300
vn 0.001700 -0.034300 -0.999400
vn 0.000000 1.000000 -0.000200
vn 0.043900 -0.999000 -0.001200
vn 0.022000 -0.999800 -0.001100
vn 0.021900 -0.999800 -0.001100
vn -0.044500 -0.995800 0.079400
vn -0.984600 0.000000 0.174500
vn 0.043700 -0.995900 0.079300
vn 0.984600 0.000000 0.174400
vn 0.013200 0.037000 0.999200
vn 0.021400 0.017000 0.999600
vn -0.007800 -0.019500 -0.999800
vn -0.012000 -0.009200 -0.999900
vn 0.028900 0.983700 -0.177200
vn -0.040000 -0.975700 -0.215100
vn -0.028400 0.983700 -0.177300
vn -0.985700 0.000000 -0.168400
vn 0.987100 0.000000 -0.159800
vn 0.002300 -0.000000 -1.000000
vn -0.002300 -0.000000 -1.000000
vn -0.984500 0.000000 -0.175100
vn 0.059500 0.994800 -0.083100
vn 0.984600 0.000000 -0.175000
vn 0.088700 0.068500 -0.993700
vn 0.056100 0.147500 -0.987500
vn -0.009700 0.582000 0.813100
vn -0.017700 0.505900 0.862400
vn -0.272800 0.736400 0.619100
vn -0.990500 0.116400 -0.072400
vn -0.264500 0.679500 0.684300
vn -0.301500 0.904500 0.301500
vn -0.301500 -0.904500 0.301500
vn 0.071700 -0.704900 -0.705700
vn -0.611400 -0.559200 -0.559900
vn -0.611400 -0.204300 -0.764500
vn -0.611400 0.559200 0.559900
vn -0.611400 0.204300 0.764500
vn -0.611400 -0.205200 0.764200
vn -0.360600 0.241900 -0.900800
vn -0.360600 -0.240900 -0.901100
vn -0.360600 0.659900 -0.659100
vn -0.360600 0.901100 -0.240900
vn -0.360600 0.900800 0.241900
vn -0.360600 0.659100 0.659900
vn -0.360600 0.240900 0.901100
vn -0.360600 -0.241900 0.900800
vn -0.360600 -0.659100 -0.659900
vn 0.071700 0.963300 0.258700
vn 0.071700 0.704900 0.705700
vn 0.071700 -0.963300 -0.258700
vn 0.071700 0.705700 -0.704900
vn 0.071700 0.963600 -0.257500
vn 0.071700 -0.963600 0.257500
vn 0.071700 0.257500 0.963600
vn 0.071700 -0.258700 0.963300
vn 0.071700 -0.705700 0.704900
vn -0.071700 -0.704900 -0.705700
vn -0.071700 -0.257500 -0.963600
vn 0.438600 -0.030300 -0.898100
vn -0.455600 -0.072600 -0.887200
vn -0.919200 0.001400 0.393700
vn 0.695900 -0.003700 -0.718100
vn -0.934900 0.000600 -0.354900
vn -0.669100 -0.020000 -0.742900
vn -0.999800 -0.000500 0.018000
vn 0.922800 -0.003700 -0.385200
vn -1.000000 -0.000100 -0.003500
vn -0.999900 0.004300 -0.012800
vn -0.995800 0.090900 0.000000
vn -0.704200 0.090900 -0.704200
vn 0.000000 0.090900 -0.995800
vn 0.995800 0.090900 0.000000
vn 0.704200 0.090900 -0.704200
vn 0.999500 0.000900 -0.032000
vn -0.021900 0.509400 0.860200
vn 0.021100 0.510000 0.859900
vn -0.071700 -0.963600 0.257500
vn -0.071700 -0.963300 -0.258700
vn -0.071700 0.258700 -0.963300
vn -0.071700 0.705700 -0.704900
vn -0.071700 -0.705700 0.704900
vn -0.071700 0.704900 0.705700
vn -0.071700 0.963600 -0.257500
vn -0.071700 0.963300 0.258700
vn -0.641200 0.417400 -0.643900
vn 0.641300 0.417400 0.643900
vn 0.704500 0.107300 -0.701600
vn -0.704500 0.107300 0.701600
vn -0.664300 -0.348000 0.661500
vn -0.701600 0.107300 -0.704400
vn -0.661500 -0.348000 -0.664200
vn 0.001800 0.444600 -0.895700
vn 0.236900 0.942400 -0.236000
vn -0.001800 0.444500 0.895700
vn 0.334400 0.942400 0.000600
vn 0.236000 0.942400 0.236900
vn 0.632100 0.444500 0.634700
vn -0.643900 0.417400 0.641300
vn -0.908700 0.417400 -0.001800
vn -0.733000 0.303600 0.608700
vn -0.733000 -0.303600 0.608700
vn -0.897400 -0.371700 0.237600
vn -0.897400 0.371700 0.237600
vn -0.303600 0.733000 0.608700
vn -0.371700 0.897400 0.237600
vn -0.354800 -0.856500 0.374700
vn -0.382700 -0.923900 0.000000
vn 0.382700 -0.923900 0.000000
vn 0.354800 -0.856500 0.374700
vn 0.856500 0.354800 0.374700
vn 0.923900 0.382700 0.000000
vn 0.505400 0.862800 0.000000
vn 0.354800 0.856500 0.374700
vn -0.505400 0.862800 0.000000
vn -0.354800 0.856500 0.374700
vn -0.923900 0.382700 0.000000
vn -0.856500 0.354800 0.374700
vn -0.923900 -0.382700 0.000000
vn -0.856500 -0.354800 0.374700
vn 0.923900 -0.382700 0.000000
vn 0.382700 0.923900 0.000000
vn -0.382700 0.923900 0.000000
vn 0.856500 -0.354800 0.374700
vn 0.164500 -0.397200 0.902800
vn -0.164500 -0.397200 0.902800
vn 0.397200 0.164500 0.902800
vn 0.397200 -0.164500 0.902800
vn -0.397200 0.164500 0.902800
vn -0.164500 0.397200 0.902800
vn -0.505200 0.862900 0.006800
vn -0.382600 0.923800 0.010300
vn -0.923800 0.382600 0.010300
vn -0.923900 0.382700 0.005200
vn 0.382700 -0.923900 0.005200
vn 0.382600 -0.923800 0.010300
vn 0.923800 -0.382600 0.010300
vn 0.923900 -0.382700 0.005200
vn -0.397200 -0.164500 0.902800
vn 0.164500 0.397200 0.902800
vn 0.505400 -0.862800 0.000000
vn -0.505400 -0.862800 0.000000
vn 0.382700 -0.923900 -0.006800
vn 0.923900 -0.382700 -0.006800
vn 0.923800 0.382600 -0.009900
vn 0.382600 0.923800 -0.009900
vn -0.382600 -0.923800 -0.009900
vn 0.382600 -0.923800 -0.009900
vn -0.382600 0.923800 -0.009900
vn 0.886900 -0.461900 0.000000
vn 0.954800 0.297300 0.000000
vn -0.344400 -0.938800 0.000000
vn 0.344400 -0.938800 0.000000
vn -0.954800 0.297300 0.000000
vn -0.886900 -0.461900 0.000000
vn 0.419100 0.907900 0.000000
vn -0.419100 0.907900 0.000000
vn 0.017300 -0.403700 0.914700
vn -0.017300 -0.403700 0.914700
vn -0.018700 -0.404200 0.914500
vn 0.018700 -0.404200 0.914500
vn -0.024000 -0.384400 0.922800
vn -0.004600 -0.368700 0.929500
vn -0.005000 -0.367900 0.929800
vn -0.023200 -0.382700 0.923600
vn 0.000400 -0.380000 0.925000
vn -0.000400 -0.380000 0.925000
vn -0.000500 -0.380000 0.925000
vn 0.000500 -0.380000 0.925000
vn 0.004600 -0.368700 0.929500
vn 0.024000 -0.384400 0.922800
vn 0.023200 -0.382700 0.923600
vn 0.005000 -0.367900 0.929800
vn 0.954800 -0.297300 0.000000
vn 0.419100 -0.907900 0.000000
vn 0.977700 0.209200 -0.015600
vn 0.979300 0.202100 0.001400
vn 0.003100 0.996000 -0.088900
vn 0.005200 0.985500 -0.169600
vn 0.000300 0.974500 -0.224500
vn 0.003000 0.996100 -0.088200
vn -0.002700 0.978200 -0.207400
vn -0.007500 0.986000 -0.166700
vn 0.000000 0.972300 0.233600
vn 1.000000 0.000000 -0.003800
vn -1.000000 0.000000 -0.003800
vn 0.000000 0.017100 -0.999800
vn 0.909300 0.415400 -0.025800
vn 0.871900 0.489500 0.009000
vn 0.905500 0.423800 -0.021900
vn -0.353000 -0.852200 0.386200
vn -0.382100 -0.922400 0.056700
vn 0.382100 -0.922400 0.056700
vn 0.353000 -0.852200 0.386200
vn 0.007200 0.999700 -0.021900
vn 0.014500 0.996700 -0.080000
vn 0.922400 -0.382100 0.056700
vn 0.852200 -0.353000 0.386200
vn 0.000000 -0.977200 -0.212300
vn 0.000000 -0.973200 -0.230000
vn 0.000000 -0.954600 -0.297600
vn -0.000700 0.959700 -0.281000
vn 0.000000 1.000000 -0.003800
vn -0.007000 0.999700 -0.022200
vn -0.012900 0.996700 -0.080300
vn -0.010300 0.995700 -0.091600
vn 0.922400 0.382100 0.056700
vn 0.852200 0.353000 0.386200
vn 0.382100 0.922400 0.056700
vn 0.353000 0.852200 0.386200
vn 0.000000 0.986500 -0.163800
vn -0.382100 0.922400 0.056700
vn -0.353000 0.852200 0.386200
vn 0.979600 0.000000 0.200600
vn -0.922400 0.382100 0.056700
vn -0.852200 0.353000 0.386200
vn -0.000400 -1.000000 0.000100
vn 0.000100 -1.000000 0.000200
vn 0.001800 -1.000000 0.000300
vn -0.000100 -1.000000 -0.000000
vn 0.000100 -1.000000 -0.000100
vn 0.010800 0.995700 -0.092100
vn 0.000000 0.599100 -0.800700
vn -0.922400 -0.382100 0.056700
vn -0.852200 -0.353000 0.386200
vn -0.382700 -0.923900 0.005200
vn -0.382600 -0.923800 0.010300
vn 0.923800 0.382600 0.010300
vn 0.923900 0.382700 0.005200
vn -0.979600 0.000000 0.200600
vn 0.382600 0.923800 0.010300
vn 0.505200 0.862900 0.006800
vn -0.000100 -0.972400 0.233500
vn 0.899500 -0.436800 -0.001100
vn 0.897100 -0.440500 -0.032700
vn 0.971700 -0.235400 -0.019000
vn 0.974400 -0.224800 -0.000500
vn 0.000000 -0.996700 -0.080900
vn 0.002200 1.000000 -0.000100
vn -0.002100 1.000000 -0.000500
vn -0.001100 1.000000 0.000700
vn 0.002300 1.000000 -0.000100
vn 0.303600 -0.733000 0.608700
vn 0.733000 -0.303600 0.608700
vn 0.897400 -0.371700 0.237600
vn 0.371700 -0.897400 0.237600
vn 0.000000 0.554700 0.832100
vn -0.939200 0.342000 -0.030900
vn -0.936300 0.346500 -0.056600
vn -0.939500 0.341400 -0.027600
vn 0.872500 -0.182300 -0.453300
vn 0.875700 0.163500 -0.454300
vn 0.938200 0.147000 -0.313200
vn 0.935000 -0.153900 -0.319500
vn -0.006500 0.996100 -0.087900
vn -0.006600 0.996100 -0.087800
vn 0.227900 -0.971300 0.067000
vn 0.220900 -0.975300 0.000000
vn 0.227000 -0.972200 0.057100
vn 0.936300 0.346500 -0.056600
vn -0.941600 0.336600 -0.001800
vn 0.733000 0.303600 0.608700
vn 0.303600 0.733000 0.608700
vn 0.371700 0.897400 0.237600
vn 0.897400 0.371700 0.237600
vn 0.916900 0.398100 -0.027200
vn -0.303600 -0.733000 0.608700
vn -0.371700 -0.897400 0.237600
vn 0.782200 -0.002800 -0.623000
vn 0.917400 0.397800 0.003300
vn 0.000000 -1.000000 -0.003800
vn -0.954800 -0.297300 0.000000
vn -0.886900 0.461900 0.000000
vn -0.344400 0.938800 0.000000
vn 0.344400 0.938800 0.000000
vn 0.886900 0.461900 0.000000
vn -0.419100 -0.907900 0.000000
vn -0.192800 0.465400 -0.863800
vn -0.465400 0.192800 -0.863800
vn -0.465400 -0.192800 -0.863800
vn -0.192800 -0.465400 -0.863800
vn 0.192800 -0.465400 -0.863800
vn 0.465400 -0.192800 -0.863800
vn 0.465400 0.192800 -0.863800
vn 0.192800 0.465400 -0.863800
vn 0.233100 -0.964500 0.123700
vn 0.220600 0.975300 0.000000
vn 0.227400 0.971600 0.065300
vn 0.226500 0.972400 0.055600
vn 1.000000 -0.000500 0.000200
vn 1.000000 0.000300 0.000300
vn 1.000000 0.000200 0.000300
vn 1.000000 -0.000300 0.000300
vn 0.407800 0.000000 0.913100
vn 0.232500 0.965100 0.120600
vn 0.001000 -1.000000 0.000600
vn 1.000000 0.000300 0.000100
vn 1.000000 0.000600 0.000000
vn 1.000000 0.000500 0.000000
vn 0.508700 0.000000 -0.860900
vn 1.000000 0.000400 -0.000200
vn 1.000000 0.000300 -0.000300
vn -0.923900 -0.382700 0.005200
vn -0.923800 -0.382600 0.010300
vn 0.000000 -0.033800 0.999400
vn -0.999800 0.020900 0.000000
vn 0.999800 0.020900 0.000000
vn 0.000000 -0.011400 0.999900
vn 0.000000 0.000600 -1.000000
vn 0.000100 -1.000000 -0.000000
vn -0.000100 -1.000000 -0.000100
vn 0.000000 -1.000000 -0.000100
vn -0.999600 0.009400 0.026600
vn -1.000000 -0.001800 0.000100
vn -0.999900 0.005500 0.014400
vn -1.000000 -0.000000 0.000100
vn -0.993000 -0.117900 0.004900
vn -1.000000 -0.001700 -0.000100
vn -0.999200 -0.032600 0.023200
vn 1.000000 -0.000600 0.000000
vn 1.000000 -0.000800 0.000000
vn -1.000000 0.000700 0.000400
vn 1.000000 -0.000500 0.000000
vn -1.000000 -0.000100 0.000100
vn -1.000000 0.000100 0.000100
vn -1.000000 -0.000700 0.000400
vn -0.000200 -0.000100 -1.000000
vn 1.000000 -0.000400 -0.000200
vn 1.000000 -0.000300 -0.000300
vn 0.396200 -0.390200 -0.831100
vn 0.396200 0.390200 -0.831100
vn 0.392300 0.394100 -0.831100
vn 0.392300 -0.394100 -0.831100
vn -0.396200 0.390200 -0.831100
vn -0.392300 0.394100 -0.831100
vn -0.396200 -0.390200 -0.831100
vn -0.392300 -0.394100 -0.831100
vn -0.923900 0.382700 -0.006800
vn -0.923900 -0.382700 -0.006800
vn 0.382700 0.923900 -0.006800
vn -0.382700 0.923900 -0.006800
vn 0.923900 0.382700 -0.006800
vn -0.382700 -0.923900 -0.006800
vn -0.923800 0.382600 -0.009900
vn -0.923800 -0.382600 -0.009900
vn 0.923800 -0.382600 -0.009900
vn 0.355900 0.859300 -0.367100
vn 0.859300 0.355900 -0.367100
vn 0.859300 -0.355900 -0.367100
vn -0.728600 0.684900 0.000000
vn 0.355900 -0.859300 -0.367100
vn -0.355900 -0.859300 -0.367100
vn -0.859300 -0.355900 -0.367100
vn -0.859300 0.355900 -0.367100
vn 0.685700 -0.727900 0.000000
vn -0.355900 0.859300 -0.367100
vn -0.441500 -0.441500 0.781100
vn 0.387400 0.387400 -0.836500
vn 0.683200 0.730200 0.000000
vn 0.727800 -0.685800 0.000000
vn -0.730200 -0.683200 0.000000
vn -0.685000 0.728500 0.000000
vn -0.388000 -0.388000 -0.836000
vn 0.441100 0.441100 0.781600
vn -0.448800 0.448800 0.772700
vn 0.378500 -0.378500 -0.844700
vn -0.912300 0.377900 0.157800
vn -0.912300 -0.377900 0.157800
vn -0.873900 -0.362000 0.324300
vn -0.873900 0.362000 0.324300
vn 0.873900 -0.362000 0.324300
vn 0.873900 0.362000 0.324300
vn 0.765300 0.317000 0.560200
vn 0.765300 -0.317000 0.560200
vn 0.362000 0.873900 0.324300
vn 0.317000 0.765300 0.560200
vn -0.362000 0.873900 0.324300
vn -0.765300 0.317000 0.560200
vn -0.317000 0.765300 0.560200
vn -0.362000 -0.873900 0.324300
vn -0.317000 -0.765300 0.560200
vn -0.765300 -0.317000 0.560200
vn 0.362000 -0.873900 0.324300
vn 0.317000 -0.765300 0.560200
vn -0.172200 0.415600 0.893100
vn 0.172100 0.415600 0.893100
vn -0.415600 -0.172100 0.893100
vn -0.415600 0.172200 0.893100
vn 0.172200 -0.415600 0.893100
vn -0.172100 -0.415600 0.893100
vn 0.415600 0.172100 0.893100
vn 0.415600 -0.172100 0.893100
vn -0.370300 -0.894000 0.252300
vn 0.370300 -0.894000 0.252300
vn 0.377900 -0.912300 0.157800
vn -0.377900 -0.912300 0.157800
vn -0.661100 0.750300 0.000000
vn -0.697100 0.716900 0.000000
vn 0.408600 0.399200 -0.820700
vn -0.795800 -0.605500 0.000000
vn -0.773400 -0.633900 0.000000
vn -0.750300 -0.661100 0.000000
vn 0.382600 -0.923900 0.000000
vn 0.924100 -0.382100 -0.000100
vn -0.620700 0.620700 0.479100
vn -0.489900 0.489900 0.721000
vn 0.382600 0.923900 0.000000
vn -0.165000 0.643100 -0.747700
vn 0.165000 0.643100 -0.747700
vn 0.000000 0.954500 -0.298000
vn -0.556800 -0.367400 -0.745000
vn -0.643100 0.165000 -0.747700
vn -0.954500 0.000000 -0.298000
vn 0.367400 -0.556800 -0.745000
vn -0.367400 -0.556700 -0.745100
vn 0.000000 -0.954500 -0.298000
vn 0.643100 0.165000 -0.747700
vn 0.556700 -0.367400 -0.745000
vn 0.954500 0.000000 -0.298000
vn 0.686200 0.686200 -0.241400
vn -0.686100 0.686100 -0.241600
vn -0.633900 0.773400 0.000000
vn 0.489900 0.489900 0.721000
vn 0.303700 0.303700 0.903000
vn -0.383100 0.923700 0.000100
vn -0.923700 -0.383100 0.000100
vn 0.924000 0.382200 -0.000100
vn 0.630700 0.260900 -0.730900
vn -0.052500 0.029800 -0.998200
vn -0.032800 0.010500 -0.999400
vn -0.010200 0.032800 -0.999400
vn -0.029600 0.052500 -0.998200
vn -0.050500 0.000900 -0.998700
vn 0.716900 -0.697100 0.000000
vn 0.750700 -0.660600 0.000000
vn 0.773400 -0.633900 0.000000
vn -0.000400 0.050400 -0.998700
vn -0.923800 0.382500 -0.014500
vn -0.923700 0.382800 -0.014500
vn -0.382800 0.923700 -0.014500
vn -0.382500 0.923800 -0.014500
vn 0.923700 -0.382800 -0.011000
vn 0.923900 0.382200 -0.012100
vn 0.923600 0.383000 -0.012100
vn 0.923900 -0.382500 -0.011000
vn -0.382200 -0.923900 -0.012100
vn 0.382800 -0.923700 -0.011000
vn 0.382500 -0.923900 -0.011000
vn -0.383000 -0.923600 -0.012100
vn -0.923600 -0.383000 -0.013500
vn -0.923900 -0.382200 -0.013500
vn 0.383000 0.923600 -0.013500
vn 0.382200 0.923900 -0.013500
vn -0.261200 -0.630600 -0.730800
vn 0.260900 -0.630700 -0.730800
vn -0.630500 0.261600 -0.730800
vn 0.686200 -0.686200 -0.241300
vn -0.686100 -0.686100 -0.241500
vn -0.790500 0.612500 0.000000
vn -0.747500 0.664300 0.000000
vn -0.769400 0.638800 0.000000
vn 0.612500 -0.790500 0.000000
vn 0.638800 -0.769400 0.000000
vn 0.664100 -0.747600 0.000000
vn 0.697100 -0.717000 0.000000
vn -0.358400 -0.362700 -0.860200
vn -0.614000 -0.614000 0.495900
vn -0.484800 -0.484800 0.727900
vn 0.605500 0.795800 0.000000
vn 0.660600 0.750700 0.000000
vn 0.633900 0.773400 0.000000
vn 0.795800 -0.605500 0.000000
vn -0.716900 -0.697100 0.000000
vn 0.697100 0.716900 0.000000
vn -0.303700 0.303700 0.903000
vn 0.620700 0.620700 0.479100
vn -0.399200 0.408600 -0.820800
vn -0.605500 0.795800 0.000000
vn -0.304000 -0.304000 0.902900
vn -0.717000 0.697100 0.000000
vn -0.923600 0.383300 0.000100
vn 0.382300 -0.924000 -0.000100
vn 0.848700 -0.351500 0.395100
vn 0.848700 0.351500 0.395100
vn 0.894000 0.370300 0.252300
vn 0.894000 -0.370300 0.252300
vn 0.351500 0.848700 0.395100
vn 0.370300 0.894000 0.252300
vn -0.351500 0.848700 0.395100
vn -0.848700 0.351500 0.395100
vn -0.894000 0.370300 0.252300
vn -0.370300 0.894000 0.252300
vn -0.377900 0.912300 0.157800
vn 0.912300 -0.377900 0.157800
vn 0.377900 0.912300 0.157800
vn 0.912300 0.377900 0.157800
vn -0.894000 -0.370300 0.252300
vn 0.747600 0.664100 0.000000
vn 0.717000 0.697100 0.000000
vn 0.614000 -0.614000 0.495900
vn 0.484800 -0.484800 0.727900
vn 0.362700 -0.358400 -0.860200
vn 0.790500 0.612500 0.000000
vn 0.769400 0.638800 0.000000
vn 0.304000 -0.304000 0.902900
vn -0.612500 -0.790500 0.000000
vn -0.664300 -0.747500 0.000000
vn -0.638800 -0.769400 0.000000
vn -0.697100 -0.717000 0.000000
vn 0.351500 -0.848700 0.395100
vn -0.848700 -0.351500 0.395100
vn -0.351500 -0.848700 0.395100
vn 0.448800 -0.448800 0.772800
vn -0.377800 0.377800 -0.845200
vn 0.730200 0.683200 0.000000
vn -0.683200 -0.730200 0.000000
vn 0.728600 0.684900 0.000000
vn -0.685700 -0.727900 0.000000
vn 0.441500 -0.441500 0.781100
vn -0.387400 0.387400 -0.836500
vn -0.683200 0.730200 0.000000
vn -0.727800 -0.685800 0.000000
vn 0.730200 -0.683200 0.000000
vn 0.685000 0.728500 0.000000
vn 0.388000 -0.388000 -0.836000
vn -0.441100 0.441100 0.781600
vn 0.448800 0.448800 0.772700
vn -0.378500 -0.378500 -0.844700
vn -0.172100 0.415600 0.893100
vn 0.172200 0.415600 0.893100
vn 0.415600 0.172200 0.893100
vn 0.172100 -0.415600 0.893100
vn -0.172200 -0.415600 0.893100
vn -0.415600 0.172100 0.893100
vn 0.661100 0.750300 0.000000
vn -0.408600 0.399200 -0.820800
vn 0.750300 -0.661100 0.000000
vn -0.924100 -0.382100 -0.000100
vn -0.382600 0.923900 0.000000
vn 0.556800 -0.367400 -0.745000
vn -0.367400 -0.556800 -0.745000
vn 0.367400 -0.556700 -0.745100
vn -0.556700 -0.367400 -0.745000
vn -0.686200 0.686200 -0.241400
vn 0.686100 0.686100 -0.241600
vn 0.383100 0.923700 0.000100
vn 0.923700 -0.383100 0.000100
vn -0.630700 0.260900 -0.730900
vn -0.924000 0.382200 -0.000100
vn 0.052500 0.029800 -0.998200
vn 0.029600 0.052500 -0.998200
vn 0.010200 0.032800 -0.999400
vn 0.032800 0.010500 -0.999400
vn 0.050500 0.000900 -0.998700
vn -0.750700 -0.660600 0.000000
vn 0.000400 0.050400 -0.998700
vn 0.923800 0.382500 -0.014500
vn 0.382500 0.923800 -0.014500
vn 0.382800 0.923700 -0.014500
vn 0.923700 0.382800 -0.014500
vn -0.923700 -0.382800 -0.011000
vn -0.923900 -0.382500 -0.011000
vn -0.923600 0.383000 -0.012100
vn -0.923900 0.382200 -0.012100
vn 0.382200 -0.923900 -0.012100
vn 0.383000 -0.923600 -0.012100
vn -0.382500 -0.923900 -0.011000
vn -0.382800 -0.923700 -0.011000
vn 0.923900 -0.382200 -0.013500
vn 0.923600 -0.383000 -0.013500
vn -0.383000 0.923600 -0.013500
vn -0.382200 0.923900 -0.013500
vn 0.261200 -0.630600 -0.730800
vn 0.630500 0.261600 -0.730800
vn -0.260900 -0.630700 -0.730800
vn -0.686200 -0.686200 -0.241300
vn 0.686100 -0.686100 -0.241500
vn 0.790400 0.612500 0.000000
vn 0.747500 0.664300 0.000000
vn -0.664100 -0.747600 0.000000
vn 0.358400 -0.362700 -0.860200
vn -0.660600 0.750700 0.000000
vn 0.399200 0.408600 -0.820700
vn 0.923600 0.383300 0.000100
vn -0.382300 -0.924000 -0.000100
vn -0.747600 0.664100 0.000000
vn -0.362700 -0.358400 -0.860200
vn -0.790400 0.612500 0.000000
vn 0.612500 -0.790400 0.000000
vn 0.664300 -0.747500 0.000000
vn -0.448800 -0.448800 0.772800
vn 0.377800 0.377800 -0.845200
vn -0.730200 0.683200 0.000000
vn 0.683200 -0.730200 0.000000
vn -0.408600 0.399200 -0.820700
vn -0.382600 -0.923900 0.000000
vn 0.367400 -0.556700 -0.745000
vn 0.399200 0.408600 -0.820800
vn 0.408600 0.399200 -0.820800
vn -0.367400 -0.556700 -0.745000
vn -0.399200 0.408600 -0.820700
vn -0.612500 -0.790400 0.000000
vn -0.979300 0.202100 0.001400
vn -0.977700 0.209200 -0.015600
vn -0.003100 0.996000 -0.088900
vn -0.003000 0.996100 -0.088200
vn -0.000300 0.974500 -0.224500
vn -0.005200 0.985500 -0.169600
vn 0.002700 0.978200 -0.207400
vn 0.007500 0.986000 -0.166700
vn -0.909300 0.415400 -0.025800
vn -0.905500 0.423800 -0.021900
vn -0.871900 0.489500 0.009000
vn -0.007200 0.999700 -0.021900
vn -0.014500 0.996700 -0.080000
vn 0.000700 0.959700 -0.281000
vn 0.007000 0.999700 -0.022200
vn 0.010300 0.995700 -0.091600
vn 0.012900 0.996700 -0.080300
vn 0.000400 -1.000000 0.000100
vn -0.001800 -1.000000 0.000300
vn -0.000100 -1.000000 0.000200
vn -0.010800 0.995700 -0.092100
vn 0.000100 -0.972400 0.233500
vn -0.899500 -0.436800 -0.001100
vn -0.974400 -0.224800 -0.000500
vn -0.971700 -0.235400 -0.019000
vn -0.897100 -0.440500 -0.032700
vn -0.002200 1.000000 -0.000100
vn -0.002300 1.000000 -0.000100
vn 0.001100 1.000000 0.000700
vn 0.002100 1.000000 -0.000500
vn 0.939200 0.342000 -0.030900
vn 0.939500 0.341400 -0.027600
vn -0.872500 -0.182300 -0.453300
vn -0.935000 -0.153900 -0.319500
vn -0.938200 0.147000 -0.313200
vn -0.875700 0.163500 -0.454300
vn 0.006500 0.996100 -0.087900
vn 0.006600 0.996100 -0.087800
vn -0.227900 -0.971300 0.067000
vn -0.227000 -0.972200 0.057100
vn -0.220900 -0.975300 0.000000
vn 0.941600 0.336600 -0.001800
vn -0.916900 0.398100 -0.027200
vn -0.782200 -0.002800 -0.623000
vn -0.917400 0.397800 0.003300
vn -0.233100 -0.964500 0.123700
vn -0.220600 0.975300 0.000000
vn -0.226500 0.972400 0.055600
vn -0.227400 0.971600 0.065300
vn -1.000000 -0.000500 0.000200
vn -1.000000 -0.000300 0.000300
vn -1.000000 0.000200 0.000300
vn -1.000000 0.000300 0.000300
vn -0.407800 0.000000 0.913100
vn -0.232500 0.965100 0.120600
vn -0.001000 -1.000000 0.000600
vn -1.000000 0.000600 0.000000
vn -1.000000 0.000300 0.000100
vn -1.000000 0.000500 0.000000
vn -0.508700 0.000000 -0.860900
vn -1.000000 0.000300 -0.000300
vn -1.000000 0.000400 -0.000200
vn 0.999600 0.009400 0.026600
vn 0.999900 0.005500 0.014400
vn 1.000000 -0.001800 0.000100
vn 1.000000 -0.000000 0.000100
vn 0.993000 -0.117900 0.004900
vn 0.999200 -0.032600 0.023200
vn 1.000000 -0.001700 -0.000100
vn -1.000000 -0.000600 0.000000
vn -1.000000 -0.000800 0.000000
vn 1.000000 0.000700 0.000400
vn -1.000000 -0.000500 0.000000
vn 1.000000 -0.000100 0.000100
vn 1.000000 0.000100 0.000100
vn 1.000000 -0.000700 0.000400
vn 0.000200 -0.000100 -1.000000
vn -1.000000 -0.000400 -0.000200
vn -1.000000 -0.000300 -0.000300
vn 0.923900 0.382600 0.000000
vn -0.151600 0.042100 0.987500
vn -0.275000 0.044300 0.960400
vn -0.272200 -0.050400 0.960900
vn -0.149000 -0.057200 0.987200
vn 0.921700 -0.000100 0.387800
vn 0.922000 -0.000100 0.387200
vn 0.377200 0.000000 0.926100
vn 0.153500 -0.046800 -0.987000
vn 0.073400 -0.046800 -0.996200
vn 0.073000 0.050500 -0.996000
vn 0.153100 0.049300 -0.987000
vn 0.286300 0.047600 -0.956900
vn 0.285200 0.132300 -0.949300
vn 0.514000 0.129100 -0.848000
vn 0.513700 0.045700 -0.856700
vn 0.282700 0.231100 -0.930900
vn 0.520400 0.238000 -0.820100
vn -0.330500 -0.130500 0.934700
vn -0.331800 -0.046900 0.942200
vn -0.504100 -0.061400 0.861400
vn -0.507700 -0.133900 0.851000
vn 0.148700 0.170100 0.974100
vn -0.160800 0.170000 0.972200
vn -0.154000 0.126000 0.980000
vn 0.141800 0.126100 0.981800
vn 0.152000 -0.198200 -0.968300
vn 0.072100 -0.198800 -0.977400
vn 0.072900 -0.137800 -0.987800
vn 0.152700 -0.137400 -0.978700
vn 0.281900 0.379900 -0.881000
vn 0.517800 0.386800 -0.763000
vn 0.295300 0.189300 0.936500
vn 0.171600 0.148600 0.973900
vn 0.273100 0.184700 0.944100
vn 0.266600 0.130700 0.954900
vn 0.139400 0.042100 0.989300
vn 0.265200 0.044300 0.963200
vn -0.331400 0.045200 0.942400
vn -0.330100 0.133000 0.934500
vn -0.494600 0.124100 0.860200
vn -0.498600 0.032000 0.866200
vn -0.065500 -0.137800 -0.988300
vn -0.066000 -0.046800 -0.996700
vn -0.511000 -0.219500 0.831000
vn -0.605200 -0.138800 0.783900
vn -0.614800 -0.203800 0.761900
vn -0.276400 0.130600 0.952100
vn -0.145500 -0.137400 -0.979800
vn -0.146200 -0.046800 -0.988100
vn 0.152300 -0.216100 -0.964400
vn 0.072000 -0.217300 -0.973400
vn -0.183800 0.148500 0.971700
vn -0.282700 0.184500 0.941300
vn -0.505000 -0.367400 0.781000
vn -0.618800 -0.320200 0.717300
vn -0.064900 -0.198800 -0.977900
vn -0.144900 -0.198200 -0.969400
vn -0.064700 -0.217300 -0.973900
vn -0.145200 -0.216100 -0.965500
vn 0.190100 0.110300 0.975500
vn -0.202100 0.110300 0.973100
vn 0.488700 0.065900 0.869900
vn 0.483300 -0.046300 0.874200
vn 0.584800 -0.042400 0.810000
vn 0.579400 0.063500 0.812600
vn -0.304800 0.189200 0.933400
vn 0.136700 -0.057300 0.988900
vn 0.262400 -0.050400 0.963600
vn -0.145800 0.049300 -0.988100
vn -0.065600 0.050500 -0.996600
vn -0.511400 0.238700 -0.825500
vn -0.506200 0.124100 -0.853400
vn -0.610400 0.118900 -0.783100
vn -0.623200 0.241900 -0.743600
vn -0.257800 -0.146100 0.955100
vn -0.134800 -0.174600 0.975300
vn 0.064900 0.157100 -0.985400
vn 0.144600 0.143200 -0.979100
vn -0.510200 0.400600 -0.761000
vn -0.636000 0.398800 -0.660600
vn 0.122700 -0.174700 0.976900
vn 0.248100 -0.146200 0.957600
vn -0.137300 0.143200 -0.980100
vn -0.057600 0.157100 -0.985900
vn -0.231700 -0.249300 0.940300
vn -0.109500 -0.288000 0.951300
vn 0.047400 0.254300 -0.965900
vn 0.123600 0.246400 -0.961200
vn 0.097700 -0.288200 0.952600
vn 0.222200 -0.249500 0.942500
vn -0.116600 0.246400 -0.962100
vn -0.040300 0.254300 -0.966200
vn -0.214100 -0.367900 0.904800
vn -0.090300 -0.379400 0.920800
vn 0.039600 0.321400 -0.946100
vn 0.126000 0.357700 -0.925300
vn 0.079000 -0.379500 0.921800
vn 0.205100 -0.368000 0.906900
vn -0.119300 0.357600 -0.926200
vn -0.032700 0.321400 -0.946400
vn -0.506600 -0.043400 -0.861100
vn -0.505900 -0.127800 -0.853100
vn -0.609100 -0.125400 -0.783100
vn -0.610100 -0.043400 -0.791100
vn -0.211100 -0.438300 0.873700
vn -0.085000 -0.432300 0.897700
vn -0.579600 0.117800 0.806300
vn -0.586800 0.019100 0.809500
vn -0.328500 0.192400 0.924600
vn -0.492500 0.183100 0.850800
vn 0.285700 -0.045700 -0.957200
vn 0.512400 -0.042400 -0.857700
vn 0.285200 -0.212400 -0.934600
vn 0.283900 -0.194100 -0.939000
vn 0.510200 -0.183800 -0.840100
vn 0.514900 -0.206200 -0.832100
vn 0.285000 -0.134500 -0.949000
vn 0.511200 -0.125400 -0.850200
vn -0.329300 0.211600 0.920200
vn -0.493900 0.199800 0.846200
vn -0.324500 -0.375600 0.868100
vn -0.327200 -0.228100 0.917000
vn 0.284700 0.482000 -0.828500
vn 0.528900 0.462700 -0.711400
vn -0.279100 -0.045700 -0.959100
vn -0.278400 -0.134500 -0.951000
vn 0.320400 -0.228100 0.919400
vn 0.318100 -0.375700 0.870400
vn 0.495700 -0.391700 0.775100
vn 0.496800 -0.240200 0.833900
vn 0.322500 0.211600 0.922600
vn 0.321700 0.192400 0.927100
vn 0.486100 0.183000 0.854500
vn 0.487500 0.199700 0.849900
vn -0.277400 -0.194100 -0.940900
vn -0.506100 -0.189600 -0.841400
vn 0.318400 -0.144200 0.936900
vn 0.489000 -0.155800 0.858200
vn 0.315900 -0.048300 0.947500
vn -0.275800 0.379900 -0.882900
vn -0.276300 0.231100 -0.932800
vn 0.323200 0.133000 0.936900
vn 0.319700 0.057100 0.945800
vn 0.488200 0.124200 0.863900
vn -0.278700 0.132300 -0.951200
vn -0.279100 0.482000 -0.830500
vn -0.523400 0.487800 -0.698600
vn -0.279700 0.047600 -0.958900
vn -0.507200 0.042800 -0.860700
vn -0.278700 -0.212300 -0.936600
vn -0.514600 -0.221600 -0.828300
vn 0.153100 -0.205900 -0.966500
vn 0.288400 -0.202000 -0.935900
vn 0.030400 -0.999500 0.000200
vn 0.030300 -0.999500 0.000200
vn 0.072700 -0.206900 -0.975600
vn 1.000000 -0.000100 0.005100
vn 1.000000 -0.000100 0.005200
vn -0.000800 1.000000 0.000700
vn -0.002000 1.000000 0.002300
vn -0.001600 1.000000 0.004200
vn -0.000000 1.000000 0.002900
vn -0.325000 -0.476500 0.816900
vn -0.388100 0.000000 0.921600
vn -0.926200 0.000100 0.376900
vn -0.926000 0.000100 0.377500
vn 0.001600 1.000000 0.002000
vn 0.000400 1.000000 -0.000900
vn -0.332300 0.202500 0.921100
vn -0.490800 0.190300 0.850200
vn -0.001200 1.000000 0.005800
vn 0.001000 1.000000 0.005300
vn 0.002700 1.000000 0.004900
vn 1.000000 0.000000 0.005000
vn -1.000000 0.000100 -0.005200
vn -1.000000 0.000100 -0.005100
vn 0.643500 0.419900 -0.639900
vn 0.645400 0.364400 -0.671300
vn 0.199400 0.979800 0.012800
vn 0.271500 0.962100 0.024200
vn 0.352000 0.935300 0.036900
vn -0.609800 0.038900 -0.791600
vn 0.309100 0.172600 0.935200
vn 0.615600 -0.041000 -0.787000
vn 0.613600 -0.120200 -0.780400
vn -0.578500 0.191300 0.792900
vn -0.577800 0.176900 0.796700
vn -0.509100 -0.451900 0.732500
vn -0.611800 -0.401200 0.681700
vn 0.613600 -0.179000 -0.769000
vn 0.328600 -0.943800 0.036000
vn 0.780600 -0.624300 0.028900
vn 0.878900 -0.476300 0.024600
vn -0.624800 -0.236100 -0.744200
vn -0.611300 -0.191600 -0.767800
vn 0.619600 -0.204700 -0.757700
vn -0.065500 -0.206900 -0.976100
vn -0.318400 0.172500 0.932100
vn 0.573700 0.118100 0.810500
vn 0.571800 0.176800 0.801100
vn -0.634800 0.466500 -0.616000
vn 0.514600 -0.200600 -0.833600
vn 0.624900 -0.203200 -0.753800
vn 0.616500 0.045000 -0.786100
vn -0.519600 -0.222700 -0.824900
vn -0.634500 -0.246400 -0.732600
vn 0.581100 -0.156300 0.798600
vn -0.596100 -0.077700 0.799200
vn -0.579500 0.180000 0.794900
vn 0.619600 0.129400 -0.774200
vn 0.593600 -0.246400 0.766100
vn 0.572400 0.191000 0.797400
vn 0.634400 0.239600 -0.734900
vn 0.606300 -0.378100 0.699500
vn 0.047900 0.361200 -0.931200
vn 0.135300 0.418600 -0.898000
vn 0.485700 0.190200 0.853100
vn 0.573500 0.180100 0.799200
vn 0.074000 -0.432400 0.898600
vn 0.202300 -0.438500 0.875600
vn -0.128800 0.418600 -0.899000
vn -0.041000 0.361200 -0.931500
vn 0.503500 -0.473300 0.722800
vn 0.604400 -0.442300 0.662600
vn -0.253700 0.967000 0.022000
vn -0.187500 0.982200 0.010400
vn -0.323200 0.945700 0.034200
vn -0.109300 -0.993900 0.011600
vn -0.193300 -0.980800 0.024200
vn -0.279100 -0.959500 0.037100
vn -0.075300 0.997100 -0.000400
vn -0.084800 0.996400 -0.000400
vn -0.019200 0.999800 -0.000100
vn -0.017500 0.999800 -0.000100
vn 0.075400 0.997100 0.000400
vn 0.017500 0.999800 0.000100
vn 0.019300 0.999800 0.000100
vn 0.084800 0.996400 0.000400
vn 0.999900 0.000100 0.009400
vn 0.999900 0.000000 0.009400
vn 0.999900 -0.000600 0.009000
vn 0.999900 -0.000700 0.009000
vn -0.999900 -0.000900 -0.009700
vn -0.999900 -0.001000 -0.009800
vn -0.999900 -0.000400 -0.009600
vn -0.999900 -0.000300 -0.009600
vn -0.999900 -0.001800 -0.009900
vn -0.999900 -0.001900 -0.009900
vn 0.999900 0.001600 0.009600
vn 0.999900 0.001500 0.009600
vn 0.999900 0.000800 0.009600
vn 0.999900 0.000900 0.009600
vn -0.999900 -0.002900 -0.010000
vn -0.999900 -0.003200 -0.010100
vn 0.999900 0.002100 0.009300
vn 0.999900 0.002200 0.009200
vn -0.999900 -0.003900 -0.010200
vn -0.999900 0.000100 -0.009700
vn -0.999900 0.000200 -0.009700
vn -0.999900 0.000700 -0.009700
vn -0.999900 0.000600 -0.009700
vn -0.999900 0.003000 -0.009600
vn -0.999900 0.002100 -0.009600
vn 0.999900 -0.000500 0.008700
vn 0.999900 -0.000400 0.008700
vn -0.999900 0.004800 -0.009600
vn -0.999900 0.004500 -0.009600
vn 0.999900 -0.001000 0.008900
vn 0.999900 -0.001700 0.009000
vn -0.999900 0.005100 -0.009500
vn 0.999900 -0.003000 0.009200
vn 0.999900 -0.003100 0.009200
vn 0.999900 -0.003100 0.009300
vn 0.122000 0.992500 0.000700
vn -0.030400 -0.999500 -0.000200
vn -0.122200 0.992500 -0.000800
vn -0.122200 0.992500 -0.000700
vn 0.318900 -0.476500 0.819200
vn 0.325500 0.202500 0.923600
vn -0.282000 -0.202000 -0.937900
vn -0.145900 -0.205900 -0.967600
vn 0.003600 0.000000 -1.000000
vn 0.003600 -0.088700 -0.996000
vn 0.003600 -0.089000 -0.996000
vn -1.000000 0.000000 -0.005000
vn 0.011100 -0.044800 -0.998900
vn 0.031200 -0.032100 -0.999000
vn -0.042800 0.011500 -0.999000
vn -0.044500 -0.011500 -0.998900
vn -0.030300 0.029900 -0.999100
vn -0.011100 0.039600 -0.999100
vn 0.009900 0.039100 -0.999200
vn 0.028400 0.028800 -0.999200
vn 0.040000 0.010700 -0.999100
vn 0.041400 -0.011500 -0.999100
vn 0.041400 -0.011400 -0.999100
vn -0.033600 -0.032700 -0.998900
vn -0.013000 -0.045100 -0.998900
vn 0.262800 0.964800 0.012200
vn -0.254600 0.966900 0.012300
vn -0.248200 0.942400 0.224000
vn 0.256300 0.940300 0.223800
vn 0.964800 -0.262600 0.009900
vn 0.966900 0.255000 0.010800
vn 0.942700 0.248300 0.222600
vn 0.940800 -0.256300 0.221800
vn -0.967000 -0.254500 0.010400
vn -0.710100 -0.704000 0.009600
vn -0.692300 -0.686700 0.221600
vn -0.942700 -0.248500 0.222400
vn -0.262800 -0.964800 0.009000
vn 0.254900 -0.966900 0.008900
vn 0.248600 -0.943100 0.221000
vn -0.256200 -0.941000 0.221100
vn -0.703900 0.710200 0.012000
vn -0.686200 0.692100 0.223700
vn 0.709900 0.704200 0.011600
vn 0.692200 0.686200 0.223300
vn 0.704300 -0.709800 0.009200
vn 0.686700 -0.692400 0.221200
vn -0.964700 0.263100 0.011300
vn -0.940500 0.256200 0.223100
vn -0.211800 0.805000 0.554100
vn 0.219200 0.803200 0.553900
vn 0.805700 0.212100 0.553000
vn 0.804200 -0.219100 0.552500
vn -0.591500 -0.587100 0.552600
vn -0.805600 -0.212400 0.553100
vn 0.212700 -0.806200 0.552000
vn -0.218800 -0.804500 0.552200
vn -0.586100 0.591200 0.553900
vn 0.591600 0.586200 0.553500
vn 0.587200 -0.591900 0.552100
vn -0.803500 0.218800 0.553600
vn -0.711100 -0.187700 0.677500
vn -0.709300 0.193100 0.677900
vn -0.186900 0.710700 0.678200
vn 0.193600 0.709000 0.678000
vn 0.711500 0.187100 0.677300
vn 0.710100 -0.193600 0.676900
vn -0.522100 -0.518400 0.677100
vn 0.187900 -0.711900 0.676600
vn -0.193000 -0.710400 0.676800
vn -0.517400 0.521900 0.678200
vn 0.522400 0.517400 0.677700
vn 0.518500 -0.522700 0.676700
vn -0.227500 0.230000 0.946200
vn -0.312000 0.085100 0.946200
vn -0.227500 0.229900 0.946200
vn 0.313300 -0.085200 0.945800
vn 0.313900 0.082500 0.945800
vn 0.313900 0.082400 0.945800
vn 0.313300 -0.085300 0.945800
vn -0.084600 -0.312900 0.946000
vn 0.083300 -0.313600 0.945900
vn 0.083200 -0.313600 0.945900
vn -0.312800 -0.082600 0.946200
vn -0.312800 -0.082700 0.946200
vn 0.230600 0.228000 0.945900
vn 0.230700 0.228000 0.945900
vn 0.085800 0.312400 0.946000
vn -0.081900 0.313200 0.946200
vn -0.081900 0.313100 0.946200
vn 0.228900 -0.230200 0.945800
vn 0.228900 -0.230300 0.945800
vn -0.229600 -0.228300 0.946100
vn -0.229500 -0.228400 0.946100
vn 0.317800 -0.319900 0.892600
vn 0.423100 -0.115100 0.898700
vn 0.313500 -0.085400 0.945700
vn 0.194200 -0.195300 0.961300
vn -0.422000 0.115100 0.899200
vn -0.435000 -0.114800 0.893100
vn -0.265300 -0.070100 0.961600
vn -0.312300 0.085100 0.946100
vn 0.118900 0.434300 0.892900
vn -0.110900 0.423400 0.899100
vn -0.082000 0.313500 0.946000
vn 0.072900 0.265100 0.961400
vn 0.436000 0.114600 0.892600
vn 0.266500 0.069900 0.961300
vn -0.310500 -0.308500 0.899100
vn -0.229700 -0.228600 0.946000
vn -0.117800 -0.434700 0.892800
vn 0.112200 -0.423700 0.898800
vn 0.083300 -0.313800 0.945800
vn -0.071600 -0.265400 0.961500
vn -0.316500 0.319700 0.893100
vn -0.192900 0.195100 0.961600
vn 0.311500 0.308200 0.898900
vn 0.230900 0.228200 0.945800
vn 0.000700 -0.000000 1.000000
vn -0.957900 -0.251600 -0.138100
vn -0.888900 -0.234000 -0.393900
vn -0.649100 -0.643000 -0.406400
vn -0.703500 -0.697300 -0.137000
vn -0.239700 -0.878800 -0.412500
vn -0.260400 -0.955700 -0.137100
vn -0.695600 0.703400 -0.145900
vn -0.642500 0.647600 -0.409600
vn -0.886700 0.241400 -0.394100
vn -0.954800 0.261400 -0.141200
vn -0.251000 0.956200 -0.150500
vn -0.231300 0.877400 -0.420100
vn 0.259700 0.953600 -0.152600
vn 0.238100 0.875000 -0.421600
vn 0.701100 0.696800 -0.151200
vn 0.646600 0.641400 -0.412900
vn 0.956100 0.253400 -0.147100
vn 0.888000 0.234300 -0.395700
vn 0.697700 -0.702700 -0.139300
vn 0.643600 -0.648900 -0.405900
vn 0.887200 -0.241600 -0.392900
vn 0.955300 -0.259000 -0.142500
vn 0.252500 -0.957700 -0.137700
vn 0.231800 -0.880800 -0.412800
vn 0.252700 -0.960900 0.113200
vn -0.261100 -0.958600 0.113200
vn 0.252800 -0.960800 0.113200
vn -0.705000 -0.699900 0.113900
vn -0.705100 -0.699900 0.113900
vn -0.252700 0.960300 0.118200
vn 0.261100 0.958000 0.118200
vn -0.252800 0.960300 0.118200
vn 0.958300 -0.261400 0.115100
vn 0.699100 -0.705800 0.113900
vn 0.699200 -0.705800 0.113900
vn 0.705000 0.699300 0.117500
vn 0.705100 0.699300 0.117500
vn -0.958300 0.260800 0.116500
vn -0.699200 0.705200 0.117600
vn -0.960400 -0.253700 0.115100
vn -0.960400 -0.253600 0.115100
vn 0.960400 0.253100 0.116400
vn -0.214600 0.817200 -0.534900
vn -0.582600 0.597100 -0.551400
vn -0.583100 0.596500 -0.551400
vn -0.214700 0.817100 -0.534900
vn -0.672800 0.678200 0.295400
vn -0.243200 0.923700 0.295900
vn -0.254200 0.965900 0.047800
vn -0.703200 0.709400 0.047200
vn 0.243200 -0.925200 0.291100
vn -0.251300 -0.923100 0.291100
vn -0.262600 -0.964000 0.042800
vn 0.254200 -0.966200 0.042800
vn -0.678500 -0.674100 0.291800
vn -0.709100 -0.703700 0.043500
vn 0.924300 0.243100 0.294300
vn 0.922300 -0.252000 0.293000
vn 0.963800 -0.262700 0.044600
vn 0.965900 0.254700 0.046000
vn 0.251300 0.921600 0.295800
vn 0.262600 0.963700 0.047800
vn -0.924300 -0.244600 0.293000
vn -0.922300 0.250500 0.294300
vn -0.963800 0.262500 0.046000
vn -0.965900 -0.254900 0.044600
vn 0.672800 -0.679700 0.291800
vn 0.703200 -0.709600 0.043500
vn 0.678500 0.672600 0.295300
vn 0.709100 0.703500 0.047100
vn 0.783900 -0.212000 -0.583500
vn 0.790800 0.210100 -0.574800
vn 0.215000 0.790700 -0.573200
vn -0.206800 0.787300 -0.580900
vn -0.783900 0.215000 -0.582400
vn -0.790800 -0.207100 -0.575900
vn 0.575700 -0.579400 -0.576900
vn 0.576800 0.573800 -0.581400
vn -0.575700 0.582400 -0.573900
vn 0.206800 -0.784300 -0.584900
vn -0.576700 -0.570800 -0.584400
vn -0.215000 -0.787700 -0.577300
vn -0.213000 -0.208900 -0.954400
vn -0.064900 -0.235600 -0.969700
vn 0.289400 -0.076400 -0.954100
vn 0.238500 0.065400 -0.968900
vn 0.064900 0.240600 -0.968400
vn -0.076300 0.292700 -0.953200
vn -0.289400 0.081300 -0.953700
vn -0.238500 -0.060400 -0.969200
vn 0.173600 -0.172700 -0.969500
vn 0.213000 0.213800 -0.953300
vn -0.173600 0.177700 -0.968600
vn 0.076300 -0.287800 -0.954600
vn 0.000000 0.002600 -1.000000
vn -0.531900 0.147500 0.833900
vn -0.402500 0.412000 0.817400
vn -0.403000 0.411400 0.817500
vn -0.532100 0.146200 0.833900
vn 0.582200 -0.594000 -0.555100
vn 0.779700 -0.217200 -0.587100
vn 0.780100 -0.215600 -0.587300
vn 0.582700 -0.593500 -0.555200
vn -0.475200 0.476100 0.739900
vn -0.673000 0.180300 0.717300
vn -0.672600 0.181300 0.717400
vn -0.474500 0.476600 0.740000
vn 0.185800 -0.705500 -0.683900
vn 0.522300 -0.526400 -0.670900
vn -0.535800 -0.148900 0.831100
vn -0.263000 -0.964800 -0.002500
vn -0.705700 -0.708500 -0.001800
vn 0.254500 -0.967100 -0.002500
vn -0.698600 0.715500 0.001800
vn -0.254400 0.967100 0.002500
vn 0.698500 -0.715500 -0.001800
vn 0.262800 0.964800 0.002500
vn 0.704500 0.709700 0.001800
vn -0.671300 -0.178200 0.719500
vn -0.671300 -0.178000 0.719500
vn 0.173600 0.635300 0.752500
vn -0.168100 0.636700 0.752500
vn -0.168000 0.636700 0.752500
vn -0.173500 -0.638800 0.749500
vn 0.168100 -0.640600 0.749300
vn 0.168000 -0.640600 0.749300
vn -0.525000 -0.520200 -0.673600
vn -0.192200 -0.703800 -0.683800
vn 0.475300 -0.480100 0.737300
vn 0.474800 -0.480500 0.737300
vn 0.479400 0.472400 0.739600
vn 0.478900 0.472800 0.739600
vn -0.184900 0.703000 -0.686700
vn -0.520700 0.526600 -0.672000
vn 0.190400 0.700900 -0.687300
vn -0.476400 -0.473300 0.740900
vn -0.475700 -0.474000 0.741000
vn 0.523900 0.521300 -0.673500
vn 0.677100 -0.185600 0.712000
vn 0.677400 -0.185100 0.712000
vn 0.587200 0.592100 -0.551800
vn 0.221700 0.815300 -0.534900
vn 0.587800 0.591500 -0.551900
vn -0.409000 -0.414000 0.813200
vn 0.405500 0.408400 0.817700
vn 0.528800 0.143500 0.836500
vn 0.346400 0.116500 0.930800
vn 0.406000 0.407800 0.817800
vn 0.155300 0.567900 0.808300
vn -0.221900 -0.812700 -0.538700
vn 0.214600 -0.814400 -0.539100
vn 0.214700 -0.814400 -0.539100
vn -0.150300 0.569200 0.808300
vn -0.150400 0.569200 0.808300
vn -0.783400 0.219900 -0.581300
vn -0.783800 0.218300 -0.581300
vn -0.787400 -0.211700 -0.578900
vn -0.787400 -0.211800 -0.578900
vn -0.155500 -0.572300 0.805100
vn 0.781500 0.214100 -0.585900
vn 0.781900 0.212300 -0.586000
vn 0.527500 -0.152000 0.835800
vn 0.401900 -0.415900 0.815700
vn 0.402400 -0.415300 0.815800
vn 0.342300 -0.123800 0.931400
vn -0.590200 -0.590100 -0.550700
vn -0.590200 -0.590200 -0.550700
vn 0.150200 -0.573400 0.805400
vn 0.150400 -0.573400 0.805400
vn 0.272000 0.952700 -0.135200
vn -0.071800 0.996000 -0.053000
vn -0.413700 0.909600 -0.038600
vn -0.282500 0.936400 -0.208100
vn 0.060100 0.002400 -0.998200
vn 0.060400 0.002400 -0.998200
vn -0.081900 -0.995000 -0.056300
vn 0.257100 -0.956300 -0.139100
vn -0.289800 -0.933300 -0.212000
vn -0.418700 -0.907200 -0.041200
vn -0.003700 -0.989900 0.141900
vn -0.186600 -0.972600 0.138300
vn -0.408900 -0.898100 0.161600
vn -0.266200 -0.937100 0.225900
vn 0.599400 0.799900 0.028800
vn 0.611900 0.790500 0.027800
vn 0.005000 0.989100 0.146900
vn -0.179900 0.973300 0.142300
vn -0.698900 0.715200 0.001800
vn -0.254500 0.967100 0.002500
vn -0.698800 0.715300 0.001800
vn -0.262900 -0.964800 -0.002500
vn -0.705600 -0.708600 -0.001800
vn -0.705500 -0.708700 -0.001800
vn 0.788000 -0.615400 -0.014500
vn 0.698700 -0.715400 -0.001800
vn 0.698600 -0.715500 -0.001800
vn 0.794800 -0.606700 -0.013300
vn 0.704600 0.709500 0.001800
vn 0.704600 0.709600 0.001800
vn -0.765400 0.643400 -0.012100
vn -0.773900 0.633200 -0.011000
vn -0.768700 -0.639300 -0.015400
vn -0.777600 -0.628600 -0.014200
vn 0.798200 0.602300 -0.011000
vn 0.804300 0.594100 -0.009900
vn 0.603700 -0.796800 0.023800
vn 0.591100 -0.806100 0.024800
vn 0.109800 0.002500 -0.993900
vn -0.115400 0.002900 -0.993300
vn 0.014800 -0.002600 0.999900
vn 0.008000 -0.002600 0.999900
vn 0.008100 -0.002600 0.999900
vn 0.099200 0.002300 -0.995100
vn -0.345500 -0.001300 0.938400
vn -1.000000 0.001600 0.005700
vn -0.405000 0.899400 0.164400
vn 0.739200 0.195400 -0.644400
vn 0.678700 0.176500 0.712900
vn 0.678800 0.176100 0.712800
vn -0.735700 -0.192700 -0.649300
vn -0.735500 0.201700 -0.646800
vn -0.601200 0.798600 0.028000
vn -0.589000 0.807600 0.029000
vn -0.605200 -0.795700 0.024000
vn -0.592700 -0.805000 0.025000
vn -0.261200 0.937300 0.230500
vn 0.000000 -0.002600 1.000000
vn -0.007700 -0.002600 0.999900
vn 0.738900 -0.199900 -0.643400
vn -0.223900 0.965500 -0.132800
vn 0.287100 0.935100 -0.207800
vn 0.419400 0.906900 -0.038600
vn 0.093800 0.994200 -0.052600
vn -0.014200 -0.002600 0.999900
vn 0.298900 -0.002400 0.954300
vn -0.084000 0.002500 -0.996500
vn -0.050300 0.002600 -0.998700
vn -0.050400 0.002600 -0.998700
vn 0.098700 -0.993500 -0.056000
vn -0.221500 -0.965400 -0.137400
vn 0.424100 -0.904700 -0.041200
vn 0.192100 -0.971600 0.138100
vn 0.414300 -0.895700 0.161100
vn 0.410600 0.897000 0.163900
vn 0.188800 0.971700 0.141800
vn 0.294000 -0.932100 -0.211700
vn 1.000000 0.001500 0.005300
vn 0.009500 -0.989800 0.141700
vn 0.270000 -0.936000 0.225600
vn 0.265100 0.936300 0.230200
vn 0.006400 0.989200 0.146500
usemtl Material.008
s 1
f 4550/1/1 4557/2/1 4552/3/1 4546/4/1
f 4560/5/2 1/6/2 4548/7/2 4547/8/2
f 4549/9/3 4559/10/3 4572/11/3 4566/12/3
f 4551/13/2 4545/14/2 4543/15/2 4562/16/2
f 4544/17/4 3/18/4 9/11/4 4558/10/4
f 6/9/5 4565/12/5 4564/19/6 7/20/6
f 15/4/7 4553/3/7 4568/18/7 14/17/7
f 4562/16/2 4543/15/2 1/6/2 4560/5/2
f 4554/21/8 4569/22/8 4571/23/8 4567/24/8
f 4556/25/8 4554/21/8 4567/24/8 10/26/8
f 4569/22/8 4/27/8 11/28/8 4571/23/8
f 4563/29/9 4555/30/9 8/2/9 2/1/9
f 4561/31/10 4570/32/10 13/30/10 16/29/10
f 7/33/6 4564/34/6 12/32/11 5/31/11
f 48/35/3 4612/36/3 65/37/3
f 4593/38/3 4584/39/3 4586/40/3
f 4600/41/11 4598/42/11 46/43/11
f 57/44/8 63/45/8 4597/46/8
f 4580/47/8 4590/48/8 4589/49/8
f 4606/50/9 49/51/9 4587/52/12
f 71/53/9 4583/54/9 4581/55/9
f 4637/56/13 4638/57/14 36/58/14
f 52/59/15 4613/60/15 4599/61/15
f 4622/62/8 4633/63/8 22/64/8
f 4623/65/16 4609/66/16 41/67/17
f 56/68/18 4649/69/18 4637/56/13
f 27/70/8 17/71/8 30/72/8
f 4640/73/3 75/74/3 4654/75/3
f 58/76/9 24/77/9 4636/78/9
f 26/79/2 4575/80/2 4651/81/2
f 4601/82/8 4595/83/8 55/84/8
f 4595/85/8 4607/86/8 67/87/8
f 4628/88/2 4652/89/2 4617/90/2
f 4620/91/3 4602/92/19 50/93/3
f 4573/94/9 4579/95/9 4649/69/18
f 32/96/8 69/97/8 61/98/8
f 51/96/8 4604/99/8 4582/98/8
f 21/100/8 4577/101/8 64/102/8
f 4576/103/2 39/104/2 4574/105/2
f 66/106/8 4588/107/8 4618/108/8
f 18/109/20 28/110/20 4653/111/21
f 4607/86/8 4603/112/8 67/87/8
f 4645/98/22 4643/99/23 4635/97/24
f 4575/80/2 4576/103/2 60/113/2
f 4620/91/3 4631/114/25 4602/92/19
f 4594/115/26 4596/116/26 4608/117/26
f 4626/118/27 4625/119/28 38/120/29
f 66/106/8 4618/108/8 4601/121/8
f 4639/122/8 64/102/8 4642/123/8
f 4578/124/3 65/37/3 28/110/20
f 38/120/29 4605/125/30 4587/52/12
f 47/126/9 25/127/9 4579/95/9
f 4633/63/8 4622/62/8 4611/128/8
f 4641/129/31 4634/130/32 4631/114/25
f 43/131/33 4630/132/33 4632/133/33
f 4635/97/24 4643/99/23 31/96/34
f 59/134/8 4589/49/8 30/135/8
f 70/136/35 74/137/35 4644/138/35
f 34/139/8 27/70/8 4627/140/8
f 4615/141/8 34/139/8 4611/128/8
f 4633/63/8 4611/128/8 34/139/8
f 4638/57/14 4614/142/36 4616/143/36
f 37/144/37 4610/145/37 23/146/37
f 26/79/2 20/147/2 4652/89/2
f 41/67/17 33/148/21 4653/111/21
f 58/76/9 4636/78/9 77/149/9
f 77/149/9 4605/125/30 4625/119/28
f 4625/119/28 58/76/9 77/149/9
f 38/120/29 4625/119/28 4605/125/30
f 4647/138/38 4621/137/38 4585/136/38
f 4620/91/3 4648/150/3 4641/129/31
f 4641/129/31 4648/150/3 75/74/3
f 4592/98/39 72/97/2 29/96/40
f 4654/75/3 75/74/3 4648/150/3
f 4578/124/3 48/35/3 65/37/3
f 4591/151/3 4593/38/3 4586/40/3
f 45/152/11 4600/41/11 46/43/11
f 42/153/8 57/44/8 4597/46/8
f 59/134/8 4580/47/8 4589/49/8
f 4605/125/30 4606/50/9 4587/52/12
f 4646/154/9 71/53/9 4581/55/9
f 4650/155/13 4637/56/13 36/58/14
f 44/156/15 52/59/15 4599/61/15
f 4642/157/8 4622/62/8 22/64/8
f 35/158/17 4623/65/16 41/67/17
f 4650/155/13 56/68/18 4637/56/13
f 4627/140/8 27/70/8 30/72/8
f 20/147/2 26/79/2 4651/81/2
f 4629/159/8 4601/82/8 55/84/8
f 55/160/8 4595/85/8 67/87/8
f 4624/161/2 4628/88/2 4617/90/2
f 4619/162/3 4620/91/3 50/93/3
f 56/68/18 4573/94/9 4649/69/18
f 76/99/8 32/96/8 61/98/8
f 68/97/8 51/96/8 4582/98/8
f 4639/122/8 21/100/8 64/102/8
f 60/113/2 4576/103/2 4574/105/2
f 33/148/21 18/109/20 4653/111/21
f 4651/81/2 4575/80/2 60/113/2
f 53/163/26 4594/115/26 4608/117/26
f 4629/164/8 66/106/8 4601/121/8
f 22/165/8 4639/122/8 4642/123/8
f 18/109/20 4578/124/3 28/110/20
f 4573/94/9 47/126/9 4579/95/9
f 54/166/33 43/131/33 4632/133/33
f 17/167/8 59/134/8 30/135/8
f 62/168/35 70/136/35 4644/138/35
f 40/169/8 4615/141/8 4611/128/8
f 4627/140/8 4633/63/8 34/139/8
f 36/58/14 4638/57/14 4616/143/36
f 19/170/37 37/144/37 23/146/37
f 4628/88/2 26/79/2 4652/89/2
f 35/158/17 41/67/17 4653/111/21
f 73/168/38 4647/138/38 4585/136/38
f 4631/114/25 4620/91/3 4641/129/31
f 78/99/41 4592/98/39 29/96/40
f 110/35/11 4694/36/11 127/37/11
f 4675/38/11 4666/39/11 4668/40/11
f 4682/41/9 4680/42/9 108/43/9
f 119/44/8 125/45/8 4679/46/8
f 4662/47/8 4672/48/8 4671/49/8
f 4688/50/7 111/51/7 4669/52/42
f 133/53/7 4665/54/7 4663/55/7
f 4719/56/43 4720/57/44 98/58/44
f 114/59/45 4695/60/45 4681/61/45
f 4704/62/8 4715/63/8 84/64/8
f 4705/65/46 4691/66/46 103/67/47
f 118/68/48 4731/69/48 4719/56/43
f 89/70/8 79/71/8 92/72/8
f 4722/73/11 137/74/11 4736/75/11
f 120/76/7 86/77/7 4718/78/7
f 88/79/2 4657/80/2 4733/81/2
f 4683/82/8 4677/83/8 117/84/8
f 4677/85/8 4689/86/8 129/87/8
f 4710/88/2 4734/89/2 4699/90/2
f 4702/91/49 4684/92/50 112/93/11
f 4655/94/7 4661/95/7 4731/69/48
f 94/96/8 131/97/8 123/98/8
f 113/96/8 4686/99/8 4664/98/8
f 83/100/8 4659/101/8 126/102/8
f 4658/103/2 101/104/2 4656/105/2
f 128/106/8 4670/107/8 4700/108/8
f 80/109/51 90/110/51 4735/111/52
f 4689/86/8 4685/112/8 129/87/8
f 4727/98/53 4725/99/54 4717/97/55
f 4657/80/2 4658/103/2 122/113/2
f 4702/91/49 4713/114/56 4684/92/50
f 4676/115/57 4678/116/57 4690/117/57
f 4708/118/58 4707/119/59 100/120/60
f 128/106/8 4700/108/8 4683/121/8
f 4721/122/8 126/102/8 4724/123/8
f 4660/124/11 127/37/11 90/110/51
f 100/120/60 4687/125/61 4669/52/42
f 109/126/7 87/127/7 4661/95/7
f 4715/63/8 4704/62/8 4693/128/8
f 4723/129/62 4716/130/63 4713/114/56
f 105/131/64 4712/132/64 4714/133/64
f 4717/97/55 4725/99/54 93/96/65
f 121/134/8 4671/49/8 92/135/8
f 132/136/66 136/137/66 4726/138/66
f 96/139/8 89/70/8 4709/140/8
f 4697/141/8 96/139/8 4693/128/8
f 4715/63/8 4693/128/8 96/139/8
f 4720/57/44 4696/142/67 4698/143/67
f 99/144/68 4692/145/68 85/146/68
f 88/79/2 82/147/2 4734/89/2
f 103/67/47 95/148/52 4735/111/52
f 120/76/7 4718/78/7 139/149/7
f 139/149/7 4687/125/61 4707/119/59
f 4707/119/59 120/76/7 139/149/7
f 100/120/60 4707/119/59 4687/125/61
f 4729/138/69 4703/137/69 4667/136/69
f 4702/91/49 4730/150/11 4723/129/62
f 4723/129/62 4730/150/11 137/74/11
f 4674/98/70 134/97/2 91/96/71
f 4736/75/11 137/74/11 4730/150/11
f 4660/124/11 110/35/11 127/37/11
f 4673/151/11 4675/38/11 4668/40/11
f 107/152/9 4682/41/9 108/43/9
f 104/153/8 119/44/8 4679/46/8
f 121/134/8 4662/47/8 4671/49/8
f 4687/125/61 4688/50/7 4669/52/42
f 4728/154/7 133/53/7 4663/55/7
f 4732/155/43 4719/56/43 98/58/44
f 106/156/45 114/59/45 4681/61/45
f 4724/157/8 4704/62/8 84/64/8
f 97/158/47 4705/65/46 103/67/47
f 4732/155/43 118/68/48 4719/56/43
f 4709/140/8 89/70/8 92/72/8
f 82/147/2 88/79/2 4733/81/2
f 4711/159/8 4683/82/8 117/84/8
f 117/160/8 4677/85/8 129/87/8
f 4706/161/2 4710/88/2 4699/90/2
f 4701/162/11 4702/91/49 112/93/11
f 118/68/48 4655/94/7 4731/69/48
f 138/99/8 94/96/8 123/98/8
f 130/97/8 113/96/8 4664/98/8
f 4721/122/8 83/100/8 126/102/8
f 122/113/2 4658/103/2 4656/105/2
f 95/148/52 80/109/51 4735/111/52
f 4733/81/2 4657/80/2 122/113/2
f 115/163/57 4676/115/57 4690/117/57
f 4711/164/8 128/106/8 4683/121/8
f 84/165/8 4721/122/8 4724/123/8
f 80/109/51 4660/124/11 90/110/51
f 4655/94/7 109/126/7 4661/95/7
f 116/166/64 105/131/64 4714/133/64
f 79/167/8 121/134/8 92/135/8
f 124/168/66 132/136/66 4726/138/66
f 102/169/8 4697/141/8 4693/128/8
f 4709/140/8 4715/63/8 96/139/8
f 98/58/44 4720/57/44 4698/143/67
f 81/170/68 99/144/68 85/146/68
f 4710/88/2 88/79/2 4734/89/2
f 97/158/47 103/67/47 4735/111/52
f 135/168/69 4729/138/69 4667/136/69
f 4713/114/56 4702/91/49 4723/129/62
f 140/99/72 4674/98/70 91/96/71
f 172/35/9 4776/36/9 189/37/9
f 4757/38/9 4748/39/9 4750/40/9
f 4764/41/7 4762/42/7 170/43/7
f 181/44/8 187/45/8 4761/46/8
f 4744/47/8 4754/48/8 4753/49/8
f 4770/50/3 173/51/3 4751/52/15
f 195/53/3 4747/54/3 4745/55/3
f 4801/56/73 4802/57/74 160/58/74
f 176/59/12 4777/60/12 4763/61/12
f 4786/62/8 4797/63/8 146/64/8
f 4787/65/75 4773/66/75 165/67/76
f 180/68/77 4813/69/77 4801/56/73
f 151/70/8 141/71/8 154/72/8
f 4804/73/9 199/74/9 4818/75/9
f 182/76/3 148/77/3 4800/78/3
f 150/79/2 4739/80/2 4815/81/2
f 4765/82/8 4759/83/8 179/84/8
f 4759/85/8 4771/86/8 191/87/8
f 4792/88/2 4816/89/2 4781/90/2
f 4784/91/9 4766/92/78 174/93/9
f 4737/94/3 4743/95/3 4813/69/77
f 156/96/8 193/97/8 185/98/8
f 175/96/8 4768/99/8 4746/98/8
f 145/100/8 4741/101/8 188/102/8
f 4740/103/2 163/104/2 4738/105/2
f 190/106/8 4752/107/8 4782/108/8
f 142/109/79 152/110/79 4817/111/80
f 4771/86/8 4767/112/8 191/87/8
f 4809/98/81 4807/99/82 4799/97/83
f 4739/80/2 4740/103/2 184/113/2
f 4784/91/9 4795/114/84 4766/92/78
f 4758/115/85 4760/116/85 4772/117/85
f 4790/118/86 4789/119/87 162/120/88
f 190/106/8 4782/108/8 4765/121/8
f 4803/122/8 188/102/8 4806/123/8
f 4742/124/9 189/37/9 152/110/79
f 162/120/88 4769/125/89 4751/52/15
f 171/126/3 149/127/3 4743/95/3
f 4797/63/8 4786/62/8 4775/128/8
f 4805/129/90 4798/130/91 4795/114/84
f 167/131/92 4794/132/92 4796/133/92
f 4799/97/83 4807/99/82 155/96/93
f 183/134/8 4753/49/8 154/135/8
f 194/136/94 198/137/94 4808/138/94
f 158/139/8 151/70/8 4791/140/8
f 4779/141/8 158/139/8 4775/128/8
f 4797/63/8 4775/128/8 158/139/8
f 4802/57/74 4778/142/95 4780/143/95
f 161/144/96 4774/145/96 147/146/96
f 150/79/2 144/147/2 4816/89/2
f 165/67/76 157/148/80 4817/111/80
f 182/76/3 4800/78/3 201/149/3
f 201/149/3 4769/125/89 4789/119/87
f 4789/119/87 182/76/3 201/149/3
f 162/120/88 4789/119/87 4769/125/89
f 4811/138/97 4785/137/97 4749/136/97
f 4784/91/9 4812/150/9 4805/129/90
f 4805/129/90 4812/150/9 199/74/9
f 4756/98/98 196/97/2 153/96/99
f 4818/75/9 199/74/9 4812/150/9
f 4742/124/9 172/35/9 189/37/9
f 4755/151/9 4757/38/9 4750/40/9
f 169/152/7 4764/41/7 170/43/7
f 166/153/8 181/44/8 4761/46/8
f 183/134/8 4744/47/8 4753/49/8
f 4769/125/89 4770/50/3 4751/52/15
f 4810/154/3 195/53/3 4745/55/3
f 4814/155/73 4801/56/73 160/58/74
f 168/156/12 176/59/12 4763/61/12
f 4806/157/8 4786/62/8 146/64/8
f 159/158/76 4787/65/75 165/67/76
f 4814/155/73 180/68/77 4801/56/73
f 4791/140/8 151/70/8 154/72/8
f 144/147/2 150/79/2 4815/81/2
f 4793/159/8 4765/82/8 179/84/8
f 179/160/8 4759/85/8 191/87/8
f 4788/161/2 4792/88/2 4781/90/2
f 4783/162/9 4784/91/9 174/93/9
f 180/68/77 4737/94/3 4813/69/77
f 200/99/8 156/96/8 185/98/8
f 192/97/8 175/96/8 4746/98/8
f 4803/122/8 145/100/8 188/102/8
f 184/113/2 4740/103/2 4738/105/2
f 157/148/80 142/109/79 4817/111/80
f 4815/81/2 4739/80/2 184/113/2
f 177/163/85 4758/115/85 4772/117/85
f 4793/164/8 190/106/8 4765/121/8
f 146/165/8 4803/122/8 4806/123/8
f 142/109/79 4742/124/9 152/110/79
f 4737/94/3 171/126/3 4743/95/3
f 178/166/92 167/131/92 4796/133/92
f 141/167/8 183/134/8 154/135/8
f 186/168/94 194/136/94 4808/138/94
f 164/169/8 4779/141/8 4775/128/8
f 4791/140/8 4797/63/8 158/139/8
f 160/58/74 4802/57/74 4780/143/95
f 143/170/96 161/144/96 147/146/96
f 4792/88/2 150/79/2 4816/89/2
f 159/158/76 165/67/76 4817/111/80
f 197/168/97 4811/138/97 4749/136/97
f 4795/114/84 4784/91/9 4805/129/90
f 202/99/100 4756/98/98 153/96/99
f 234/35/7 4858/36/7 251/37/7
f 4839/38/7 4830/39/7 4832/40/7
f 4846/41/3 4844/42/3 232/43/3
f 243/44/8 249/45/8 4843/46/8
f 4826/47/8 4836/48/8 4835/49/8
f 4852/50/11 235/51/11 4833/52/45
f 257/53/11 4829/54/11 4827/55/11
f 4883/56/101 4884/57/102 222/58/102
f 238/59/42 4859/60/42 4845/61/42
f 4868/62/8 4879/63/8 208/64/8
f 4869/65/103 4855/66/103 227/67/104
f 242/68/105 4895/69/105 4883/56/101
f 213/70/8 203/71/8 216/72/8
f 4886/73/7 261/74/7 4900/75/7
f 244/76/11 210/77/11 4882/78/11
f 212/79/2 4821/80/2 4897/81/2
f 4847/82/8 4841/83/8 241/84/8
f 4841/85/8 4853/86/8 253/87/8
f 4874/88/2 4898/89/2 4863/90/2
f 4866/91/106 4848/92/107 236/93/7
f 4819/94/11 4825/95/11 4895/69/105
f 218/96/8 255/97/8 247/98/8
f 237/96/8 4850/99/8 4828/98/8
f 207/100/8 4823/101/8 250/102/8
f 4822/103/2 225/104/2 4820/105/2
f 252/106/8 4834/107/8 4864/108/8
f 204/109/108 214/110/108 4899/111/109
f 4853/86/8 4849/112/8 253/87/8
f 4891/98/110 4889/99/111 4881/97/112
f 4821/80/2 4822/103/2 246/113/2
f 4866/91/106 4877/114/113 4848/92/107
f 4840/115/114 4842/116/114 4854/117/114
f 4872/118/115 4871/119/116 224/120/117
f 252/106/8 4864/108/8 4847/121/8
f 4885/122/8 250/102/8 4888/123/8
f 4824/124/7 251/37/7 214/110/108
f 224/120/117 4851/125/118 4833/52/45
f 233/126/11 211/127/11 4825/95/11
f 4879/63/8 4868/62/8 4857/128/8
f 4887/129/119 4880/130/120 4877/114/113
f 229/131/121 4876/132/121 4878/133/121
f 4881/97/112 4889/99/111 217/96/122
f 245/134/8 4835/49/8 216/135/8
f 256/136/123 260/137/123 4890/138/123
f 220/139/8 213/70/8 4873/140/8
f 4861/141/8 220/139/8 4857/128/8
f 4879/63/8 4857/128/8 220/139/8
f 4884/57/102 4860/142/124 4862/143/124
f 223/144/125 4856/145/125 209/146/125
f 212/79/2 206/147/2 4898/89/2
f 227/67/104 219/148/109 4899/111/109
f 244/76/11 4882/78/11 263/149/11
f 263/149/11 4851/125/118 4871/119/116
f 4871/119/116 244/76/11 263/149/11
f 224/120/117 4871/119/116 4851/125/118
f 4893/138/126 4867/137/126 4831/136/126
f 4866/91/106 4894/150/7 4887/129/119
f 4887/129/119 4894/150/7 261/74/7
f 4838/98/127 258/97/2 215/96/128
f 4900/75/7 261/74/7 4894/150/7
f 4824/124/7 234/35/7 251/37/7
f 4837/151/7 4839/38/7 4832/40/7
f 231/152/3 4846/41/3 232/43/3
f 228/153/8 243/44/8 4843/46/8
f 245/134/8 4826/47/8 4835/49/8
f 4851/125/118 4852/50/11 4833/52/45
f 4892/154/11 257/53/11 4827/55/11
f 4896/155/101 4883/56/101 222/58/102
f 230/156/42 238/59/42 4845/61/42
f 4888/157/8 4868/62/8 208/64/8
f 221/158/104 4869/65/103 227/67/104
f 4896/155/101 242/68/105 4883/56/101
f 4873/140/8 213/70/8 216/72/8
f 206/147/2 212/79/2 4897/81/2
f 4875/159/8 4847/82/8 241/84/8
f 241/160/8 4841/85/8 253/87/8
f 4870/161/2 4874/88/2 4863/90/2
f 4865/162/7 4866/91/106 236/93/7
f 242/68/105 4819/94/11 4895/69/105
f 262/99/8 218/96/8 247/98/8
f 254/97/8 237/96/8 4828/98/8
f 4885/122/8 207/100/8 250/102/8
f 246/113/2 4822/103/2 4820/105/2
f 219/148/109 204/109/108 4899/111/109
f 4897/81/2 4821/80/2 246/113/2
f 239/163/114 4840/115/114 4854/117/114
f 4875/164/8 252/106/8 4847/121/8
f 208/165/8 4885/122/8 4888/123/8
f 204/109/108 4824/124/7 214/110/108
f 4819/94/11 233/126/11 4825/95/11
f 240/166/121 229/131/121 4878/133/121
f 203/167/8 245/134/8 216/135/8
f 248/168/123 256/136/123 4890/138/123
f 226/169/8 4861/141/8 4857/128/8
f 4873/140/8 4879/63/8 220/139/8
f 222/58/102 4884/57/102 4862/143/124
f 205/170/125 223/144/125 209/146/125
f 4874/88/2 212/79/2 4898/89/2
f 221/158/104 227/67/104 4899/111/109
f 259/168/126 4893/138/126 4831/136/126
f 4877/114/113 4866/91/106 4887/129/119
f 264/99/129 4838/98/127 215/96/128
f 268/171/130 4911/172/130 4912/173/7 269/174/7
f 267/175/131 4913/176/131 4911/172/130 268/171/130
f 300/177/132 4904/178/132 4903/179/9 265/180/9
f 276/181/11 4901/182/11 4927/183/133 305/184/133
f 274/185/134 4902/186/134 4901/182/11 276/181/11
f 273/187/135 4926/188/135 4902/186/134 274/185/134
f 271/189/3 4924/190/3 4926/188/135 273/187/135
f 270/191/136 4925/192/136 4924/190/3 271/189/3
f 269/174/7 4912/173/7 4923/193/137 298/194/137
f 265/180/9 4903/179/9 4913/176/131 267/175/131
f 277/195/138 275/196/139 4906/197/139 4905/198/138
f 306/199/140 277/195/138 4905/198/138 4932/200/140
f 292/201/141 291/202/142 4914/203/142 4915/204/141
f 293/205/143 292/201/141 4915/204/141 4929/206/143
f 291/202/142 266/207/144 4928/208/144 4914/203/142
f 266/207/144 278/209/145 4933/210/145 4928/208/144
f 299/211/146 293/205/143 4929/206/143 4930/212/146
f 272/213/147 304/214/148 4931/215/148 287/216/147
f 294/217/149 272/213/147 287/216/147 4910/218/149
f 275/196/139 294/217/149 4910/218/149 4906/197/139
f 282/219/134 290/220/135 4921/221/135 4920/222/134
f 296/223/131 279/224/9 4916/225/9 4917/186/131
f 280/226/137 288/227/7 4907/228/7 4934/229/137
f 290/220/135 4909/230/3 4919/231/3 4921/221/135
f 289/232/133 283/233/11 4922/234/11 4935/235/133
f 288/227/7 297/236/130 4908/237/130 4907/228/7
f 4909/230/3 281/238/136 4918/239/136 4919/231/3
f 283/233/11 282/219/134 4920/222/134 4922/234/11
f 297/236/130 296/223/131 4917/186/131 4908/237/130
f 279/224/9 295/240/132 4936/241/132 4916/225/9
f 295/240/132 289/232/133 4935/235/133 4936/241/132
f 298/194/137 4923/193/137 4925/239/136 270/242/136
f 278/209/145 306/199/140 4932/200/140 4933/210/145
f 284/243/8 302/244/8 311/245/8 310/246/8
f 285/247/8 284/243/8 310/246/8 309/248/8
f 301/249/8 285/247/8 309/248/8 308/250/8
f 302/244/8 303/251/8 312/252/8 311/245/8
f 281/253/136 280/226/137 4934/229/137 4918/254/136
f 305/184/133 4927/183/133 4904/178/132 300/177/132
f 304/214/148 299/211/146 4930/212/146 4931/215/148
f 286/255/8 312/252/8 303/251/8 307/256/8
f 513/257/150 506/258/151 337/259/152 480/260/153
f 5108/261/154 1011/262/155 1023/263/155 1021/264/154
f 366/265/156 351/266/157 350/267/158 359/268/159
f 362/269/160 325/270/161 352/271/162 364/272/163
f 363/273/164 353/274/165 328/275/166 365/276/167
f 934/277/168 420/278/169 450/279/170 446/280/171
f 451/281/172 443/282/173 389/283/174 418/284/175
f 429/285/176 430/286/177 387/287/178 388/288/179
f 325/270/161 401/289/180 373/290/181 352/271/162
f 353/291/165 404/292/182 377/293/183 328/294/166
f 326/295/184 406/296/185 407/297/186 321/298/187
f 401/299/180 325/300/161 355/301/188 398/302/189
f 405/303/190 399/304/191 357/305/192 354/306/193
f 448/307/194 387/308/178 394/309/195 444/310/196
f 453/311/197 447/312/198 391/313/199 433/314/200
f 421/315/201 390/316/202 386/317/203 422/318/204
f 936/319/205 433/314/200 391/313/199 935/320/206
f 443/321/173 442/322/207 390/323/202 389/324/174
f 321/325/187 407/326/186 405/303/190 354/306/193
f 356/327/208 375/328/209 403/329/210 351/330/157
f 351/330/157 403/329/210 372/331/211 350/332/158
f 442/322/207 449/333/212 386/334/203 390/323/202
f 386/317/203 396/335/213 423/336/214 422/318/204
f 446/337/171 450/338/170 419/339/215 392/340/216
f 389/283/174 390/316/202 421/315/201 418/284/175
f 452/341/217 451/281/172 418/284/175 429/285/176
f 4942/342/218 4941/343/219 424/344/220 412/345/221
f 441/346/222 452/341/217 429/285/176 388/288/179
f 387/287/178 430/286/177 435/347/223 394/348/195
f 450/338/170 453/311/197 433/314/200 419/339/215
f 4941/349/219 4945/350/224 436/351/225 424/352/220
f 459/353/226 456/354/227 408/355/227 427/356/226
f 470/357/228 467/358/229 375/328/209 356/327/208
f 420/359/169 434/360/230 453/361/197 450/362/170
f 4947/363/231 4946/364/232 451/281/172 452/341/217
f 4944/365/233 4943/366/234 449/333/212 442/322/207
f 388/367/179 387/308/178 448/307/194 441/368/222
f 929/369/235 931/370/236 348/371/237 369/372/238
f 365/276/167 328/275/166 349/373/239 374/374/240
f 328/294/166 377/293/183 397/375/241 349/376/239
f 474/377/242 473/378/243 456/354/227 459/353/226
f 427/356/226 408/355/227 461/379/227 464/380/226
f 460/381/244 464/382/226 470/383/228 466/384/245
f 464/380/226 461/379/227 467/358/229 470/357/228
f 349/376/239 397/375/241 473/378/243 474/377/242
f 503/385/246 512/386/247 478/387/248 345/388/249
f 497/389/250 332/390/251 344/391/252 334/392/253
f 649/393/254 509/394/255 425/395/256 491/396/257
f 501/397/258 925/398/259 331/399/260 485/400/261
f 511/401/262 648/402/263 333/403/264 486/404/265
f 331/405/260 489/406/266 485/407/261
f 498/408/267 495/409/268 492/410/269
f 484/411/270 476/412/271 480/413/153
f 485/407/261 486/414/265 342/415/272
f 486/414/265 485/407/261 487/416/273
f 1024/417/274 965/418/275 997/419/276 1025/420/277
f 1025/420/277 997/419/276 996/421/278 1026/422/279
f 484/411/270 488/423/280 483/424/281 476/412/271
f 1026/422/279 996/421/278 999/425/282 966/426/283
f 966/426/283 999/425/282 998/427/284 967/428/285
f 475/429/286 479/430/287 500/431/288 499/432/289
f 478/433/248 475/429/286 499/432/289 498/408/267
f 650/434/290 649/393/254 491/396/257 494/435/291
f 337/436/152 336/437/292 335/438/293 480/413/153
f 507/439/294 650/434/290 494/435/291 343/440/295
f 493/441/296 496/442/297 494/443/291 491/444/257
f 478/433/248 339/445/298 338/446/299 345/447/249
f 492/410/269 495/409/268 614/448/300 612/449/301
f 510/450/302 511/401/262 486/404/265 487/451/273
f 335/438/293 402/452/303 484/411/270 480/413/153
f 489/406/266 490/453/304 425/454/256 487/416/273
f 967/428/285 998/427/284 991/455/305 968/456/306
f 488/423/280 484/411/270 623/457/307 622/458/308
f 492/410/269 846/459/309 385/460/310 498/408/267
f 341/461/311 385/460/310 846/459/309
f 968/456/306 991/455/305 992/462/312 1027/463/313
f 1027/463/313 992/462/312 993/464/314 969/465/315
f 970/466/316 994/467/317 972/468/318 971/469/319
f 971/469/319 972/468/318 995/470/320 1028/471/321
f 4955/472/322 4954/473/323 4966/474/323 4967/475/322
f 4954/473/323 4952/476/324 4965/477/324 4966/474/323
f 4952/476/324 4953/478/325 543/479/325 4965/477/324
f 4950/480/326 4951/481/327 539/482/327 4961/483/326
f 4949/484/328 4955/472/322 4967/475/322 4957/485/328
f 4948/486/329 4949/484/328 4957/485/328 4956/487/329
f 560/488/330 559/489/331 571/490/332 572/491/333
f 557/492/334 556/493/335 568/494/336 569/495/337
f 552/496/338 563/497/339 575/498/340 564/499/341
f 554/500/342 553/501/343 565/502/344 566/503/345
f 561/504/346 560/488/330 572/491/333 573/505/347
f 558/506/348 557/492/334 569/495/337 570/507/349
f 555/508/350 554/500/342 566/503/345 567/509/351
f 562/510/352 561/504/346 573/505/347 574/511/353
f 559/489/331 558/506/348 570/507/349 571/490/332
f 556/493/335 555/508/350 567/509/351 568/494/336
f 563/497/339 562/510/352 574/511/353 575/498/340
f 553/501/343 552/496/338 564/499/341 565/502/344
f 567/509/351 566/503/345 578/512/354 579/513/355
f 588/514/8 578/512/354 577/515/356 576/516/357
f 582/517/358 583/518/359 571/490/332 570/507/349
f 576/516/357 577/515/356 565/502/344 564/499/341
f 588/514/8 582/517/358 581/519/360 580/520/361
f 586/521/362 587/522/363 575/498/340 574/511/353
f 580/520/361 581/519/360 569/495/337 568/494/336
f 573/505/347 572/491/333 584/523/364 585/524/365
f 574/511/353 573/505/347 585/524/365 586/521/362
f 579/513/355 580/520/361 568/494/336 567/509/351
f 588/514/8 584/523/364 583/518/359 582/517/358
f 583/518/359 584/523/364 572/491/333 571/490/332
f 566/503/345 565/502/344 577/515/356 578/512/354
f 578/512/354 588/514/8 580/520/361 579/513/355
f 587/522/363 576/516/357 564/499/341 575/498/340
f 570/507/349 569/495/337 581/519/360 582/517/358
f 588/514/8 586/521/362 585/524/365 584/523/364
f 588/514/8 576/516/357 587/522/363 586/521/362
f 4964/525/366 4963/526/367 604/527/368 600/528/369
f 536/529/370 535/530/371 595/531/372 598/532/373
f 546/533/374 545/534/375 603/535/376 596/536/377
f 4960/537/378 4959/538/379 602/539/380 594/540/381
f 4963/526/367 4962/541/382 601/542/383 604/527/368
f 545/534/375 544/543/384 599/544/385 603/535/376
f 4959/538/379 4958/545/386 597/546/387 602/539/380
f 4962/541/382 540/547/388 593/548/389 601/542/383
f 544/543/384 4964/525/366 600/528/369 599/544/385
f 4958/545/386 536/529/370 598/532/373 597/546/387
f 535/530/371 546/533/374 596/536/377 595/531/372
f 540/547/388 4960/537/378 594/540/381 593/548/389
f 603/549/376 599/550/385 606/551/390 607/552/391
f 342/415/272 486/414/265 333/553/264
f 490/453/304 493/441/296 491/444/257 425/454/256
f 489/406/266 488/423/280 622/458/308 621/554/392
f 490/453/304 489/406/266 621/554/392 620/555/393
f 493/441/296 490/453/304 620/555/393 619/556/394
f 496/442/297 493/441/296 619/556/394 618/557/395
f 497/389/250 496/442/297 618/557/395 617/558/396
f 1028/471/321 995/470/320 974/559/397 973/560/398
f 489/406/266 487/416/273 485/407/261
f 496/442/297 497/389/250 334/392/253 494/443/291
f 343/561/295 494/443/291 334/392/253
f 340/562/399 414/563/400 846/459/309 484/411/270
f 669/564/401 624/565/402 630/566/403 670/567/404
f 369/372/238 348/371/237 322/568/405 624/569/402
f 630/570/403 395/571/406 4937/572/407 4938/573/408
f 625/574/409 356/575/208 351/266/157 366/265/156
f 624/569/402 322/568/405 395/571/406 630/570/403
f 678/576/410 679/577/411 945/578/412
f 435/347/223 632/579/413 629/580/414 394/348/195
f 449/333/212 4943/366/234 393/581/415 635/582/416
f 937/583/417 392/340/216 419/339/215 938/584/418
f 457/585/419 459/586/226 427/587/226 633/588/420
f 4937/572/407 395/571/406 5107/589/421
f 386/334/203 449/333/212 635/582/416 396/590/213
f 394/309/195 629/591/414 445/592/422 444/310/196
f 466/384/245 470/383/228 356/575/208 625/574/409
f 636/593/423 474/594/242 459/586/226 457/585/419
f 633/588/420 427/587/226 464/382/226 460/381/244
f 374/374/240 349/373/239 474/594/242 636/593/423
f 935/595/206 939/596/424 445/592/422 629/591/414
f 674/597/425 369/598/238 624/565/402 669/564/401
f 670/567/404 630/566/403 4938/599/408 4968/600/426
f 932/601/427 929/602/235 369/598/238 674/597/425
f 774/603/428 777/604/429 776/605/430 773/606/431
f 951/607/432 641/608/433 964/609/434 666/610/435
f 422/318/204 435/347/223 430/286/177 421/315/201
f 422/318/204 423/336/214 632/579/413 435/347/223
f 418/284/175 421/315/201 430/286/177 429/285/176
f 936/319/205 632/579/413 423/336/214 938/584/418
f 410/611/436 346/612/437 411/613/438 358/614/439
f 628/615/440 410/611/436 325/616/161 362/617/160
f 368/618/441 346/612/437 410/611/436 628/615/440
f 942/619/442 440/620/443 631/621/444
f 412/345/221 934/277/168 942/619/442
f 4981/622/445 636/593/423 457/585/419 4984/623/446
f 4982/624/447 633/588/420 460/381/244 4983/625/448
f 4984/623/446 457/585/419 633/588/420 4982/624/447
f 683/626/449 4973/627/449 4974/628/450 692/629/451
f 690/630/452 4975/631/453 4973/627/449 683/626/449
f 695/632/454 688/633/455 708/634/456 707/635/457
f 471/636/458 462/637/459 706/638/460 705/639/461
f 4980/640/462 694/641/463 704/642/464 4979/643/465
f 694/641/463 695/632/454 707/635/457 704/642/464
f 465/644/466 471/636/458 705/639/461 682/645/467
f 705/639/461 706/638/460 5021/646/468 5022/647/469
f 704/642/464 707/635/457 5023/648/470 5024/649/471
f 4940/650/472 631/621/444 4939/651/473
f 655/652/474 438/653/475 646/654/476 508/655/477
f 654/656/478 658/657/479 503/385/246 644/658/480
f 626/659/481 411/613/438 346/612/437 368/618/441
f 472/660/482 660/661/483 648/402/263 511/401/262
f 660/661/483 439/662/484 502/663/485 648/402/263
f 469/664/486 463/665/487 649/393/254 650/434/290
f 509/394/255 649/393/254 463/665/487 796/666/488
f 925/398/259 514/667/489 483/668/281 331/399/260
f 509/394/255 796/666/488 458/669/490 510/450/302
f 652/670/491 513/257/150 480/260/153 476/671/271
f 651/672/492 927/673/493 479/674/287 475/675/286
f 458/669/490 472/660/482 511/401/262 510/450/302
f 514/667/489 652/670/491 476/671/271 483/668/281
f 512/386/247 651/672/492 475/675/286 478/387/248
f 973/560/398 974/559/397 965/418/275 1024/417/274
f 974/559/397 995/470/320 989/676/494 990/677/495
f 648/402/263 502/663/485 342/678/272 333/403/264
f 965/418/275 974/559/397 990/677/495 979/679/496
f 320/680/497 658/657/479 406/296/185
f 5034/681/498 5033/682/499 5041/683/499 5042/684/498
f 314/685/500 469/664/486 650/434/290 507/439/294
f 5033/682/499 5031/686/501 5029/687/501 5041/683/499
f 780/688/429 782/689/502 781/690/503 779/691/430
f 792/692/504 783/693/505 786/694/506 793/695/507
f 787/696/508 790/697/509 791/698/507 788/699/510
f 608/700/511 551/701/512 558/506/348 559/489/331
f 607/552/391 606/551/390 561/504/346 562/510/352
f 548/702/513 605/703/514 554/500/342 555/508/350
f 797/704/515 817/705/516 818/706/517 798/707/518
f 320/680/497 655/708/474 508/709/477 643/710/519
f 409/711/520 946/712/521 932/601/427 930/713/522
f 680/714/523 681/715/524 946/712/521 409/711/520
f 438/653/475 314/685/500 507/439/294 646/654/476
f 693/716/525 384/717/526 677/718/527 319/719/528
f 4978/720/529 4975/631/453 690/630/452
f 5046/721/530 5045/722/530 702/723/531 685/724/532
f 686/725/533 465/644/466 682/645/467 4989/726/534
f 692/629/451 4974/628/450 5044/727/535
f 370/728/536 670/567/404 4968/600/426 315/729/537
f 347/730/538 674/597/425 669/564/401 454/731/539
f 454/731/539 669/564/401 670/567/404 370/728/536
f 378/732/540 371/733/541 384/717/526 693/716/525
f 930/713/522 932/601/427 674/597/425 347/730/538
f 416/734/542 415/735/543 379/736/544 689/737/545
f 689/737/545 379/736/544 371/733/541 378/732/540
f 432/738/546 431/739/547 415/735/543 416/734/542
f 315/729/537 4968/600/426 431/739/547 432/738/546
f 439/662/484 317/740/548 501/741/258 502/663/485
f 329/742/549 659/743/550 645/744/551 506/258/151
f 320/680/497 651/672/492 512/386/247
f 658/657/479 320/680/497 512/386/247 503/385/246
f 643/710/519 927/673/493 320/680/497
f 397/375/241 660/661/483 472/660/482 473/378/243
f 802/745/552 800/746/553 813/747/554 814/748/555
f 461/379/227 463/665/487 469/664/486 467/358/229
f 408/355/227 796/666/488 463/665/487 461/379/227
f 473/378/243 472/660/482 458/669/490 456/354/227
f 377/293/183 439/662/484 660/661/483 397/375/241
f 4946/364/232 653/749/556 443/282/173 451/281/172
f 653/750/556 4944/365/233 442/322/207 443/321/173
f 437/751/557 4947/363/231 452/341/217 441/346/222
f 456/354/227 458/669/490 796/666/488 408/355/227
f 441/368/222 448/307/194 5070/752/558 437/753/557
f 4986/754/559 5013/755/559 5074/756/560 5012/757/560
f 811/758/561 810/759/562 822/760/563 823/761/564
f 816/762/565 815/763/566 827/764/567 828/765/568
f 814/748/555 813/747/554 825/766/569 826/767/570
f 812/768/571 811/758/561 823/761/564 824/769/572
f 810/759/562 809/770/573 821/771/574 822/760/563
f 809/770/573 816/762/565 828/765/568 821/771/574
f 815/763/566 814/748/555 826/767/570 827/764/567
f 813/772/554 812/768/571 824/769/572 825/773/569
f 978/774/575 852/775/576 853/776/577 976/777/578
f 977/778/579 851/779/580 852/775/576 978/774/575
f 593/780/389 594/781/381 549/782/581 550/783/582
f 830/784/583 829/785/584 833/786/585 834/787/586
f 595/788/372 596/789/377 609/790/587 547/791/588
f 597/792/387 598/793/373 610/794/589 605/703/514
f 599/550/385 600/795/369 611/796/590 606/551/390
f 601/797/383 593/780/389 550/783/582 551/701/512
f 602/798/380 597/792/387 605/703/514 548/702/513
f 604/799/368 601/797/383 551/701/512 608/700/511
f 594/781/381 602/798/380 548/702/513 549/782/581
f 828/765/568 827/764/567 840/800/591 844/801/592
f 596/789/377 603/549/376 607/552/391 609/790/587
f 598/793/373 595/788/372 547/791/588 610/794/589
f 600/795/369 604/799/368 608/700/511 611/796/590
f 821/771/574 828/765/568 844/801/592 841/802/593
f 827/764/567 826/767/570 843/803/594 840/800/591
f 517/804/595 4971/805/596 4972/806/597 528/807/598
f 833/808/585 845/809/8 835/810/599 834/811/586
f 835/810/599 845/809/8 837/812/600 836/813/601
f 838/814/602 837/812/600 845/809/8 839/815/603
f 845/809/8 833/808/585 832/816/604 839/815/603
f 551/701/512 550/783/582 557/492/334 558/506/348
f 606/551/390 611/796/590 560/488/330 561/504/346
f 605/703/514 610/794/589 553/501/343 554/500/342
f 547/791/588 609/790/587 563/497/339 552/496/338
f 550/783/582 549/782/581 556/493/335 557/492/334
f 623/817/307 613/818/605 521/819/606 531/820/607
f 622/821/308 623/817/307 531/820/607 532/822/608
f 621/823/392 622/821/308 532/822/608 533/824/609
f 620/825/393 621/823/392 533/824/609 534/826/610
f 619/827/394 620/825/393 534/826/610 526/828/611
f 618/829/395 619/827/394 526/828/611 527/830/612
f 617/831/396 618/829/395 527/830/612 517/804/595
f 616/832/613 617/831/396 517/804/595 528/807/598
f 615/833/614 616/834/613 528/835/598 529/836/615
f 614/837/300 615/833/614 529/836/615 519/838/616
f 613/818/605 612/839/301 530/840/617 521/819/606
f 612/839/301 614/837/300 519/838/616 530/840/617
f 530/840/617 4969/841/618 4970/842/619 521/819/606
f 634/843/620 321/844/187 943/845/621 367/846/622
f 611/796/590 608/700/511 559/489/331 560/488/330
f 610/794/589 547/791/588 552/496/338 553/501/343
f 609/790/587 607/552/391 562/510/352 563/497/339
f 549/782/581 548/702/513 555/508/350 556/493/335
f 426/847/623 341/461/311 846/459/309
f 991/455/305 998/427/284 983/848/624 984/849/625
f 488/423/280 489/406/266 331/405/260 483/424/281
f 509/394/255 510/450/302 487/451/273 425/395/256
f 4985/850/626 5014/851/626 5013/755/559 4986/754/559
f 395/571/406 322/568/405 357/852/192 5107/589/421
f 403/329/210 438/653/475 655/652/474 372/331/211
f 375/328/209 314/685/500 438/653/475 403/329/210
f 467/358/229 469/664/486 314/685/500 375/328/209
f 849/853/627 847/854/628 856/855/629 857/856/630
f 852/775/576 851/779/580 859/857/631 860/858/632
f 401/289/180 659/743/550 329/742/549 373/290/181
f 853/776/577 852/775/576 860/858/632 861/859/633
f 5019/860/634 5017/861/635 5072/862/635 4998/863/636
f 651/672/492 320/680/497 927/673/493
f 404/292/182 317/740/548 439/662/484 377/293/183
f 863/864/637 862/865/638 5063/866/639 874/867/640
f 861/859/633 860/858/632 5061/868/641 872/869/642
f 859/857/631 858/870/643 5059/871/644 870/872/645
f 857/856/630 856/855/629 867/873/646 868/874/647
f 856/875/629 863/864/637 874/867/640 867/876/646
f 862/865/638 861/859/633 872/869/642 5063/866/639
f 860/858/632 859/857/631 870/872/645 5061/868/641
f 858/870/643 857/856/630 868/874/647 5059/871/644
f 462/637/459 4977/877/648 4976/878/649 706/638/460
f 691/879/650 687/880/650 703/881/651 684/882/652
f 688/633/455 468/883/653 5097/884/654 708/634/456
f 5094/885/655 5096/886/656 5011/887/657 5009/888/658
f 406/296/185 658/657/479 654/656/478 407/297/186
f 5082/889/659 5081/890/660 882/891/661 883/892/662
f 679/577/411 940/893/663 947/894/664 945/578/412
f 881/895/665 888/896/666 899/897/667 892/898/668
f 887/899/669 886/900/670 897/901/671 898/902/672
f 885/903/673 884/904/674 895/905/675 896/906/676
f 883/892/662 882/891/661 893/907/677 894/908/678
f 888/896/666 887/899/669 898/902/672 899/897/667
f 886/900/670 885/903/673 896/906/676 897/901/671
f 884/904/674 883/892/662 894/908/678 895/905/675
f 882/891/661 881/895/665 892/898/668 893/907/677
f 899/897/667 898/902/672 900/909/8 892/898/668
f 894/908/678 893/907/677 892/898/668 900/909/8
f 896/906/676 900/909/8 898/902/672 897/901/671
f 894/908/678 900/909/8 896/906/676 895/905/675
f 4983/625/448 460/381/244 466/384/245 5047/910/679
f 933/911/680 944/912/681 947/894/664 940/893/663
f 5104/913/682 920/914/683 5083/915/683 5084/916/682
f 922/917/684 5104/913/682 5084/916/682 5085/918/684
f 4940/650/472 4942/342/218 942/619/442 631/621/444
f 384/717/526 368/919/441 628/920/440 677/718/527
f 371/733/541 626/921/481 368/919/441 384/717/526
f 379/736/544 361/922/685 626/921/481 371/733/541
f 320/680/497 406/296/185 326/295/184
f 521/819/606 4970/842/619 522/923/686 531/820/607
f 519/838/616 520/924/687 4969/841/618 530/840/617
f 529/836/615 518/925/688 520/924/687 519/838/616
f 527/830/612 516/926/689 4971/805/596 517/804/595
f 526/828/611 515/927/690 516/926/689 527/830/612
f 528/835/598 4972/928/597 518/925/688 529/836/615
f 531/820/607 522/923/686 523/929/691 532/822/608
f 532/822/608 523/929/691 524/930/692 533/824/609
f 534/826/610 525/931/693 515/927/690 526/828/611
f 533/824/609 524/930/692 525/931/693 534/826/610
f 4951/481/327 590/932/694 538/933/694 539/482/327
f 591/934/695 4950/480/326 4961/483/326 541/935/695
f 592/936/696 591/934/695 541/935/695 542/937/696
f 4953/478/325 592/936/696 542/937/696 543/479/325
f 589/938/697 4948/486/329 4956/487/329 537/939/697
f 590/932/694 589/938/697 537/939/697 538/933/694
f 784/940/698 775/941/509 793/942/507 786/943/506
f 647/698/699 785/699/700 783/696/505 792/697/504
f 775/944/509 784/945/698 785/946/700 647/947/699
f 992/462/312 991/455/305 984/849/625 985/948/701
f 414/563/400 426/847/623 846/459/309
f 484/411/270 846/459/309 613/949/605 623/457/307
f 637/950/702 644/951/480 338/952/299 339/953/298
f 644/658/480 503/385/246 345/388/249 338/954/299
f 508/655/477 646/654/476 334/955/253 344/956/252
f 643/710/519 508/709/477 344/957/252 332/958/251
f 646/654/476 507/439/294 343/440/295 334/955/253
f 4942/342/218 412/345/221 942/619/442
f 355/959/188 410/611/436 358/614/439
f 5070/752/558 448/307/194 444/310/196 678/576/410
f 433/314/200 936/319/205 938/584/418 419/339/215
f 391/960/199 447/961/198 939/596/424 935/595/206
f 396/335/213 937/583/417 938/584/418 423/336/214
f 632/579/413 936/319/205 935/320/206 629/580/414
f 400/962/703 657/963/704 398/302/189
f 436/964/225 944/912/681 933/911/680 434/965/230
f 412/345/221 424/344/220 420/278/169 934/277/168
f 424/352/220 436/351/225 434/360/230 420/359/169
f 396/590/213 635/582/416 941/966/705 937/967/417
f 392/968/216 937/967/417 941/966/705 446/280/171
f 446/280/171 941/966/705 942/619/442 934/277/168
f 942/619/442 393/581/415 440/620/443
f 927/673/493 643/710/519 332/958/251 479/674/287
f 993/464/314 992/462/312 985/948/701 986/969/706
f 933/911/680 940/893/663 939/596/424 447/961/198
f 645/970/551 505/971/707 335/972/293 336/973/292
f 506/258/151 645/744/551 336/974/292 337/259/152
f 679/577/411 445/592/422 939/596/424 940/893/663
f 380/975/708 627/976/709 634/977/620 681/978/524
f 627/976/709 326/295/184 321/298/187 634/977/620
f 638/979/710 5071/980/711 330/981/712
f 434/965/230 933/911/680 447/961/198 453/982/197
f 5071/980/711 638/979/710 642/983/713
f 410/611/436 355/959/188 325/616/161
f 678/576/410 945/578/412 360/984/714 323/985/715
f 358/986/439 400/962/703 398/302/189 355/301/188
f 635/582/416 393/581/415 942/619/442 941/966/705
f 963/987/716 656/988/717 663/989/718 664/990/719
f 640/991/720 957/992/721 656/993/717 963/994/716
f 954/995/722 640/996/720 963/997/716 639/998/723
f 639/999/723 963/987/716 664/990/719 665/1000/724
f 950/1001/725 962/1002/726 641/1003/433 951/1004/432
f 666/1005/435 964/1006/434 960/1007/727 952/1008/728
f 955/1009/729 926/1010/730 949/1011/731 956/1012/732
f 962/1013/726 504/1014/733 953/1015/734 641/1016/433
f 641/608/433 953/1017/734 955/1018/729 964/609/434
f 996/421/278 997/419/276 980/1019/735 981/1020/736
f 998/427/284 999/425/282 982/1021/737 983/848/624
f 999/425/282 996/421/278 981/1020/736 982/1021/737
f 969/465/315 993/464/314 994/467/317 970/466/316
f 984/849/625 983/848/624 5112/1022/1 1005/1023/1
f 979/679/496 990/677/495 5119/1024/1 1000/1025/1
f 981/1020/736 980/1019/735 5109/1026/1 5110/1027/1
f 988/1028/738 987/1029/739 1008/1030/1 5117/1031/1
f 985/948/701 984/849/625 1005/1023/1 5114/1032/1
f 982/1021/737 981/1020/736 5110/1027/1 5111/1033/1
f 989/676/494 988/1028/738 5117/1031/1 5118/1034/1
f 986/969/706 985/948/701 5114/1032/1 5115/1035/1
f 983/848/624 982/1021/737 5111/1033/1 5112/1022/1
f 990/677/495 989/676/494 5118/1034/1 5119/1024/1
f 980/1019/735 979/679/496 1000/1025/1 5109/1026/1
f 987/1029/739 986/969/706 5115/1035/1 1008/1030/1
f 1058/468/740 1052/1028/741 1051/676/742 1059/470/743
f 1059/470/743 1051/676/742 1050/677/744 1060/559/745
f 1062/467/746 1053/1029/747 1052/1028/741 1058/468/740
f 1033/428/748 1034/426/749 1056/425/750 1055/427/751
f 1032/456/752 1033/428/748 1055/427/751 1054/455/753
f 1047/1020/754 5125/1027/5 5124/1033/5 1046/1021/755
f 1042/969/756 5120/1035/5 5131/1030/5 1053/1029/747
f 1044/849/757 5122/1023/5 5121/1032/5 1043/948/758
f 1051/676/742 5129/1034/5 5128/1024/5 1050/677/744
f 1048/1019/759 5126/1026/5 5125/1027/5 1047/1020/754
f 1045/848/760 5123/1022/5 5122/1023/5 1044/849/757
f 1052/1028/741 5130/1031/5 5129/1034/5 1051/676/742
f 1049/679/761 5127/1025/5 5126/1026/5 1048/1019/759
f 1046/1021/755 5124/1033/5 5123/1022/5 1045/848/760
f 1053/1029/747 5131/1030/5 5130/1031/5 1052/1028/741
f 1043/948/758 5121/1032/5 5120/1035/5 1042/969/756
f 1050/677/744 5128/1024/5 5127/1025/5 1049/679/761
f 1069/1036/762 1086/1037/762 1085/1038/763 1068/1039/763
f 953/1017/734 948/1040/764 926/1041/730 955/1018/729
f 661/1042/765 954/1043/722 639/1044/723 662/1045/766
f 504/1046/733 924/1047/767 948/1048/764 953/1049/734
f 662/1050/766 639/999/723 665/1000/724 667/1051/768
f 656/988/717 951/607/432 666/610/435 663/989/718
f 957/992/721 950/1001/725 951/1004/432 656/993/717
f 948/1040/764 662/1050/766 667/1051/768 926/1041/730
f 924/1047/767 661/1042/765 662/1045/766 948/1048/764
f 926/1052/730 667/1053/768 958/1054/769 949/1055/731
f 964/1056/434 955/1057/729 956/1058/732 960/1059/727
f 663/1060/718 666/1061/435 952/1062/728 959/1063/770
f 667/1064/768 665/1065/724 668/1066/771 958/1067/769
f 844/801/592 840/800/591 838/1068/602 839/1069/603
f 843/803/594 831/1070/772 836/1071/601 837/1072/600
f 842/1073/773 830/784/583 834/787/586 835/1074/599
f 829/785/584 841/802/593 832/1075/604 833/786/585
f 841/802/593 844/801/592 839/1069/603 832/1075/604
f 840/800/591 843/803/594 837/1072/600 838/1068/602
f 831/1076/772 842/1073/773 835/1074/599 836/1077/601
f 826/767/570 825/766/569 831/1070/772 843/803/594
f 824/769/572 823/761/564 830/784/583 842/1073/773
f 822/760/563 821/771/574 841/802/593 829/785/584
f 825/773/569 824/769/572 842/1073/773 831/1076/772
f 823/761/564 822/760/563 829/785/584 830/784/583
f 798/707/518 818/706/517 799/1078/774 804/1079/775
f 806/1080/776 800/746/553 802/745/552 801/1081/777
f 801/1081/777 802/745/552 820/1082/778 807/1083/779
f 808/1084/780 803/1085/781 817/705/516 797/704/515
f 817/705/516 803/1085/781 816/762/565 809/770/573
f 819/1086/782 799/1078/774 811/758/561 812/768/571
f 820/1082/778 802/745/552 814/748/555 815/763/566
f 818/706/517 817/705/516 809/770/573 810/759/562
f 800/1087/553 819/1086/782 812/768/571 813/772/554
f 803/1085/781 820/1082/778 815/763/566 816/762/565
f 799/1078/774 818/706/517 810/759/562 811/758/561
f 807/1083/779 820/1082/778 803/1085/781 808/1084/780
f 805/1088/783 819/1086/782 800/1087/553 806/1089/776
f 804/1079/775 799/1078/774 819/1086/782 805/1088/783
f 866/1090/784 865/1091/785 862/865/638 863/864/637
f 864/1092/786 849/853/627 857/856/630 858/870/643
f 847/1093/628 866/1090/784 863/864/637 856/875/629
f 851/779/580 864/1092/786 858/870/643 859/857/631
f 865/1091/785 853/776/577 861/859/633 862/865/638
f 5058/1094/9 5057/1095/10 5106/1096/10 5105/1097/9
f 5057/1098/10 5064/1099/11 5049/1100/11 5106/1101/10
f 873/1102/5 5062/1103/3 5050/1104/3 5048/1105/5
f 871/1106/4 5060/1107/7 5103/1108/7 5102/1109/4
f 869/1110/1 5058/1094/9 5105/1097/9 921/1111/1
f 5064/1099/11 873/1102/5 5048/1105/5 5049/1100/11
f 5062/1103/3 871/1106/4 5102/1109/4 5050/1104/3
f 5060/1107/7 869/1110/1 921/1111/1 5103/1108/7
f 920/914/683 917/1112/787 5101/1113/787 5083/915/683
f 917/1112/787 918/1114/788 5100/1115/788 5101/1113/787
f 918/1114/788 875/1116/789 5087/1117/789 5100/1115/788
f 875/1116/789 919/1118/790 5086/1119/790 5087/1117/789
f 5133/1120/791 5068/1121/792 887/899/669 888/896/666
f 5067/1122/793 5066/1123/794 885/903/673 886/900/670
f 5065/1124/795 5082/889/659 883/892/662 884/904/674
f 5081/890/660 876/1125/796 881/895/665 882/891/661
f 876/1125/796 5133/1120/791 888/896/666 881/895/665
f 5068/1121/792 5067/1122/793 886/900/670 887/899/669
f 5066/1123/794 5065/1124/795 884/904/674 885/903/673
f 923/1126/797 922/917/684 5085/918/684 914/1127/797
f 919/1118/790 923/1126/797 914/1127/797 5086/1119/790
f 902/1128/1 901/1129/9 5136/1130/9 5090/1131/1
f 5134/1132/4 903/1133/7 5091/1134/7 5098/1135/4
f 905/1136/5 904/1137/3 5099/1138/3 5092/1139/5
f 915/1140/10 913/1141/11 5093/1142/11 916/1143/10
f 901/1129/9 915/1144/10 916/1145/10 5136/1130/9
f 903/1133/7 902/1128/1 5090/1131/1 5091/1134/7
f 904/1137/3 5134/1132/4 5098/1135/4 5099/1138/3
f 913/1141/11 905/1136/5 5092/1139/5 5093/1142/11
f 877/1146/798 878/1147/799 910/1148/799 907/1149/798
f 890/1150/800 877/1146/798 907/1149/798 906/1151/800
f 889/1152/801 890/1150/800 906/1151/800 912/1153/801
f 5132/1154/802 889/1152/801 912/1153/801 5135/1155/802
f 878/1147/799 879/1156/803 911/1157/803 910/1148/799
f 879/1156/803 880/1158/804 908/1159/804 911/1157/803
f 880/1158/804 891/1160/805 909/1161/805 908/1159/804
f 891/1160/805 5132/1154/802 5135/1155/802 909/1161/805
f 5032/1162/806 748/1163/806 746/1164/806 770/1165/806
f 5153/1166/807 5151/1167/808 5043/1168/809 5147/1169/807
f 5053/1170/810 5051/1171/811 5149/1172/811 5039/1173/810
f 5052/1174/812 5035/1175/812 5037/1176/812 747/1177/812
f 4988/1178/813 5144/1179/814 5154/1180/815 5036/1181/816
f 5020/1182/817 4991/1183/818 5038/1184/819 5145/1185/820
f 5026/1186/821 742/1187/822 761/1188/823 5152/1189/824
f 5138/1190/825 5018/1191/826 5030/1192/827 5146/1193/828
f 5056/1194/829 5054/1195/830 759/1196/831 763/1197/832
f 5054/1195/830 4988/1178/813 5036/1181/816 759/1196/831
f 710/1198/833 5137/1199/834 5000/1200/835 5001/1201/836
f 4999/1202/837 711/1203/838 5004/1204/839 5003/1205/837
f 4997/1206/840 712/1207/841 5005/1208/842 5008/1209/840
f 712/1207/841 4994/1210/843 5006/1211/844 5005/1208/842
f 5096/886/656 4997/1206/840 5008/1209/840 5011/887/657
f 5141/1212/845 5143/1213/846 4996/1214/847 715/1215/845
f 5140/1216/848 5019/860/634 4998/863/636 714/1217/848
f 5139/1218/849 5142/1219/850 701/1220/851 5095/1221/849
f 4990/1222/852 734/1223/853 697/1224/854 4992/1225/852
f 5142/1219/850 5141/1212/845 715/1215/845 701/1220/851
f 734/1223/853 5140/1216/848 714/1217/848 697/1224/854
f 5137/1199/834 4999/1202/837 5003/1205/837 5000/1200/835
f 716/1226/855 718/1227/856 699/1228/856 727/1229/857
f 725/1230/858 724/1231/859 729/1232/859 730/1233/860
f 724/1231/859 722/1234/861 728/1235/862 729/1232/859
f 5010/1236/863 725/1230/858 730/1233/860 5015/1237/863
f 718/1227/856 719/1238/864 700/1239/865 699/1228/856
f 738/1240/866 750/1241/867 5040/1242/867 769/1243/868
f 5144/1179/814 740/1244/869 765/1245/869 5154/1180/815
f 737/1246/870 751/1247/871 771/1248/871 768/1249/872
f 742/1187/822 741/1250/873 5150/1251/873 761/1188/823
f 708/634/456 5097/884/654 5055/1252/874 758/1253/875
f 707/635/457 708/634/456 758/1253/875 5023/648/470
f 4979/643/465 704/642/464 5024/649/471 757/1254/876
f 682/645/467 705/639/461 5022/647/469 755/1255/877
f 741/1250/873 5056/1194/829 763/1197/832 5150/1251/873
f 751/1247/871 5020/1182/817 5145/1185/820 771/1248/871
f 740/1244/869 743/1256/878 762/1257/879 765/1245/869
f 750/1241/867 736/1258/880 767/1259/881 5040/1242/867
f 749/1260/882 5053/1170/810 5039/1173/810 772/1261/882
f 760/1262/883 744/1263/884 745/1264/885 766/1265/883
f 5151/1167/808 749/1260/882 772/1261/882 5043/1168/809
f 744/1263/884 5034/681/498 5042/684/498 745/1264/885
f 706/638/460 4976/878/649 5028/1266/886 5021/646/468
f 684/882/652 703/881/651 5025/1267/887 5027/1268/887
f 4989/726/534 682/645/467 755/1255/877 4987/1269/888
f 685/724/532 702/723/531 739/1270/889 754/1271/889
f 736/1258/880 5138/1190/825 5146/1193/828 767/1259/881
f 756/1272/890 5026/1186/821 5152/1189/824 764/1273/891
f 5155/1274/892 738/1240/866 769/1243/868 5148/1275/893
f 4991/1183/818 5155/1274/892 5148/1275/893 5038/1184/819
f 5018/1191/826 737/1246/870 768/1249/872 5030/1192/827
f 743/1256/878 756/1272/890 764/1273/891 762/1257/879
f 719/1238/864 5080/1276/894 5075/1277/894 700/1239/865
f 722/1234/861 723/1278/895 5088/1279/895 728/1235/862
f 717/1280/896 716/1226/855 727/1229/857 5077/1281/896
f 5007/1282/897 5002/1283/897 5078/1284/897 5089/1285/897
f 5079/1286/898 721/1287/898 5016/1288/898 5076/1289/898
f 726/1290/899 731/1291/899 5014/851/626 4985/850/626
f 5012/757/560 5074/756/560 732/1292/900 696/1293/900
f 733/1294/901 753/1295/901 698/1296/901 5073/1297/901
f 5143/1213/846 5156/1298/902 709/1299/902 4996/1214/847
f 752/1300/903 735/1301/903 4993/1302/903 4995/1303/903
f 711/1203/838 713/1304/904 720/1305/905 5004/1204/839
f 713/1304/904 5094/885/655 5009/888/658 720/1305/905
f 4994/1210/843 710/1198/833 5001/1201/836 5006/1211/844
f 399/304/191 330/981/712 5071/980/711 376/1306/906
f 400/962/703 5069/1307/907 657/963/704
f 358/614/439 411/613/438 324/1308/908
f 444/310/196 445/592/422 679/577/411 678/576/410
f 672/1309/909 947/894/664 944/912/681
f 681/715/524 634/1310/620 367/1311/622 946/712/521
f 946/712/521 367/1311/622 929/602/235 932/601/427
f 360/984/714 945/578/412 947/894/664 672/1309/909
f 4945/1312/224 672/1309/909 944/912/681 436/964/225
f 367/846/622 943/845/621 931/370/236 929/369/235
f 357/305/192 399/304/191 376/1306/906 5107/1313/421
f 949/1314/731 958/1315/769 668/1316/771 956/1317/732
f 959/1318/770 952/1319/728 960/1320/727 961/1321/910
f 665/1322/724 664/1323/719 961/1324/910 668/1325/771
f 664/1326/719 663/1327/718 959/1328/770 961/1329/910
f 668/1316/771 961/1321/910 960/1320/727 956/1317/732
f 784/945/698 777/1330/429 774/1331/428 785/946/700
f 783/693/505 773/1332/431 776/1333/430 786/694/506
f 785/699/700 774/1334/428 773/1335/431 783/696/505
f 787/693/508 782/1332/502 780/1333/429 794/694/911
f 795/945/912 779/1330/430 781/1331/503 788/946/510
f 782/1335/502 787/696/508 788/699/510 781/1334/503
f 789/944/504 795/945/912 788/946/510 791/947/507
f 780/688/429 779/691/430 776/605/430 777/604/429
f 795/945/912 786/694/506 776/1333/430 779/1330/430
f 794/1336/911 784/1337/698 786/1338/506 795/1339/912
f 780/1333/429 777/1330/429 784/945/698 794/694/911
f 778/1340/699 794/1341/911 795/1342/912 789/1343/504
f 790/692/509 787/693/508 794/694/911 778/695/699
f 846/459/309 492/410/269 612/449/301 613/949/605
f 638/979/710 637/950/702 339/953/298 498/1344/267
f 994/467/317 993/464/314 986/969/706 987/1029/739
f 972/468/318 994/467/317 987/1029/739 988/1028/738
f 502/663/485 501/741/258 485/1345/261 342/678/272
f 498/408/267 499/432/289 495/409/268
f 479/430/287 332/390/251 497/389/250 500/431/288
f 498/408/267 339/445/298 478/433/248
f 500/431/288 497/389/250 617/558/396 616/1346/613
f 499/432/289 500/431/288 616/1346/613 615/1347/614
f 495/409/268 499/432/289 615/1347/614 614/448/300
f 402/452/303 340/562/399 484/411/270
f 997/419/276 965/418/275 979/679/496 980/1019/735
f 995/470/320 972/468/318 988/1028/738 989/676/494
f 1001/1348/913 5108/261/154 1021/264/154 1022/1349/913
f 1054/455/753 1044/849/757 1043/948/758 1031/462/914
f 1031/462/914 1043/948/758 1042/969/756 1030/464/915
f 1060/559/745 1050/677/744 1049/679/761 1057/418/916
f 1057/418/916 1049/679/761 1048/1019/759 1061/419/917
f 1061/419/917 1048/1019/759 1047/1020/754 1036/421/918
f 1036/421/918 1047/1020/754 1046/1021/755 1056/425/750
f 1056/425/750 1046/1021/755 1045/848/760 1055/427/751
f 1030/464/915 1042/969/756 1053/1029/747 1062/467/746
f 1055/427/751 1045/848/760 1044/849/757 1054/455/753
f 1041/466/919 1029/465/920 1030/464/915 1062/467/746
f 1040/469/921 1041/466/919 1062/467/746 1058/468/740
f 1039/471/922 1040/469/921 1058/468/740 1059/470/743
f 1038/560/923 1039/471/922 1059/470/743 1060/559/745
f 1037/417/924 1038/560/923 1060/559/745 1057/418/916
f 1088/420/925 1037/417/924 1057/418/916 1061/419/917
f 1035/422/926 1088/420/925 1061/419/917 1036/421/918
f 1034/426/749 1035/422/926 1036/421/918 1056/425/750
f 1087/463/927 1032/456/752 1054/455/753 1031/462/914
f 1029/465/920 1087/463/927 1031/462/914 1030/464/915
f 5116/1350/928 1007/1351/929 1016/1352/929 1020/1353/928
f 1002/1354/930 1001/1348/913 1022/1349/913 1012/1355/930
f 1010/1356/931 1009/1357/932 1017/1358/932 1018/1359/931
f 1003/1360/933 1002/1361/930 1012/1362/930 1013/1363/933
f 1006/1364/934 5113/1036/935 1019/1037/935 1015/1365/934
f 1009/1357/932 5116/1350/928 1020/1353/928 1017/1358/932
f 1011/262/155 1010/1356/931 1018/1359/931 1023/263/155
f 1004/1039/936 1003/1360/933 1013/1363/933 1014/1038/936
f 1007/1351/929 1006/1364/934 1015/1365/934 1016/1352/929
f 5113/1036/935 1004/1039/936 1014/1038/936 1019/1037/935
f 1064/261/937 1084/264/937 1083/263/938 1063/262/938
f 5044/727/535 313/1366/939 692/629/451
f 4978/720/529 690/630/452 413/1367/940
f 380/975/708 681/978/524 680/1368/523
f 413/1367/940 4981/622/445 4978/720/529
f 5044/727/535 5047/910/679 313/1366/939
f 319/719/528 677/718/527 455/1369/941
f 5047/910/679 466/384/245 625/574/409 313/1366/939
f 413/1367/940 374/374/240 636/593/423 4981/622/445
f 677/718/527 628/920/440 362/1370/160 455/1369/941
f 313/1366/939 625/574/409 366/265/156 675/1371/942
f 316/1372/943 363/273/164 365/276/167 383/1373/944
f 455/1374/941 362/269/160 364/272/163 381/1375/945
f 675/1371/942 366/265/156 359/268/159 673/1376/946
f 372/1377/211 655/708/474 320/680/497
f 383/1373/944 365/276/167 374/374/240 413/1367/940
f 350/1378/158 372/1377/211 320/680/497
f 327/1379/947 404/1380/182 353/1381/165
f 352/271/162 373/290/181 327/1379/947
f 671/1382/5 327/1379/947 482/1383/5
f 481/1384/5 327/1379/947 671/1382/5
f 327/1379/947 353/1381/165 363/1385/164
f 364/272/163 352/271/162 327/1379/947
f 327/1379/947 513/257/150 652/670/491
f 327/1379/947 514/667/489 925/398/259
f 317/1386/548 327/1379/947 925/398/259 501/397/258
f 327/1379/947 329/742/549 506/258/151 513/257/150
f 327/1379/947 652/670/491 514/667/489
f 373/290/181 329/742/549 327/1379/947
f 327/1379/947 317/1386/548 404/1380/182
f 482/1383/5 327/1379/947 382/1387/948
f 381/1375/945 364/272/163 327/1379/947 481/1384/5
f 382/1387/948 327/1379/947 363/1385/164 316/1388/943
f 854/1389/949 865/1091/785 866/1090/784 855/1390/950
f 676/1391/1 320/680/497 928/1392/1
f 477/1393/1 928/1392/1 320/680/497
f 855/1390/950 866/1090/784 847/1093/628 975/1394/951
f 976/777/578 853/776/577 865/1091/785 854/1389/949
f 850/1395/952 864/1092/786 851/779/580 977/778/579
f 975/1396/951 847/854/628 849/853/627 848/1397/953
f 848/1397/953 849/853/627 864/1092/786 850/1395/952
f 477/1393/1 320/680/497 326/295/184 627/976/709
f 318/1398/954 320/680/497 676/1391/1
f 477/1393/1 627/976/709 380/975/708
f 673/1399/946 359/1400/159 318/1398/954
f 359/1400/159 350/1378/158 320/680/497 318/1398/954
f 407/326/186 654/1401/478 330/981/712 405/303/190
f 505/971/707 402/1402/303 335/972/293
f 330/981/712 399/304/191 405/303/190
f 440/620/443 393/581/415 4943/366/234
f 659/1403/550 401/299/180 398/302/189 657/963/704
f 637/950/702 638/979/710 330/981/712
f 428/1404/955 5071/980/711 642/983/713
f 330/981/712 654/1401/478 644/951/480 637/950/702
f 659/1403/550 657/963/704 505/971/707 645/970/551
f 642/983/713 341/1405/311 426/1406/623
f 642/983/713 638/979/710 385/1407/310 341/1405/311
f 638/979/710 498/1344/267 385/1407/310
f 505/971/707 642/983/713 340/1408/399 402/1402/303
f 657/963/704 5069/1307/907 642/983/713 505/971/707
f 417/1409/956 428/1404/955 642/983/713
f 5069/1307/907 417/1409/956 642/983/713
f 642/983/713 426/1406/623 414/1410/400
f 642/983/713 414/1410/400 340/1408/399
f 361/1411/685 324/1308/908 411/613/438 626/659/481
f 631/621/444 440/620/443 4943/366/234 4939/651/473
f 943/845/621 321/844/187 354/1412/193
f 322/568/405 348/371/237 354/1412/193 357/852/192
f 348/371/237 931/370/236 943/845/621 354/1412/193
f 1066/1354/957 1076/1355/957 1075/1349/958 1065/1348/958
f 1065/1348/958 1075/1349/958 1084/264/937 1064/261/937
f 1074/1356/959 1082/1359/959 1081/1358/960 1073/1357/960
f 1067/1360/961 1077/1363/961 1076/1362/957 1066/1361/957
f 1070/1364/962 1078/1365/962 1086/1037/762 1069/1036/762
f 1073/1357/960 1081/1358/960 1080/1353/963 1072/1350/963
f 1072/1350/963 1080/1353/963 1079/1352/964 1071/1351/964
f 1063/262/938 1083/263/938 1082/1359/959 1074/1356/959
f 1068/1039/763 1085/1038/763 1077/1363/961 1067/1360/961
f 1071/1351/964 1079/1352/964 1078/1365/962 1070/1364/962
f 1091/603/428 1094/604/429 1093/605/430 1090/606/431
f 1097/688/429 1099/689/502 1098/690/503 1096/691/430
f 1109/692/504 1100/693/505 1103/694/506 1110/695/507
f 1104/696/508 1107/697/509 1108/698/507 1105/699/510
f 1101/940/698 1092/941/509 1110/942/507 1103/943/506
f 1089/698/699 1102/699/700 1100/696/505 1109/697/504
f 1092/944/509 1101/945/698 1102/946/700 1089/947/699
f 1101/945/698 1094/1330/429 1091/1331/428 1102/946/700
f 1100/693/505 1090/1332/431 1093/1333/430 1103/694/506
f 1102/699/700 1091/1334/428 1090/1335/431 1100/696/505
f 1104/693/508 1099/1332/502 1097/1333/429 1111/694/911
f 1112/945/912 1096/1330/430 1098/1331/503 1105/946/510
f 1099/1335/502 1104/696/508 1105/699/510 1098/1334/503
f 1106/944/504 1112/945/912 1105/946/510 1108/947/507
f 1097/688/429 1096/691/430 1093/605/430 1094/604/429
f 1112/945/912 1103/694/506 1093/1333/430 1096/1330/430
f 1111/1336/911 1101/1337/698 1103/1338/506 1112/1339/912
f 1097/1333/429 1094/1330/429 1101/945/698 1111/694/911
f 1095/1340/699 1111/1341/911 1112/1342/912 1106/1343/504
f 1107/692/509 1104/693/508 1111/694/911 1095/695/699
f 1115/603/428 1118/604/429 1117/605/430 1114/606/431
f 1121/688/429 1123/689/502 1122/690/503 1120/691/430
f 1133/692/504 1124/693/505 1127/694/506 1134/695/507
f 1128/696/508 1131/697/509 1132/698/507 1129/699/510
f 1125/940/698 1116/941/509 1134/942/507 1127/943/506
f 1113/698/699 1126/699/700 1124/696/505 1133/697/504
f 1116/944/509 1125/945/698 1126/946/700 1113/947/699
f 1125/945/698 1118/1330/429 1115/1331/428 1126/946/700
f 1124/693/505 1114/1332/431 1117/1333/430 1127/694/506
f 1126/699/700 1115/1334/428 1114/1335/431 1124/696/505
f 1128/693/508 1123/1332/502 1121/1333/429 1135/694/911
f 1136/945/912 1120/1330/430 1122/1331/503 1129/946/510
f 1123/1335/502 1128/696/508 1129/699/510 1122/1334/503
f 1130/944/504 1136/945/912 1129/946/510 1132/947/507
f 1121/688/429 1120/691/430 1117/605/430 1118/604/429
f 1136/945/912 1127/694/506 1117/1333/430 1120/1330/430
f 1135/1336/911 1125/1337/698 1127/1338/506 1136/1339/912
f 1121/1333/429 1118/1330/429 1125/945/698 1135/694/911
f 1119/1340/699 1135/1341/911 1136/1342/912 1130/1343/504
f 1131/692/509 1128/693/508 1135/694/911 1119/695/699
f 1139/603/428 1142/604/429 1141/605/430 1138/606/431
f 1145/688/429 1147/689/502 1146/690/503 1144/691/430
f 1157/692/504 1148/693/505 1151/694/506 1158/695/507
f 1152/696/508 1155/697/509 1156/698/507 1153/699/510
f 1149/940/698 1140/941/509 1158/942/507 1151/943/506
f 1137/698/699 1150/699/700 1148/696/505 1157/697/504
f 1140/944/509 1149/945/698 1150/946/700 1137/947/699
f 1149/945/698 1142/1330/429 1139/1331/428 1150/946/700
f 1148/693/505 1138/1332/431 1141/1333/430 1151/694/506
f 1150/699/700 1139/1334/428 1138/1335/431 1148/696/505
f 1152/693/508 1147/1332/502 1145/1333/429 1159/694/911
f 1160/945/912 1144/1330/430 1146/1331/503 1153/946/510
f 1147/1335/502 1152/696/508 1153/699/510 1146/1334/503
f 1154/944/504 1160/945/912 1153/946/510 1156/947/507
f 1145/688/429 1144/691/430 1141/605/430 1142/604/429
f 1160/945/912 1151/694/506 1141/1333/430 1144/1330/430
f 1159/1336/911 1149/1337/698 1151/1338/506 1160/1339/912
f 1145/1333/429 1142/1330/429 1149/945/698 1159/694/911
f 1143/1340/699 1159/1341/911 1160/1342/912 1154/1343/504
f 1155/692/509 1152/693/508 1159/694/911 1143/695/699
f 1161/704/779 1181/705/965 1182/706/781 1162/707/780
f 1166/745/782 1164/746/966 1177/747/561 1178/748/571
f 1175/758/967 1174/759/565 1186/760/568 1187/761/574
f 1180/762/555 1179/763/968 1191/764/969 1192/765/570
f 1178/748/571 1177/747/561 1189/766/564 1190/767/572
f 1176/768/562 1175/758/967 1187/761/574 1188/769/563
f 1174/759/565 1173/770/970 1185/771/971 1186/760/568
f 1173/770/970 1180/762/555 1192/765/570 1185/771/971
f 1179/763/968 1178/748/571 1190/767/572 1191/764/969
f 1177/772/561 1176/768/562 1188/769/563 1189/773/564
f 1194/784/593 1193/785/972 1197/786/603 1198/787/973
f 1192/765/570 1191/764/969 1204/800/772 1208/801/594
f 1185/771/971 1192/765/570 1208/801/594 1205/802/591
f 1191/764/969 1190/767/572 1207/803/974 1204/800/772
f 1197/808/603 1209/809/8 1199/810/975 1198/811/973
f 1199/810/975 1209/809/8 1201/812/599 1200/813/976
f 1202/814/601 1201/812/599 1209/809/8 1203/815/600
f 1209/809/8 1197/808/603 1196/816/602 1203/815/600
f 1208/801/594 1204/800/772 1202/1068/601 1203/1069/600
f 1207/803/974 1195/1070/977 1200/1071/976 1201/1072/599
f 1206/1073/584 1194/784/593 1198/787/973 1199/1074/975
f 1193/785/972 1205/802/591 1196/1075/602 1197/786/603
f 1205/802/591 1208/801/594 1203/1069/600 1196/1075/602
f 1204/800/772 1207/803/974 1201/1072/599 1202/1068/601
f 1195/1076/977 1206/1073/584 1199/1074/975 1200/1077/976
f 1190/767/572 1189/766/564 1195/1070/977 1207/803/974
f 1188/769/563 1187/761/574 1194/784/593 1206/1073/584
f 1186/760/568 1185/771/971 1205/802/591 1193/785/972
f 1189/773/564 1188/769/563 1206/1073/584 1195/1076/977
f 1187/761/574 1186/760/568 1193/785/972 1194/784/593
f 1162/707/780 1182/706/781 1163/1078/516 1168/1079/515
f 1170/1080/775 1164/746/966 1166/745/782 1165/1081/783
f 1165/1081/783 1166/745/782 1184/1082/978 1171/1083/776
f 1172/1084/777 1167/1085/979 1181/705/965 1161/704/779
f 1181/705/965 1167/1085/979 1180/762/555 1173/770/970
f 1183/1086/517 1163/1078/516 1175/758/967 1176/768/562
f 1184/1082/978 1166/745/782 1178/748/571 1179/763/968
f 1182/706/781 1181/705/965 1173/770/970 1174/759/565
f 1164/1087/966 1183/1086/517 1176/768/562 1177/772/561
f 1167/1085/979 1184/1082/978 1179/763/968 1180/762/555
f 1163/1078/516 1182/706/781 1174/759/565 1175/758/967
f 1171/1083/776 1184/1082/978 1167/1085/979 1172/1084/777
f 1169/1088/518 1183/1086/517 1164/1087/966 1170/1089/775
f 1168/1079/515 1163/1078/516 1183/1086/517 1169/1088/518
usemtl Material.003
f 1260/1413/980 1261/1414/981 1269/1415/982 1268/1416/983
f 1259/1417/984 1260/1413/980 1268/1416/983 1267/1418/985
f 5200/1419/4 5199/1420/4 5201/1421/4 1307/1422/4
f 1247/1423/986 1420/1424/987 1413/1425/988 1248/1426/989
f 1250/1427/990 1411/1428/991 5381/1429/992 1355/1430/993
f 1355/1431/993 5381/1432/992 5376/1433/994 1251/1434/995
f 1251/1434/995 5376/1433/994 1421/1435/996 1252/1436/997
f 1252/1436/997 1421/1435/996 1410/1437/998 1356/1438/999
f 1387/1439/1000 5234/1440/991 5252/1441/991 5305/1442/1000
f 5237/1443/987 1388/1444/988 5304/1445/988 5255/1446/987
f 5250/1447/1001 5249/1448/1002 5254/1449/1002 5251/1450/1001
f 5234/1440/991 5250/1447/1001 5251/1450/1001 5252/1441/991
f 1248/1426/989 1413/1425/988 1412/1451/1000 1249/1452/1003
f 1249/1452/1003 1412/1451/1000 1411/1428/991 1250/1427/990
f 5259/1453/1000 5258/1454/991 5228/1455/991 5229/1456/1000
f 5239/1457/996 1389/1458/998 5256/1459/998 5253/1460/996
f 5249/1448/1002 5239/1457/996 5253/1460/996 5254/1449/1002
f 1389/1458/998 5237/1461/987 5255/1462/987 5256/1459/998
f 5244/1463/4 5257/1464/4 5236/1465/4 1376/1466/4
f 5242/1467/4 5241/1468/4 1377/1469/4 5235/1470/4
f 5243/1471/4 1390/1472/4 1375/1473/4 1374/1474/4
f 1372/1475/4 5244/1463/4 1376/1466/4 5238/1476/4
f 5257/1464/4 5242/1467/4 5235/1470/4 5236/1465/4
f 5241/1468/4 1391/1477/4 1373/1478/4 1377/1469/4
f 1391/1477/4 5243/1471/4 1374/1474/4 1373/1478/4
f 1247/1423/986 1248/1426/989 1348/1479/1004 1347/1480/1005
f 1249/1452/1003 1250/1427/990 1350/1481/1006 1349/1482/1007
f 1251/1434/995 1252/1436/997 1353/1483/1008 1352/1484/1009
f 1248/1426/989 1249/1452/1003 1349/1482/1007 1348/1479/1004
f 5492/1485/1010 1362/1486/1011 1363/1487/1012 1447/1488/1013
f 1444/1489/1014 1358/1490/1015 1359/1491/1016 1445/1492/1017
f 1353/1483/1008 1354/1493/1018 5248/1494/4 5247/1495/4
f 1351/1496/1019 1352/1484/1009 5245/1497/4 5246/1498/4
f 1352/1484/1009 1353/1483/1008 5247/1495/4 5245/1497/4
f 1417/1499/996 1415/1500/998 5184/1501/998 5182/1502/996
f 5312/1503/1020 1405/1504/1000 5181/1505/1000 5179/1506/988
f 1419/1507/1002 1417/1499/996 5182/1502/996 5183/1508/1002
f 1415/1500/998 5314/1509/1021 5180/1510/987 5184/1501/998
f 5314/1509/1021 5312/1511/1020 5179/1512/988 5180/1510/987
f 1416/1513/1001 1419/1507/1002 5183/1508/1002 5185/1514/1001
f 5215/1515/1022 5214/1516/1023 5211/1517/1023 5212/1518/1022
f 5188/1519/1024 5187/1520/1025 5225/1521/1025 5265/1522/1024
f 1276/1523/1026 5472/1524/1027 5226/1525/1027 5227/1526/1026
f 5187/1520/1025 1278/1527/1028 5224/1528/1028 5225/1521/1025
f 5266/1529/4 5267/1530/4 5232/1531/4 5213/1532/4
f 1337/1533/4 5266/1529/4 5213/1532/4 1320/1534/4
f 5223/1535/4 5269/1536/4 1322/1537/4 5231/1538/4
f 5210/1539/4 5222/1540/4 5230/1541/4 5264/1542/4
f 5209/1543/4 5210/1539/4 5264/1542/4 5233/1544/4
f 5222/1540/4 5223/1535/4 5231/1538/4 5230/1541/4
f 5269/1536/4 1337/1533/4 1320/1534/4 1322/1537/4
f 5267/1530/4 5209/1543/4 5233/1544/4 5232/1531/4
f 5208/1545/1029 5207/1546/1030 5203/1547/991 5204/1548/1000
f 5274/1549/1031 1300/1550/1032 5271/1551/988 5202/1552/987
f 5205/1553/1033 1299/1554/1034 1303/1555/998 1302/1556/996
f 5272/1557/1035 5206/1558/1036 1301/1559/1002 5270/1560/1001
f 5207/1546/1030 5272/1557/1035 5270/1560/1001 5203/1547/991
f 1300/1550/1032 5208/1545/1029 5204/1548/1000 5271/1551/988
f 1299/1554/1034 5274/1549/1031 5202/1552/987 1303/1555/998
f 5206/1561/1036 5205/1553/1033 1302/1556/996 1301/1562/1002
f 1305/1563/4 1306/1564/4 1307/1422/4 1313/1565/4
f 5201/1421/4 1304/1566/4 1313/1565/4 1307/1422/4
f 1306/1564/4 1314/1567/4 5200/1419/4 1307/1422/4
f 5198/1568/1037 5197/1569/1038 1312/1570/1039 1298/1571/1040
f 5192/1572/1041 5191/1573/1042 5275/1574/1043 1311/1575/1044
f 5193/1576/1045 5194/1577/1046 5273/1578/1047 1310/1579/1048
f 5195/1580/1049 5196/1581/1050 1308/1582/1051 1309/1583/1052
f 5197/1569/1038 5192/1572/1041 1311/1575/1044 1312/1570/1039
f 5191/1573/1042 5193/1576/1045 1310/1579/1048 5275/1574/1043
f 5194/1577/1046 5195/1580/1049 1309/1583/1052 5273/1578/1047
f 5196/1581/1050 5198/1568/1037 1298/1571/1040 1308/1582/1051
f 5268/1584/988 1317/1585/1000 1290/1586/1053 1296/1587/1054
f 1388/1444/988 1387/1439/1000 5305/1442/1000 5304/1445/988
f 1378/1588/4 1386/1589/4 1384/1590/4 1382/1591/4
f 1384/1590/4 1385/1592/4 1383/1593/4 1382/1591/4
f 1379/1594/4 1381/1595/4 1382/1591/4 1383/1593/4
f 1382/1591/4 1381/1595/4 1380/1596/4 1378/1588/4
f 5174/1597/10 5316/1598/10 5318/1599/10 5303/1600/10
f 1437/1601/1001 1454/1602/1002 1401/1603/1002 1423/1604/1001
f 1438/1605/1000 1441/1606/991 1425/1607/991 1403/1608/1000
f 5488/1609/1021 5486/1610/1020 5370/1611/1020 5372/1612/1021
f 5276/1613/1 5278/1614/1 1220/1615/1055 5466/1616/1056
f 1440/1617/998 5488/1609/1021 5372/1612/1021 1402/1618/998
f 1454/1602/1002 1455/1619/996 1424/1620/996 1401/1603/1002
f 1467/1621/1057 5457/1622/1058 5441/1623/1059 5456/1624/1060
f 5279/1625/10 5351/1626/10 5361/1627/10 5281/1628/10
f 5355/1597/10 5353/1598/10 5357/1599/10 5359/1600/10
f 1441/1606/991 1437/1601/1001 1423/1604/1001 1425/1607/991
f 5400/1629/8 5363/1630/8 5365/1631/8 5402/1632/8
f 5396/1633/8 5398/1634/8 5360/1635/8 5358/1636/8
f 5404/1599/4 5306/1600/4 5308/1597/4 5349/1598/4
f 5394/1637/8 5392/1638/8 5350/1639/8 5309/1640/8
f 5393/1641/4 5395/1642/4 5366/1643/4 5364/1644/4
f 5486/1645/1020 1438/1605/1000 1403/1608/1000 5370/1646/1020
f 5330/1599/4 5172/1600/4 5301/1597/4 5450/1598/4
f 1455/1619/996 1440/1617/998 1402/1618/998 1424/1620/996
f 5416/1647/1061 5457/1622/1058 5459/1648/1062
f 5347/1649/1063 5345/1650/1063 5341/1651/1063 5374/1652/1063
f 5375/1653/4 5340/1654/4 5335/1655/4 5170/1656/4
f 5397/1657/5 1494/1658/5 1495/1659/5 5401/1660/5
f 5399/1641/10 1502/1642/10 1497/1643/10 5403/1644/10
f 1508/1659/1 1544/1660/1 1543/1657/1 1496/1658/1
f 5392/1638/8 5396/1633/8 5358/1636/8 5350/1639/8
f 5398/1634/8 5394/1637/8 5309/1640/8 5360/1635/8
f 5307/1661/1064 5356/1662/1064 1486/1663/1064 1485/1664/1064
f 5354/1661/1065 5405/1662/1065 1487/1663/1065 1493/1664/1065
f 5379/1665/1066 5373/1666/1066 5371/1667/1066 5385/1668/1066
f 1477/1669/10 5424/1670/10 5164/1671/10 5426/1672/10
f 5419/1673/1067 5159/1674/1068 5157/1675/1068 5367/1676/1069
f 5423/1677/8 5166/1678/8 5158/1679/8 5311/1680/8
f 1238/1681/1070 1239/1682/1071 1364/1683/1072 1240/1684/1073
f 1475/1685/1074 1465/1686/1075 5158/1679/8
f 1240/1687/1073 1364/1688/1072 1241/1689/1076 1262/1690/1077
f 5425/1691/5 5165/1692/5 5161/1693/5 5163/1694/5
f 5289/1695/1078 5430/1696/1079 5178/1697/1080 5290/1698/1080
f 5441/1623/1059 5416/1647/1061 5417/1699/1081 5176/1700/1081
f 5416/1647/1061 5441/1623/1059 5457/1622/1058
f 5422/1691/1 5421/1692/1 5427/1693/1 1476/1694/1
f 1483/1701/5 5286/1702/5 5386/1703/5 5362/1704/5
f 1499/1669/4 1480/1670/4 5295/1671/4 5162/1672/4
f 5166/1678/8 1475/1685/1074 5158/1679/8
f 5317/1661/1082 5331/1662/1082 1513/1663/1082 1530/1664/1082
f 5420/1705/1083 5463/1706/1084 5283/1707/1085
f 1262/1690/1077 1241/1689/1076 1243/1708/1086 1242/1709/1087
f 1242/1709/1087 1243/1708/1086 1245/1710/1088 1244/1711/1089
f 5284/1702/1 5280/1701/1 5282/1704/1 5287/1703/1
f 5352/1712/1090 1500/1713/1090 5462/1714/1090 5369/1715/1090
f 1244/1711/1089 1245/1710/1088 1365/1716/1091 1264/1717/1092
f 5167/1718/1093 1503/1719/1093 1237/1720/1093 5169/1721/1093
f 1264/1717/1092 1365/1716/1091 1366/1722/1094 1263/1723/1095
f 1489/1724/1096 1488/1725/1097 5387/1726/1097 5288/1727/1098
f 1490/1728/1099 1481/1729/2 1488/1725/1097
f 1484/1730/1100 5387/1726/1097 1488/1725/1097 1481/1729/2
f 5283/1707/1085 5285/1731/1101 1475/1685/1074 5420/1705/1083
f 1472/1732/1102 5294/1733/1102 5310/1734/1102 1474/1735/1102
f 1484/1730/1100 1546/1736/1100 5387/1726/1097
f 1482/1737/4 1478/1738/4 1492/1739/4 1491/1740/4
f 1263/1723/1095 1366/1722/1094 1246/1741/1103 1265/1742/1104
f 1265/1742/1104 1246/1741/1103 1239/1682/1071 1238/1681/1070
f 1459/1743/1105 1357/1744/1106 1358/1490/1015 1444/1489/1014
f 1445/1492/1017 1359/1491/1016 1360/1745/1107 1460/1746/1108
f 5346/1718/1109 5332/1719/1109 5334/1720/1109 1534/1721/1109
f 1460/1746/1108 1360/1745/1107 1361/1747/1110 5490/1748/1111
f 5490/1749/1111 1361/1750/1110 1362/1486/1011 5492/1485/1010
f 1541/1649/1112 5168/1650/1112 1535/1651/1112 1537/1652/1112
f 1390/1472/4 1372/1475/4 5238/1476/4 1375/1473/4
f 1355/1431/993 1251/1434/995 1352/1484/1009 1351/1496/1019
f 1225/1751/1113 5465/1752/1114 1214/1753/1115 5435/1754/1116
f 1539/1755/4 5333/1756/4 5433/1757/4
f 1252/1436/997 1356/1438/999 1354/1493/1018 1353/1483/1008
f 1250/1427/990 1355/1430/993 1351/1758/1019 1350/1481/1006
f 1406/1759/991 1416/1513/1001 5185/1514/1001 5186/1760/991
f 5440/1761/1117 5430/1696/1079 5289/1695/1078 1217/1762/1117
f 1356/1438/999 1247/1423/986 1347/1480/1005 1354/1493/1018
f 5440/1761/1117 1217/1762/1117 5434/1763/2 5431/1764/2
f 1356/1438/999 1410/1437/998 1420/1424/987 1247/1423/986
f 5500/1765/10 5499/1766/10 5501/1767/10
f 5498/1768/10 5501/1767/10 5499/1766/10
f 5463/1706/1084 5462/1714/1090 5283/1707/1085
f 5293/1769/1118 5160/1770/1119 5438/1771/1120 5437/1772/1121
f 1500/1713/1090 5283/1707/1085 5462/1714/1090
f 1255/1773/1122 1256/1774/1123 1282/1775/1124 1266/1776/1125
f 5460/1777/1126 5458/1778/1126 1471/1779/1126 5461/1780/1126
f 1466/1673/1127 1505/1781/1128 1507/1782/1128 1464/1676/1129
f 1506/1783/1130 1229/1784/1131 1227/1785/1132 1228/1786/1133
f 5464/1787/1134 5416/1647/1061 5459/1648/1062 5292/1788/1135
f 5464/1787/1134 5292/1788/1135 5293/1769/1118
f 5420/1705/1083 5423/1677/8 5311/1680/8
f 1215/1789/1136 5277/1790/1137 5297/1791/1137 5299/1792/1138
f 1468/1781/1139 5419/1673/1067 5367/1676/1069 5368/1782/1139
f 5352/1712/1090 5369/1715/1090 5285/1731/1101
f 5463/1706/1084 5420/1705/1083 5311/1680/8
f 1465/1686/1075 1475/1685/1074 5285/1731/1101
f 5285/1731/1101 5369/1715/1090 1465/1686/1075
f 1504/1674/1140 1466/1673/1127 1464/1676/1129 1473/1675/1140
f 1257/1793/1141 1258/1794/1142 1281/1795/1143 1284/1796/1144
f 1223/1797/1145 5466/1616/1056 1220/1615/1055
f 1261/1414/981 1254/1798/1146 1283/1799/1147 1269/1415/982
f 5436/1800/4 5439/1801/4 1218/1802/4 5348/1803/4
f 1254/1798/1146 1255/1804/1122 1266/1805/1125 1283/1799/1147
f 1229/1784/1131 1223/1797/1145 1220/1615/1055 1227/1785/1132
f 5278/1614/1 5413/1806/1 1227/1785/1132 1220/1615/1055
f 5465/1752/1114 1506/1783/1130 1228/1786/1133 1214/1753/1115
f 1218/1802/4 5439/1801/4 5432/1807/4 5333/1756/4
f 5433/1757/4 5333/1756/4 5432/1807/4
f 1539/1755/4 5433/1757/4 1224/1808/4
f 1229/1784/1131 1506/1783/1130 5291/1809/1148 5418/1810/1148
f 1256/1774/1123 1257/1793/1141 1284/1796/1144 1282/1775/1124
f 1212/1811/5 1213/1812/5 1540/1813/5 1222/1814/5
f 1258/1794/1142 1259/1417/984 1267/1418/985 1281/1795/1143
f 5343/1815/1 5276/1613/1 5466/1616/1056 5435/1754/1116
f 1212/1811/5 1470/1816/5 1469/1817/5 1213/1812/5
f 1467/1621/1057 5456/1624/1060 5438/1771/1120 5160/1770/1119
f 1469/1817/5 1470/1816/5 5175/1818/5 5177/1819/5
f 5464/1787/1134 5293/1769/1118 5437/1772/1121
f 1223/1797/1145 1219/1820/1149 5466/1616/1056
f 5436/1800/4 1539/1755/4 1224/1808/4 1498/1821/4
f 5436/1800/4 5348/1803/4 1539/1755/4
f 1240/1687/1073 1262/1690/1077 1256/1774/1123 1255/1773/1122
f 1263/1723/1095 1265/1742/1104 1261/1414/981 1260/1413/980
f 5452/1822/2 5454/1823/2 5326/1824/2 5328/1825/2
f 1242/1709/1087 1244/1711/1089 1258/1794/1142 1257/1793/1141
f 1264/1717/1092 1263/1723/1095 1260/1413/980 1259/1417/984
f 5171/1661/1150 5173/1662/1150 5302/1663/1150 5300/1664/1150
f 1262/1690/1077 1242/1709/1087 1257/1793/1141 1256/1774/1123
f 1238/1681/1070 1240/1684/1073 1255/1804/1122 1254/1798/1146
f 1265/1742/1104 1238/1681/1070 1254/1798/1146 1261/1414/981
f 1244/1711/1089 1264/1717/1092 1259/1417/984 1258/1794/1142
f 1315/1826/996 1335/1827/998 1295/1828/1151 1294/1829/1152
f 1338/1830/1001 1318/1831/1002 1293/1832/1153 1292/1833/1154
f 1317/1585/1000 1336/1834/991 1291/1835/1155 1290/1586/1053
f 1316/1836/987 5268/1837/988 1296/1838/1054 1297/1839/1156
f 1335/1827/998 1316/1836/987 1297/1839/1156 1295/1828/1151
f 1318/1831/1002 1315/1826/996 1294/1829/1152 1293/1832/1153
f 1336/1834/991 1338/1830/1001 1292/1833/1154 1291/1835/1155
f 1405/1504/1000 1406/1759/991 5186/1760/991 5181/1505/1000
f 1271/1840/1157 1272/1841/1158 5471/1842/1158 1285/1843/1157
f 1280/1844/1159 1279/1845/1160 1287/1846/1160 1286/1847/1159
f 1273/1848/1161 1274/1849/1162 5190/1850/1162 5468/1851/1161
f 1275/1852/1163 1270/1853/1164 5467/1854/1164 5189/1855/1163
f 1270/1853/1164 1271/1840/1157 1285/1843/1157 5467/1854/1164
f 5412/1856/1165 1215/1789/1136 5299/1792/1138 5414/1857/1165
f 5447/1629/1 5444/1630/1 5442/1631/1 5325/1632/1
f 5323/1637/1 5469/1638/1 5451/1639/1 1514/1640/1
f 5322/1659/2 5320/1660/2 5324/1657/2 5443/1658/2
f 5470/1641/4 1521/1642/4 1527/1643/4 5445/1644/4
f 5321/1634/1 5323/1637/1 1514/1640/1 1519/1635/1
f 5469/1638/1 5449/1633/1 5319/1636/1 5451/1639/1
f 5448/1657/8 1533/1658/8 1528/1659/8 5446/1660/8
f 5449/1633/1 5321/1634/1 1519/1635/1 5319/1636/1
f 1522/1641/10 1523/1642/10 1520/1643/10 1524/1644/10
f 5344/1790/1166 5342/1789/1167 5479/1792/1168 5428/1791/1166
f 5477/1858/1169 5409/1859/1170 1232/1860/1171 5415/1861/1172
f 1272/1841/1158 1280/1844/1159 1286/1847/1159 5471/1842/1158
f 1279/1845/1160 1273/1848/1161 5468/1851/1161 1287/1846/1160
f 1545/1862/1173 1234/1863/1173 1538/1864/1173 5473/1865/1173
f 1274/1849/1162 1275/1852/1163 5189/1855/1163 5190/1850/1162
f 5342/1789/1167 5383/1856/1174 5474/1857/1174 5479/1792/1168
f 5413/1806/1 5382/1866/1 1228/1786/1133 1227/1785/1132
f 5406/1867/1175 5408/1868/1175 5388/1869/1175 5390/1870/1175
f 5409/1859/1170 5407/1871/1176 1230/1872/1177 1232/1860/1171
f 5407/1871/1176 5455/1873/1178 1230/1872/1177
f 1235/1874/1179 1226/1875/1179 1221/1876/1179 5298/1877/1179
f 5455/1873/1178 5453/1878/1180 5429/1879/1181 1230/1872/1177
f 1461/1880/1182 1253/1881/1183 1357/1744/1106 1459/1743/1105
f 1447/1488/1013 1363/1487/1012 1253/1881/1183 1461/1880/1182
f 5377/1882/1184 5380/1883/1184 5313/1884/1184 5315/1885/1184
f 1423/1604/1001 1401/1603/1002 1419/1507/1002 1416/1513/1001
f 1403/1608/1000 1425/1607/991 1406/1759/991 1405/1504/1000
f 1402/1618/998 5372/1612/1021 5314/1509/1021 1415/1500/998
f 1401/1603/1002 1424/1620/996 1417/1499/996 1419/1507/1002
f 1425/1607/991 1423/1604/1001 1416/1513/1001 1406/1759/991
f 5370/1646/1020 1403/1608/1000 1405/1504/1000 5312/1503/1020
f 1424/1620/996 1402/1618/998 1415/1500/998 1417/1499/996
f 1400/1886/1185 1404/1887/1185 1422/1888/1185 1427/1889/1185
f 1420/1424/987 1409/1890/987 1430/1891/988 1413/1425/988
f 1413/1425/988 1430/1891/988 1429/1892/1000 1412/1451/1000
f 1412/1451/1000 1429/1892/1000 1407/1893/991 1411/1428/991
f 1411/1428/991 1407/1893/991 5384/1894/992 5381/1429/992
f 5376/1433/994 5378/1895/994 1426/1896/996 1421/1435/996
f 1421/1435/996 1426/1896/996 1408/1897/998 1410/1437/998
f 1410/1437/998 1408/1897/998 1409/1890/987 1420/1424/987
f 1414/1898/1186 1428/1899/1186 1431/1900/1186 1418/1901/1186
f 1409/1890/987 1432/1902/987 1433/1903/988 1430/1891/988
f 1430/1891/988 1433/1903/988 1451/1904/1000 1429/1892/1000
f 1429/1892/1000 1451/1904/1000 1434/1905/991 1407/1893/991
f 1407/1893/991 1434/1905/991 5482/1906/992 5384/1894/992
f 5384/1907/992 5482/1908/992 5484/1909/994 5378/1895/994
f 5378/1895/994 5484/1909/994 1436/1910/996 1426/1896/996
f 1426/1896/996 1436/1910/996 1453/1911/998 1408/1897/998
f 1408/1897/998 1453/1911/998 1432/1902/987 1409/1890/987
f 1268/1416/983 1269/1415/982 1458/1912/998 1462/1913/996
f 1266/1776/1125 1282/1775/1124 1457/1914/1000 5260/1915/1020
f 1284/1796/1144 1281/1795/1143 1456/1916/1001 1443/1917/991
f 1267/1418/985 1268/1416/983 1462/1913/996 1442/1918/1002
f 1269/1415/982 1283/1799/1147 5262/1919/1021 1458/1912/998
f 1283/1799/1147 1266/1805/1125 5260/1920/1020 5262/1919/1021
f 1282/1775/1124 1284/1796/1144 1443/1917/991 1457/1914/1000
f 1281/1795/1143 1267/1418/985 1442/1918/1002 1456/1916/1001
f 5485/1921/1187 5483/1922/1187 5487/1923/1187 5489/1924/1187
f 5263/1925/1188 5261/1926/1188 5491/1927/1188 5493/1928/1188
f 1446/1929/1185 1452/1930/1185 1439/1931/1185 1450/1932/1185
f 1462/1913/996 1458/1912/998 1440/1617/998 1455/1619/996
f 5260/1915/1020 1457/1914/1000 1438/1605/1000 5486/1645/1020
f 1443/1917/991 1456/1916/1001 1437/1601/1001 1441/1606/991
f 1442/1918/1002 1462/1913/996 1455/1619/996 1454/1602/1002
f 1458/1912/998 5262/1919/1021 5488/1609/1021 1440/1617/998
f 1457/1914/1000 1443/1917/991 1441/1606/991 1438/1605/1000
f 1456/1916/1001 1442/1918/1002 1454/1602/1002 1437/1601/1001
f 1435/1933/1186 1463/1934/1186 1448/1935/1186 1449/1936/1186
f 1453/1911/998 1461/1880/1182 1459/1743/1105 1432/1902/987
f 1436/1910/996 1447/1488/1013 1461/1880/1182 1453/1911/998
f 5484/1909/994 5492/1485/1010 1447/1488/1013 1436/1910/996
f 1434/1905/991 1460/1746/1108 5490/1748/1111 5482/1906/992
f 1451/1904/1000 1445/1492/1017 1460/1746/1108 1434/1905/991
f 1433/1903/988 1444/1489/1014 1445/1492/1017 1451/1904/1000
f 1432/1902/987 1459/1743/1105 1444/1489/1014 1433/1903/988
f 1490/1728/1099 5296/1937/1189 1479/1938/2 1481/1729/2
f 1501/1939/1190 1546/1736/1100 1484/1730/1100 1542/1940/1191
f 1501/1939/1190 1542/1940/1191 5288/1727/1098
f 1489/1724/1096 5288/1727/1098 1542/1940/1191
f 1542/1940/1191 1479/1938/2 1489/1724/1096
f 5296/1937/1189 1489/1724/1096 1479/1938/2
f 1510/1729/1192 5338/1725/1193 5475/1728/1194
f 1509/1730/1195 5338/1725/1193 1510/1729/1192
f 5329/1937/1196 5327/1724/1197 1531/1938/1198
f 5336/1822/8 5410/1823/8 5476/1824/8 5339/1825/8
f 1550/1941/10 1551/1942/10 1516/1943/10 1515/1944/10
f 5481/1945/1199 5477/1858/1169 5415/1861/1172 1231/1946/1200
f 5480/1947/4 1547/1948/4 1518/1949/4 5497/1950/4
f 5496/1726/1201 5338/1725/1193 1509/1730/1195
f 1231/1946/1200 5337/1951/1202 5481/1945/1199
f 5337/1951/1202 5455/1873/1178 5407/1871/1176 5481/1945/1199
f 5389/1939/1203 5494/1736/1204 1509/1730/1195 1529/1940/1195
f 5496/1726/1201 1509/1730/1195 5494/1736/1204
f 5338/1725/1193 5496/1726/1201 5391/1727/1205 5327/1724/1197
f 5478/1867/8 1552/1868/8 1517/1869/8 5495/1870/8
f 1548/1947/1206 1553/1948/1206 1512/1949/1206 1532/1950/1206
f 5475/1728/1194 5329/1937/1196 1531/1938/1198 1510/1729/1192
f 1531/1938/1198 5327/1724/1197 1529/1940/1195
f 5327/1724/1197 5391/1727/1205 1529/1940/1195
f 5391/1727/1205 5389/1939/1203 1529/1940/1195
f 1216/1952/1 5343/1815/1 5435/1754/1116 1214/1753/1115
f 5382/1866/1 1216/1952/1 1214/1753/1115 1228/1786/1133
f 5411/1953/1207 5337/1951/1202 1231/1946/1200 1236/1954/1208
f 5453/1878/1180 5411/1953/1207 1236/1954/1208 5429/1879/1181
f 1549/1941/4 1525/1942/4 1526/1943/4 1511/1944/4
f 1210/1955/1209 1536/1956/1210 1555/1957/1211 1554/1958/1212
f 1536/1956/1210 1233/1959/1213 1556/1960/1214 1555/1957/1211
f 1211/1961/1215 1210/1955/1209 1554/1958/1212 1557/1962/1216
f 1233/1959/1213 1211/1961/1215 1557/1962/1216 1556/1960/1214
f 5502/1536/10 1319/1535/10 5219/1538/10 1325/1537/10
f 1341/1529/10 1339/1533/10 1324/1534/10 5503/1532/10
f 5220/1530/10 1341/1529/10 5503/1532/10 1326/1531/10
f 1342/1539/10 5221/1543/10 5216/1544/10 5217/1542/10
f 1340/1540/10 1342/1539/10 5217/1542/10 5218/1541/10
f 5221/1543/10 5220/1530/10 1326/1531/10 5216/1544/10
f 1339/1533/10 5502/1536/10 1325/1537/10 1324/1534/10
f 1319/1535/10 1340/1540/10 5218/1541/10 5219/1538/10
f 1327/1963/1217 5504/1964/1218 1343/1965/1218 1345/1966/1217
f 1328/1967/1219 1329/1968/1220 1323/1969/1220 1346/1970/1219
f 5214/1516/1023 1330/1971/1221 1344/1972/1221 5211/1517/1023
f 1331/1973/1222 5215/1974/1022 5212/1975/1022 1321/1976/1222
f 5504/1964/1218 1331/1973/1222 1321/1976/1222 1343/1965/1218
f 1329/1968/1220 1327/1963/1217 1345/1966/1217 1323/1969/1220
f 1330/1971/1221 1328/1967/1219 1346/1970/1219 1344/1972/1221
f 1278/1527/1028 1288/1977/1223 1332/1978/1223 5224/1528/1028
f 1289/1979/1224 1276/1523/1026 5227/1526/1026 1333/1980/1224
f 1277/1981/1225 5188/1519/1024 5265/1522/1024 1334/1982/1225
f 1288/1977/1223 1289/1979/1224 1333/1980/1224 1332/1978/1223
f 5472/1983/1027 1277/1981/1225 1334/1982/1225 5226/1984/1027
f 1367/1985/988 5259/1453/1000 5229/1456/1000 1399/1986/988
f 1370/1987/996 1371/1988/998 1398/1989/998 1393/1990/996
f 1368/1991/1001 1369/1992/1002 1392/1993/1002 1394/1994/1001
f 5506/1995/987 1367/1985/988 1399/1986/988 5240/1996/987
f 1371/1988/998 5506/1995/987 5240/1996/987 1398/1989/998
f 1369/1992/1002 1370/1987/996 1393/1990/996 1392/1993/1002
f 5258/1454/991 1368/1997/1001 1394/1998/1001 5228/1455/991
f 1349/1482/1007 1350/1481/1006 1396/1999/4 1395/2000/4
f 1347/1480/1005 1348/1479/1004 5505/2001/4 1397/2002/4
f 1354/1493/1018 1347/1480/1005 1397/2002/4 5248/1494/4
f 1350/1481/1006 1351/1758/1019 5246/2003/4 1396/1999/4
f 1348/1479/1004 1349/1482/1007 1395/2000/4 5505/2001/4
f 5524/2004/5 5588/2005/5 5727/2006/5 5765/2007/5
f 5534/2008/507 5528/2009/507 5530/2010/507 5536/2011/507
f 5518/2012/10 5523/2013/10 5555/2014/10 5567/2015/10
f 5569/2008/699 5571/2009/699 5594/2010/699 5598/2011/699
f 5600/2016/998 5599/2017/987 5710/2018/987 5631/2019/998
f 5602/2020/1001 5711/2021/1002 5604/2022/1002 5605/2023/1001
f 5601/2024/996 5600/2025/998 5631/2026/998 5632/2027/996
f 5599/2017/987 5628/2028/988 5633/2029/988 5710/2018/987
f 5627/2030/1000 5603/2031/991 5629/2032/991 5630/2033/1000
f 5603/2031/991 5602/2020/1001 5605/2023/1001 5629/2032/991
f 5711/2021/1002 5601/2024/996 5632/2027/996 5604/2022/1002
f 1574/2034/1226 5622/2035/1001 5623/2036/991 1570/2037/1227
f 1570/2037/1227 5623/2036/991 5626/2038/1000 1571/2039/1228
f 5628/2028/988 5627/2030/1000 5630/2033/1000 5633/2029/988
f 5695/2040/1229 5694/2041/1229 5690/2042/1229 5692/2043/1229
f 1571/2039/1228 5626/2038/1000 1558/2044/988 1572/2045/1230
f 1572/2045/1230 1558/2044/988 5790/2046/987 1573/2047/1231
f 1573/2047/1231 5790/2046/987 1560/2048/998 1559/2049/1232
f 1559/2050/1232 1560/2051/998 5625/2052/996 1561/2053/1233
f 5691/2054/504 5699/2055/504 5703/2056/504 5693/2057/504
f 5696/2041/1234 5697/2040/1234 5702/2043/1234 5698/2042/1234
f 1561/2053/1233 5625/2052/996 5624/2058/1002 1562/2059/1235
f 1562/2059/1235 5624/2058/1002 5622/2035/1001 1574/2034/1226
f 1670/2060/1236 1748/2061/1236 1763/2062/1236 1762/2063/1236
f 1773/2064/1237 1769/2065/1237 1768/2066/1237 1743/2067/1237
f 5658/2040/1238 5659/2041/1238 5642/2042/1238 5644/2043/1238
f 5655/2040/1239 5654/2041/1239 5646/2042/1239 5648/2043/1239
f 5647/2054/509 5638/2055/509 5636/2056/509 5649/2057/509
f 5643/2054/699 5650/2055/699 5652/2056/699 5645/2057/699
f 5656/2041/1240 5657/2040/1240 5653/2043/1240 5651/2042/1240
f 5641/2041/1241 5640/2040/1241 5637/2043/1241 5639/2042/1241
f 1770/2064/1242 1750/2065/1242 1744/2066/1242 1772/2067/1242
f 1749/2061/1243 1761/2060/1243 1747/2063/1243 1760/2062/1243
f 1759/2061/1244 1758/2060/1244 1755/2063/1244 1746/2062/1244
f 1764/2064/1245 1767/2065/1245 1745/2066/1245 1765/2067/1245
f 5661/2068/988 5660/2069/1000 5665/2070/1000 5666/2071/988
f 5664/2072/996 1678/2073/998 5667/2074/998 5668/2075/996
f 5677/2076/10 1646/2077/10 5662/2078/10 5663/2079/10
f 1647/2080/10 5677/2076/10 5663/2079/10 1679/2081/10
f 1703/2082/1246 1702/2083/1247 1709/2084/1248 1710/2085/1249
f 5678/2086/991 5612/2087/1001 5676/2088/1001 5613/2089/991
f 5611/2090/1002 5679/2091/996 5617/2092/996 5618/2093/1002
f 5680/2094/998 5681/2095/987 5616/2096/987 1674/2097/998
f 1706/2098/1250 1705/2099/1251 1713/2100/1252 1714/2101/1253
f 1705/2099/1251 1712/2102/1254 1720/2103/1255 1713/2100/1252
f 1711/2104/1256 1710/2085/1249 1718/2105/1257 1719/2106/1258
f 1709/2107/1248 1708/2108/1259 1716/2109/1260 1717/2110/1261
f 1707/2111/1262 1706/2098/1250 1714/2101/1253 1715/2112/1263
f 1712/2102/1254 1711/2104/1256 1719/2106/1258 1720/2103/1255
f 1710/2085/1249 1709/2084/1248 1717/2113/1261 1718/2105/1257
f 1708/2108/1259 1707/2111/1262 1715/2112/1263 1716/2109/1260
f 1720/2103/1255 1719/2106/1258 1727/2114/1264 1728/2115/1265
f 1718/2105/1257 1717/2113/1261 1725/2116/1266 1726/2117/1267
f 1716/2109/1260 1715/2112/1263 1723/2118/1268 1724/2119/1269
f 1714/2101/1253 1713/2100/1252 1721/2120/1270 1722/2121/1271
f 1713/2100/1252 1720/2103/1255 1728/2115/1265 1721/2120/1270
f 1719/2106/1258 1718/2105/1257 1726/2117/1267 1727/2114/1264
f 1717/2110/1261 1716/2109/1260 1724/2119/1269 1725/2122/1266
f 1715/2112/1263 1714/2101/1253 1722/2121/1271 1723/2118/1268
f 5610/2123/988 5609/2124/1000 5614/2125/1000 5615/2126/988
f 5612/2087/1001 5611/2090/1002 5618/2093/1002 5676/2088/1001
f 5679/2091/996 5680/2127/998 1674/2128/998 5617/2092/996
f 5681/2095/987 5610/2123/988 5615/2126/988 5616/2096/987
f 5609/2124/1000 5678/2086/991 5613/2089/991 5614/2125/1000
f 1673/2129/10 1648/2130/10 5619/2131/10 5620/2132/10
f 1643/2133/10 1673/2129/10 5620/2132/10 5621/2134/10
f 5682/2135/4 5683/2136/4 1676/2137/4 1641/2138/4
f 5635/2139/4 5634/2140/4 1642/2141/4 1675/2142/4
f 5687/2143/4 5635/2139/4 1675/2142/4 1638/2144/4
f 5685/2145/4 5686/2146/4 1639/2147/4 1677/2148/4
f 5683/2136/4 5684/2149/4 1640/2150/4 1676/2137/4
f 5634/2140/4 5682/2135/4 1641/2138/4 1642/2141/4
f 1730/2151/1272 1731/2152/1273 1735/2153/1274 1737/2154/1275
f 5686/2146/4 5687/2143/4 1638/2144/4 1639/2147/4
f 5684/2149/4 5685/2145/4 1677/2148/4 1640/2150/4
f 1724/2155/1269 1721/2156/1270 1728/2157/1265 1725/2158/1266
f 1725/2158/1266 1728/2157/1265 1727/2159/1264 1726/2160/1267
f 1721/2156/1270 1724/2155/1269 1723/2161/1268 1722/2162/1271
f 5734/2163/1276 5817/2164/1277 5754/2165/1277 5736/2166/1277
f 1653/2167/10 1658/2168/10 1628/2169/10 1624/2134/10
f 1656/2170/10 5789/2171/10 1626/2172/10 1627/2173/10
f 5735/2174/504 5737/2175/504 5749/2176/504 5738/2177/504
f 5791/2178/10 1654/2179/10 1659/2180/10 1660/2181/10
f 1658/2168/10 1657/2182/10 1661/2183/10 1628/2169/10
f 5789/2171/10 1655/2184/10 1625/2185/10 1626/2172/10
f 1654/2179/10 1653/2167/10 1624/2134/10 1659/2180/10
f 5776/2186/10 5770/2187/10 5772/2188/10 5778/2189/10
f 1657/2182/10 1656/2170/10 1627/2173/10 1661/2183/10
f 1655/2184/10 5791/2178/10 1660/2181/10 1625/2185/10
f 5550/2190/10 5762/2191/10 5730/2192/10 5715/2193/10
f 1803/2194/1278 5809/2195/1278 1816/2196/1278 1828/2197/1278
f 5800/2198/1279 5775/2199/1279 5774/2200/1280 5801/2163/1281
f 5520/2201/996 5568/2202/996 5585/2203/996 5582/2204/996
f 5539/2201/1000 5511/2202/1000 5513/2203/1000 5586/2204/1000
f 5552/2191/10 5759/2190/10 5590/2193/10 5526/2192/10
f 5543/2191/10 5533/2190/10 5538/2193/10 5564/2192/10
f 5554/2201/1282 1583/2202/1282 5764/2203/1282 5556/2204/1282
f 5574/2201/1002 5714/2202/1002 5712/2203/1002 5596/2204/1002
f 5591/2201/1001 5570/2202/1001 1622/2203/1001 5728/2204/1001
f 1580/2004/1 5731/2005/1 5740/2006/1 5713/2007/1
f 5546/2205/1283 1564/2206/1283 5510/2207/1283 5521/2208/1283
f 5750/2186/10 1823/2187/10 5755/2188/10 5756/2189/10
f 1780/2209/1284 5781/2210/1284 5780/2211/1285 1776/2212/1285
f 5761/2205/1286 1569/2206/1286 5752/2207/1286 5732/2208/1286
f 5529/2201/991 5575/2202/991 5580/2203/991 1615/2204/991
f 5517/2213/1287 5763/2214/1288 5545/2215/1289 5547/2216/1289
f 1595/2213/1290 5760/2214/1291 1566/2215/1292 5549/2216/1292
f 1567/2213/1293 1598/2214/1294 5532/2215/1295 5544/2216/1295
f 5553/2213/1296 1568/2214/1297 5758/2215/1298 5551/2216/1298
f 5729/2201/987 5535/2202/987 1614/2203/987 5741/2204/987
f 5509/2217/1299 5507/2218/1299 5525/2219/1299 5522/2220/1299
f 5753/2217/1300 5516/2218/1300 5577/2219/1300 5733/2220/1300
f 5512/2008/509 5573/2009/509 1623/2010/509 1616/2011/509
f 5734/2163/1276 1806/2200/1301 5817/2164/1277
f 5537/2221/10 5531/2222/10 5584/2223/10 5595/2224/10
f 5810/2212/1302 1822/2211/1302 5768/2225/1303 5816/2226/1303
f 1596/2206/1304 1593/2205/1304 5527/2208/1304 5508/2207/1304
f 1563/2206/1305 5548/2205/1305 5578/2208/1305 5515/2207/1305
f 1567/2206/1293 1592/2205/1306 5565/2208/1306 5742/2207/1307
f 5593/2227/1308 5514/2228/1309 5557/2229/1310 5597/2230/1311
f 5584/2223/10 5557/2229/1310 5514/2228/1309 5595/2224/10
f 5587/2231/1312 5514/2228/1309 5593/2227/1308 5561/2232/1312
f 5562/2004/8 1594/2005/8 1609/2006/8 5560/2007/8
f 1589/2191/10 1588/2190/10 5519/2193/10 5576/2192/10
f 5769/2164/1313 5739/2163/1314 1811/2166/1313 5757/2165/1313
f 5579/2004/2 1582/2005/2 5583/2006/2 5581/2007/2
f 5760/2233/1291 5517/2234/1287 1585/2235/10 1576/2236/10
f 5767/2200/1315 5739/2163/1314 5769/2164/1313
f 1663/2134/4 1631/2169/4 5700/2168/4 5701/2167/4
f 5763/2234/1288 5553/2233/1296 1577/2236/10 1578/2235/10
f 1581/2012/10 1584/2013/10 1603/2014/10 1602/2015/10
f 1821/2237/509 1810/2238/509 1815/2239/509 1820/2240/509
f 1619/2241/1316 1608/2242/1316 5597/2230/1311 5557/2229/1310
f 1667/2243/1317 1756/2244/1318 1637/2245/1319 5826/2246/1320
f 1668/2247/1321 1632/2248/1322 1742/2249/1323 1757/2250/1324
f 1611/2251/10 5584/2223/10 5531/2222/10 1620/2252/10
f 1618/2253/10 5537/2221/10 5595/2224/10 1610/2254/10
f 1562/2059/1235 1574/2034/1226 5763/2255/1288 5517/2256/1287
f 1571/2039/1228 1572/2045/1230 1567/2257/1293 1568/2258/1297
f 5607/2259/1325 5606/2260/1326 1740/2261/1327 1636/2262/1328
f 1667/2243/1317 1635/2263/1329 1739/2264/1330 1756/2244/1318
f 1559/2050/1232 1561/2053/1233 5760/2265/1291 1595/2266/1290
f 1574/2034/1226 1570/2037/1227 5553/2267/1296 5763/2255/1288
f 1570/2037/1227 1571/2039/1228 1568/2258/1297 5553/2267/1296
f 1669/2268/1331 5826/2246/1320 1637/2245/1319 1741/2269/1332
f 1572/2045/1230 1573/2047/1231 1598/2270/1294 1567/2257/1293
f 1561/2053/1233 1562/2059/1235 5517/2256/1287 5760/2265/1291
f 1573/2047/1231 1559/2049/1232 1595/2271/1290 1598/2270/1294
f 1600/2008/504 1601/2009/504 1613/2010/504 1612/2011/504
f 1568/2234/1297 1567/2233/1293 5742/2236/1307 1575/2235/1333
f 5572/2201/998 5563/2202/998 1617/2203/998 1621/2204/998
f 1598/2233/1294 1595/2234/1290 5558/2235/1334 5559/2236/1335
f 5751/2217/1336 1587/2218/1336 5566/2219/1336 5589/2220/1336
f 1599/2217/1337 1597/2218/1337 5716/2219/1337 5540/2220/1337
f 1565/2205/987 1568/2206/1297 1575/2207/1333 1579/2208/987
f 5541/2012/10 5717/2013/10 1607/2014/10 1606/2015/10
f 5592/2012/10 1586/2013/10 1604/2014/10 1605/2015/10
f 5804/2186/10 5805/2187/10 5748/2188/10 5814/2189/10
f 5744/2199/1338 5725/2198/1338 5722/2163/1339 5743/2200/1340
f 5726/2198/1341 5723/2199/1341 5724/2200/1342 5720/2163/1343
f 5720/2163/1343 5745/2164/1344 5747/2165/1344 5806/2166/1344
f 5721/2177/509 5719/2174/509 1813/2175/509 5803/2176/509
f 1814/2194/1345 1804/2195/1345 1829/2196/1345 1827/2197/1345
f 1809/2209/1346 1808/2210/1346 1824/2211/1347 1825/2212/1347
f 1778/2199/1348 5820/2198/1348 5818/2163/1349 1796/2200/1350
f 5766/2199/1351 5821/2198/1351 5739/2163/1314 5767/2200/1315
f 5801/2163/1281 5774/2200/1280 5812/2164/1352
f 5786/2164/1353 5818/2163/1349 5777/2166/1353 5779/2165/1353
f 1796/2200/1350 5818/2163/1349 5786/2164/1353
f 1776/2212/1285 5780/2211/1285 5787/2225/1354 5813/2226/1354
f 1795/2237/699 1775/2238/699 1789/2239/699 5773/2240/699
f 5802/2174/507 5771/2175/507 1793/2176/507 5819/2177/507
f 5801/2163/1281 5812/2164/1352 1785/2165/1352 1794/2166/1352
f 5811/2209/1355 1807/2210/1355 1822/2211/1302 5810/2212/1302
f 1786/2194/1356 1792/2195/1356 1788/2196/1356 1799/2197/1356
f 1802/2198/1357 1805/2199/1357 1806/2200/1301 5734/2163/1276
f 1825/2212/1347 1824/2211/1347 5807/2225/1358 5746/2226/1358
f 5720/2163/1343 5724/2200/1342 5745/2164/1344
f 1819/2237/504 5808/2238/504 5815/2239/504 1817/2240/504
f 5743/2200/1340 5722/2163/1339 1812/2164/1359
f 1812/2164/1359 5722/2163/1339 1826/2166/1359 1818/2165/1359
f 1591/2205/1360 1598/2206/1294 5559/2207/1335 5542/2208/1360
f 1646/2077/10 1645/2272/10 1680/2273/10 5662/2078/10
f 1644/2274/10 1643/2133/10 5621/2134/10 1682/2275/10
f 1648/2130/10 1647/2080/10 1679/2081/10 5619/2131/10
f 1595/2206/1290 1590/2205/1361 5718/2208/1361 5558/2207/1334
f 1645/2272/10 1644/2274/10 1682/2275/10 1680/2273/10
f 1678/2276/998 1681/2277/987 5823/2278/987 5667/2279/998
f 1650/2280/1002 5664/2072/996 5668/2075/996 5669/2281/1002
f 1649/2282/991 1651/2283/1001 5670/2284/1001 5822/2285/991
f 5660/2069/1000 1649/2282/991 5822/2285/991 5665/2070/1000
f 1681/2277/987 5661/2068/988 5666/2071/988 5823/2278/987
f 1651/2283/1001 1650/2280/1002 5669/2281/1002 5670/2284/1001
f 1630/2183/4 1666/2173/4 5841/2170/4 1738/2182/4
f 1664/2172/4 1629/2185/4 1634/2184/4 5608/2171/4
f 1629/2185/4 1665/2181/4 1633/2178/4 1634/2184/4
f 1689/2132/4 1688/2131/4 5674/2130/4 5675/2129/4
f 1662/2180/4 1663/2134/4 5701/2167/4 5788/2179/4
f 1665/2181/4 1662/2180/4 5788/2179/4 1633/2178/4
f 1631/2169/4 1630/2183/4 1738/2182/4 5700/2168/4
f 1652/2134/4 1689/2132/4 5675/2129/4 5824/2133/4
f 1692/2286/1362 1690/2287/1363 1733/2288/1364 1732/2289/1365
f 1690/2287/1363 1699/2290/1366 1698/2291/1367 1733/2288/1364
f 1700/2292/1368 1691/2293/1369 1697/2294/1370 1729/2295/1371
f 1686/2275/4 1652/2134/4 5824/2133/4 5671/2274/4
f 1687/2078/4 1684/2273/4 5672/2272/4 5673/2077/4
f 1685/2081/4 1683/2079/4 1695/2076/4 5825/2080/4
f 1684/2273/4 1686/2275/4 5671/2274/4 5672/2272/4
f 1683/2079/4 1687/2078/4 5673/2077/4 1695/2076/4
f 1688/2131/4 1685/2081/4 5825/2080/4 5674/2130/4
f 1699/2290/1366 1700/2292/1368 1729/2295/1371 1698/2291/1367
f 1734/2296/1372 1703/2082/1246 1710/2085/1249 1711/2104/1256
f 1702/2297/1247 1737/2154/1275 1708/2108/1259 1709/2107/1248
f 1735/2153/1274 1701/2298/1373 1706/2098/1250 1707/2111/1262
f 1704/2299/1374 1734/2296/1372 1711/2104/1256 1712/2102/1254
f 1737/2154/1275 1735/2153/1274 1707/2111/1262 1708/2108/1259
f 1701/2298/1373 1736/2300/1375 1705/2099/1251 1706/2098/1250
f 1736/2300/1375 1704/2299/1374 1712/2102/1254 1705/2099/1251
f 1731/2152/1273 1732/2289/1365 1701/2298/1373 1735/2153/1274
f 1696/2301/1376 1730/2151/1272 1737/2154/1275 1702/2297/1247
f 1729/2295/1371 1697/2294/1370 1703/2082/1246 1734/2296/1372
f 1733/2288/1364 1698/2291/1367 1704/2299/1374 1736/2300/1375
f 1732/2289/1365 1733/2288/1364 1736/2300/1375 1701/2298/1373
f 1697/2294/1370 1696/2302/1376 1702/2083/1247 1703/2082/1246
f 1698/2291/1367 1729/2295/1371 1734/2296/1372 1704/2299/1374
f 5828/2237/507 5792/2238/507 5794/2239/507 5829/2240/507
f 5831/2163/1377 5827/2164/1378 5830/2165/1378 5839/2166/1378
f 5798/2209/1379 5796/2210/1379 5797/2211/1380 5799/2212/1380
f 1787/2194/1381 5833/2195/1381 5832/2196/1381 5835/2197/1381
f 1777/2177/699 1790/2174/699 5840/2175/699 5838/2176/699
f 1774/2198/1382 1781/2199/1382 1783/2200/1383 5831/2163/1377
f 5799/2212/1380 5797/2211/1380 1801/2225/1384 1800/2226/1384
f 5831/2163/1377 1783/2200/1383 5827/2164/1378
f 1779/2199/1385 5834/2198/1385 5836/2163/1386 1784/2200/1387
f 5837/2186/10 1797/2187/10 1791/2188/10 5795/2189/10
f 1784/2200/1387 5836/2163/1386 5793/2164/1388
f 5793/2164/1388 5836/2163/1386 1798/2166/1388 1782/2165/1388
f 1693/2303/1389 1692/2286/1362 1732/2289/1365 1731/2152/1273
f 5842/2304/1390 1694/2305/1391 1730/2151/1272 1696/2301/1376
f 1666/2173/4 1664/2172/4 5608/2171/4 5841/2170/4
f 1632/2248/1322 1669/2268/1331 1741/2269/1332 1742/2249/1323
f 1668/2247/1321 1757/2250/1324 1740/2261/1327 5606/2260/1326
f 1694/2305/1391 1693/2303/1389 1731/2152/1273 1730/2151/1272
f 5607/2259/1325 1636/2262/1328 1739/2306/1330 1635/2307/1329
f 1691/2293/1369 5842/2308/1390 1696/2302/1376 1697/2294/1370
f 5688/2060/1392 5689/2061/1392 5706/2062/1392 5708/2063/1392
f 5705/2064/1393 5704/2065/1393 5782/2066/1393 5784/2067/1393
f 1752/2041/1394 1671/2040/1394 5709/2043/1394 5783/2042/1394
f 5785/2054/507 1771/2055/507 1753/2056/507 5707/2057/507
f 1672/2040/1395 1751/2041/1395 1766/2042/1395 1754/2043/1395
f 5860/2004/1 6101/2007/1 6063/2006/1 5924/2005/1
f 5870/2008/504 5872/2011/504 5866/2010/504 5864/2009/504
f 5854/2012/10 5903/2015/10 5891/2014/10 5859/2013/10
f 5905/2008/509 5934/2011/509 5930/2010/509 5907/2009/509
f 5936/2016/1000 5967/2019/1000 6046/2018/988 5935/2017/988
f 5938/2020/1002 5941/2023/1002 5940/2022/1001 6047/2021/1001
f 5937/2024/991 5968/2027/991 5967/2026/1000 5936/2025/1000
f 5935/2017/988 6046/2018/988 5969/2029/987 5964/2028/987
f 5963/2030/998 5966/2033/998 5965/2032/996 5939/2031/996
f 5939/2031/996 5965/2032/996 5941/2023/1002 5938/2020/1002
f 6047/2021/1001 5940/2022/1001 5968/2027/991 5937/2024/991
f 1846/2034/1235 1842/2037/1233 5959/2036/996 5958/2035/1002
f 1842/2037/1233 1843/2039/1232 5962/2038/998 5959/2036/996
f 5964/2028/987 5969/2029/987 5966/2033/998 5963/2030/998
f 6031/2040/1396 6028/2043/1396 6026/2042/1396 6030/2041/1396
f 1843/2039/1232 1844/2045/1231 1830/2044/987 5962/2038/998
f 1844/2045/1231 1845/2047/1230 6126/2046/988 1830/2044/987
f 1845/2047/1230 1831/2049/1228 1832/2048/1000 6126/2046/988
f 1831/2050/1228 1833/2053/1227 5961/2052/991 1832/2051/1000
f 6027/2054/507 6029/2057/507 6039/2056/507 6035/2055/507
f 6032/2041/1397 6034/2042/1397 6038/2043/1397 6033/2040/1397
f 1833/2053/1227 1834/2059/1226 5960/2058/1001 5961/2052/991
f 1834/2059/1226 1846/2034/1235 5958/2035/1002 5960/2058/1001
f 1942/2060/1398 2034/2063/1398 2035/2062/1398 2020/2061/1398
f 2045/2064/1399 2015/2067/1399 2040/2066/1399 2041/2065/1399
f 5994/2040/1400 5980/2043/1400 5978/2042/1400 5995/2041/1400
f 5991/2040/1401 5984/2043/1401 5982/2042/1401 5990/2041/1401
f 5983/2054/699 5985/2057/699 5972/2056/699 5974/2055/699
f 5979/2054/509 5981/2057/509 5988/2056/509 5986/2055/509
f 5992/2041/1402 5987/2042/1402 5989/2043/1402 5993/2040/1402
f 5977/2041/1403 5975/2042/1403 5973/2043/1403 5976/2040/1403
f 2042/2064/1404 2044/2067/1404 2016/2066/1404 2022/2065/1404
f 2021/2061/1405 2032/2062/1405 2019/2063/1405 2033/2060/1405
f 2031/2061/1406 2018/2062/1406 2027/2063/1406 2030/2060/1406
f 2036/2064/1407 2037/2067/1407 2017/2066/1407 2039/2065/1407
f 5997/2068/987 6002/2071/987 6001/2070/998 5996/2069/998
f 6000/2072/991 6004/2075/991 6003/2074/1000 1950/2073/1000
f 6013/2076/10 5999/2079/10 5998/2078/10 1918/2077/10
f 1919/2080/10 1951/2081/10 5999/2079/10 6013/2076/10
f 1975/2082/1375 1982/2085/1251 1981/2084/1250 1974/2083/1373
f 6014/2086/996 5949/2089/996 6012/2088/1002 5948/2087/1002
f 5947/2090/1001 5954/2093/1001 5953/2092/991 6015/2091/991
f 6016/2094/1000 1946/2097/1000 5952/2096/988 6017/2095/988
f 1978/2098/1248 1986/2101/1261 1985/2100/1257 1977/2099/1249
f 1977/2099/1249 1985/2100/1257 1992/2103/1258 1984/2102/1256
f 1983/2104/1254 1991/2106/1255 1990/2105/1252 1982/2085/1251
f 1981/2107/1250 1989/2110/1253 1988/2109/1263 1980/2108/1262
f 1979/2111/1259 1987/2112/1260 1986/2101/1261 1978/2098/1248
f 1984/2102/1256 1992/2103/1258 1991/2106/1255 1983/2104/1254
f 1982/2085/1251 1990/2105/1252 1989/2113/1253 1981/2084/1250
f 1980/2108/1262 1988/2109/1263 1987/2112/1260 1979/2111/1259
f 1992/2103/1258 2000/2115/1408 1999/2114/1409 1991/2106/1255
f 1990/2105/1252 1998/2117/1410 1997/2116/1271 1989/2113/1253
f 1988/2109/1263 1996/2119/1411 1995/2118/1412 1987/2112/1260
f 1986/2101/1261 1994/2121/1266 1993/2120/1413 1985/2100/1257
f 1985/2100/1257 1993/2120/1413 2000/2115/1408 1992/2103/1258
f 1991/2106/1255 1999/2114/1409 1998/2117/1410 1990/2105/1252
f 1989/2110/1253 1997/2122/1271 1996/2119/1411 1988/2109/1263
f 1987/2112/1260 1995/2118/1412 1994/2121/1266 1986/2101/1261
f 5946/2123/987 5951/2126/987 5950/2125/998 5945/2124/998
f 5948/2087/1002 6012/2088/1002 5954/2093/1001 5947/2090/1001
f 6015/2091/991 5953/2092/991 1946/2128/1000 6016/2127/1000
f 6017/2095/988 5952/2096/988 5951/2126/987 5946/2123/987
f 5945/2124/998 5950/2125/998 5949/2089/996 6014/2086/996
f 1945/2129/10 5956/2132/10 5955/2131/10 1920/2130/10
f 1915/2133/10 5957/2134/10 5956/2132/10 1945/2129/10
f 6018/2135/4 1913/2138/4 1948/2137/4 6019/2136/4
f 5971/2139/4 1947/2142/4 1914/2141/4 5970/2140/4
f 6023/2143/4 1910/2144/4 1947/2142/4 5971/2139/4
f 6021/2145/4 1949/2148/4 1911/2147/4 6022/2146/4
f 6019/2136/4 1948/2137/4 1912/2150/4 6020/2149/4
f 5970/2140/4 1914/2141/4 1913/2138/4 6018/2135/4
f 2002/2151/1273 2009/2154/1274 2007/2153/1275 2003/2152/1272
f 6022/2146/4 1911/2147/4 1910/2144/4 6023/2143/4
f 6020/2149/4 1912/2150/4 1949/2148/4 6021/2145/4
f 1996/2155/1411 1997/2158/1271 2000/2157/1408 1993/2156/1413
f 1997/2158/1271 1998/2160/1410 1999/2159/1409 2000/2157/1408
f 1993/2156/1413 1994/2162/1266 1995/2161/1412 1996/2155/1411
f 6070/2163/1414 6072/2166/1353 6090/2165/1353 6153/2164/1353
f 1925/2167/10 1896/2134/10 1900/2169/10 1930/2168/10
f 1928/2170/10 1899/2173/10 1898/2172/10 6125/2171/10
f 6071/2174/507 6074/2177/507 6085/2176/507 6073/2175/507
f 6127/2178/10 1932/2181/10 1931/2180/10 1926/2179/10
f 1930/2168/10 1900/2169/10 1933/2183/10 1929/2182/10
f 6125/2171/10 1898/2172/10 1897/2185/10 1927/2184/10
f 1926/2179/10 1931/2180/10 1896/2134/10 1925/2167/10
f 6112/2186/10 6114/2189/10 6108/2188/10 6106/2187/10
f 1929/2182/10 1933/2183/10 1899/2173/10 1928/2170/10
f 1927/2184/10 1897/2185/10 1932/2181/10 6127/2178/10
f 5886/2190/10 6051/2193/10 6066/2192/10 6098/2191/10
f 2075/2194/1415 2100/2197/1415 2088/2196/1415 6145/2195/1415
f 6136/2198/1351 6137/2163/1416 6110/2200/1315 6111/2199/1351
f 5856/2201/991 5918/2204/991 5921/2203/991 5904/2202/991
f 5875/2201/998 5922/2204/998 5849/2203/998 5847/2202/998
f 5888/2191/10 5862/2192/10 5926/2193/10 6095/2190/10
f 5879/2191/10 5900/2192/10 5874/2193/10 5869/2190/10
f 5890/2201/987 5892/2204/987 6100/2203/987 1855/2202/987
f 5910/2201/1286 5932/2204/1286 6048/2203/1286 6050/2202/1286
f 5927/2201/1002 6064/2204/1002 1894/2203/1002 5906/2202/1002
f 1852/2004/5 6049/2007/5 6076/2006/5 6067/2005/5
f 5882/2205/1417 5857/2208/1417 5846/2207/1417 1836/2206/1417
f 6086/2186/10 6092/2189/10 6091/2188/10 2095/2187/10
f 2052/2209/1355 2048/2212/1302 6116/2211/1302 6117/2210/1355
f 6097/2205/1418 6068/2208/1418 6088/2207/1418 1841/2206/1418
f 5865/2201/996 1887/2204/996 5916/2203/996 5911/2202/996
f 5853/2213/1288 5883/2216/1289 5881/2215/1289 6099/2214/1287
f 1867/2213/1419 5885/2216/1298 1838/2215/1298 6096/2214/1296
f 1839/2213/1420 5880/2216/1295 5868/2215/1295 1870/2214/1421
f 5889/2213/1291 5887/2216/1292 6094/2215/1292 1840/2214/1422
f 6065/2201/988 6077/2204/988 1886/2203/988 5871/2202/988
f 5845/2217/1423 5858/2220/1423 5861/2219/1423 5843/2218/1423
f 6089/2217/1424 6069/2220/1424 5913/2219/1424 5852/2218/1424
f 5848/2008/699 1888/2011/699 1895/2010/699 5909/2009/699
f 6070/2163/1414 6153/2164/1353 2078/2200/1350
f 5873/2221/10 5931/2224/10 5920/2223/10 5867/2222/10
f 6146/2212/1285 6152/2226/1354 6104/2225/1354 2094/2211/1285
f 1868/2206/1425 5844/2207/1425 5863/2208/1425 1865/2205/1425
f 1835/2206/1426 5851/2207/1426 5914/2208/1426 5884/2205/1426
f 1839/2206/1420 6078/2207/1427 5901/2208/1428 1864/2205/1428
f 5929/2227/1429 5933/2230/1430 5893/2229/1431 5850/2228/1432
f 5920/2223/10 5931/2224/10 5850/2228/1432 5893/2229/1431
f 5923/2231/1433 5897/2232/1433 5929/2227/1429 5850/2228/1432
f 5898/2004/8 5896/2007/8 1881/2006/8 1866/2005/8
f 1861/2191/10 5912/2192/10 5855/2193/10 1860/2190/10
f 6105/2164/1352 6093/2165/1352 2083/2166/1352 6075/2163/1434
f 5915/2004/2 5917/2007/2 5919/2006/2 1854/2005/2
f 6096/2233/1296 1848/2236/10 1857/2235/10 5853/2234/1288
f 6103/2200/1280 6105/2164/1352 6075/2163/1434
f 1935/2134/4 6037/2167/4 6036/2168/4 1903/2169/4
f 6099/2234/1287 1850/2235/10 1849/2236/10 5889/2233/1291
f 1853/2012/10 1874/2015/10 1875/2014/10 1856/2013/10
f 2093/2237/699 2092/2240/699 2087/2239/699 2082/2238/699
f 1891/2241/1435 5893/2229/1431 5933/2230/1430 1880/2242/1435
f 1939/2243/1436 6162/2246/1437 1909/2245/1438 2028/2244/1439
f 1940/2247/1440 2029/2250/1441 2014/2249/1442 1904/2248/1443
f 1883/2251/10 1892/2252/10 5867/2222/10 5920/2223/10
f 1890/2253/10 1882/2254/10 5931/2224/10 5873/2221/10
f 1834/2059/1226 5853/2256/1288 6099/2255/1287 1846/2034/1235
f 1843/2039/1232 1840/2258/1422 1839/2257/1420 1844/2045/1231
f 5943/2259/1444 1908/2262/1445 2012/2261/1446 5942/2260/1447
f 1939/2243/1436 2028/2244/1439 2011/2264/1448 1907/2263/1449
f 1831/2050/1228 1867/2266/1419 6096/2265/1296 1833/2053/1227
f 1846/2034/1235 6099/2255/1287 5889/2267/1291 1842/2037/1233
f 1842/2037/1233 5889/2267/1291 1840/2258/1422 1843/2039/1232
f 1941/2268/1450 2013/2269/1451 1909/2245/1438 6162/2246/1437
f 1844/2045/1231 1839/2257/1420 1870/2270/1421 1845/2047/1230
f 1833/2053/1227 6096/2265/1296 5853/2256/1288 1834/2059/1226
f 1845/2047/1230 1870/2270/1421 1867/2271/1419 1831/2049/1228
f 1872/2008/507 1884/2011/507 1885/2010/507 1873/2009/507
f 1840/2234/1422 1847/2235/1452 6078/2236/1427 1839/2233/1420
f 5908/2201/1000 1893/2204/1000 1889/2203/1000 5899/2202/1000
f 1870/2233/1421 5895/2236/1453 5894/2235/1454 1867/2234/1419
f 6087/2217/1455 5925/2220/1455 5902/2219/1455 1859/2218/1455
f 1871/2217/1456 5876/2220/1456 6052/2219/1456 1869/2218/1456
f 1837/2205/988 1851/2208/988 1847/2207/1452 1840/2206/1422
f 5877/2012/10 1878/2015/10 1879/2014/10 6053/2013/10
f 5928/2012/10 1877/2015/10 1876/2014/10 1858/2013/10
f 6140/2186/10 6150/2189/10 6084/2188/10 6141/2187/10
f 6080/2199/1457 6079/2200/1383 6058/2163/1458 6061/2198/1457
f 6062/2198/1385 6056/2163/1459 6060/2200/1387 6059/2199/1385
f 6056/2163/1459 6142/2166/1388 6083/2165/1388 6081/2164/1388
f 6057/2177/699 6139/2176/699 2085/2175/699 6055/2174/699
f 2086/2194/1460 2099/2197/1460 2101/2196/1460 2076/2195/1460
f 2081/2209/1379 2097/2212/1380 2096/2211/1380 2080/2210/1379
f 2050/2199/1357 2068/2200/1301 6154/2163/1461 6156/2198/1357
f 6102/2199/1279 6103/2200/1280 6075/2163/1434 6157/2198/1279
f 6137/2163/1416 6148/2164/1313 6110/2200/1315
f 6122/2164/1277 6115/2165/1277 6113/2166/1277 6154/2163/1461
f 2068/2200/1301 6122/2164/1277 6154/2163/1461
f 2048/2212/1302 6149/2226/1303 6123/2225/1303 6116/2211/1302
f 2067/2237/509 6109/2240/509 2061/2239/509 2047/2238/509
f 6138/2174/504 6155/2177/504 2065/2176/504 6107/2175/504
f 6137/2163/1416 2066/2166/1313 2057/2165/1313 6148/2164/1313
f 6147/2209/1284 6146/2212/1285 2094/2211/1285 2079/2210/1284
f 2058/2194/1462 2071/2197/1462 2060/2196/1462 2064/2195/1462
f 2074/2198/1348 6070/2163/1414 2078/2200/1350 2077/2199/1348
f 2097/2212/1380 6082/2226/1384 6143/2225/1384 2096/2211/1380
f 6056/2163/1459 6081/2164/1388 6060/2200/1387
f 2091/2237/507 2089/2240/507 6151/2239/507 6144/2238/507
f 6079/2200/1383 2084/2164/1378 6058/2163/1458
f 2084/2164/1378 2090/2165/1378 2098/2166/1378 6058/2163/1458
f 1863/2205/1463 5878/2208/1463 5895/2207/1453 1870/2206/1421
f 1918/2077/10 5998/2078/10 1952/2273/10 1917/2272/10
f 1916/2274/10 1954/2275/10 5957/2134/10 1915/2133/10
f 1920/2130/10 5955/2131/10 1951/2081/10 1919/2080/10
f 1867/2206/1419 5894/2207/1454 6054/2208/1464 1862/2205/1464
f 1917/2272/10 1952/2273/10 1954/2275/10 1916/2274/10
f 1950/2276/1000 6003/2279/1000 6159/2278/988 1953/2277/988
f 1922/2280/1001 6005/2281/1001 6004/2075/991 6000/2072/991
f 1921/2282/996 6158/2285/996 6006/2284/1002 1923/2283/1002
f 5996/2069/998 6001/2070/998 6158/2285/996 1921/2282/996
f 1953/2277/988 6159/2278/988 6002/2071/987 5997/2068/987
f 1923/2283/1002 6006/2284/1002 6005/2281/1001 1922/2280/1001
f 1902/2183/4 2010/2182/4 6177/2170/4 1938/2173/4
f 1936/2172/4 5944/2171/4 1906/2184/4 1901/2185/4
f 1901/2185/4 1906/2184/4 1905/2178/4 1937/2181/4
f 1961/2132/4 6011/2129/4 6010/2130/4 1960/2131/4
f 1934/2180/4 6124/2179/4 6037/2167/4 1935/2134/4
f 1937/2181/4 1905/2178/4 6124/2179/4 1934/2180/4
f 1903/2169/4 6036/2168/4 2010/2182/4 1902/2183/4
f 1924/2134/4 6160/2133/4 6011/2129/4 1961/2132/4
f 1964/2286/1390 2004/2289/1376 2005/2288/1370 1962/2287/1369
f 1962/2287/1369 2005/2288/1370 1970/2291/1371 1971/2290/1368
f 1972/2292/1366 2001/2295/1367 1969/2294/1364 1963/2293/1363
f 1958/2275/4 6007/2274/4 6160/2133/4 1924/2134/4
f 1959/2078/4 6009/2077/4 6008/2272/4 1956/2273/4
f 1957/2081/4 6161/2080/4 1967/2076/4 1955/2079/4
f 1956/2273/4 6008/2272/4 6007/2274/4 1958/2275/4
f 1955/2079/4 1967/2076/4 6009/2077/4 1959/2078/4
f 1960/2131/4 6010/2130/4 6161/2080/4 1957/2081/4
f 1971/2290/1368 1970/2291/1371 2001/2295/1367 1972/2292/1366
f 2006/2296/1374 1983/2104/1254 1982/2085/1251 1975/2082/1375
f 1974/2297/1373 1981/2107/1250 1980/2108/1262 2009/2154/1274
f 2007/2153/1275 1979/2111/1259 1978/2098/1248 1973/2298/1247
f 1976/2299/1372 1984/2102/1256 1983/2104/1254 2006/2296/1374
f 2009/2154/1274 1980/2108/1262 1979/2111/1259 2007/2153/1275
f 1973/2298/1247 1978/2098/1248 1977/2099/1249 2008/2300/1246
f 2008/2300/1246 1977/2099/1249 1984/2102/1256 1976/2299/1372
f 2003/2152/1272 2007/2153/1275 1973/2298/1247 2004/2289/1376
f 1968/2301/1365 1974/2297/1373 2009/2154/1274 2002/2151/1273
f 2001/2295/1367 2006/2296/1374 1975/2082/1375 1969/2294/1364
f 2005/2288/1370 2008/2300/1246 1976/2299/1372 1970/2291/1371
f 2004/2289/1376 1973/2298/1247 2008/2300/1246 2005/2288/1370
f 1969/2294/1364 1975/2082/1375 1974/2083/1373 1968/2302/1365
f 1970/2291/1371 1976/2299/1372 2006/2296/1374 2001/2295/1367
f 6164/2237/504 6165/2240/504 6130/2239/504 6128/2238/504
f 6167/2163/1465 6175/2166/1359 6166/2165/1359 6163/2164/1359
f 6134/2209/1346 6135/2212/1347 6133/2211/1347 6132/2210/1346
f 2059/2194/1466 6171/2197/1466 6168/2196/1466 6169/2195/1466
f 2049/2177/509 6174/2176/509 6176/2175/509 2062/2174/509
f 2046/2198/1467 6167/2163/1465 2055/2200/1340 2053/2199/1467
f 6135/2212/1347 2072/2226/1358 2073/2225/1358 6133/2211/1347
f 6167/2163/1465 6163/2164/1359 2055/2200/1340
f 2051/2199/1468 2056/2200/1342 6172/2163/1469 6170/2198/1468
f 6173/2186/10 6131/2189/10 2063/2188/10 2069/2187/10
f 2056/2200/1342 6129/2164/1344 6172/2163/1469
f 6129/2164/1344 2054/2165/1344 2070/2166/1344 6172/2163/1469
f 1965/2303/1391 2003/2152/1272 2004/2289/1376 1964/2286/1390
f 6178/2304/1362 1968/2301/1365 2002/2151/1273 1966/2305/1389
f 1938/2173/4 6177/2170/4 5944/2171/4 1936/2172/4
f 1904/2248/1443 2014/2249/1442 2013/2269/1451 1941/2268/1450
f 1940/2247/1440 5942/2260/1447 2012/2261/1446 2029/2250/1441
f 1966/2305/1389 2002/2151/1273 2003/2152/1272 1965/2303/1391
f 5943/2259/1444 1907/2307/1449 2011/2306/1448 1908/2262/1445
f 1963/2293/1363 1969/2294/1364 1968/2302/1365 6178/2308/1362
f 6024/2060/1470 6044/2063/1470 6042/2062/1470 6025/2061/1470
f 6041/2064/1471 6120/2067/1471 6118/2066/1471 6040/2065/1471
f 2024/2041/1472 6119/2042/1472 6045/2043/1472 1943/2040/1472
f 6121/2054/504 6043/2057/504 2025/2056/504 2043/2055/504
f 1944/2040/1473 2026/2043/1473 2038/2042/1473 2023/2041/1473
f 6196/2004/1 6437/2007/1 6399/2006/1 6260/2005/1
f 6206/2008/504 6208/2011/504 6202/2010/504 6200/2009/504
f 6190/2012/10 6239/2015/10 6227/2014/10 6195/2013/10
f 6241/2008/509 6270/2011/509 6266/2010/509 6243/2009/509
f 6272/2016/1000 6303/2019/1000 6382/2018/988 6271/2017/988
f 6274/2020/1002 6277/2023/1002 6276/2022/1001 6383/2021/1001
f 6273/2024/991 6304/2027/991 6303/2026/1000 6272/2025/1000
f 6271/2017/988 6382/2018/988 6305/2029/987 6300/2028/987
f 6299/2030/998 6302/2033/998 6301/2032/996 6275/2031/996
f 6275/2031/996 6301/2032/996 6277/2023/1002 6274/2020/1002
f 6383/2021/1001 6276/2022/1001 6304/2027/991 6273/2024/991
f 2118/2034/1235 2114/2037/1233 6295/2036/996 6294/2035/1002
f 2114/2037/1233 2115/2039/1232 6298/2038/998 6295/2036/996
f 6300/2028/987 6305/2029/987 6302/2033/998 6299/2030/998
f 6367/2040/1396 6364/2043/1396 6362/2042/1396 6366/2041/1396
f 2115/2039/1232 2116/2045/1231 2102/2044/987 6298/2038/998
f 2116/2045/1231 2117/2047/1230 6462/2046/988 2102/2044/987
f 2117/2047/1230 2103/2049/1228 2104/2048/1000 6462/2046/988
f 2103/2050/1228 2105/2053/1227 6297/2052/991 2104/2051/1000
f 6363/2054/507 6365/2057/507 6375/2056/507 6371/2055/507
f 6368/2041/1397 6370/2042/1397 6374/2043/1397 6369/2040/1397
f 2105/2053/1227 2106/2059/1226 6296/2058/1001 6297/2052/991
f 2106/2059/1226 2118/2034/1235 6294/2035/1002 6296/2058/1001
f 2214/2060/1398 2306/2063/1398 2307/2062/1398 2292/2061/1398
f 2317/2064/1399 2287/2067/1399 2312/2066/1399 2313/2065/1399
f 6330/2040/1400 6316/2043/1400 6314/2042/1400 6331/2041/1400
f 6327/2040/1401 6320/2043/1401 6318/2042/1401 6326/2041/1401
f 6319/2054/699 6321/2057/699 6308/2056/699 6310/2055/699
f 6315/2054/509 6317/2057/509 6324/2056/509 6322/2055/509
f 6328/2041/1402 6323/2042/1402 6325/2043/1402 6329/2040/1402
f 6313/2041/1403 6311/2042/1403 6309/2043/1403 6312/2040/1403
f 2314/2064/1404 2316/2067/1404 2288/2066/1404 2294/2065/1404
f 2293/2061/1405 2304/2062/1405 2291/2063/1405 2305/2060/1405
f 2303/2061/1406 2290/2062/1406 2299/2063/1406 2302/2060/1406
f 2308/2064/1407 2309/2067/1407 2289/2066/1407 2311/2065/1407
f 6333/2068/987 6338/2071/987 6337/2070/998 6332/2069/998
f 6336/2072/991 6340/2075/991 6339/2074/1000 2222/2073/1000
f 6349/2076/10 6335/2079/10 6334/2078/10 2190/2077/10
f 2191/2080/10 2223/2081/10 6335/2079/10 6349/2076/10
f 2247/2082/1375 2254/2085/1251 2253/2084/1250 2246/2083/1373
f 6350/2086/996 6285/2089/996 6348/2088/1002 6284/2087/1002
f 6283/2090/1001 6290/2093/1001 6289/2092/991 6351/2091/991
f 6352/2094/1000 2218/2097/1000 6288/2096/988 6353/2095/988
f 2250/2098/1248 2258/2101/1261 2257/2100/1257 2249/2099/1249
f 2249/2099/1249 2257/2100/1257 2264/2103/1258 2256/2102/1256
f 2255/2104/1254 2263/2106/1255 2262/2105/1252 2254/2085/1251
f 2253/2107/1250 2261/2110/1253 2260/2109/1263 2252/2108/1262
f 2251/2111/1259 2259/2112/1260 2258/2101/1261 2250/2098/1248
f 2256/2102/1256 2264/2103/1258 2263/2106/1255 2255/2104/1254
f 2254/2085/1251 2262/2105/1252 2261/2113/1253 2253/2084/1250
f 2252/2108/1262 2260/2109/1263 2259/2112/1260 2251/2111/1259
f 2264/2103/1258 2272/2115/1408 2271/2114/1409 2263/2106/1255
f 2262/2105/1252 2270/2117/1410 2269/2116/1271 2261/2113/1253
f 2260/2109/1263 2268/2119/1411 2267/2118/1412 2259/2112/1260
f 2258/2101/1261 2266/2121/1266 2265/2120/1413 2257/2100/1257
f 2257/2100/1257 2265/2120/1413 2272/2115/1408 2264/2103/1258
f 2263/2106/1255 2271/2114/1409 2270/2117/1410 2262/2105/1252
f 2261/2110/1253 2269/2122/1271 2268/2119/1411 2260/2109/1263
f 2259/2112/1260 2267/2118/1412 2266/2121/1266 2258/2101/1261
f 6282/2123/987 6287/2126/987 6286/2125/998 6281/2124/998
f 6284/2087/1002 6348/2088/1002 6290/2093/1001 6283/2090/1001
f 6351/2091/991 6289/2092/991 2218/2128/1000 6352/2127/1000
f 6353/2095/988 6288/2096/988 6287/2126/987 6282/2123/987
f 6281/2124/998 6286/2125/998 6285/2089/996 6350/2086/996
f 2217/2129/10 6292/2132/10 6291/2131/10 2192/2130/10
f 2187/2133/10 6293/2134/10 6292/2132/10 2217/2129/10
f 6354/2135/4 2185/2138/4 2220/2137/4 6355/2136/4
f 6307/2139/4 2219/2142/4 2186/2141/4 6306/2140/4
f 6359/2143/4 2182/2144/4 2219/2142/4 6307/2139/4
f 6357/2145/4 2221/2148/4 2183/2147/4 6358/2146/4
f 6355/2136/4 2220/2137/4 2184/2150/4 6356/2149/4
f 6306/2140/4 2186/2141/4 2185/2138/4 6354/2135/4
f 2274/2151/1273 2281/2154/1274 2279/2153/1275 2275/2152/1272
f 6358/2146/4 2183/2147/4 2182/2144/4 6359/2143/4
f 6356/2149/4 2184/2150/4 2221/2148/4 6357/2145/4
f 2268/2155/1411 2269/2158/1271 2272/2157/1408 2265/2156/1413
f 2269/2158/1271 2270/2160/1410 2271/2159/1409 2272/2157/1408
f 2265/2156/1413 2266/2162/1266 2267/2161/1412 2268/2155/1411
f 6406/2163/1414 6408/2166/1353 6426/2165/1353 6489/2164/1353
f 2197/2167/10 2168/2134/10 2172/2169/10 2202/2168/10
f 2200/2170/10 2171/2173/10 2170/2172/10 6461/2171/10
f 6407/2174/507 6410/2177/507 6421/2176/507 6409/2175/507
f 6463/2178/10 2204/2181/10 2203/2180/10 2198/2179/10
f 2202/2168/10 2172/2169/10 2205/2183/10 2201/2182/10
f 6461/2171/10 2170/2172/10 2169/2185/10 2199/2184/10
f 2198/2179/10 2203/2180/10 2168/2134/10 2197/2167/10
f 6448/2186/10 6450/2189/10 6444/2188/10 6442/2187/10
f 2201/2182/10 2205/2183/10 2171/2173/10 2200/2170/10
f 2199/2184/10 2169/2185/10 2204/2181/10 6463/2178/10
f 6222/2190/10 6387/2193/10 6402/2192/10 6434/2191/10
f 2347/2194/1474 2372/2197/1474 2360/2196/1474 6481/2195/1474
f 6472/2198/1351 6473/2163/1416 6446/2200/1315 6447/2199/1351
f 6192/2201/991 6254/2204/991 6257/2203/991 6240/2202/991
f 6211/2201/998 6258/2204/998 6185/2203/998 6183/2202/998
f 6224/2191/10 6198/2192/10 6262/2193/10 6431/2190/10
f 6215/2191/10 6236/2192/10 6210/2193/10 6205/2190/10
f 6226/2201/1475 6228/2204/1475 6436/2203/1475 2127/2202/1475
f 6246/2201/1286 6268/2204/1286 6384/2203/1286 6386/2202/1286
f 6263/2201/1002 6400/2204/1002 2166/2203/1002 6242/2202/1002
f 2124/2004/5 6385/2007/5 6412/2006/5 6403/2005/5
f 6218/2205/1417 6193/2208/1417 6182/2207/1417 2108/2206/1417
f 6422/2186/10 6428/2189/10 6427/2188/10 2367/2187/10
f 2324/2209/1355 2320/2212/1302 6452/2211/1302 6453/2210/1355
f 6433/2205/1418 6404/2208/1418 6424/2207/1418 2113/2206/1418
f 6201/2201/996 2159/2204/996 6252/2203/996 6247/2202/996
f 6189/2213/1288 6219/2216/1289 6217/2215/1289 6435/2214/1287
f 2139/2213/1419 6221/2216/1298 2110/2215/1298 6432/2214/1296
f 2111/2213/1420 6216/2216/1295 6204/2215/1295 2142/2214/1476
f 6225/2213/1291 6223/2216/1292 6430/2215/1292 2112/2214/1422
f 6401/2201/988 6413/2204/988 2158/2203/988 6207/2202/988
f 6181/2217/1423 6194/2220/1423 6197/2219/1423 6179/2218/1423
f 6425/2217/1424 6405/2220/1424 6249/2219/1424 6188/2218/1424
f 6184/2008/699 2160/2011/699 2167/2010/699 6245/2009/699
f 6406/2163/1414 6489/2164/1353 2350/2200/1350
f 6209/2221/10 6267/2224/10 6256/2223/10 6203/2222/10
f 6482/2212/1285 6488/2226/1354 6440/2225/1354 2366/2211/1285
f 2140/2206/1425 6180/2207/1425 6199/2208/1425 2137/2205/1425
f 2107/2206/1426 6187/2207/1426 6250/2208/1426 6220/2205/1426
f 2111/2206/1420 6414/2207/1427 6237/2208/1428 2136/2205/1428
f 6265/2227/1429 6269/2230/1430 6229/2229/1431 6186/2228/1432
f 6256/2223/10 6267/2224/10 6186/2228/1432 6229/2229/1431
f 6259/2231/1433 6233/2232/1433 6265/2227/1429 6186/2228/1432
f 6234/2004/8 6232/2007/8 2153/2006/8 2138/2005/8
f 2133/2191/10 6248/2192/10 6191/2193/10 2132/2190/10
f 6441/2164/1352 6429/2165/1352 2355/2166/1352 6411/2163/1434
f 6251/2004/2 6253/2007/2 6255/2006/2 2126/2005/2
f 6432/2233/1296 2120/2236/10 2129/2235/10 6189/2234/1288
f 6439/2200/1280 6441/2164/1352 6411/2163/1434
f 2207/2134/4 6373/2167/4 6372/2168/4 2175/2169/4
f 6435/2234/1287 2122/2235/10 2121/2236/10 6225/2233/1291
f 2125/2012/10 2146/2015/10 2147/2014/10 2128/2013/10
f 2365/2237/699 2364/2240/699 2359/2239/699 2354/2238/699
f 2163/2241/1435 6229/2229/1431 6269/2230/1430 2152/2242/1435
f 2211/2243/1436 6498/2246/1437 2181/2245/1438 2300/2244/1439
f 2212/2247/1440 2301/2250/1441 2286/2249/1442 2176/2248/1443
f 2155/2251/10 2164/2252/10 6203/2222/10 6256/2223/10
f 2162/2253/10 2154/2254/10 6267/2224/10 6209/2221/10
f 2106/2059/1226 6189/2256/1288 6435/2255/1287 2118/2034/1235
f 2115/2039/1232 2112/2258/1422 2111/2257/1420 2116/2045/1231
f 6279/2259/1444 2180/2262/1445 2284/2261/1446 6278/2260/1447
f 2211/2243/1436 2300/2244/1439 2283/2264/1448 2179/2263/1449
f 2103/2050/1228 2139/2266/1419 6432/2265/1296 2105/2053/1227
f 2118/2034/1235 6435/2255/1287 6225/2267/1291 2114/2037/1233
f 2114/2037/1233 6225/2267/1291 2112/2258/1422 2115/2039/1232
f 2213/2268/1450 2285/2269/1451 2181/2245/1438 6498/2246/1437
f 2116/2045/1231 2111/2257/1420 2142/2270/1476 2117/2047/1230
f 2105/2053/1227 6432/2265/1296 6189/2256/1288 2106/2059/1226
f 2117/2047/1230 2142/2270/1476 2139/2271/1419 2103/2049/1228
f 2144/2008/507 2156/2011/507 2157/2010/507 2145/2009/507
f 2112/2234/1422 2119/2235/1452 6414/2236/1427 2111/2233/1420
f 6244/2201/1000 2165/2204/1000 2161/2203/1000 6235/2202/1000
f 2142/2233/1476 6231/2236/1453 6230/2235/1454 2139/2234/1419
f 6423/2217/1455 6261/2220/1455 6238/2219/1455 2131/2218/1455
f 2143/2217/1456 6212/2220/1456 6388/2219/1456 2141/2218/1456
f 2109/2205/988 2123/2208/988 2119/2207/1452 2112/2206/1422
f 6213/2012/10 2150/2015/10 2151/2014/10 6389/2013/10
f 6264/2012/10 2149/2015/10 2148/2014/10 2130/2013/10
f 6476/2186/10 6486/2189/10 6420/2188/10 6477/2187/10
f 6416/2199/1382 6415/2200/1383 6394/2163/1458 6397/2198/1382
f 6398/2198/1385 6392/2163/1459 6396/2200/1387 6395/2199/1385
f 6392/2163/1459 6478/2166/1388 6419/2165/1388 6417/2164/1388
f 6393/2177/699 6475/2176/699 2357/2175/699 6391/2174/699
f 2358/2194/1460 2371/2197/1460 2373/2196/1460 2348/2195/1460
f 2353/2209/1379 2369/2212/1380 2368/2211/1380 2352/2210/1379
f 2322/2199/1357 2340/2200/1301 6490/2163/1461 6492/2198/1357
f 6438/2199/1279 6439/2200/1280 6411/2163/1434 6493/2198/1279
f 6473/2163/1416 6484/2164/1313 6446/2200/1315
f 6458/2164/1277 6451/2165/1277 6449/2166/1277 6490/2163/1461
f 2340/2200/1301 6458/2164/1277 6490/2163/1461
f 2320/2212/1302 6485/2226/1303 6459/2225/1303 6452/2211/1302
f 2339/2237/509 6445/2240/509 2333/2239/509 2319/2238/509
f 6474/2174/504 6491/2177/504 2337/2176/504 6443/2175/504
f 6473/2163/1416 2338/2166/1313 2329/2165/1313 6484/2164/1313
f 6483/2209/1284 6482/2212/1285 2366/2211/1285 2351/2210/1284
f 2330/2194/1477 2343/2197/1462 2332/2196/1477 2336/2195/1462
f 2346/2198/1348 6406/2163/1414 2350/2200/1350 2349/2199/1348
f 2369/2212/1380 6418/2226/1384 6479/2225/1384 2368/2211/1380
f 6392/2163/1459 6417/2164/1388 6396/2200/1387
f 2363/2237/507 2361/2240/507 6487/2239/507 6480/2238/507
f 6415/2200/1383 2356/2164/1378 6394/2163/1458
f 2356/2164/1378 2362/2165/1378 2370/2166/1378 6394/2163/1458
f 2135/2205/1463 6214/2208/1463 6231/2207/1453 2142/2206/1476
f 2190/2077/10 6334/2078/10 2224/2273/10 2189/2272/10
f 2188/2274/10 2226/2275/10 6293/2134/10 2187/2133/10
f 2192/2130/10 6291/2131/10 2223/2081/10 2191/2080/10
f 2139/2206/1419 6230/2207/1454 6390/2208/1464 2134/2205/1464
f 2189/2272/10 2224/2273/10 2226/2275/10 2188/2274/10
f 2222/2276/1000 6339/2279/1000 6495/2278/988 2225/2277/988
f 2194/2280/1001 6341/2281/1001 6340/2075/991 6336/2072/991
f 2193/2282/996 6494/2285/996 6342/2284/1002 2195/2283/1002
f 6332/2069/998 6337/2070/998 6494/2285/996 2193/2282/996
f 2225/2277/988 6495/2278/988 6338/2071/987 6333/2068/987
f 2195/2283/1002 6342/2284/1002 6341/2281/1001 2194/2280/1001
f 2174/2183/4 2282/2182/4 6513/2170/4 2210/2173/4
f 2208/2172/4 6280/2171/4 2178/2184/4 2173/2185/4
f 2173/2185/4 2178/2184/4 2177/2178/4 2209/2181/4
f 2233/2132/4 6347/2129/4 6346/2130/4 2232/2131/4
f 2206/2180/4 6460/2179/4 6373/2167/4 2207/2134/4
f 2209/2181/4 2177/2178/4 6460/2179/4 2206/2180/4
f 2175/2169/4 6372/2168/4 2282/2182/4 2174/2183/4
f 2196/2134/4 6496/2133/4 6347/2129/4 2233/2132/4
f 2236/2286/1390 2276/2289/1376 2277/2288/1370 2234/2287/1369
f 2234/2287/1369 2277/2288/1370 2242/2291/1371 2243/2290/1368
f 2244/2292/1366 2273/2295/1367 2241/2294/1364 2235/2293/1363
f 2230/2275/4 6343/2274/4 6496/2133/4 2196/2134/4
f 2231/2078/4 6345/2077/4 6344/2272/4 2228/2273/4
f 2229/2081/4 6497/2080/4 2239/2076/4 2227/2079/4
f 2228/2273/4 6344/2272/4 6343/2274/4 2230/2275/4
f 2227/2079/4 2239/2076/4 6345/2077/4 2231/2078/4
f 2232/2131/4 6346/2130/4 6497/2080/4 2229/2081/4
f 2243/2290/1368 2242/2291/1371 2273/2295/1367 2244/2292/1366
f 2278/2296/1374 2255/2104/1254 2254/2085/1251 2247/2082/1375
f 2246/2297/1373 2253/2107/1250 2252/2108/1262 2281/2154/1274
f 2279/2153/1275 2251/2111/1259 2250/2098/1248 2245/2298/1247
f 2248/2299/1372 2256/2102/1256 2255/2104/1254 2278/2296/1374
f 2281/2154/1274 2252/2108/1262 2251/2111/1259 2279/2153/1275
f 2245/2298/1247 2250/2098/1248 2249/2099/1249 2280/2300/1246
f 2280/2300/1246 2249/2099/1249 2256/2102/1256 2248/2299/1372
f 2275/2152/1272 2279/2153/1275 2245/2298/1247 2276/2289/1376
f 2240/2301/1365 2246/2297/1373 2281/2154/1274 2274/2151/1273
f 2273/2295/1367 2278/2296/1374 2247/2082/1375 2241/2294/1364
f 2277/2288/1370 2280/2300/1246 2248/2299/1372 2242/2291/1371
f 2276/2289/1376 2245/2298/1247 2280/2300/1246 2277/2288/1370
f 2241/2294/1364 2247/2082/1375 2246/2083/1373 2240/2302/1365
f 2242/2291/1371 2248/2299/1372 2278/2296/1374 2273/2295/1367
f 6500/2237/504 6501/2240/504 6466/2239/504 6464/2238/504
f 6503/2163/1465 6511/2166/1359 6502/2165/1359 6499/2164/1359
f 6470/2209/1346 6471/2212/1347 6469/2211/1347 6468/2210/1346
f 2331/2194/1466 6507/2197/1466 6504/2196/1466 6505/2195/1466
f 2321/2177/509 6510/2176/509 6512/2175/509 2334/2174/509
f 2318/2198/1338 6503/2163/1465 2327/2200/1340 2325/2199/1338
f 6471/2212/1347 2344/2226/1358 2345/2225/1358 6469/2211/1347
f 6503/2163/1465 6499/2164/1359 2327/2200/1340
f 2323/2199/1341 2328/2200/1342 6508/2163/1469 6506/2198/1341
f 6509/2186/10 6467/2189/10 2335/2188/10 2341/2187/10
f 2328/2200/1342 6465/2164/1344 6508/2163/1469
f 6465/2164/1344 2326/2165/1344 2342/2166/1344 6508/2163/1469
f 2237/2303/1391 2275/2152/1272 2276/2289/1376 2236/2286/1390
f 6514/2304/1362 2240/2301/1365 2274/2151/1273 2238/2305/1389
f 2210/2173/4 6513/2170/4 6280/2171/4 2208/2172/4
f 2176/2248/1443 2286/2249/1442 2285/2269/1451 2213/2268/1450
f 2212/2247/1440 6278/2260/1447 2284/2261/1446 2301/2250/1441
f 2238/2305/1389 2274/2151/1273 2275/2152/1272 2237/2303/1391
f 6279/2259/1444 2179/2307/1449 2283/2306/1448 2180/2262/1445
f 2235/2293/1363 2241/2294/1364 2240/2302/1365 6514/2308/1362
f 6360/2060/1470 6380/2063/1470 6378/2062/1470 6361/2061/1470
f 6377/2064/1471 6456/2067/1471 6454/2066/1471 6376/2065/1471
f 2296/2041/1472 6455/2042/1472 6381/2043/1472 2215/2040/1472
f 6457/2054/504 6379/2057/504 2297/2056/504 2315/2055/504
f 2216/2040/1473 2298/2043/1473 2310/2042/1473 2295/2041/1473
f 6532/2004/5 6596/2005/5 6735/2006/5 6773/2007/5
f 6542/2008/507 6536/2009/507 6538/2010/507 6544/2011/507
f 6526/2012/10 6531/2013/10 6563/2014/10 6575/2015/10
f 6577/2008/699 6579/2009/699 6602/2010/699 6606/2011/699
f 6608/2016/998 6607/2017/987 6718/2018/987 6639/2019/998
f 6610/2020/1001 6719/2021/1002 6612/2022/1002 6613/2023/1001
f 6609/2024/996 6608/2025/998 6639/2026/998 6640/2027/996
f 6607/2017/987 6636/2028/988 6641/2029/988 6718/2018/987
f 6635/2030/1000 6611/2031/991 6637/2032/991 6638/2033/1000
f 6611/2031/991 6610/2020/1001 6613/2023/1001 6637/2032/991
f 6719/2021/1002 6609/2024/996 6640/2027/996 6612/2022/1002
f 2390/2034/1226 6630/2035/1001 6631/2036/991 2386/2037/1227
f 2386/2037/1227 6631/2036/991 6634/2038/1000 2387/2039/1228
f 6636/2028/988 6635/2030/1000 6638/2033/1000 6641/2029/988
f 6703/2040/1229 6702/2041/1229 6698/2042/1229 6700/2043/1229
f 2387/2039/1228 6634/2038/1000 2374/2044/988 2388/2045/1230
f 2388/2045/1230 2374/2044/988 6798/2046/987 2389/2047/1231
f 2389/2047/1231 6798/2046/987 2376/2048/998 2375/2049/1232
f 2375/2050/1232 2376/2051/998 6633/2052/996 2377/2053/1233
f 6699/2054/504 6707/2055/504 6711/2056/504 6701/2057/504
f 6704/2041/1234 6705/2040/1234 6710/2043/1234 6706/2042/1234
f 2377/2053/1233 6633/2052/996 6632/2058/1002 2378/2059/1235
f 2378/2059/1235 6632/2058/1002 6630/2035/1001 2390/2034/1226
f 2486/2060/1236 2564/2061/1236 2579/2062/1236 2578/2063/1236
f 2589/2064/1237 2585/2065/1237 2584/2066/1237 2559/2067/1237
f 6666/2040/1238 6667/2041/1238 6650/2042/1238 6652/2043/1238
f 6663/2040/1239 6662/2041/1239 6654/2042/1239 6656/2043/1239
f 6655/2054/509 6646/2055/509 6644/2056/509 6657/2057/509
f 6651/2054/699 6658/2055/699 6660/2056/699 6653/2057/699
f 6664/2041/1240 6665/2040/1240 6661/2043/1240 6659/2042/1240
f 6649/2041/1241 6648/2040/1241 6645/2043/1241 6647/2042/1241
f 2586/2064/1242 2566/2065/1242 2560/2066/1242 2588/2067/1242
f 2565/2061/1243 2577/2060/1243 2563/2063/1243 2576/2062/1243
f 2575/2061/1244 2574/2060/1244 2571/2063/1244 2562/2062/1244
f 2580/2064/1245 2583/2065/1245 2561/2066/1245 2581/2067/1245
f 6669/2068/988 6668/2069/1000 6673/2070/1000 6674/2071/988
f 6672/2072/996 2494/2073/998 6675/2074/998 6676/2075/996
f 6685/2076/10 2462/2077/10 6670/2078/10 6671/2079/10
f 2463/2080/10 6685/2076/10 6671/2079/10 2495/2081/10
f 2519/2082/1246 2518/2083/1247 2525/2084/1248 2526/2085/1249
f 6686/2086/991 6620/2087/1001 6684/2088/1001 6621/2089/991
f 6619/2090/1002 6687/2091/996 6625/2092/996 6626/2093/1002
f 6688/2094/998 6689/2095/987 6624/2096/987 2490/2097/998
f 2522/2098/1250 2521/2099/1251 2529/2100/1252 2530/2101/1253
f 2521/2099/1251 2528/2102/1254 2536/2103/1255 2529/2100/1252
f 2527/2104/1256 2526/2085/1249 2534/2105/1257 2535/2106/1258
f 2525/2107/1248 2524/2108/1259 2532/2109/1260 2533/2110/1261
f 2523/2111/1262 2522/2098/1250 2530/2101/1253 2531/2112/1263
f 2528/2102/1254 2527/2104/1256 2535/2106/1258 2536/2103/1255
f 2526/2085/1249 2525/2084/1248 2533/2113/1261 2534/2105/1257
f 2524/2108/1259 2523/2111/1262 2531/2112/1263 2532/2109/1260
f 2536/2103/1255 2535/2106/1258 2543/2114/1264 2544/2115/1265
f 2534/2105/1257 2533/2113/1261 2541/2116/1266 2542/2117/1267
f 2532/2109/1260 2531/2112/1263 2539/2118/1268 2540/2119/1412
f 2530/2101/1253 2529/2100/1252 2537/2120/1270 2538/2121/1271
f 2529/2100/1252 2536/2103/1255 2544/2115/1265 2537/2120/1270
f 2535/2106/1258 2534/2105/1257 2542/2117/1267 2543/2114/1264
f 2533/2110/1261 2532/2109/1260 2540/2119/1412 2541/2122/1266
f 2531/2112/1263 2530/2101/1253 2538/2121/1271 2539/2118/1268
f 6618/2123/988 6617/2124/1000 6622/2125/1000 6623/2126/988
f 6620/2087/1001 6619/2090/1002 6626/2093/1002 6684/2088/1001
f 6687/2091/996 6688/2127/998 2490/2128/998 6625/2092/996
f 6689/2095/987 6618/2123/988 6623/2126/988 6624/2096/987
f 6617/2124/1000 6686/2086/991 6621/2089/991 6622/2125/1000
f 2489/2129/10 2464/2130/10 6627/2131/10 6628/2132/10
f 2459/2133/10 2489/2129/10 6628/2132/10 6629/2134/10
f 6690/2135/4 6691/2136/4 2492/2137/4 2457/2138/4
f 6643/2139/4 6642/2140/4 2458/2141/4 2491/2142/4
f 6695/2143/4 6643/2139/4 2491/2142/4 2454/2144/4
f 6693/2145/4 6694/2146/4 2455/2147/4 2493/2148/4
f 6691/2136/4 6692/2149/4 2456/2150/4 2492/2137/4
f 6642/2140/4 6690/2135/4 2457/2138/4 2458/2141/4
f 2546/2151/1272 2547/2152/1273 2551/2153/1274 2553/2154/1275
f 6694/2146/4 6695/2143/4 2454/2144/4 2455/2147/4
f 6692/2149/4 6693/2145/4 2493/2148/4 2456/2150/4
f 2540/2155/1412 2537/2156/1270 2544/2157/1265 2541/2158/1266
f 2541/2158/1266 2544/2157/1265 2543/2159/1264 2542/2160/1267
f 2537/2156/1270 2540/2155/1412 2539/2161/1268 2538/2162/1271
f 6742/2163/1276 6825/2164/1277 6762/2165/1277 6744/2166/1277
f 2469/2167/10 2474/2168/10 2444/2169/10 2440/2134/10
f 2472/2170/10 6797/2171/10 2442/2172/10 2443/2173/10
f 6743/2174/504 6745/2175/504 6757/2176/504 6746/2177/504
f 6799/2178/10 2470/2179/10 2475/2180/10 2476/2181/10
f 2474/2168/10 2473/2182/10 2477/2183/10 2444/2169/10
f 6797/2171/10 2471/2184/10 2441/2185/10 2442/2172/10
f 2470/2179/10 2469/2167/10 2440/2134/10 2475/2180/10
f 6784/2186/10 6778/2187/10 6780/2188/10 6786/2189/10
f 2473/2182/10 2472/2170/10 2443/2173/10 2477/2183/10
f 2471/2184/10 6799/2178/10 2476/2181/10 2441/2185/10
f 6558/2190/10 6770/2191/10 6738/2192/10 6723/2193/10
f 2619/2194/1478 6817/2195/1478 2632/2196/1478 2644/2197/1478
f 6808/2198/1279 6783/2199/1279 6782/2200/1280 6809/2163/1281
f 6528/2201/996 6576/2202/996 6593/2203/996 6590/2204/996
f 6547/2201/1000 6519/2202/1000 6521/2203/1000 6594/2204/1000
f 6560/2191/10 6767/2190/10 6598/2193/10 6534/2192/10
f 6551/2191/10 6541/2190/10 6546/2193/10 6572/2192/10
f 6562/2201/988 2399/2202/988 6772/2203/988 6564/2204/988
f 6582/2201/1418 6722/2202/1418 6720/2203/1418 6604/2204/1418
f 6599/2201/1001 6578/2202/1001 2438/2203/1001 6736/2204/1001
f 2396/2004/1 6739/2005/1 6748/2006/1 6721/2007/1
f 6554/2205/1283 2380/2206/1283 6518/2207/1283 6529/2208/1283
f 6758/2186/10 2639/2187/10 6763/2188/10 6764/2189/10
f 2596/2209/1284 6789/2210/1284 6788/2211/1285 2592/2212/1285
f 6769/2205/1286 2385/2206/1286 6760/2207/1286 6740/2208/1286
f 6537/2201/991 6583/2202/991 6588/2203/991 2431/2204/991
f 6525/2213/1287 6771/2214/1288 6553/2215/1289 6555/2216/1289
f 2411/2213/1290 6768/2214/1291 2382/2215/1292 6557/2216/1292
f 2383/2213/1293 2414/2214/1479 6540/2215/1295 6552/2216/1295
f 6561/2213/1296 2384/2214/1297 6766/2215/1298 6559/2216/1298
f 6737/2201/987 6543/2202/987 2430/2203/987 6749/2204/987
f 6517/2217/1299 6515/2218/1299 6533/2219/1299 6530/2220/1299
f 6761/2217/1300 6524/2218/1300 6585/2219/1300 6741/2220/1300
f 6520/2008/509 6581/2009/509 2439/2010/509 2432/2011/509
f 6742/2163/1276 2622/2200/1301 6825/2164/1277
f 6545/2221/10 6539/2222/10 6592/2223/10 6603/2224/10
f 6818/2212/1302 2638/2211/1302 6776/2225/1303 6824/2226/1303
f 2412/2206/1304 2409/2205/1304 6535/2208/1304 6516/2207/1304
f 2379/2206/1305 6556/2205/1305 6586/2208/1305 6523/2207/1305
f 2383/2206/1293 2408/2205/1306 6573/2208/1306 6750/2207/1307
f 6601/2227/1308 6522/2228/1309 6565/2229/1310 6605/2230/1311
f 6592/2223/10 6565/2229/1310 6522/2228/1309 6603/2224/10
f 6595/2231/1312 6522/2228/1309 6601/2227/1308 6569/2232/1312
f 6570/2004/8 2410/2005/8 2425/2006/8 6568/2007/8
f 2405/2191/10 2404/2190/10 6527/2193/10 6584/2192/10
f 6777/2164/1313 6747/2163/1314 2627/2166/1313 6765/2165/1313
f 6587/2004/2 2398/2005/2 6591/2006/2 6589/2007/2
f 6768/2233/1291 6525/2234/1287 2401/2235/10 2392/2236/10
f 6775/2200/1315 6747/2163/1314 6777/2164/1313
f 2479/2134/4 2447/2169/4 6708/2168/4 6709/2167/4
f 6771/2234/1288 6561/2233/1296 2393/2236/10 2394/2235/10
f 2397/2012/10 2400/2013/10 2419/2014/10 2418/2015/10
f 2637/2237/509 2626/2238/509 2631/2239/509 2636/2240/509
f 2435/2241/1316 2424/2242/1316 6605/2230/1311 6565/2229/1310
f 2483/2243/1317 2572/2244/1318 2453/2245/1319 6834/2246/1320
f 2484/2247/1321 2448/2248/1322 2558/2249/1323 2573/2250/1324
f 2427/2251/10 6592/2223/10 6539/2222/10 2436/2252/10
f 2434/2253/10 6545/2221/10 6603/2224/10 2426/2254/10
f 2378/2059/1235 2390/2034/1226 6771/2255/1288 6525/2256/1287
f 2387/2039/1228 2388/2045/1230 2383/2257/1293 2384/2258/1297
f 6615/2259/1325 6614/2260/1326 2556/2261/1327 2452/2262/1328
f 2483/2243/1317 2451/2263/1329 2555/2264/1330 2572/2244/1318
f 2375/2050/1232 2377/2053/1233 6768/2265/1291 2411/2266/1290
f 2390/2034/1226 2386/2037/1227 6561/2267/1296 6771/2255/1288
f 2386/2037/1227 2387/2039/1228 2384/2258/1297 6561/2267/1296
f 2485/2268/1331 6834/2246/1320 2453/2245/1319 2557/2269/1332
f 2388/2045/1230 2389/2047/1231 2414/2270/1479 2383/2257/1293
f 2377/2053/1233 2378/2059/1235 6525/2256/1287 6768/2265/1291
f 2389/2047/1231 2375/2049/1232 2411/2271/1290 2414/2270/1479
f 2416/2008/504 2417/2009/504 2429/2010/504 2428/2011/504
f 2384/2234/1297 2383/2233/1293 6750/2236/1307 2391/2235/1333
f 6580/2201/998 6571/2202/998 2433/2203/998 2437/2204/998
f 2414/2233/1479 2411/2234/1290 6566/2235/1334 6567/2236/1335
f 6759/2217/1336 2403/2218/1336 6574/2219/1336 6597/2220/1336
f 2415/2217/1337 2413/2218/1337 6724/2219/1337 6548/2220/1337
f 2381/2205/987 2384/2206/1297 2391/2207/1333 2395/2208/987
f 6549/2012/10 6725/2013/10 2423/2014/10 2422/2015/10
f 6600/2012/10 2402/2013/10 2420/2014/10 2421/2015/10
f 6812/2186/10 6813/2187/10 6756/2188/10 6822/2189/10
f 6752/2199/1338 6733/2198/1338 6730/2163/1339 6751/2200/1340
f 6734/2198/1341 6731/2199/1341 6732/2200/1342 6728/2163/1343
f 6728/2163/1343 6753/2164/1344 6755/2165/1344 6814/2166/1344
f 6729/2177/509 6727/2174/509 2629/2175/509 6811/2176/509
f 2630/2194/1345 2620/2195/1345 2645/2196/1345 2643/2197/1345
f 2625/2209/1346 2624/2210/1346 2640/2211/1347 2641/2212/1347
f 2594/2199/1348 6828/2198/1348 6826/2163/1349 2612/2200/1350
f 6774/2199/1351 6829/2198/1351 6747/2163/1314 6775/2200/1315
f 6809/2163/1281 6782/2200/1280 6820/2164/1352
f 6794/2164/1353 6826/2163/1349 6785/2166/1353 6787/2165/1353
f 2612/2200/1350 6826/2163/1349 6794/2164/1353
f 2592/2212/1285 6788/2211/1285 6795/2225/1354 6821/2226/1354
f 2611/2237/699 2591/2238/699 2605/2239/699 6781/2240/699
f 6810/2174/507 6779/2175/507 2609/2176/507 6827/2177/507
f 6809/2163/1281 6820/2164/1352 2601/2165/1352 2610/2166/1352
f 6819/2209/1355 2623/2210/1355 2638/2211/1302 6818/2212/1302
f 2602/2194/1480 2608/2195/1480 2604/2196/1480 2615/2197/1480
f 2618/2198/1357 2621/2199/1357 2622/2200/1301 6742/2163/1276
f 2641/2212/1347 2640/2211/1347 6815/2225/1358 6754/2226/1358
f 6728/2163/1343 6732/2200/1342 6753/2164/1344
f 2635/2237/504 6816/2238/504 6823/2239/504 2633/2240/504
f 6751/2200/1340 6730/2163/1339 2628/2164/1359
f 2628/2164/1359 6730/2163/1339 2642/2166/1359 2634/2165/1359
f 2407/2205/1360 2414/2206/1479 6567/2207/1335 6550/2208/1360
f 2462/2077/10 2461/2272/10 2496/2273/10 6670/2078/10
f 2460/2274/10 2459/2133/10 6629/2134/10 2498/2275/10
f 2464/2130/10 2463/2080/10 2495/2081/10 6627/2131/10
f 2411/2206/1290 2406/2205/1361 6726/2208/1361 6566/2207/1334
f 2461/2272/10 2460/2274/10 2498/2275/10 2496/2273/10
f 2494/2276/998 2497/2277/987 6831/2278/987 6675/2279/998
f 2466/2280/1002 6672/2072/996 6676/2075/996 6677/2281/1002
f 2465/2282/991 2467/2283/1001 6678/2284/1001 6830/2285/991
f 6668/2069/1000 2465/2282/991 6830/2285/991 6673/2070/1000
f 2497/2277/987 6669/2068/988 6674/2071/988 6831/2278/987
f 2467/2283/1001 2466/2280/1002 6677/2281/1002 6678/2284/1001
f 2446/2183/4 2482/2173/4 6849/2170/4 2554/2182/4
f 2480/2172/4 2445/2185/4 2450/2184/4 6616/2171/4
f 2445/2185/4 2481/2181/4 2449/2178/4 2450/2184/4
f 2505/2132/4 2504/2131/4 6682/2130/4 6683/2129/4
f 2478/2180/4 2479/2134/4 6709/2167/4 6796/2179/4
f 2481/2181/4 2478/2180/4 6796/2179/4 2449/2178/4
f 2447/2169/4 2446/2183/4 2554/2182/4 6708/2168/4
f 2468/2134/4 2505/2132/4 6683/2129/4 6832/2133/4
f 2508/2286/1362 2506/2287/1363 2549/2288/1364 2548/2289/1365
f 2506/2287/1363 2515/2290/1366 2514/2291/1367 2549/2288/1364
f 2516/2292/1368 2507/2293/1369 2513/2294/1370 2545/2295/1371
f 2502/2275/4 2468/2134/4 6832/2133/4 6679/2274/4
f 2503/2078/4 2500/2273/4 6680/2272/4 6681/2077/4
f 2501/2081/4 2499/2079/4 2511/2076/4 6833/2080/4
f 2500/2273/4 2502/2275/4 6679/2274/4 6680/2272/4
f 2499/2079/4 2503/2078/4 6681/2077/4 2511/2076/4
f 2504/2131/4 2501/2081/4 6833/2080/4 6682/2130/4
f 2515/2290/1366 2516/2292/1368 2545/2295/1371 2514/2291/1367
f 2550/2296/1372 2519/2082/1246 2526/2085/1249 2527/2104/1256
f 2518/2297/1247 2553/2154/1275 2524/2108/1259 2525/2107/1248
f 2551/2153/1274 2517/2298/1373 2522/2098/1250 2523/2111/1262
f 2520/2299/1374 2550/2296/1372 2527/2104/1256 2528/2102/1254
f 2553/2154/1275 2551/2153/1274 2523/2111/1262 2524/2108/1259
f 2517/2298/1373 2552/2300/1375 2521/2099/1251 2522/2098/1250
f 2552/2300/1375 2520/2299/1374 2528/2102/1254 2521/2099/1251
f 2547/2152/1273 2548/2289/1365 2517/2298/1373 2551/2153/1274
f 2512/2301/1376 2546/2151/1272 2553/2154/1275 2518/2297/1247
f 2545/2295/1371 2513/2294/1370 2519/2082/1246 2550/2296/1372
f 2549/2288/1364 2514/2291/1367 2520/2299/1374 2552/2300/1375
f 2548/2289/1365 2549/2288/1364 2552/2300/1375 2517/2298/1373
f 2513/2294/1370 2512/2302/1376 2518/2083/1247 2519/2082/1246
f 2514/2291/1367 2545/2295/1371 2550/2296/1372 2520/2299/1374
f 6836/2237/507 6800/2238/507 6802/2239/507 6837/2240/507
f 6839/2163/1377 6835/2164/1378 6838/2165/1378 6847/2166/1378
f 6806/2209/1379 6804/2210/1379 6805/2211/1380 6807/2212/1380
f 2603/2194/1381 6841/2195/1381 6840/2196/1381 6843/2197/1381
f 2593/2177/699 2606/2174/699 6848/2175/699 6846/2176/699
f 2590/2198/1382 2597/2199/1382 2599/2200/1383 6839/2163/1377
f 6807/2212/1380 6805/2211/1380 2617/2225/1384 2616/2226/1384
f 6839/2163/1377 2599/2200/1383 6835/2164/1378
f 2595/2199/1481 6842/2198/1481 6844/2163/1386 2600/2200/1387
f 6845/2186/10 2613/2187/10 2607/2188/10 6803/2189/10
f 2600/2200/1387 6844/2163/1386 6801/2164/1388
f 6801/2164/1388 6844/2163/1386 2614/2166/1388 2598/2165/1388
f 2509/2303/1389 2508/2286/1362 2548/2289/1365 2547/2152/1273
f 6850/2304/1390 2510/2305/1391 2546/2151/1272 2512/2301/1376
f 2482/2173/4 2480/2172/4 6616/2171/4 6849/2170/4
f 2448/2248/1322 2485/2268/1331 2557/2269/1332 2558/2249/1323
f 2484/2247/1321 2573/2250/1324 2556/2261/1327 6614/2260/1326
f 2510/2305/1391 2509/2303/1389 2547/2152/1273 2546/2151/1272
f 6615/2259/1325 2452/2262/1328 2555/2306/1330 2451/2307/1329
f 2507/2293/1369 6850/2308/1390 2512/2302/1376 2513/2294/1370
f 6696/2060/1392 6697/2061/1392 6714/2062/1392 6716/2063/1392
f 6713/2064/1393 6712/2065/1393 6790/2066/1393 6792/2067/1393
f 2568/2041/1394 2487/2040/1394 6717/2043/1394 6791/2042/1394
f 6793/2054/507 2587/2055/507 2569/2056/507 6715/2057/507
f 2488/2040/1395 2567/2041/1395 2582/2042/1395 2570/2043/1395
f 2696/1413/1141 2704/1416/1144 2705/1415/1124 2697/1414/1123
f 2695/1417/1142 2703/1418/1143 2704/1416/1144 2696/1413/1141
f 6894/1419/4 2743/1422/4 6895/1421/4 6893/1420/4
f 2683/1423/989 2684/1426/986 2849/1425/987 2856/1424/988
f 2686/1427/997 2791/1430/995 7075/1429/994 2847/1428/996
f 2791/1431/995 2687/1434/993 7070/1433/992 7075/1432/994
f 2687/1434/993 2688/1436/990 2857/1435/991 7070/1433/992
f 2688/1436/990 2792/1438/1003 2846/1437/1000 2857/1435/991
f 2823/1439/998 6999/1442/998 6946/1441/996 6928/1440/996
f 6931/1443/988 6949/1446/988 6998/1445/987 2824/1444/987
f 6944/1447/1002 6945/1450/1002 6948/1449/1001 6943/1448/1001
f 6928/1440/996 6946/1441/996 6945/1450/1002 6944/1447/1002
f 2684/1426/986 2685/1452/999 2848/1451/998 2849/1425/987
f 2685/1452/999 2686/1427/997 2847/1428/996 2848/1451/998
f 6953/1453/998 6923/1456/998 6922/1455/996 6952/1454/996
f 6933/1457/991 6947/1460/991 6950/1459/1000 2825/1458/1000
f 6943/1448/1001 6948/1449/1001 6947/1460/991 6933/1457/991
f 2825/1458/1000 6950/1459/1000 6949/1462/988 6931/1461/988
f 6938/1463/4 2812/1466/4 6930/1465/4 6951/1464/4
f 6936/1467/4 6929/1470/4 2813/1469/4 6935/1468/4
f 6937/1471/4 2810/1474/4 2811/1473/4 2826/1472/4
f 2808/1475/4 6932/1476/4 2812/1466/4 6938/1463/4
f 6951/1464/4 6930/1465/4 6929/1470/4 6936/1467/4
f 6935/1468/4 2813/1469/4 2809/1478/4 2827/1477/4
f 2827/1477/4 2809/1478/4 2810/1474/4 6937/1471/4
f 2683/1423/989 2783/1480/1004 2784/1479/1005 2684/1426/986
f 2685/1452/999 2785/1482/1018 2786/1481/1008 2686/1427/997
f 2687/1434/993 2788/1484/1019 2789/1483/1006 2688/1436/990
f 2684/1426/986 2784/1479/1005 2785/1482/1018 2685/1452/999
f 7186/1485/1111 2883/1488/1108 2799/1487/1107 2798/1486/1110
f 2880/1489/1105 2881/1492/1182 2795/1491/1183 2794/1490/1106
f 2789/1483/1006 6941/1495/4 6942/1494/4 2790/1493/1007
f 2787/1496/1009 6940/1498/4 6939/1497/4 2788/1484/1019
f 2788/1484/1019 6939/1497/4 6941/1495/4 2789/1483/1006
f 2853/1499/991 6876/1502/991 6878/1501/1000 2851/1500/1000
f 7006/1503/1021 6873/1506/987 6875/1505/998 2841/1504/998
f 2855/1507/1001 6877/1508/1001 6876/1502/991 2853/1499/991
f 2851/1500/1000 6878/1501/1000 6874/1510/988 7008/1509/1020
f 7008/1509/1020 6874/1510/988 6873/1512/987 7006/1511/1021
f 2852/1513/1002 6879/1514/1002 6877/1508/1001 2855/1507/1001
f 6909/1515/1222 6906/1518/1222 6905/1517/1218 6908/1516/1218
f 6882/1519/1223 6959/1522/1223 6919/1521/1028 6881/1520/1028
f 2712/1523/1027 6921/1526/1027 6920/1525/1026 7166/1524/1026
f 6881/1520/1028 6919/1521/1028 6918/1528/1025 2714/1527/1025
f 6960/1529/4 6907/1532/4 6926/1531/4 6961/1530/4
f 2773/1533/4 2756/1534/4 6907/1532/4 6960/1529/4
f 6917/1535/4 6925/1538/4 2758/1537/4 6963/1536/4
f 6904/1539/4 6958/1542/4 6924/1541/4 6916/1540/4
f 6903/1543/4 6927/1544/4 6958/1542/4 6904/1539/4
f 6916/1540/4 6924/1541/4 6925/1538/4 6917/1535/4
f 6963/1536/4 2758/1537/4 2756/1534/4 2773/1533/4
f 6961/1530/4 6926/1531/4 6927/1544/4 6903/1543/4
f 6902/1545/1034 6898/1548/998 6897/1547/996 6901/1546/1033
f 6968/1549/1032 6896/1552/988 6965/1551/987 2736/1550/1031
f 6899/1553/1030 2738/1556/991 2739/1555/1000 2735/1554/1029
f 6966/1557/1036 6964/1560/1002 2737/1559/1001 6900/1558/1035
f 6901/1546/1033 6897/1547/996 6964/1560/1002 6966/1557/1036
f 2736/1550/1031 6965/1551/987 6898/1548/998 6902/1545/1034
f 2735/1554/1029 2739/1555/1000 6896/1552/988 6968/1549/1032
f 6900/1561/1035 2737/1562/1001 2738/1556/991 6899/1553/1030
f 2741/1563/4 2749/1565/4 2743/1422/4 2742/1564/4
f 6895/1421/4 2743/1422/4 2749/1565/4 2740/1566/4
f 2742/1564/4 2743/1422/4 6894/1419/4 2750/1567/4
f 6892/1568/1038 2734/1571/1039 2748/1570/1040 6891/1569/1037
f 6886/1572/1050 2747/1575/1051 6969/1574/1052 6885/1573/1049
f 6887/1576/1046 2746/1579/1047 6967/1578/1048 6888/1577/1045
f 6889/1580/1042 2745/1583/1043 2744/1582/1044 6890/1581/1041
f 6891/1569/1037 2748/1570/1040 2747/1575/1051 6886/1572/1050
f 6885/1573/1049 6969/1574/1052 2746/1579/1047 6887/1576/1046
f 6888/1577/1045 6967/1578/1048 2745/1583/1043 6889/1580/1042
f 6890/1581/1041 2744/1582/1044 2734/1571/1039 6892/1568/1038
f 6962/1584/987 2732/1587/1156 2726/1586/1151 2753/1585/998
f 2824/1444/987 6998/1445/987 6999/1442/998 2823/1439/998
f 2814/1588/4 2818/1591/4 2820/1590/4 2822/1589/4
f 2820/1590/4 2818/1591/4 2819/1593/4 2821/1592/4
f 2815/1594/4 2819/1593/4 2818/1591/4 2817/1595/4
f 2818/1591/4 2814/1588/4 2816/1596/4 2817/1595/4
f 6868/1597/10 6997/1600/10 7012/1599/10 7010/1598/10
f 2873/1601/1002 2859/1604/1002 2837/1603/1001 2890/1602/1001
f 2874/1605/998 2839/1608/998 2861/1607/996 2877/1606/996
f 7182/1609/1020 7066/1612/1020 7064/1611/1021 7180/1610/1021
f 6970/1613/5 7160/1616/1482 2656/1615/1483 6972/1614/5
f 2876/1617/1000 2838/1618/1000 7066/1612/1020 7182/1609/1020
f 2890/1602/1001 2837/1603/1001 2860/1620/991 2891/1619/991
f 2903/1621/1484 7150/1624/1485 7135/1623/1486 7151/1622/1487
f 6973/1625/10 6975/1628/10 7055/1627/10 7045/1626/10
f 7049/1597/10 7053/1600/10 7051/1599/10 7047/1598/10
f 2877/1606/996 2861/1607/996 2859/1604/1002 2873/1601/1002
f 7094/1629/8 7096/1632/8 7059/1631/8 7057/1630/8
f 7090/1633/8 7052/1636/8 7054/1635/8 7092/1634/8
f 7098/1599/4 7043/1598/4 7002/1597/4 7000/1600/4
f 7088/1637/8 7003/1640/8 7044/1639/8 7086/1638/8
f 7087/1641/4 7058/1644/4 7060/1643/4 7089/1642/4
f 7180/1645/1021 7064/1646/1021 2839/1608/998 2874/1605/998
f 7024/1599/4 7144/1598/4 6995/1597/4 6866/1600/4
f 2891/1619/991 2860/1620/991 2838/1618/1000 2876/1617/1000
f 7110/1647/1488 7153/1648/1489 7151/1622/1487
f 7041/1649/1063 7068/1652/1063 7035/1651/1063 7039/1650/1063
f 7069/1653/4 6864/1656/4 7029/1655/4 7034/1654/4
f 7091/1657/1 7095/1660/1 2931/1659/1 2930/1658/1
f 7093/1641/10 7097/1644/10 2933/1643/10 2938/1642/10
f 2944/1659/5 2932/1658/5 2979/1657/5 2980/1660/5
f 7086/1638/8 7044/1639/8 7052/1636/8 7090/1633/8
f 7092/1634/8 7054/1635/8 7003/1640/8 7088/1637/8
f 7001/1661/1065 2921/1664/1065 2922/1663/1065 7050/1662/1065
f 7048/1661/1064 2929/1664/1064 2923/1663/1064 7099/1662/1064
f 7073/1665/1066 7079/1668/1066 7065/1667/1066 7067/1666/1066
f 2913/1669/10 7120/1672/10 6858/1671/10 7118/1670/10
f 7113/1673/1490 7061/1676/1491 6851/1675/1492 6853/1674/1492
f 7117/1677/8 7005/1680/8 6852/1679/8 6860/1678/8
f 2674/1681/1073 2676/1684/1070 2800/1683/1071 2675/1682/1072
f 2911/1685/1493 6852/1679/8 2901/1686/1494
f 2676/1687/1070 2698/1690/1104 2677/1689/1103 2800/1688/1071
f 7119/1691/1 6857/1694/1 6855/1693/1 6859/1692/1
f 6983/1695/1078 6984/1698/1080 6872/1697/1080 7124/1696/1079
f 7135/1623/1486 6870/1700/1495 7111/1699/1495 7110/1647/1488
f 7110/1647/1488 7151/1622/1487 7135/1623/1486
f 7116/1691/5 2912/1694/5 7121/1693/5 7115/1692/5
f 2919/1701/1 7056/1704/1 7080/1703/1 6980/1702/1
f 2935/1669/4 6856/1672/4 6989/1671/4 2916/1670/4
f 6860/1678/8 6852/1679/8 2911/1685/1493
f 7011/1661/1082 2966/1664/1082 2949/1663/1082 7025/1662/1082
f 7114/1705/1496 6977/1707/1497 7157/1706/1498
f 2698/1690/1104 2678/1709/1095 2679/1708/1094 2677/1689/1103
f 2678/1709/1095 2680/1711/1092 2681/1710/1091 2679/1708/1094
f 6978/1702/5 6981/1703/5 6976/1704/5 6974/1701/5
f 7046/1712/1090 7063/1715/1090 7156/1714/1090 2936/1713/1090
f 2680/1711/1092 2700/1717/1089 2801/1716/1088 2681/1710/1091
f 6861/1718/1109 6863/1721/1109 2673/1720/1109 2939/1719/1109
f 2700/1717/1089 2699/1723/1087 2802/1722/1086 2801/1716/1088
f 2925/1724/1499 6982/1727/1500 7081/1726/1501 2924/1725/1501
f 2926/1728/1189 2924/1725/1501 2917/1729/2
f 2920/1730/1190 2917/1729/2 2924/1725/1501 7081/1726/1501
f 6977/1707/1497 7114/1705/1496 2911/1685/1493 6979/1731/1502
f 2908/1732/1102 2910/1735/1102 7004/1734/1102 6988/1733/1102
f 2920/1730/1190 7081/1726/1501 2982/1736/1190
f 2918/1737/4 2927/1740/4 2928/1739/4 2914/1738/4
f 2699/1723/1087 2701/1742/1077 2682/1741/1076 2802/1722/1086
f 2701/1742/1077 2674/1681/1073 2675/1682/1072 2682/1741/1076
f 2895/1743/1014 2880/1489/1105 2794/1490/1106 2793/1744/1015
f 2881/1492/1182 2896/1746/1013 2796/1745/1012 2795/1491/1183
f 7040/1718/1093 2970/1721/1093 7028/1720/1093 7026/1719/1093
f 2896/1746/1013 7184/1748/1010 2797/1747/1011 2796/1745/1012
f 7184/1749/1010 7186/1485/1111 2798/1486/1110 2797/1750/1011
f 2977/1649/1503 2973/1652/1503 2971/1651/1503 6862/1650/1503
f 2826/1472/4 2811/1473/4 6932/1476/4 2808/1475/4
f 2791/1431/995 2787/1496/1009 2788/1484/1019 2687/1434/993
f 2661/1751/1504 7129/1754/1505 2650/1753/1506 7159/1752/1507
f 2975/1755/4 7127/1757/4 7027/1756/4
f 2688/1436/990 2789/1483/1006 2790/1493/1007 2792/1438/1003
f 2686/1427/997 2786/1481/1008 2787/1758/1009 2791/1430/995
f 2842/1759/996 6880/1760/996 6879/1514/1002 2852/1513/1002
f 7134/1761/1117 2653/1762/1117 6983/1695/1078 7124/1696/1079
f 2792/1438/1003 2790/1493/1007 2783/1480/1004 2683/1423/989
f 7134/1761/1117 7125/1764/2 7128/1763/2 2653/1762/1117
f 2792/1438/1003 2683/1423/989 2856/1424/988 2846/1437/1000
f 7194/1765/10 7195/1767/10 7193/1766/10
f 7192/1768/10 7193/1766/10 7195/1767/10
f 7157/1706/1498 6977/1707/1497 7156/1714/1090
f 6987/1769/1508 7131/1772/1509 7132/1771/1510 6854/1770/1511
f 2936/1713/1090 7156/1714/1090 6977/1707/1497
f 2691/1773/1146 2702/1776/1147 2718/1775/982 2692/1774/981
f 7154/1777/1126 7155/1780/1126 2907/1779/1126 7152/1778/1126
f 2902/1673/1512 2900/1676/1513 2943/1782/1139 2941/1781/1139
f 2942/1783/1514 2664/1786/1515 2663/1785/1516 2665/1784/1517
f 7158/1787/1518 6986/1788/1519 7153/1648/1489 7110/1647/1488
f 7158/1787/1518 6987/1769/1508 6986/1788/1519
f 7114/1705/1496 7005/1680/8 7117/1677/8
f 2651/1789/1520 6993/1792/1521 6991/1791/1522 6971/1790/1522
f 2904/1781/1128 7062/1782/1128 7061/1676/1491 7113/1673/1490
f 7046/1712/1090 6979/1731/1502 7063/1715/1090
f 7157/1706/1498 7005/1680/8 7114/1705/1496
f 2901/1686/1494 6979/1731/1502 2911/1685/1493
f 6979/1731/1502 2901/1686/1494 7063/1715/1090
f 2940/1674/1523 2909/1675/1523 2900/1676/1513 2902/1673/1512
f 2693/1793/980 2720/1796/983 2717/1795/985 2694/1794/984
f 2659/1797/1524 2656/1615/1483 7160/1616/1482
f 2697/1414/1123 2705/1415/1124 2719/1799/1125 2690/1798/1122
f 7130/1800/4 7042/1803/4 2654/1802/4 7133/1801/4
f 2690/1798/1122 2719/1799/1125 2702/1805/1147 2691/1804/1146
f 2665/1784/1517 2663/1785/1516 2656/1615/1483 2659/1797/1524
f 6972/1614/5 2656/1615/1483 2663/1785/1516 7107/1806/5
f 7159/1752/1507 2650/1753/1506 2664/1786/1515 2942/1783/1514
f 2654/1802/4 7027/1756/4 7126/1807/4 7133/1801/4
f 7127/1757/4 7126/1807/4 7027/1756/4
f 2975/1755/4 2660/1808/4 7127/1757/4
f 2665/1784/1517 7112/1810/1525 6985/1809/1525 2942/1783/1514
f 2692/1774/981 2718/1775/982 2720/1796/983 2693/1793/980
f 2648/1811/1 2658/1814/1 2976/1813/1 2649/1812/1
f 2694/1794/984 2717/1795/985 2703/1418/1143 2695/1417/1142
f 7037/1815/5 7129/1754/1505 7160/1616/1482 6970/1613/5
f 2648/1811/1 2649/1812/1 2905/1817/1 2906/1816/1
f 2903/1621/1484 6854/1770/1511 7132/1771/1510 7150/1624/1485
f 2905/1817/1 6871/1819/1 6869/1818/1 2906/1816/1
f 7158/1787/1518 7131/1772/1509 6987/1769/1508
f 2659/1797/1524 7160/1616/1482 2655/1820/1526
f 7130/1800/4 2934/1821/4 2660/1808/4 2975/1755/4
f 7130/1800/4 2975/1755/4 7042/1803/4
f 2676/1687/1070 2691/1773/1146 2692/1774/981 2698/1690/1104
f 2699/1723/1087 2696/1413/1141 2697/1414/1123 2701/1742/1077
f 7146/1822/2 7022/1825/2 7020/1824/2 7148/1823/2
f 2678/1709/1095 2693/1793/980 2694/1794/984 2680/1711/1092
f 2700/1717/1089 2695/1417/1142 2696/1413/1141 2699/1723/1087
f 6865/1661/1150 6994/1664/1150 6996/1663/1150 6867/1662/1150
f 2698/1690/1104 2692/1774/981 2693/1793/980 2678/1709/1095
f 2674/1681/1073 2690/1798/1122 2691/1804/1146 2676/1684/1070
f 2701/1742/1077 2697/1414/1123 2690/1798/1122 2674/1681/1073
f 2680/1711/1092 2694/1794/984 2695/1417/1142 2700/1717/1089
f 2751/1826/991 2730/1829/1155 2731/1828/1053 2771/1827/1000
f 2774/1830/1002 2728/1833/1153 2729/1832/1154 2754/1831/1001
f 2753/1585/998 2726/1586/1151 2727/1835/1152 2772/1834/996
f 2752/1836/988 2733/1839/1054 2732/1838/1156 6962/1837/987
f 2771/1827/1000 2731/1828/1053 2733/1839/1054 2752/1836/988
f 2754/1831/1001 2729/1832/1154 2730/1829/1155 2751/1826/991
f 2772/1834/996 2727/1835/1152 2728/1833/1153 2774/1830/1002
f 2841/1504/998 6875/1505/998 6880/1760/996 2842/1759/996
f 2707/1840/1164 2721/1843/1164 7165/1842/1163 2708/1841/1163
f 2716/1844/1162 2722/1847/1162 2723/1846/1161 2715/1845/1161
f 2709/1848/1160 7162/1851/1160 6884/1850/1159 2710/1849/1159
f 2711/1852/1158 6883/1855/1158 7161/1854/1157 2706/1853/1157
f 2706/1853/1157 7161/1854/1157 2721/1843/1164 2707/1840/1164
f 7106/1856/1527 7108/1857/1527 6993/1792/1521 2651/1789/1520
f 7141/1629/5 7019/1632/5 7136/1631/5 7138/1630/5
f 7017/1637/5 2950/1640/5 7145/1639/5 7163/1638/5
f 7016/1659/2 7137/1658/2 7018/1657/2 7014/1660/2
f 7164/1641/4 7139/1644/4 2963/1643/4 2957/1642/4
f 7015/1634/5 2955/1635/5 2950/1640/5 7017/1637/5
f 7163/1638/5 7145/1639/5 7013/1636/5 7143/1633/5
f 7142/1657/8 7140/1660/8 2964/1659/8 2969/1658/8
f 7143/1633/5 7013/1636/5 2955/1635/5 7015/1634/5
f 2958/1641/10 2960/1644/10 2956/1643/10 2959/1642/10
f 7038/1790/1528 7122/1791/1528 7173/1792/1529 7036/1789/1530
f 7171/1858/1531 7109/1861/1532 2668/1860/1533 7103/1859/1534
f 2708/1841/1163 7165/1842/1163 2722/1847/1162 2716/1844/1162
f 2715/1845/1161 2723/1846/1161 7162/1851/1160 2709/1848/1160
f 2981/1862/1535 7167/1865/1535 2974/1864/1535 2670/1863/1535
f 2710/1849/1159 6884/1850/1159 6883/1855/1158 2711/1852/1158
f 7036/1789/1530 7173/1792/1529 7168/1857/1536 7077/1856/1536
f 7107/1806/5 2663/1785/1516 2664/1786/1515 7076/1866/5
f 7100/1867/1537 7084/1870/1537 7082/1869/1537 7102/1868/1537
f 7103/1859/1534 2668/1860/1533 2666/1872/1538 7101/1871/1539
f 7101/1871/1539 2666/1872/1538 7149/1873/1540
f 2671/1874/1541 6992/1877/1541 2657/1876/1541 2662/1875/1541
f 7149/1873/1540 2666/1872/1538 7123/1879/1542 7147/1878/1543
f 2897/1880/1017 2895/1743/1014 2793/1744/1015 2689/1881/1016
f 2883/1488/1108 2897/1880/1017 2689/1881/1016 2799/1487/1107
f 7071/1882/1184 7009/1885/1184 7007/1884/1184 7074/1883/1184
f 2859/1604/1002 2852/1513/1002 2855/1507/1001 2837/1603/1001
f 2839/1608/998 2841/1504/998 2842/1759/996 2861/1607/996
f 2838/1618/1000 2851/1500/1000 7008/1509/1020 7066/1612/1020
f 2837/1603/1001 2855/1507/1001 2853/1499/991 2860/1620/991
f 2861/1607/996 2842/1759/996 2852/1513/1002 2859/1604/1002
f 7064/1646/1021 7006/1503/1021 2841/1504/998 2839/1608/998
f 2860/1620/991 2853/1499/991 2851/1500/1000 2838/1618/1000
f 2836/1886/1186 2863/1889/1186 2858/1888/1186 2840/1887/1186
f 2856/1424/988 2849/1425/987 2866/1891/987 2845/1890/988
f 2849/1425/987 2848/1451/998 2865/1892/998 2866/1891/987
f 2848/1451/998 2847/1428/996 2843/1893/996 2865/1892/998
f 2847/1428/996 7075/1429/994 7078/1894/994 2843/1893/996
f 7070/1433/992 2857/1435/991 2862/1896/991 7072/1895/992
f 2857/1435/991 2846/1437/1000 2844/1897/1000 2862/1896/991
f 2846/1437/1000 2856/1424/988 2845/1890/988 2844/1897/1000
f 2850/1898/1185 2854/1901/1185 2867/1900/1185 2864/1899/1185
f 2845/1890/988 2866/1891/987 2869/1903/987 2868/1902/988
f 2866/1891/987 2865/1892/998 2887/1904/998 2869/1903/987
f 2865/1892/998 2843/1893/996 2870/1905/996 2887/1904/998
f 2843/1893/996 7078/1894/994 7176/1906/994 2870/1905/996
f 7078/1907/994 7072/1895/992 7178/1909/992 7176/1908/994
f 7072/1895/992 2862/1896/991 2872/1910/991 7178/1909/992
f 2862/1896/991 2844/1897/1000 2889/1911/1000 2872/1910/991
f 2844/1897/1000 2845/1890/988 2868/1902/988 2889/1911/1000
f 2704/1416/1144 2898/1913/991 2894/1912/1000 2705/1415/1124
f 2702/1776/1147 6954/1915/1021 2893/1914/998 2718/1775/982
f 2720/1796/983 2879/1917/996 2892/1916/1002 2717/1795/985
f 2703/1418/1143 2878/1918/1001 2898/1913/991 2704/1416/1144
f 2705/1415/1124 2894/1912/1000 6956/1919/1020 2719/1799/1125
f 2719/1799/1125 6956/1919/1020 6954/1920/1021 2702/1805/1147
f 2718/1775/982 2893/1914/998 2879/1917/996 2720/1796/983
f 2717/1795/985 2892/1916/1002 2878/1918/1001 2703/1418/1143
f 7179/1921/1187 7183/1924/1187 7181/1923/1187 7177/1922/1187
f 6957/1925/1188 7187/1928/1188 7185/1927/1188 6955/1926/1188
f 2882/1929/1186 2886/1932/1186 2875/1931/1186 2888/1930/1186
f 2898/1913/991 2891/1619/991 2876/1617/1000 2894/1912/1000
f 6954/1915/1021 7180/1645/1021 2874/1605/998 2893/1914/998
f 2879/1917/996 2877/1606/996 2873/1601/1002 2892/1916/1002
f 2878/1918/1001 2890/1602/1001 2891/1619/991 2898/1913/991
f 2894/1912/1000 2876/1617/1000 7182/1609/1020 6956/1919/1020
f 2893/1914/998 2874/1605/998 2877/1606/996 2879/1917/996
f 2892/1916/1002 2873/1601/1002 2890/1602/1001 2878/1918/1001
f 2871/1933/1185 2885/1936/1185 2884/1935/1185 2899/1934/1185
f 2889/1911/1000 2868/1902/988 2895/1743/1014 2897/1880/1017
f 2872/1910/991 2889/1911/1000 2897/1880/1017 2883/1488/1108
f 7178/1909/992 2872/1910/991 2883/1488/1108 7186/1485/1111
f 2870/1905/996 7176/1906/994 7184/1748/1010 2896/1746/1013
f 2887/1904/998 2870/1905/996 2896/1746/1013 2881/1492/1182
f 2869/1903/987 2887/1904/998 2881/1492/1182 2880/1489/1105
f 2868/1902/988 2869/1903/987 2880/1489/1105 2895/1743/1014
f 2926/1728/1189 2917/1729/2 2915/1938/2 6990/1937/1099
f 2937/1939/1100 2978/1940/1191 2920/1730/1190 2982/1736/1190
f 2937/1939/1100 6982/1727/1500 2978/1940/1191
f 2925/1724/1499 2978/1940/1191 6982/1727/1500
f 2978/1940/1191 2925/1724/1499 2915/1938/2
f 6990/1937/1099 2915/1938/2 2925/1724/1499
f 2946/1729/1544 7169/1728/1545 7032/1725/1546
f 2945/1730/1547 2946/1729/1544 7032/1725/1546
f 7023/1937/1548 2967/1938/1549 7021/1724/1550
f 7030/1822/8 7033/1825/8 7170/1824/8 7104/1823/8
f 2986/1941/10 2951/1944/10 2952/1943/10 2987/1942/10
f 7175/1945/1551 2667/1946/1552 7109/1861/1532 7171/1858/1531
f 7174/1947/4 7191/1950/4 2954/1949/4 2983/1948/4
f 7190/1726/1553 2945/1730/1547 7032/1725/1546
f 2667/1946/1552 7175/1945/1551 7031/1951/1554
f 7031/1951/1554 7175/1945/1551 7101/1871/1539 7149/1873/1540
f 7083/1939/1555 2965/1940/1547 2945/1730/1547 7188/1736/1556
f 7190/1726/1553 7188/1736/1556 2945/1730/1547
f 7032/1725/1546 7021/1724/1550 7085/1727/1557 7190/1726/1553
f 7172/1867/8 7189/1870/8 2953/1869/8 2988/1868/8
f 2984/1947/1558 2968/1950/1558 2948/1949/1558 2989/1948/1558
f 7169/1728/1545 2946/1729/1544 2967/1938/1549 7023/1937/1548
f 2967/1938/1549 2965/1940/1547 7021/1724/1550
f 7021/1724/1550 2965/1940/1547 7085/1727/1557
f 7085/1727/1557 2965/1940/1547 7083/1939/1555
f 2652/1952/5 2650/1753/1506 7129/1754/1505 7037/1815/5
f 7076/1866/5 2664/1786/1515 2650/1753/1506 2652/1952/5
f 7105/1953/1559 2672/1954/1560 2667/1946/1552 7031/1951/1554
f 7147/1878/1543 7123/1879/1542 2672/1954/1560 7105/1953/1559
f 2985/1941/4 2947/1944/4 2962/1943/4 2961/1942/4
f 2646/1955/1215 2990/1958/1216 2991/1957/1214 2972/1956/1213
f 2972/1956/1213 2991/1957/1214 2992/1960/1211 2669/1959/1210
f 2647/1961/1209 2993/1962/1212 2990/1958/1216 2646/1955/1215
f 2669/1959/1210 2992/1960/1211 2993/1962/1212 2647/1961/1209
f 7196/1536/10 2761/1537/10 6913/1538/10 2755/1535/10
f 2777/1529/10 7197/1532/10 2760/1534/10 2775/1533/10
f 6914/1530/10 2762/1531/10 7197/1532/10 2777/1529/10
f 2778/1539/10 6911/1542/10 6910/1544/10 6915/1543/10
f 2776/1540/10 6912/1541/10 6911/1542/10 2778/1539/10
f 6915/1543/10 6910/1544/10 2762/1531/10 6914/1530/10
f 2775/1533/10 2760/1534/10 2761/1537/10 7196/1536/10
f 2755/1535/10 6913/1538/10 6912/1541/10 2776/1540/10
f 2763/1963/1221 2781/1966/1221 2779/1965/1023 7198/1964/1023
f 2764/1967/1220 2782/1970/1220 2759/1969/1219 2765/1968/1219
f 6908/1516/1218 6905/1517/1218 2780/1972/1217 2766/1971/1217
f 2767/1973/1022 2757/1976/1022 6906/1975/1222 6909/1974/1222
f 7198/1964/1023 2779/1965/1023 2757/1976/1022 2767/1973/1022
f 2765/1968/1219 2759/1969/1219 2781/1966/1221 2763/1963/1221
f 2766/1971/1217 2780/1972/1217 2782/1970/1220 2764/1967/1220
f 2714/1527/1025 6918/1528/1025 2768/1978/1024 2724/1977/1024
f 2725/1979/1225 2769/1980/1225 6921/1526/1027 2712/1523/1027
f 2713/1981/1224 2770/1982/1224 6959/1522/1223 6882/1519/1223
f 2724/1977/1024 2768/1978/1024 2769/1980/1225 2725/1979/1225
f 7166/1983/1026 6920/1984/1026 2770/1982/1224 2713/1981/1224
f 2803/1985/987 2835/1986/987 6923/1456/998 6953/1453/998
f 2806/1987/991 2829/1990/991 2834/1989/1000 2807/1988/1000
f 2804/1991/1002 2830/1994/1002 2828/1993/1001 2805/1992/1001
f 7200/1995/988 6934/1996/988 2835/1986/987 2803/1985/987
f 2807/1988/1000 2834/1989/1000 6934/1996/988 7200/1995/988
f 2805/1992/1001 2828/1993/1001 2829/1990/991 2806/1987/991
f 6952/1454/996 6922/1455/996 2830/1998/1002 2804/1997/1002
f 2785/1482/1018 2831/2000/4 2832/1999/4 2786/1481/1008
f 2783/1480/1004 2833/2002/4 7199/2001/4 2784/1479/1005
f 2790/1493/1007 6942/1494/4 2833/2002/4 2783/1480/1004
f 2786/1481/1008 2832/1999/4 6940/2003/4 2787/1758/1009
f 2784/1479/1005 7199/2001/4 2831/2000/4 2785/1482/1018
f 7218/2004/1 7459/2007/1 7421/2006/1 7282/2005/1
f 7228/2008/504 7230/2011/504 7224/2010/504 7222/2009/504
f 7212/2012/10 7261/2015/10 7249/2014/10 7217/2013/10
f 7263/2008/509 7292/2011/509 7288/2010/509 7265/2009/509
f 7294/2016/1000 7325/2019/1000 7404/2018/988 7293/2017/988
f 7296/2020/1002 7299/2023/1002 7298/2022/1001 7405/2021/1001
f 7295/2024/991 7326/2027/991 7325/2026/1000 7294/2025/1000
f 7293/2017/988 7404/2018/988 7327/2029/987 7322/2028/987
f 7321/2030/998 7324/2033/998 7323/2032/996 7297/2031/996
f 7297/2031/996 7323/2032/996 7299/2023/1002 7296/2020/1002
f 7405/2021/1001 7298/2022/1001 7326/2027/991 7295/2024/991
f 3010/2034/1235 3006/2037/1233 7317/2036/996 7316/2035/1002
f 3006/2037/1233 3007/2039/1232 7320/2038/998 7317/2036/996
f 7322/2028/987 7327/2029/987 7324/2033/998 7321/2030/998
f 7389/2040/1396 7386/2043/1396 7384/2042/1396 7388/2041/1396
f 3007/2039/1232 3008/2045/1231 2994/2044/987 7320/2038/998
f 3008/2045/1231 3009/2047/1230 7484/2046/988 2994/2044/987
f 3009/2047/1230 2995/2049/1228 2996/2048/1000 7484/2046/988
f 2995/2050/1228 2997/2053/1227 7319/2052/991 2996/2051/1000
f 7385/2054/507 7387/2057/507 7397/2056/507 7393/2055/507
f 7390/2041/1397 7392/2042/1397 7396/2043/1397 7391/2040/1397
f 2997/2053/1227 2998/2059/1226 7318/2058/1001 7319/2052/991
f 2998/2059/1226 3010/2034/1235 7316/2035/1002 7318/2058/1001
f 3106/2060/1398 3198/2063/1398 3199/2062/1398 3184/2061/1398
f 3209/2064/1399 3179/2067/1399 3204/2066/1399 3205/2065/1399
f 7352/2040/1400 7338/2043/1400 7336/2042/1400 7353/2041/1400
f 7349/2040/1401 7342/2043/1401 7340/2042/1401 7348/2041/1401
f 7341/2054/699 7343/2057/699 7330/2056/699 7332/2055/699
f 7337/2054/509 7339/2057/509 7346/2056/509 7344/2055/509
f 7350/2041/1402 7345/2042/1402 7347/2043/1402 7351/2040/1402
f 7335/2041/1403 7333/2042/1403 7331/2043/1403 7334/2040/1403
f 3206/2064/1404 3208/2067/1404 3180/2066/1404 3186/2065/1404
f 3185/2061/1405 3196/2062/1405 3183/2063/1405 3197/2060/1405
f 3195/2061/1406 3182/2062/1406 3191/2063/1406 3194/2060/1406
f 3200/2064/1407 3201/2067/1407 3181/2066/1407 3203/2065/1407
f 7355/2068/987 7360/2071/987 7359/2070/998 7354/2069/998
f 7358/2072/991 7362/2075/991 7361/2074/1000 3114/2073/1000
f 7371/2076/10 7357/2079/10 7356/2078/10 3082/2077/10
f 3083/2080/10 3115/2081/10 7357/2079/10 7371/2076/10
f 3139/2082/1375 3146/2085/1251 3145/2084/1250 3138/2083/1373
f 7372/2086/996 7307/2089/996 7370/2088/1002 7306/2087/1002
f 7305/2090/1001 7312/2093/1001 7311/2092/991 7373/2091/991
f 7374/2094/1000 3110/2097/1000 7310/2096/988 7375/2095/988
f 3142/2098/1248 3150/2101/1261 3149/2100/1257 3141/2099/1249
f 3141/2099/1249 3149/2100/1257 3156/2103/1258 3148/2102/1256
f 3147/2104/1254 3155/2106/1255 3154/2105/1252 3146/2085/1251
f 3145/2107/1250 3153/2110/1253 3152/2109/1263 3144/2108/1262
f 3143/2111/1259 3151/2112/1260 3150/2101/1261 3142/2098/1248
f 3148/2102/1256 3156/2103/1258 3155/2106/1255 3147/2104/1254
f 3146/2085/1251 3154/2105/1252 3153/2113/1253 3145/2084/1250
f 3144/2108/1262 3152/2109/1263 3151/2112/1260 3143/2111/1259
f 3156/2103/1258 3164/2115/1408 3163/2114/1409 3155/2106/1255
f 3154/2105/1252 3162/2117/1410 3161/2116/1271 3153/2113/1253
f 3152/2109/1263 3160/2119/1411 3159/2118/1412 3151/2112/1260
f 3150/2101/1261 3158/2121/1266 3157/2120/1413 3149/2100/1257
f 3149/2100/1257 3157/2120/1413 3164/2115/1408 3156/2103/1258
f 3155/2106/1255 3163/2114/1409 3162/2117/1410 3154/2105/1252
f 3153/2110/1253 3161/2122/1271 3160/2119/1411 3152/2109/1263
f 3151/2112/1260 3159/2118/1412 3158/2121/1266 3150/2101/1261
f 7304/2123/987 7309/2126/987 7308/2125/998 7303/2124/998
f 7306/2087/1002 7370/2088/1002 7312/2093/1001 7305/2090/1001
f 7373/2091/991 7311/2092/991 3110/2128/1000 7374/2127/1000
f 7375/2095/988 7310/2096/988 7309/2126/987 7304/2123/987
f 7303/2124/998 7308/2125/998 7307/2089/996 7372/2086/996
f 3109/2129/10 7314/2132/10 7313/2131/10 3084/2130/10
f 3079/2133/10 7315/2134/10 7314/2132/10 3109/2129/10
f 7376/2135/4 3077/2138/4 3112/2137/4 7377/2136/4
f 7329/2139/4 3111/2142/4 3078/2141/4 7328/2140/4
f 7381/2143/4 3074/2144/4 3111/2142/4 7329/2139/4
f 7379/2145/4 3113/2148/4 3075/2147/4 7380/2146/4
f 7377/2136/4 3112/2137/4 3076/2150/4 7378/2149/4
f 7328/2140/4 3078/2141/4 3077/2138/4 7376/2135/4
f 3166/2151/1273 3173/2154/1274 3171/2153/1275 3167/2152/1272
f 7380/2146/4 3075/2147/4 3074/2144/4 7381/2143/4
f 7378/2149/4 3076/2150/4 3113/2148/4 7379/2145/4
f 3160/2155/1411 3161/2158/1271 3164/2157/1408 3157/2156/1413
f 3161/2158/1271 3162/2160/1410 3163/2159/1409 3164/2157/1408
f 3157/2156/1413 3158/2162/1266 3159/2161/1412 3160/2155/1411
f 7428/2163/1414 7430/2166/1353 7448/2165/1353 7511/2164/1353
f 3089/2167/10 3060/2134/10 3064/2169/10 3094/2168/10
f 3092/2170/10 3063/2173/10 3062/2172/10 7483/2171/10
f 7429/2174/507 7432/2177/507 7443/2176/507 7431/2175/507
f 7485/2178/10 3096/2181/10 3095/2180/10 3090/2179/10
f 3094/2168/10 3064/2169/10 3097/2183/10 3093/2182/10
f 7483/2171/10 3062/2172/10 3061/2185/10 3091/2184/10
f 3090/2179/10 3095/2180/10 3060/2134/10 3089/2167/10
f 7470/2186/10 7472/2189/10 7466/2188/10 7464/2187/10
f 3093/2182/10 3097/2183/10 3063/2173/10 3092/2170/10
f 3091/2184/10 3061/2185/10 3096/2181/10 7485/2178/10
f 7244/2190/10 7409/2193/10 7424/2192/10 7456/2191/10
f 3239/2194/1474 3264/2197/1474 3252/2196/1474 7503/2195/1474
f 7494/2198/1351 7495/2163/1416 7468/2200/1315 7469/2199/1351
f 7214/2201/991 7276/2204/991 7279/2203/991 7262/2202/991
f 7233/2201/998 7280/2204/998 7207/2203/998 7205/2202/998
f 7246/2191/10 7220/2192/10 7284/2193/10 7453/2190/10
f 7237/2191/10 7258/2192/10 7232/2193/10 7227/2190/10
f 7248/2201/1475 7250/2204/1475 7458/2203/1475 3019/2202/1475
f 7268/2201/1286 7290/2204/1286 7406/2203/1286 7408/2202/1286
f 7285/2201/1002 7422/2204/1002 3058/2203/1002 7264/2202/1002
f 3016/2004/5 7407/2007/5 7434/2006/5 7425/2005/5
f 7240/2205/1417 7215/2208/1417 7204/2207/1417 3000/2206/1417
f 7444/2186/10 7450/2189/10 7449/2188/10 3259/2187/10
f 3216/2209/1355 3212/2212/1302 7474/2211/1302 7475/2210/1355
f 7455/2205/1418 7426/2208/1418 7446/2207/1418 3005/2206/1418
f 7223/2201/996 3051/2204/996 7274/2203/996 7269/2202/996
f 7211/2213/1288 7241/2216/1289 7239/2215/1289 7457/2214/1287
f 3031/2213/1419 7243/2216/1298 3002/2215/1298 7454/2214/1296
f 3003/2213/1420 7238/2216/1295 7226/2215/1295 3034/2214/1476
f 7247/2213/1291 7245/2216/1292 7452/2215/1292 3004/2214/1422
f 7423/2201/988 7435/2204/988 3050/2203/988 7229/2202/988
f 7203/2217/1423 7216/2220/1423 7219/2219/1423 7201/2218/1423
f 7447/2217/1424 7427/2220/1424 7271/2219/1424 7210/2218/1424
f 7206/2008/699 3052/2011/699 3059/2010/699 7267/2009/699
f 7428/2163/1414 7511/2164/1353 3242/2200/1350
f 7231/2221/10 7289/2224/10 7278/2223/10 7225/2222/10
f 7504/2212/1285 7510/2226/1354 7462/2225/1354 3258/2211/1285
f 3032/2206/1425 7202/2207/1425 7221/2208/1425 3029/2205/1425
f 2999/2206/1426 7209/2207/1426 7272/2208/1426 7242/2205/1426
f 3003/2206/1420 7436/2207/1427 7259/2208/1428 3028/2205/1428
f 7287/2227/1429 7291/2230/1430 7251/2229/1431 7208/2228/1432
f 7278/2223/10 7289/2224/10 7208/2228/1432 7251/2229/1431
f 7281/2231/1433 7255/2232/1433 7287/2227/1429 7208/2228/1432
f 7256/2004/8 7254/2007/8 3045/2006/8 3030/2005/8
f 3025/2191/10 7270/2192/10 7213/2193/10 3024/2190/10
f 7463/2164/1352 7451/2165/1352 3247/2166/1352 7433/2163/1434
f 7273/2004/2 7275/2007/2 7277/2006/2 3018/2005/2
f 7454/2233/1296 3012/2236/10 3021/2235/10 7211/2234/1288
f 7461/2200/1280 7463/2164/1352 7433/2163/1434
f 3099/2134/4 7395/2167/4 7394/2168/4 3067/2169/4
f 7457/2234/1287 3014/2235/10 3013/2236/10 7247/2233/1291
f 3017/2012/10 3038/2015/10 3039/2014/10 3020/2013/10
f 3257/2237/699 3256/2240/699 3251/2239/699 3246/2238/699
f 3055/2241/1435 7251/2229/1431 7291/2230/1430 3044/2242/1435
f 3103/2243/1436 7520/2246/1437 3073/2245/1438 3192/2244/1439
f 3104/2247/1440 3193/2250/1441 3178/2249/1442 3068/2248/1443
f 3047/2251/10 3056/2252/10 7225/2222/10 7278/2223/10
f 3054/2253/10 3046/2254/10 7289/2224/10 7231/2221/10
f 2998/2059/1226 7211/2256/1288 7457/2255/1287 3010/2034/1235
f 3007/2039/1232 3004/2258/1422 3003/2257/1420 3008/2045/1231
f 7301/2259/1444 3072/2262/1445 3176/2261/1446 7300/2260/1447
f 3103/2243/1436 3192/2244/1439 3175/2264/1448 3071/2263/1449
f 2995/2050/1228 3031/2266/1419 7454/2265/1296 2997/2053/1227
f 3010/2034/1235 7457/2255/1287 7247/2267/1291 3006/2037/1233
f 3006/2037/1233 7247/2267/1291 3004/2258/1422 3007/2039/1232
f 3105/2268/1450 3177/2269/1451 3073/2245/1438 7520/2246/1437
f 3008/2045/1231 3003/2257/1420 3034/2270/1476 3009/2047/1230
f 2997/2053/1227 7454/2265/1296 7211/2256/1288 2998/2059/1226
f 3009/2047/1230 3034/2270/1476 3031/2271/1419 2995/2049/1228
f 3036/2008/507 3048/2011/507 3049/2010/507 3037/2009/507
f 3004/2234/1422 3011/2235/1452 7436/2236/1427 3003/2233/1420
f 7266/2201/1000 3057/2204/1000 3053/2203/1000 7257/2202/1000
f 3034/2233/1476 7253/2236/1453 7252/2235/1454 3031/2234/1419
f 7445/2217/1455 7283/2220/1455 7260/2219/1455 3023/2218/1455
f 3035/2217/1456 7234/2220/1456 7410/2219/1456 3033/2218/1456
f 3001/2205/988 3015/2208/988 3011/2207/1452 3004/2206/1422
f 7235/2012/10 3042/2015/10 3043/2014/10 7411/2013/10
f 7286/2012/10 3041/2015/10 3040/2014/10 3022/2013/10
f 7498/2186/10 7508/2189/10 7442/2188/10 7499/2187/10
f 7438/2199/1382 7437/2200/1383 7416/2163/1458 7419/2198/1382
f 7420/2198/1385 7414/2163/1459 7418/2200/1387 7417/2199/1385
f 7414/2163/1459 7500/2166/1388 7441/2165/1388 7439/2164/1388
f 7415/2177/699 7497/2176/699 3249/2175/699 7413/2174/699
f 3250/2194/1460 3263/2197/1460 3265/2196/1460 3240/2195/1460
f 3245/2209/1379 3261/2212/1380 3260/2211/1380 3244/2210/1379
f 3214/2199/1357 3232/2200/1301 7512/2163/1461 7514/2198/1357
f 7460/2199/1279 7461/2200/1280 7433/2163/1434 7515/2198/1279
f 7495/2163/1416 7506/2164/1313 7468/2200/1315
f 7480/2164/1277 7473/2165/1277 7471/2166/1277 7512/2163/1461
f 3232/2200/1301 7480/2164/1277 7512/2163/1461
f 3212/2212/1302 7507/2226/1303 7481/2225/1303 7474/2211/1302
f 3231/2237/509 7467/2240/509 3225/2239/509 3211/2238/509
f 7496/2174/504 7513/2177/504 3229/2176/504 7465/2175/504
f 7495/2163/1416 3230/2166/1313 3221/2165/1313 7506/2164/1313
f 7505/2209/1284 7504/2212/1285 3258/2211/1285 3243/2210/1284
f 3222/2194/1462 3235/2197/1462 3224/2196/1462 3228/2195/1462
f 3238/2198/1348 7428/2163/1414 3242/2200/1350 3241/2199/1348
f 3261/2212/1380 7440/2226/1384 7501/2225/1384 3260/2211/1380
f 7414/2163/1459 7439/2164/1388 7418/2200/1387
f 3255/2237/507 3253/2240/507 7509/2239/507 7502/2238/507
f 7437/2200/1383 3248/2164/1378 7416/2163/1458
f 3248/2164/1378 3254/2165/1378 3262/2166/1378 7416/2163/1458
f 3027/2205/1463 7236/2208/1463 7253/2207/1453 3034/2206/1476
f 3082/2077/10 7356/2078/10 3116/2273/10 3081/2272/10
f 3080/2274/10 3118/2275/10 7315/2134/10 3079/2133/10
f 3084/2130/10 7313/2131/10 3115/2081/10 3083/2080/10
f 3031/2206/1419 7252/2207/1454 7412/2208/1464 3026/2205/1464
f 3081/2272/10 3116/2273/10 3118/2275/10 3080/2274/10
f 3114/2276/1000 7361/2279/1000 7517/2278/988 3117/2277/988
f 3086/2280/1001 7363/2281/1001 7362/2075/991 7358/2072/991
f 3085/2282/996 7516/2285/996 7364/2284/1002 3087/2283/1002
f 7354/2069/998 7359/2070/998 7516/2285/996 3085/2282/996
f 3117/2277/988 7517/2278/988 7360/2071/987 7355/2068/987
f 3087/2283/1002 7364/2284/1002 7363/2281/1001 3086/2280/1001
f 3066/2183/4 3174/2182/4 7535/2170/4 3102/2173/4
f 3100/2172/4 7302/2171/4 3070/2184/4 3065/2185/4
f 3065/2185/4 3070/2184/4 3069/2178/4 3101/2181/4
f 3125/2132/4 7369/2129/4 7368/2130/4 3124/2131/4
f 3098/2180/4 7482/2179/4 7395/2167/4 3099/2134/4
f 3101/2181/4 3069/2178/4 7482/2179/4 3098/2180/4
f 3067/2169/4 7394/2168/4 3174/2182/4 3066/2183/4
f 3088/2134/4 7518/2133/4 7369/2129/4 3125/2132/4
f 3128/2286/1390 3168/2289/1376 3169/2288/1370 3126/2287/1369
f 3126/2287/1369 3169/2288/1370 3134/2291/1371 3135/2290/1368
f 3136/2292/1366 3165/2295/1367 3133/2294/1364 3127/2293/1363
f 3122/2275/4 7365/2274/4 7518/2133/4 3088/2134/4
f 3123/2078/4 7367/2077/4 7366/2272/4 3120/2273/4
f 3121/2081/4 7519/2080/4 3131/2076/4 3119/2079/4
f 3120/2273/4 7366/2272/4 7365/2274/4 3122/2275/4
f 3119/2079/4 3131/2076/4 7367/2077/4 3123/2078/4
f 3124/2131/4 7368/2130/4 7519/2080/4 3121/2081/4
f 3135/2290/1368 3134/2291/1371 3165/2295/1367 3136/2292/1366
f 3170/2296/1374 3147/2104/1254 3146/2085/1251 3139/2082/1375
f 3138/2297/1373 3145/2107/1250 3144/2108/1262 3173/2154/1274
f 3171/2153/1275 3143/2111/1259 3142/2098/1248 3137/2298/1247
f 3140/2299/1372 3148/2102/1256 3147/2104/1254 3170/2296/1374
f 3173/2154/1274 3144/2108/1262 3143/2111/1259 3171/2153/1275
f 3137/2298/1247 3142/2098/1248 3141/2099/1249 3172/2300/1246
f 3172/2300/1246 3141/2099/1249 3148/2102/1256 3140/2299/1372
f 3167/2152/1272 3171/2153/1275 3137/2298/1247 3168/2289/1376
f 3132/2301/1365 3138/2297/1373 3173/2154/1274 3166/2151/1273
f 3165/2295/1367 3170/2296/1374 3139/2082/1375 3133/2294/1364
f 3169/2288/1370 3172/2300/1246 3140/2299/1372 3134/2291/1371
f 3168/2289/1376 3137/2298/1247 3172/2300/1246 3169/2288/1370
f 3133/2294/1364 3139/2082/1375 3138/2083/1373 3132/2302/1365
f 3134/2291/1371 3140/2299/1372 3170/2296/1374 3165/2295/1367
f 7522/2237/504 7523/2240/504 7488/2239/504 7486/2238/504
f 7525/2163/1465 7533/2166/1359 7524/2165/1359 7521/2164/1359
f 7492/2209/1346 7493/2212/1347 7491/2211/1347 7490/2210/1346
f 3223/2194/1466 7529/2197/1466 7526/2196/1466 7527/2195/1466
f 3213/2177/509 7532/2176/509 7534/2175/509 3226/2174/509
f 3210/2198/1338 7525/2163/1465 3219/2200/1340 3217/2199/1338
f 7493/2212/1347 3236/2226/1358 3237/2225/1358 7491/2211/1347
f 7525/2163/1465 7521/2164/1359 3219/2200/1340
f 3215/2199/1341 3220/2200/1342 7530/2163/1469 7528/2198/1341
f 7531/2186/10 7489/2189/10 3227/2188/10 3233/2187/10
f 3220/2200/1342 7487/2164/1344 7530/2163/1469
f 7487/2164/1344 3218/2165/1344 3234/2166/1344 7530/2163/1469
f 3129/2303/1391 3167/2152/1272 3168/2289/1376 3128/2286/1390
f 7536/2304/1362 3132/2301/1365 3166/2151/1273 3130/2305/1389
f 3102/2173/4 7535/2170/4 7302/2171/4 3100/2172/4
f 3068/2248/1443 3178/2249/1442 3177/2269/1451 3105/2268/1450
f 3104/2247/1440 7300/2260/1447 3176/2261/1446 3193/2250/1441
f 3130/2305/1389 3166/2151/1273 3167/2152/1272 3129/2303/1391
f 7301/2259/1444 3071/2307/1449 3175/2306/1448 3072/2262/1445
f 3127/2293/1363 3133/2294/1364 3132/2302/1365 7536/2308/1362
f 7382/2060/1470 7402/2063/1470 7400/2062/1470 7383/2061/1470
f 7399/2064/1471 7478/2067/1471 7476/2066/1471 7398/2065/1471
f 3188/2041/1472 7477/2042/1472 7403/2043/1472 3107/2040/1472
f 7479/2054/504 7401/2057/504 3189/2056/504 3207/2055/504
f 3108/2040/1473 3190/2043/1473 3202/2042/1473 3187/2041/1473
f 7554/2004/5 7618/2005/5 7757/2006/5 7795/2007/5
f 7564/2008/507 7558/2009/507 7560/2010/507 7566/2011/507
f 7548/2012/10 7553/2013/10 7585/2014/10 7597/2015/10
f 7599/2008/699 7601/2009/699 7624/2010/699 7628/2011/699
f 7630/2016/998 7629/2017/987 7740/2018/987 7661/2019/998
f 7632/2020/1001 7741/2021/1002 7634/2022/1002 7635/2023/1001
f 7631/2024/996 7630/2025/998 7661/2026/998 7662/2027/996
f 7629/2017/987 7658/2028/988 7663/2029/988 7740/2018/987
f 7657/2030/1000 7633/2031/991 7659/2032/991 7660/2033/1000
f 7633/2031/991 7632/2020/1001 7635/2023/1001 7659/2032/991
f 7741/2021/1002 7631/2024/996 7662/2027/996 7634/2022/1002
f 3282/2034/1226 7652/2035/1001 7653/2036/991 3278/2037/1227
f 3278/2037/1227 7653/2036/991 7656/2038/1000 3279/2039/1228
f 7658/2028/988 7657/2030/1000 7660/2033/1000 7663/2029/988
f 7725/2040/1229 7724/2041/1229 7720/2042/1229 7722/2043/1229
f 3279/2039/1228 7656/2038/1000 3266/2044/988 3280/2045/1230
f 3280/2045/1230 3266/2044/988 7820/2046/987 3281/2047/1231
f 3281/2047/1231 7820/2046/987 3268/2048/998 3267/2049/1232
f 3267/2050/1232 3268/2051/998 7655/2052/996 3269/2053/1233
f 7721/2054/504 7729/2055/504 7733/2056/504 7723/2057/504
f 7726/2041/1234 7727/2040/1234 7732/2043/1234 7728/2042/1234
f 3269/2053/1233 7655/2052/996 7654/2058/1002 3270/2059/1235
f 3270/2059/1235 7654/2058/1002 7652/2035/1001 3282/2034/1226
f 3378/2060/1236 3456/2061/1236 3471/2062/1236 3470/2063/1236
f 3481/2064/1237 3477/2065/1237 3476/2066/1237 3451/2067/1237
f 7688/2040/1238 7689/2041/1238 7672/2042/1238 7674/2043/1238
f 7685/2040/1239 7684/2041/1239 7676/2042/1239 7678/2043/1239
f 7677/2054/509 7668/2055/509 7666/2056/509 7679/2057/509
f 7673/2054/699 7680/2055/699 7682/2056/699 7675/2057/699
f 7686/2041/1240 7687/2040/1240 7683/2043/1240 7681/2042/1240
f 7671/2041/1241 7670/2040/1241 7667/2043/1241 7669/2042/1241
f 3478/2064/1242 3458/2065/1242 3452/2066/1242 3480/2067/1242
f 3457/2061/1243 3469/2060/1243 3455/2063/1243 3468/2062/1243
f 3467/2061/1244 3466/2060/1244 3463/2063/1244 3454/2062/1244
f 3472/2064/1245 3475/2065/1245 3453/2066/1245 3473/2067/1245
f 7691/2068/988 7690/2069/1000 7695/2070/1000 7696/2071/988
f 7694/2072/996 3386/2073/998 7697/2074/998 7698/2075/996
f 7707/2076/10 3354/2077/10 7692/2078/10 7693/2079/10
f 3355/2080/10 7707/2076/10 7693/2079/10 3387/2081/10
f 3411/2082/1246 3410/2083/1247 3417/2084/1248 3418/2085/1249
f 7708/2086/991 7642/2087/1001 7706/2088/1001 7643/2089/991
f 7641/2090/1002 7709/2091/996 7647/2092/996 7648/2093/1002
f 7710/2094/998 7711/2095/987 7646/2096/987 3382/2097/998
f 3414/2098/1250 3413/2099/1251 3421/2100/1252 3422/2101/1253
f 3413/2099/1251 3420/2102/1254 3428/2103/1255 3421/2100/1252
f 3419/2104/1256 3418/2085/1249 3426/2105/1257 3427/2106/1258
f 3417/2107/1248 3416/2108/1259 3424/2109/1260 3425/2110/1261
f 3415/2111/1262 3414/2098/1250 3422/2101/1253 3423/2112/1263
f 3420/2102/1254 3419/2104/1256 3427/2106/1258 3428/2103/1255
f 3418/2085/1249 3417/2084/1248 3425/2113/1261 3426/2105/1257
f 3416/2108/1259 3415/2111/1262 3423/2112/1263 3424/2109/1260
f 3428/2103/1255 3427/2106/1258 3435/2114/1264 3436/2115/1265
f 3426/2105/1257 3425/2113/1261 3433/2116/1266 3434/2117/1267
f 3424/2109/1260 3423/2112/1263 3431/2118/1268 3432/2119/1269
f 3422/2101/1253 3421/2100/1252 3429/2120/1270 3430/2121/1271
f 3421/2100/1252 3428/2103/1255 3436/2115/1265 3429/2120/1270
f 3427/2106/1258 3426/2105/1257 3434/2117/1267 3435/2114/1264
f 3425/2110/1261 3424/2109/1260 3432/2119/1269 3433/2122/1266
f 3423/2112/1263 3422/2101/1253 3430/2121/1271 3431/2118/1268
f 7640/2123/988 7639/2124/1000 7644/2125/1000 7645/2126/988
f 7642/2087/1001 7641/2090/1002 7648/2093/1002 7706/2088/1001
f 7709/2091/996 7710/2127/998 3382/2128/998 7647/2092/996
f 7711/2095/987 7640/2123/988 7645/2126/988 7646/2096/987
f 7639/2124/1000 7708/2086/991 7643/2089/991 7644/2125/1000
f 3381/2129/10 3356/2130/10 7649/2131/10 7650/2132/10
f 3351/2133/10 3381/2129/10 7650/2132/10 7651/2134/10
f 7712/2135/4 7713/2136/4 3384/2137/4 3349/2138/4
f 7665/2139/4 7664/2140/4 3350/2141/4 3383/2142/4
f 7717/2143/4 7665/2139/4 3383/2142/4 3346/2144/4
f 7715/2145/4 7716/2146/4 3347/2147/4 3385/2148/4
f 7713/2136/4 7714/2149/4 3348/2150/4 3384/2137/4
f 7664/2140/4 7712/2135/4 3349/2138/4 3350/2141/4
f 3438/2151/1272 3439/2152/1273 3443/2153/1274 3445/2154/1275
f 7716/2146/4 7717/2143/4 3346/2144/4 3347/2147/4
f 7714/2149/4 7715/2145/4 3385/2148/4 3348/2150/4
f 3432/2155/1269 3429/2156/1270 3436/2157/1265 3433/2158/1266
f 3433/2158/1266 3436/2157/1265 3435/2159/1264 3434/2160/1267
f 3429/2156/1270 3432/2155/1269 3431/2161/1268 3430/2162/1271
f 7764/2163/1276 7847/2164/1277 7784/2165/1277 7766/2166/1277
f 3361/2167/10 3366/2168/10 3336/2169/10 3332/2134/10
f 3364/2170/10 7819/2171/10 3334/2172/10 3335/2173/10
f 7765/2174/504 7767/2175/504 7779/2176/504 7768/2177/504
f 7821/2178/10 3362/2179/10 3367/2180/10 3368/2181/10
f 3366/2168/10 3365/2182/10 3369/2183/10 3336/2169/10
f 7819/2171/10 3363/2184/10 3333/2185/10 3334/2172/10
f 3362/2179/10 3361/2167/10 3332/2134/10 3367/2180/10
f 7806/2186/10 7800/2187/10 7802/2188/10 7808/2189/10
f 3365/2182/10 3364/2170/10 3335/2173/10 3369/2183/10
f 3363/2184/10 7821/2178/10 3368/2181/10 3333/2185/10
f 7580/2190/10 7792/2191/10 7760/2192/10 7745/2193/10
f 3511/2194/1478 7839/2195/1478 3524/2196/1478 3536/2197/1478
f 7830/2198/1279 7805/2199/1279 7804/2200/1280 7831/2163/1281
f 7550/2201/996 7598/2202/996 7615/2203/996 7612/2204/996
f 7569/2201/1000 7541/2202/1000 7543/2203/1000 7616/2204/1000
f 7582/2191/10 7789/2190/10 7620/2193/10 7556/2192/10
f 7573/2191/10 7563/2190/10 7568/2193/10 7594/2192/10
f 7584/2201/988 3291/2202/988 7794/2203/988 7586/2204/988
f 7604/2201/1002 7744/2202/1002 7742/2203/1002 7626/2204/1002
f 7621/2201/1001 7600/2202/1001 3330/2203/1001 7758/2204/1001
f 3288/2004/1 7761/2005/1 7770/2006/1 7743/2007/1
f 7576/2205/1283 3272/2206/1283 7540/2207/1283 7551/2208/1283
f 7780/2186/10 3531/2187/10 7785/2188/10 7786/2189/10
f 3488/2209/1284 7811/2210/1284 7810/2211/1285 3484/2212/1285
f 7791/2205/1286 3277/2206/1286 7782/2207/1286 7762/2208/1286
f 7559/2201/991 7605/2202/991 7610/2203/991 3323/2204/991
f 7547/2213/1287 7793/2214/1288 7575/2215/1289 7577/2216/1289
f 3303/2213/1290 7790/2214/1291 3274/2215/1292 7579/2216/1292
f 3275/2213/1293 3306/2214/1479 7562/2215/1295 7574/2216/1295
f 7583/2213/1296 3276/2214/1297 7788/2215/1298 7581/2216/1298
f 7759/2201/987 7565/2202/987 3322/2203/987 7771/2204/987
f 7539/2217/1299 7537/2218/1299 7555/2219/1299 7552/2220/1299
f 7783/2217/1300 7546/2218/1300 7607/2219/1300 7763/2220/1300
f 7542/2008/509 7603/2009/509 3331/2010/509 3324/2011/509
f 7764/2163/1276 3514/2200/1301 7847/2164/1277
f 7567/2221/10 7561/2222/10 7614/2223/10 7625/2224/10
f 7840/2212/1302 3530/2211/1302 7798/2225/1303 7846/2226/1303
f 3304/2206/1304 3301/2205/1304 7557/2208/1304 7538/2207/1304
f 3271/2206/1305 7578/2205/1305 7608/2208/1305 7545/2207/1305
f 3275/2206/1293 3300/2205/1306 7595/2208/1306 7772/2207/1307
f 7623/2227/1308 7544/2228/1309 7587/2229/1310 7627/2230/1311
f 7614/2223/10 7587/2229/1310 7544/2228/1309 7625/2224/10
f 7617/2231/1312 7544/2228/1309 7623/2227/1308 7591/2232/1312
f 7592/2004/8 3302/2005/8 3317/2006/8 7590/2007/8
f 3297/2191/10 3296/2190/10 7549/2193/10 7606/2192/10
f 7799/2164/1313 7769/2163/1314 3519/2166/1313 7787/2165/1313
f 7609/2004/2 3290/2005/2 7613/2006/2 7611/2007/2
f 7790/2233/1291 7547/2234/1287 3293/2235/10 3284/2236/10
f 7797/2200/1315 7769/2163/1314 7799/2164/1313
f 3371/2134/4 3339/2169/4 7730/2168/4 7731/2167/4
f 7793/2234/1288 7583/2233/1296 3285/2236/10 3286/2235/10
f 3289/2012/10 3292/2013/10 3311/2014/10 3310/2015/10
f 3529/2237/509 3518/2238/509 3523/2239/509 3528/2240/509
f 3327/2241/1316 3316/2242/1316 7627/2230/1311 7587/2229/1310
f 3375/2243/1317 3464/2244/1318 3345/2245/1319 7856/2246/1320
f 3376/2247/1321 3340/2248/1322 3450/2249/1323 3465/2250/1324
f 3319/2251/10 7614/2223/10 7561/2222/10 3328/2252/10
f 3326/2253/10 7567/2221/10 7625/2224/10 3318/2254/10
f 3270/2059/1235 3282/2034/1226 7793/2255/1288 7547/2256/1287
f 3279/2039/1228 3280/2045/1230 3275/2257/1293 3276/2258/1297
f 7637/2259/1325 7636/2260/1326 3448/2261/1327 3344/2262/1328
f 3375/2243/1317 3343/2263/1329 3447/2264/1330 3464/2244/1318
f 3267/2050/1232 3269/2053/1233 7790/2265/1291 3303/2266/1290
f 3282/2034/1226 3278/2037/1227 7583/2267/1296 7793/2255/1288
f 3278/2037/1227 3279/2039/1228 3276/2258/1297 7583/2267/1296
f 3377/2268/1331 7856/2246/1320 3345/2245/1319 3449/2269/1332
f 3280/2045/1230 3281/2047/1231 3306/2270/1479 3275/2257/1293
f 3269/2053/1233 3270/2059/1235 7547/2256/1287 7790/2265/1291
f 3281/2047/1231 3267/2049/1232 3303/2271/1290 3306/2270/1479
f 3308/2008/504 3309/2009/504 3321/2010/504 3320/2011/504
f 3276/2234/1297 3275/2233/1293 7772/2236/1307 3283/2235/1333
f 7602/2201/998 7593/2202/998 3325/2203/998 3329/2204/998
f 3306/2233/1479 3303/2234/1290 7588/2235/1334 7589/2236/1335
f 7781/2217/1336 3295/2218/1336 7596/2219/1336 7619/2220/1336
f 3307/2217/1337 3305/2218/1337 7746/2219/1337 7570/2220/1337
f 3273/2205/987 3276/2206/1297 3283/2207/1333 3287/2208/987
f 7571/2012/10 7747/2013/10 3315/2014/10 3314/2015/10
f 7622/2012/10 3294/2013/10 3312/2014/10 3313/2015/10
f 7834/2186/10 7835/2187/10 7778/2188/10 7844/2189/10
f 7774/2199/1338 7755/2198/1338 7752/2163/1339 7773/2200/1340
f 7756/2198/1341 7753/2199/1341 7754/2200/1342 7750/2163/1343
f 7750/2163/1343 7775/2164/1344 7777/2165/1344 7836/2166/1344
f 7751/2177/509 7749/2174/509 3521/2175/509 7833/2176/509
f 3522/2194/1345 3512/2195/1345 3537/2196/1345 3535/2197/1345
f 3517/2209/1346 3516/2210/1346 3532/2211/1347 3533/2212/1347
f 3486/2199/1348 7850/2198/1348 7848/2163/1349 3504/2200/1350
f 7796/2199/1351 7851/2198/1351 7769/2163/1314 7797/2200/1315
f 7831/2163/1281 7804/2200/1280 7842/2164/1352
f 7816/2164/1353 7848/2163/1349 7807/2166/1353 7809/2165/1353
f 3504/2200/1350 7848/2163/1349 7816/2164/1353
f 3484/2212/1285 7810/2211/1285 7817/2225/1354 7843/2226/1354
f 3503/2237/699 3483/2238/699 3497/2239/699 7803/2240/699
f 7832/2174/507 7801/2175/507 3501/2176/507 7849/2177/507
f 7831/2163/1281 7842/2164/1352 3493/2165/1352 3502/2166/1352
f 7841/2209/1355 3515/2210/1355 3530/2211/1302 7840/2212/1302
f 3494/2194/1480 3500/2195/1480 3496/2196/1480 3507/2197/1480
f 3510/2198/1357 3513/2199/1357 3514/2200/1301 7764/2163/1276
f 3533/2212/1347 3532/2211/1347 7837/2225/1358 7776/2226/1358
f 7750/2163/1343 7754/2200/1342 7775/2164/1344
f 3527/2237/504 7838/2238/504 7845/2239/504 3525/2240/504
f 7773/2200/1340 7752/2163/1339 3520/2164/1359
f 3520/2164/1359 7752/2163/1339 3534/2166/1359 3526/2165/1359
f 3299/2205/1360 3306/2206/1479 7589/2207/1335 7572/2208/1360
f 3354/2077/10 3353/2272/10 3388/2273/10 7692/2078/10
f 3352/2274/10 3351/2133/10 7651/2134/10 3390/2275/10
f 3356/2130/10 3355/2080/10 3387/2081/10 7649/2131/10
f 3303/2206/1290 3298/2205/1361 7748/2208/1361 7588/2207/1334
f 3353/2272/10 3352/2274/10 3390/2275/10 3388/2273/10
f 3386/2276/998 3389/2277/987 7853/2278/987 7697/2279/998
f 3358/2280/1002 7694/2072/996 7698/2075/996 7699/2281/1002
f 3357/2282/991 3359/2283/1001 7700/2284/1001 7852/2285/991
f 7690/2069/1000 3357/2282/991 7852/2285/991 7695/2070/1000
f 3389/2277/987 7691/2068/988 7696/2071/988 7853/2278/987
f 3359/2283/1001 3358/2280/1002 7699/2281/1002 7700/2284/1001
f 3338/2183/4 3374/2173/4 7871/2170/4 3446/2182/4
f 3372/2172/4 3337/2185/4 3342/2184/4 7638/2171/4
f 3337/2185/4 3373/2181/4 3341/2178/4 3342/2184/4
f 3397/2132/4 3396/2131/4 7704/2130/4 7705/2129/4
f 3370/2180/4 3371/2134/4 7731/2167/4 7818/2179/4
f 3373/2181/4 3370/2180/4 7818/2179/4 3341/2178/4
f 3339/2169/4 3338/2183/4 3446/2182/4 7730/2168/4
f 3360/2134/4 3397/2132/4 7705/2129/4 7854/2133/4
f 3400/2286/1362 3398/2287/1363 3441/2288/1364 3440/2289/1365
f 3398/2287/1363 3407/2290/1366 3406/2291/1367 3441/2288/1364
f 3408/2292/1368 3399/2293/1369 3405/2294/1370 3437/2295/1371
f 3394/2275/4 3360/2134/4 7854/2133/4 7701/2274/4
f 3395/2078/4 3392/2273/4 7702/2272/4 7703/2077/4
f 3393/2081/4 3391/2079/4 3403/2076/4 7855/2080/4
f 3392/2273/4 3394/2275/4 7701/2274/4 7702/2272/4
f 3391/2079/4 3395/2078/4 7703/2077/4 3403/2076/4
f 3396/2131/4 3393/2081/4 7855/2080/4 7704/2130/4
f 3407/2290/1366 3408/2292/1368 3437/2295/1371 3406/2291/1367
f 3442/2296/1372 3411/2082/1246 3418/2085/1249 3419/2104/1256
f 3410/2297/1247 3445/2154/1275 3416/2108/1259 3417/2107/1248
f 3443/2153/1274 3409/2298/1373 3414/2098/1250 3415/2111/1262
f 3412/2299/1374 3442/2296/1372 3419/2104/1256 3420/2102/1254
f 3445/2154/1275 3443/2153/1274 3415/2111/1262 3416/2108/1259
f 3409/2298/1373 3444/2300/1375 3413/2099/1251 3414/2098/1250
f 3444/2300/1375 3412/2299/1374 3420/2102/1254 3413/2099/1251
f 3439/2152/1273 3440/2289/1365 3409/2298/1373 3443/2153/1274
f 3404/2301/1376 3438/2151/1272 3445/2154/1275 3410/2297/1247
f 3437/2295/1371 3405/2294/1370 3411/2082/1246 3442/2296/1372
f 3441/2288/1364 3406/2291/1367 3412/2299/1374 3444/2300/1375
f 3440/2289/1365 3441/2288/1364 3444/2300/1375 3409/2298/1373
f 3405/2294/1370 3404/2302/1376 3410/2083/1247 3411/2082/1246
f 3406/2291/1367 3437/2295/1371 3442/2296/1372 3412/2299/1374
f 7858/2237/507 7822/2238/507 7824/2239/507 7859/2240/507
f 7861/2163/1377 7857/2164/1378 7860/2165/1378 7869/2166/1378
f 7828/2209/1379 7826/2210/1379 7827/2211/1380 7829/2212/1380
f 3495/2194/1381 7863/2195/1381 7862/2196/1381 7865/2197/1381
f 3485/2177/699 3498/2174/699 7870/2175/699 7868/2176/699
f 3482/2198/1382 3489/2199/1382 3491/2200/1383 7861/2163/1377
f 7829/2212/1380 7827/2211/1380 3509/2225/1384 3508/2226/1384
f 7861/2163/1377 3491/2200/1383 7857/2164/1378
f 3487/2199/1481 7864/2198/1481 7866/2163/1386 3492/2200/1387
f 7867/2186/10 3505/2187/10 3499/2188/10 7825/2189/10
f 3492/2200/1387 7866/2163/1386 7823/2164/1388
f 7823/2164/1388 7866/2163/1386 3506/2166/1388 3490/2165/1388
f 3401/2303/1389 3400/2286/1362 3440/2289/1365 3439/2152/1273
f 7872/2304/1390 3402/2305/1391 3438/2151/1272 3404/2301/1376
f 3374/2173/4 3372/2172/4 7638/2171/4 7871/2170/4
f 3340/2248/1322 3377/2268/1331 3449/2269/1332 3450/2249/1323
f 3376/2247/1321 3465/2250/1324 3448/2261/1327 7636/2260/1326
f 3402/2305/1391 3401/2303/1389 3439/2152/1273 3438/2151/1272
f 7637/2259/1325 3344/2262/1328 3447/2306/1330 3343/2307/1329
f 3399/2293/1369 7872/2308/1390 3404/2302/1376 3405/2294/1370
f 7718/2060/1392 7719/2061/1392 7736/2062/1392 7738/2063/1392
f 7735/2064/1393 7734/2065/1393 7812/2066/1393 7814/2067/1393
f 3460/2041/1394 3379/2040/1394 7739/2043/1394 7813/2042/1394
f 7815/2054/507 3479/2055/507 3461/2056/507 7737/2057/507
f 3380/2040/1395 3459/2041/1395 3474/2042/1395 3462/2043/1395
f 7890/2004/5 7954/2005/5 8093/2006/5 8131/2007/5
f 7900/2008/507 7894/2009/507 7896/2010/507 7902/2011/507
f 7884/2012/10 7889/2013/10 7921/2014/10 7933/2015/10
f 7935/2008/699 7937/2009/699 7960/2010/699 7964/2011/699
f 7966/2016/998 7965/2017/987 8076/2018/987 7997/2019/998
f 7968/2020/1001 8077/2021/1002 7970/2022/1002 7971/2023/1001
f 7967/2024/996 7966/2025/998 7997/2026/998 7998/2027/996
f 7965/2017/987 7994/2028/988 7999/2029/988 8076/2018/987
f 7993/2030/1000 7969/2031/991 7995/2032/991 7996/2033/1000
f 7969/2031/991 7968/2020/1001 7971/2023/1001 7995/2032/991
f 8077/2021/1002 7967/2024/996 7998/2027/996 7970/2022/1002
f 3554/2034/1226 7988/2035/1001 7989/2036/991 3550/2037/1227
f 3550/2037/1227 7989/2036/991 7992/2038/1000 3551/2039/1228
f 7994/2028/988 7993/2030/1000 7996/2033/1000 7999/2029/988
f 8061/2040/1229 8060/2041/1229 8056/2042/1229 8058/2043/1229
f 3551/2039/1228 7992/2038/1000 3538/2044/988 3552/2045/1230
f 3552/2045/1230 3538/2044/988 8156/2046/987 3553/2047/1231
f 3553/2047/1231 8156/2046/987 3540/2048/998 3539/2049/1232
f 3539/2050/1232 3540/2051/998 7991/2052/996 3541/2053/1233
f 8057/2054/504 8065/2055/504 8069/2056/504 8059/2057/504
f 8062/2041/1234 8063/2040/1234 8068/2043/1234 8064/2042/1234
f 3541/2053/1233 7991/2052/996 7990/2058/1002 3542/2059/1235
f 3542/2059/1235 7990/2058/1002 7988/2035/1001 3554/2034/1226
f 3650/2060/1236 3728/2061/1236 3743/2062/1236 3742/2063/1236
f 3753/2064/1237 3749/2065/1237 3748/2066/1237 3723/2067/1237
f 8024/2040/1238 8025/2041/1238 8008/2042/1238 8010/2043/1238
f 8021/2040/1239 8020/2041/1239 8012/2042/1239 8014/2043/1239
f 8013/2054/509 8004/2055/509 8002/2056/509 8015/2057/509
f 8009/2054/699 8016/2055/699 8018/2056/699 8011/2057/699
f 8022/2041/1240 8023/2040/1240 8019/2043/1240 8017/2042/1240
f 8007/2041/1241 8006/2040/1241 8003/2043/1241 8005/2042/1241
f 3750/2064/1242 3730/2065/1242 3724/2066/1242 3752/2067/1242
f 3729/2061/1243 3741/2060/1243 3727/2063/1243 3740/2062/1243
f 3739/2061/1244 3738/2060/1244 3735/2063/1244 3726/2062/1244
f 3744/2064/1245 3747/2065/1245 3725/2066/1245 3745/2067/1245
f 8027/2068/988 8026/2069/1000 8031/2070/1000 8032/2071/988
f 8030/2072/996 3658/2073/998 8033/2074/998 8034/2075/996
f 8043/2076/10 3626/2077/10 8028/2078/10 8029/2079/10
f 3627/2080/10 8043/2076/10 8029/2079/10 3659/2081/10
f 3683/2082/1246 3682/2083/1247 3689/2084/1248 3690/2085/1249
f 8044/2086/991 7978/2087/1001 8042/2088/1001 7979/2089/991
f 7977/2090/1002 8045/2091/996 7983/2092/996 7984/2093/1002
f 8046/2094/998 8047/2095/987 7982/2096/987 3654/2097/998
f 3686/2098/1250 3685/2099/1251 3693/2100/1252 3694/2101/1253
f 3685/2099/1251 3692/2102/1254 3700/2103/1255 3693/2100/1252
f 3691/2104/1256 3690/2085/1249 3698/2105/1257 3699/2106/1258
f 3689/2107/1248 3688/2108/1259 3696/2109/1260 3697/2110/1261
f 3687/2111/1262 3686/2098/1250 3694/2101/1253 3695/2112/1263
f 3692/2102/1254 3691/2104/1256 3699/2106/1258 3700/2103/1255
f 3690/2085/1249 3689/2084/1248 3697/2113/1261 3698/2105/1257
f 3688/2108/1259 3687/2111/1262 3695/2112/1263 3696/2109/1260
f 3700/2103/1255 3699/2106/1258 3707/2114/1264 3708/2115/1265
f 3698/2105/1257 3697/2113/1261 3705/2116/1266 3706/2117/1267
f 3696/2109/1260 3695/2112/1263 3703/2118/1268 3704/2119/1269
f 3694/2101/1253 3693/2100/1252 3701/2120/1270 3702/2121/1271
f 3693/2100/1252 3700/2103/1255 3708/2115/1265 3701/2120/1270
f 3699/2106/1258 3698/2105/1257 3706/2117/1267 3707/2114/1264
f 3697/2110/1261 3696/2109/1260 3704/2119/1269 3705/2122/1266
f 3695/2112/1263 3694/2101/1253 3702/2121/1271 3703/2118/1268
f 7976/2123/988 7975/2124/1000 7980/2125/1000 7981/2126/988
f 7978/2087/1001 7977/2090/1002 7984/2093/1002 8042/2088/1001
f 8045/2091/996 8046/2127/998 3654/2128/998 7983/2092/996
f 8047/2095/987 7976/2123/988 7981/2126/988 7982/2096/987
f 7975/2124/1000 8044/2086/991 7979/2089/991 7980/2125/1000
f 3653/2129/10 3628/2130/10 7985/2131/10 7986/2132/10
f 3623/2133/10 3653/2129/10 7986/2132/10 7987/2134/10
f 8048/2135/4 8049/2136/4 3656/2137/4 3621/2138/4
f 8001/2139/4 8000/2140/4 3622/2141/4 3655/2142/4
f 8053/2143/4 8001/2139/4 3655/2142/4 3618/2144/4
f 8051/2145/4 8052/2146/4 3619/2147/4 3657/2148/4
f 8049/2136/4 8050/2149/4 3620/2150/4 3656/2137/4
f 8000/2140/4 8048/2135/4 3621/2138/4 3622/2141/4
f 3710/2151/1272 3711/2152/1273 3715/2153/1274 3717/2154/1275
f 8052/2146/4 8053/2143/4 3618/2144/4 3619/2147/4
f 8050/2149/4 8051/2145/4 3657/2148/4 3620/2150/4
f 3704/2155/1269 3701/2156/1270 3708/2157/1265 3705/2158/1266
f 3705/2158/1266 3708/2157/1265 3707/2159/1264 3706/2160/1267
f 3701/2156/1270 3704/2155/1269 3703/2161/1268 3702/2162/1271
f 8100/2163/1276 8183/2164/1277 8120/2165/1277 8102/2166/1277
f 3633/2167/10 3638/2168/10 3608/2169/10 3604/2134/10
f 3636/2170/10 8155/2171/10 3606/2172/10 3607/2173/10
f 8101/2174/504 8103/2175/504 8115/2176/504 8104/2177/504
f 8157/2178/10 3634/2179/10 3639/2180/10 3640/2181/10
f 3638/2168/10 3637/2182/10 3641/2183/10 3608/2169/10
f 8155/2171/10 3635/2184/10 3605/2185/10 3606/2172/10
f 3634/2179/10 3633/2167/10 3604/2134/10 3639/2180/10
f 8142/2186/10 8136/2187/10 8138/2188/10 8144/2189/10
f 3637/2182/10 3636/2170/10 3607/2173/10 3641/2183/10
f 3635/2184/10 8157/2178/10 3640/2181/10 3605/2185/10
f 7916/2190/10 8128/2191/10 8096/2192/10 8081/2193/10
f 3783/2194/1278 8175/2195/1278 3796/2196/1278 3808/2197/1278
f 8166/2198/1279 8141/2199/1279 8140/2200/1280 8167/2163/1281
f 7886/2201/996 7934/2202/996 7951/2203/996 7948/2204/996
f 7905/2201/1000 7877/2202/1000 7879/2203/1000 7952/2204/1000
f 7918/2191/10 8125/2190/10 7956/2193/10 7892/2192/10
f 7909/2191/10 7899/2190/10 7904/2193/10 7930/2192/10
f 7920/2201/1282 3563/2202/1282 8130/2203/1282 7922/2204/1282
f 7940/2201/1002 8080/2202/1002 8078/2203/1002 7962/2204/1002
f 7957/2201/1001 7936/2202/1001 3602/2203/1001 8094/2204/1001
f 3560/2004/1 8097/2005/1 8106/2006/1 8079/2007/1
f 7912/2205/1283 3544/2206/1283 7876/2207/1283 7887/2208/1283
f 8116/2186/10 3803/2187/10 8121/2188/10 8122/2189/10
f 3760/2209/1284 8147/2210/1284 8146/2211/1285 3756/2212/1285
f 8127/2205/1286 3549/2206/1286 8118/2207/1286 8098/2208/1286
f 7895/2201/991 7941/2202/991 7946/2203/991 3595/2204/991
f 7883/2213/1287 8129/2214/1288 7911/2215/1289 7913/2216/1289
f 3575/2213/1290 8126/2214/1291 3546/2215/1292 7915/2216/1292
f 3547/2213/1293 3578/2214/1479 7898/2215/1295 7910/2216/1295
f 7919/2213/1296 3548/2214/1297 8124/2215/1298 7917/2216/1298
f 8095/2201/987 7901/2202/987 3594/2203/987 8107/2204/987
f 7875/2217/1299 7873/2218/1299 7891/2219/1299 7888/2220/1299
f 8119/2217/1300 7882/2218/1300 7943/2219/1300 8099/2220/1300
f 7878/2008/509 7939/2009/509 3603/2010/509 3596/2011/509
f 8100/2163/1276 3786/2200/1301 8183/2164/1277
f 7903/2221/10 7897/2222/10 7950/2223/10 7961/2224/10
f 8176/2212/1302 3802/2211/1302 8134/2225/1303 8182/2226/1303
f 3576/2206/1304 3573/2205/1304 7893/2208/1304 7874/2207/1304
f 3543/2206/1305 7914/2205/1305 7944/2208/1305 7881/2207/1305
f 3547/2206/1293 3572/2205/1306 7931/2208/1306 8108/2207/1307
f 7959/2227/1308 7880/2228/1309 7923/2229/1310 7963/2230/1311
f 7950/2223/10 7923/2229/1310 7880/2228/1309 7961/2224/10
f 7953/2231/1312 7880/2228/1309 7959/2227/1308 7927/2232/1312
f 7928/2004/8 3574/2005/8 3589/2006/8 7926/2007/8
f 3569/2191/10 3568/2190/10 7885/2193/10 7942/2192/10
f 8135/2164/1313 8105/2163/1314 3791/2166/1313 8123/2165/1313
f 7945/2004/2 3562/2005/2 7949/2006/2 7947/2007/2
f 8126/2233/1291 7883/2234/1287 3565/2235/10 3556/2236/10
f 8133/2200/1315 8105/2163/1314 8135/2164/1313
f 3643/2134/4 3611/2169/4 8066/2168/4 8067/2167/4
f 8129/2234/1288 7919/2233/1296 3557/2236/10 3558/2235/10
f 3561/2012/10 3564/2013/10 3583/2014/10 3582/2015/10
f 3801/2237/509 3790/2238/509 3795/2239/509 3800/2240/509
f 3599/2241/1316 3588/2242/1316 7963/2230/1311 7923/2229/1310
f 3647/2243/1317 3736/2244/1318 3617/2245/1319 8192/2246/1320
f 3648/2247/1321 3612/2248/1322 3722/2249/1323 3737/2250/1324
f 3591/2251/10 7950/2223/10 7897/2222/10 3600/2252/10
f 3598/2253/10 7903/2221/10 7961/2224/10 3590/2254/10
f 3542/2059/1235 3554/2034/1226 8129/2255/1288 7883/2256/1287
f 3551/2039/1228 3552/2045/1230 3547/2257/1293 3548/2258/1297
f 7973/2259/1325 7972/2260/1326 3720/2261/1327 3616/2262/1328
f 3647/2243/1317 3615/2263/1329 3719/2264/1330 3736/2244/1318
f 3539/2050/1232 3541/2053/1233 8126/2265/1291 3575/2266/1290
f 3554/2034/1226 3550/2037/1227 7919/2267/1296 8129/2255/1288
f 3550/2037/1227 3551/2039/1228 3548/2258/1297 7919/2267/1296
f 3649/2268/1331 8192/2246/1320 3617/2245/1319 3721/2269/1332
f 3552/2045/1230 3553/2047/1231 3578/2270/1479 3547/2257/1293
f 3541/2053/1233 3542/2059/1235 7883/2256/1287 8126/2265/1291
f 3553/2047/1231 3539/2049/1232 3575/2271/1290 3578/2270/1479
f 3580/2008/504 3581/2009/504 3593/2010/504 3592/2011/504
f 3548/2234/1297 3547/2233/1293 8108/2236/1307 3555/2235/1333
f 7938/2201/998 7929/2202/998 3597/2203/998 3601/2204/998
f 3578/2233/1479 3575/2234/1290 7924/2235/1334 7925/2236/1335
f 8117/2217/1336 3567/2218/1336 7932/2219/1336 7955/2220/1336
f 3579/2217/1337 3577/2218/1337 8082/2219/1337 7906/2220/1337
f 3545/2205/987 3548/2206/1297 3555/2207/1333 3559/2208/987
f 7907/2012/10 8083/2013/10 3587/2014/10 3586/2015/10
f 7958/2012/10 3566/2013/10 3584/2014/10 3585/2015/10
f 8170/2186/10 8171/2187/10 8114/2188/10 8180/2189/10
f 8110/2199/1338 8091/2198/1338 8088/2163/1339 8109/2200/1340
f 8092/2198/1341 8089/2199/1341 8090/2200/1342 8086/2163/1343
f 8086/2163/1343 8111/2164/1344 8113/2165/1344 8172/2166/1344
f 8087/2177/509 8085/2174/509 3793/2175/509 8169/2176/509
f 3794/2194/1345 3784/2195/1345 3809/2196/1345 3807/2197/1345
f 3789/2209/1346 3788/2210/1346 3804/2211/1347 3805/2212/1347
f 3758/2199/1348 8186/2198/1348 8184/2163/1349 3776/2200/1350
f 8132/2199/1351 8187/2198/1351 8105/2163/1314 8133/2200/1315
f 8167/2163/1281 8140/2200/1280 8178/2164/1352
f 8152/2164/1353 8184/2163/1349 8143/2166/1353 8145/2165/1353
f 3776/2200/1350 8184/2163/1349 8152/2164/1353
f 3756/2212/1285 8146/2211/1285 8153/2225/1354 8179/2226/1354
f 3775/2237/699 3755/2238/699 3769/2239/699 8139/2240/699
f 8168/2174/507 8137/2175/507 3773/2176/507 8185/2177/507
f 8167/2163/1281 8178/2164/1352 3765/2165/1352 3774/2166/1352
f 8177/2209/1355 3787/2210/1355 3802/2211/1302 8176/2212/1302
f 3766/2194/1356 3772/2195/1356 3768/2196/1356 3779/2197/1356
f 3782/2198/1357 3785/2199/1357 3786/2200/1301 8100/2163/1276
f 3805/2212/1347 3804/2211/1347 8173/2225/1358 8112/2226/1358
f 8086/2163/1343 8090/2200/1342 8111/2164/1344
f 3799/2237/504 8174/2238/504 8181/2239/504 3797/2240/504
f 8109/2200/1340 8088/2163/1339 3792/2164/1359
f 3792/2164/1359 8088/2163/1339 3806/2166/1359 3798/2165/1359
f 3571/2205/1360 3578/2206/1479 7925/2207/1335 7908/2208/1360
f 3626/2077/10 3625/2272/10 3660/2273/10 8028/2078/10
f 3624/2274/10 3623/2133/10 7987/2134/10 3662/2275/10
f 3628/2130/10 3627/2080/10 3659/2081/10 7985/2131/10
f 3575/2206/1290 3570/2205/1361 8084/2208/1361 7924/2207/1334
f 3625/2272/10 3624/2274/10 3662/2275/10 3660/2273/10
f 3658/2276/998 3661/2277/987 8189/2278/987 8033/2279/998
f 3630/2280/1002 8030/2072/996 8034/2075/996 8035/2281/1002
f 3629/2282/991 3631/2283/1001 8036/2284/1001 8188/2285/991
f 8026/2069/1000 3629/2282/991 8188/2285/991 8031/2070/1000
f 3661/2277/987 8027/2068/988 8032/2071/988 8189/2278/987
f 3631/2283/1001 3630/2280/1002 8035/2281/1002 8036/2284/1001
f 3610/2183/4 3646/2173/4 8207/2170/4 3718/2182/4
f 3644/2172/4 3609/2185/4 3614/2184/4 7974/2171/4
f 3609/2185/4 3645/2181/4 3613/2178/4 3614/2184/4
f 3669/2132/4 3668/2131/4 8040/2130/4 8041/2129/4
f 3642/2180/4 3643/2134/4 8067/2167/4 8154/2179/4
f 3645/2181/4 3642/2180/4 8154/2179/4 3613/2178/4
f 3611/2169/4 3610/2183/4 3718/2182/4 8066/2168/4
f 3632/2134/4 3669/2132/4 8041/2129/4 8190/2133/4
f 3672/2286/1362 3670/2287/1363 3713/2288/1364 3712/2289/1365
f 3670/2287/1363 3679/2290/1366 3678/2291/1367 3713/2288/1364
f 3680/2292/1368 3671/2293/1369 3677/2294/1370 3709/2295/1371
f 3666/2275/4 3632/2134/4 8190/2133/4 8037/2274/4
f 3667/2078/4 3664/2273/4 8038/2272/4 8039/2077/4
f 3665/2081/4 3663/2079/4 3675/2076/4 8191/2080/4
f 3664/2273/4 3666/2275/4 8037/2274/4 8038/2272/4
f 3663/2079/4 3667/2078/4 8039/2077/4 3675/2076/4
f 3668/2131/4 3665/2081/4 8191/2080/4 8040/2130/4
f 3679/2290/1366 3680/2292/1368 3709/2295/1371 3678/2291/1367
f 3714/2296/1372 3683/2082/1246 3690/2085/1249 3691/2104/1256
f 3682/2297/1247 3717/2154/1275 3688/2108/1259 3689/2107/1248
f 3715/2153/1274 3681/2298/1373 3686/2098/1250 3687/2111/1262
f 3684/2299/1374 3714/2296/1372 3691/2104/1256 3692/2102/1254
f 3717/2154/1275 3715/2153/1274 3687/2111/1262 3688/2108/1259
f 3681/2298/1373 3716/2300/1375 3685/2099/1251 3686/2098/1250
f 3716/2300/1375 3684/2299/1374 3692/2102/1254 3685/2099/1251
f 3711/2152/1273 3712/2289/1365 3681/2298/1373 3715/2153/1274
f 3676/2301/1376 3710/2151/1272 3717/2154/1275 3682/2297/1247
f 3709/2295/1371 3677/2294/1370 3683/2082/1246 3714/2296/1372
f 3713/2288/1364 3678/2291/1367 3684/2299/1374 3716/2300/1375
f 3712/2289/1365 3713/2288/1364 3716/2300/1375 3681/2298/1373
f 3677/2294/1370 3676/2302/1376 3682/2083/1247 3683/2082/1246
f 3678/2291/1367 3709/2295/1371 3714/2296/1372 3684/2299/1374
f 8194/2237/507 8158/2238/507 8160/2239/507 8195/2240/507
f 8197/2163/1377 8193/2164/1378 8196/2165/1378 8205/2166/1378
f 8164/2209/1379 8162/2210/1379 8163/2211/1380 8165/2212/1380
f 3767/2194/1381 8199/2195/1381 8198/2196/1381 8201/2197/1381
f 3757/2177/699 3770/2174/699 8206/2175/699 8204/2176/699
f 3754/2198/1382 3761/2199/1382 3763/2200/1383 8197/2163/1377
f 8165/2212/1380 8163/2211/1380 3781/2225/1384 3780/2226/1384
f 8197/2163/1377 3763/2200/1383 8193/2164/1378
f 3759/2199/1385 8200/2198/1385 8202/2163/1386 3764/2200/1387
f 8203/2186/10 3777/2187/10 3771/2188/10 8161/2189/10
f 3764/2200/1387 8202/2163/1386 8159/2164/1388
f 8159/2164/1388 8202/2163/1386 3778/2166/1388 3762/2165/1388
f 3673/2303/1389 3672/2286/1362 3712/2289/1365 3711/2152/1273
f 8208/2304/1390 3674/2305/1391 3710/2151/1272 3676/2301/1376
f 3646/2173/4 3644/2172/4 7974/2171/4 8207/2170/4
f 3612/2248/1322 3649/2268/1331 3721/2269/1332 3722/2249/1323
f 3648/2247/1321 3737/2250/1324 3720/2261/1327 7972/2260/1326
f 3674/2305/1391 3673/2303/1389 3711/2152/1273 3710/2151/1272
f 7973/2259/1325 3616/2262/1328 3719/2306/1330 3615/2307/1329
f 3671/2293/1369 8208/2308/1390 3676/2302/1376 3677/2294/1370
f 8054/2060/1392 8055/2061/1392 8072/2062/1392 8074/2063/1392
f 8071/2064/1393 8070/2065/1393 8148/2066/1393 8150/2067/1393
f 3732/2041/1394 3651/2040/1394 8075/2043/1394 8149/2042/1394
f 8151/2054/507 3751/2055/507 3733/2056/507 8073/2057/507
f 3652/2040/1395 3731/2041/1395 3746/2042/1395 3734/2043/1395
f 8226/2004/1 8467/2007/1 8429/2006/1 8290/2005/1
f 8236/2008/504 8238/2011/504 8232/2010/504 8230/2009/504
f 8220/2012/10 8269/2015/10 8257/2014/10 8225/2013/10
f 8271/2008/509 8300/2011/509 8296/2010/509 8273/2009/509
f 8302/2016/1000 8333/2019/1000 8412/2018/988 8301/2017/988
f 8304/2020/1002 8307/2023/1002 8306/2022/1001 8413/2021/1001
f 8303/2024/991 8334/2027/991 8333/2026/1000 8302/2025/1000
f 8301/2017/988 8412/2018/988 8335/2029/987 8330/2028/987
f 8329/2030/998 8332/2033/998 8331/2032/996 8305/2031/996
f 8305/2031/996 8331/2032/996 8307/2023/1002 8304/2020/1002
f 8413/2021/1001 8306/2022/1001 8334/2027/991 8303/2024/991
f 3826/2034/1235 3822/2037/1233 8325/2036/996 8324/2035/1002
f 3822/2037/1233 3823/2039/1232 8328/2038/998 8325/2036/996
f 8330/2028/987 8335/2029/987 8332/2033/998 8329/2030/998
f 8397/2040/1396 8394/2043/1396 8392/2042/1396 8396/2041/1396
f 3823/2039/1232 3824/2045/1231 3810/2044/987 8328/2038/998
f 3824/2045/1231 3825/2047/1230 8492/2046/988 3810/2044/987
f 3825/2047/1230 3811/2049/1228 3812/2048/1000 8492/2046/988
f 3811/2050/1228 3813/2053/1227 8327/2052/991 3812/2051/1000
f 8393/2054/507 8395/2057/507 8405/2056/507 8401/2055/507
f 8398/2041/1397 8400/2042/1397 8404/2043/1397 8399/2040/1397
f 3813/2053/1227 3814/2059/1226 8326/2058/1001 8327/2052/991
f 3814/2059/1226 3826/2034/1235 8324/2035/1002 8326/2058/1001
f 3922/2060/1398 4014/2063/1398 4015/2062/1398 4000/2061/1398
f 4025/2064/1399 3995/2067/1399 4020/2066/1399 4021/2065/1399
f 8360/2040/1400 8346/2043/1400 8344/2042/1400 8361/2041/1400
f 8357/2040/1401 8350/2043/1401 8348/2042/1401 8356/2041/1401
f 8349/2054/699 8351/2057/699 8338/2056/699 8340/2055/699
f 8345/2054/509 8347/2057/509 8354/2056/509 8352/2055/509
f 8358/2041/1402 8353/2042/1402 8355/2043/1402 8359/2040/1402
f 8343/2041/1403 8341/2042/1403 8339/2043/1403 8342/2040/1403
f 4022/2064/1404 4024/2067/1404 3996/2066/1404 4002/2065/1404
f 4001/2061/1405 4012/2062/1405 3999/2063/1405 4013/2060/1405
f 4011/2061/1406 3998/2062/1406 4007/2063/1406 4010/2060/1406
f 4016/2064/1407 4017/2067/1407 3997/2066/1407 4019/2065/1407
f 8363/2068/987 8368/2071/987 8367/2070/998 8362/2069/998
f 8366/2072/991 8370/2075/991 8369/2074/1000 3930/2073/1000
f 8379/2076/10 8365/2079/10 8364/2078/10 3898/2077/10
f 3899/2080/10 3931/2081/10 8365/2079/10 8379/2076/10
f 3955/2082/1375 3962/2085/1251 3961/2084/1250 3954/2083/1373
f 8380/2086/996 8315/2089/996 8378/2088/1002 8314/2087/1002
f 8313/2090/1001 8320/2093/1001 8319/2092/991 8381/2091/991
f 8382/2094/1000 3926/2097/1000 8318/2096/988 8383/2095/988
f 3958/2098/1248 3966/2101/1261 3965/2100/1257 3957/2099/1249
f 3957/2099/1249 3965/2100/1257 3972/2103/1258 3964/2102/1256
f 3963/2104/1254 3971/2106/1255 3970/2105/1252 3962/2085/1251
f 3961/2107/1250 3969/2110/1253 3968/2109/1263 3960/2108/1262
f 3959/2111/1259 3967/2112/1260 3966/2101/1261 3958/2098/1248
f 3964/2102/1256 3972/2103/1258 3971/2106/1255 3963/2104/1254
f 3962/2085/1251 3970/2105/1252 3969/2113/1253 3961/2084/1250
f 3960/2108/1262 3968/2109/1263 3967/2112/1260 3959/2111/1259
f 3972/2103/1258 3980/2115/1408 3979/2114/1409 3971/2106/1255
f 3970/2105/1252 3978/2117/1410 3977/2116/1271 3969/2113/1253
f 3968/2109/1263 3976/2119/1411 3975/2118/1412 3967/2112/1260
f 3966/2101/1261 3974/2121/1266 3973/2120/1413 3965/2100/1257
f 3965/2100/1257 3973/2120/1413 3980/2115/1408 3972/2103/1258
f 3971/2106/1255 3979/2114/1409 3978/2117/1410 3970/2105/1252
f 3969/2110/1253 3977/2122/1271 3976/2119/1411 3968/2109/1263
f 3967/2112/1260 3975/2118/1412 3974/2121/1266 3966/2101/1261
f 8312/2123/987 8317/2126/987 8316/2125/998 8311/2124/998
f 8314/2087/1002 8378/2088/1002 8320/2093/1001 8313/2090/1001
f 8381/2091/991 8319/2092/991 3926/2128/1000 8382/2127/1000
f 8383/2095/988 8318/2096/988 8317/2126/987 8312/2123/987
f 8311/2124/998 8316/2125/998 8315/2089/996 8380/2086/996
f 3925/2129/10 8322/2132/10 8321/2131/10 3900/2130/10
f 3895/2133/10 8323/2134/10 8322/2132/10 3925/2129/10
f 8384/2135/4 3893/2138/4 3928/2137/4 8385/2136/4
f 8337/2139/4 3927/2142/4 3894/2141/4 8336/2140/4
f 8389/2143/4 3890/2144/4 3927/2142/4 8337/2139/4
f 8387/2145/4 3929/2148/4 3891/2147/4 8388/2146/4
f 8385/2136/4 3928/2137/4 3892/2150/4 8386/2149/4
f 8336/2140/4 3894/2141/4 3893/2138/4 8384/2135/4
f 3982/2151/1273 3989/2154/1274 3987/2153/1275 3983/2152/1272
f 8388/2146/4 3891/2147/4 3890/2144/4 8389/2143/4
f 8386/2149/4 3892/2150/4 3929/2148/4 8387/2145/4
f 3976/2155/1411 3977/2158/1271 3980/2157/1408 3973/2156/1413
f 3977/2158/1271 3978/2160/1410 3979/2159/1409 3980/2157/1408
f 3973/2156/1413 3974/2162/1266 3975/2161/1412 3976/2155/1411
f 8436/2163/1414 8438/2166/1353 8456/2165/1353 8519/2164/1353
f 3905/2167/10 3876/2134/10 3880/2169/10 3910/2168/10
f 3908/2170/10 3879/2173/10 3878/2172/10 8491/2171/10
f 8437/2174/507 8440/2177/507 8451/2176/507 8439/2175/507
f 8493/2178/10 3912/2181/10 3911/2180/10 3906/2179/10
f 3910/2168/10 3880/2169/10 3913/2183/10 3909/2182/10
f 8491/2171/10 3878/2172/10 3877/2185/10 3907/2184/10
f 3906/2179/10 3911/2180/10 3876/2134/10 3905/2167/10
f 8478/2186/10 8480/2189/10 8474/2188/10 8472/2187/10
f 3909/2182/10 3913/2183/10 3879/2173/10 3908/2170/10
f 3907/2184/10 3877/2185/10 3912/2181/10 8493/2178/10
f 8252/2190/10 8417/2193/10 8432/2192/10 8464/2191/10
f 4055/2194/1415 4080/2197/1415 4068/2196/1415 8511/2195/1415
f 8502/2198/1351 8503/2163/1416 8476/2200/1315 8477/2199/1351
f 8222/2201/1561 8284/2204/1561 8287/2203/1561 8270/2202/1561
f 8241/2201/998 8288/2204/998 8215/2203/998 8213/2202/998
f 8254/2191/10 8228/2192/10 8292/2193/10 8461/2190/10
f 8245/2191/10 8266/2192/10 8240/2193/10 8235/2190/10
f 8256/2201/987 8258/2204/987 8466/2203/987 3835/2202/987
f 8276/2201/1001 8298/2204/1001 8414/2203/1001 8416/2202/1001
f 8293/2201/1002 8430/2204/1002 3874/2203/1002 8272/2202/1002
f 3832/2004/5 8415/2007/5 8442/2006/5 8433/2005/5
f 8248/2205/1417 8223/2208/1417 8212/2207/1417 3816/2206/1417
f 8452/2186/10 8458/2189/10 8457/2188/10 4075/2187/10
f 4032/2209/1355 4028/2212/1302 8482/2211/1302 8483/2210/1355
f 8463/2205/1418 8434/2208/1418 8454/2207/1418 3821/2206/1418
f 8231/2201/996 3867/2204/996 8282/2203/996 8277/2202/996
f 8219/2213/1288 8249/2216/1289 8247/2215/1289 8465/2214/1287
f 3847/2213/1419 8251/2216/1298 3818/2215/1298 8462/2214/1296
f 3819/2213/1420 8246/2216/1295 8234/2215/1295 3850/2214/1421
f 8255/2213/1291 8253/2216/1292 8460/2215/1292 3820/2214/1422
f 8431/2201/988 8443/2204/988 3866/2203/988 8237/2202/988
f 8211/2217/1423 8224/2220/1423 8227/2219/1423 8209/2218/1423
f 8455/2217/1424 8435/2220/1424 8279/2219/1424 8218/2218/1424
f 8214/2008/699 3868/2011/699 3875/2010/699 8275/2009/699
f 8436/2163/1414 8519/2164/1353 4058/2200/1350
f 8239/2221/10 8297/2224/10 8286/2223/10 8233/2222/10
f 8512/2212/1285 8518/2226/1354 8470/2225/1354 4074/2211/1285
f 3848/2206/1425 8210/2207/1425 8229/2208/1425 3845/2205/1425
f 3815/2206/1426 8217/2207/1426 8280/2208/1426 8250/2205/1426
f 3819/2206/1420 8444/2207/1427 8267/2208/1428 3844/2205/1428
f 8295/2227/1429 8299/2230/1430 8259/2229/1431 8216/2228/1432
f 8286/2223/10 8297/2224/10 8216/2228/1432 8259/2229/1431
f 8289/2231/1433 8263/2232/1433 8295/2227/1429 8216/2228/1432
f 8264/2004/8 8262/2007/8 3861/2006/8 3846/2005/8
f 3841/2191/10 8278/2192/10 8221/2193/10 3840/2190/10
f 8471/2164/1352 8459/2165/1352 4063/2166/1352 8441/2163/1434
f 8281/2004/2 8283/2007/2 8285/2006/2 3834/2005/2
f 8462/2233/1296 3828/2236/10 3837/2235/10 8219/2234/1288
f 8469/2200/1280 8471/2164/1352 8441/2163/1434
f 3915/2134/4 8403/2167/4 8402/2168/4 3883/2169/4
f 8465/2234/1287 3830/2235/10 3829/2236/10 8255/2233/1291
f 3833/2012/10 3854/2015/10 3855/2014/10 3836/2013/10
f 4073/2237/699 4072/2240/699 4067/2239/699 4062/2238/699
f 3871/2241/1435 8259/2229/1431 8299/2230/1430 3860/2242/1435
f 3919/2243/1436 8528/2246/1437 3889/2245/1438 4008/2244/1439
f 3920/2247/1440 4009/2250/1441 3994/2249/1442 3884/2248/1443
f 3863/2251/10 3872/2252/10 8233/2222/10 8286/2223/10
f 3870/2253/10 3862/2254/10 8297/2224/10 8239/2221/10
f 3814/2059/1226 8219/2256/1288 8465/2255/1287 3826/2034/1235
f 3823/2039/1232 3820/2258/1422 3819/2257/1420 3824/2045/1231
f 8309/2259/1444 3888/2262/1445 3992/2261/1446 8308/2260/1447
f 3919/2243/1436 4008/2244/1439 3991/2264/1448 3887/2263/1449
f 3811/2050/1228 3847/2266/1419 8462/2265/1296 3813/2053/1227
f 3826/2034/1235 8465/2255/1287 8255/2267/1291 3822/2037/1233
f 3822/2037/1233 8255/2267/1291 3820/2258/1422 3823/2039/1232
f 3921/2268/1450 3993/2269/1451 3889/2245/1438 8528/2246/1437
f 3824/2045/1231 3819/2257/1420 3850/2270/1421 3825/2047/1230
f 3813/2053/1227 8462/2265/1296 8219/2256/1288 3814/2059/1226
f 3825/2047/1230 3850/2270/1421 3847/2271/1419 3811/2049/1228
f 3852/2008/507 3864/2011/507 3865/2010/507 3853/2009/507
f 3820/2234/1422 3827/2235/1452 8444/2236/1427 3819/2233/1420
f 8274/2201/1000 3873/2204/1000 3869/2203/1000 8265/2202/1000
f 3850/2233/1421 8261/2236/1453 8260/2235/1454 3847/2234/1419
f 8453/2217/1455 8291/2220/1455 8268/2219/1455 3839/2218/1455
f 3851/2217/1456 8242/2220/1456 8418/2219/1456 3849/2218/1456
f 3817/2205/988 3831/2208/988 3827/2207/1452 3820/2206/1422
f 8243/2012/10 3858/2015/10 3859/2014/10 8419/2013/10
f 8294/2012/10 3857/2015/10 3856/2014/10 3838/2013/10
f 8506/2186/10 8516/2189/10 8450/2188/10 8507/2187/10
f 8446/2199/1457 8445/2200/1383 8424/2163/1458 8427/2198/1457
f 8428/2198/1385 8422/2163/1459 8426/2200/1387 8425/2199/1385
f 8422/2163/1459 8508/2166/1388 8449/2165/1388 8447/2164/1388
f 8423/2177/699 8505/2176/699 4065/2175/699 8421/2174/699
f 4066/2194/1460 4079/2197/1460 4081/2196/1460 4056/2195/1460
f 4061/2209/1379 4077/2212/1380 4076/2211/1380 4060/2210/1379
f 4030/2199/1357 4048/2200/1301 8520/2163/1461 8522/2198/1357
f 8468/2199/1279 8469/2200/1280 8441/2163/1434 8523/2198/1279
f 8503/2163/1416 8514/2164/1313 8476/2200/1315
f 8488/2164/1277 8481/2165/1277 8479/2166/1277 8520/2163/1461
f 4048/2200/1301 8488/2164/1277 8520/2163/1461
f 4028/2212/1302 8515/2226/1303 8489/2225/1303 8482/2211/1302
f 4047/2237/509 8475/2240/509 4041/2239/509 4027/2238/509
f 8504/2174/504 8521/2177/504 4045/2176/504 8473/2175/504
f 8503/2163/1416 4046/2166/1313 4037/2165/1313 8514/2164/1313
f 8513/2209/1284 8512/2212/1285 4074/2211/1285 4059/2210/1284
f 4038/2194/1462 4051/2197/1462 4040/2196/1462 4044/2195/1462
f 4054/2198/1348 8436/2163/1414 4058/2200/1350 4057/2199/1348
f 4077/2212/1380 8448/2226/1384 8509/2225/1384 4076/2211/1380
f 8422/2163/1459 8447/2164/1388 8426/2200/1387
f 4071/2237/507 4069/2240/507 8517/2239/507 8510/2238/507
f 8445/2200/1383 4064/2164/1378 8424/2163/1458
f 4064/2164/1378 4070/2165/1378 4078/2166/1378 8424/2163/1458
f 3843/2205/1463 8244/2208/1463 8261/2207/1453 3850/2206/1421
f 3898/2077/10 8364/2078/10 3932/2273/10 3897/2272/10
f 3896/2274/10 3934/2275/10 8323/2134/10 3895/2133/10
f 3900/2130/10 8321/2131/10 3931/2081/10 3899/2080/10
f 3847/2206/1419 8260/2207/1454 8420/2208/1464 3842/2205/1464
f 3897/2272/10 3932/2273/10 3934/2275/10 3896/2274/10
f 3930/2276/1000 8369/2279/1000 8525/2278/988 3933/2277/988
f 3902/2280/1001 8371/2281/1001 8370/2075/991 8366/2072/991
f 3901/2282/996 8524/2285/996 8372/2284/1002 3903/2283/1002
f 8362/2069/998 8367/2070/998 8524/2285/996 3901/2282/996
f 3933/2277/988 8525/2278/988 8368/2071/987 8363/2068/987
f 3903/2283/1002 8372/2284/1002 8371/2281/1001 3902/2280/1001
f 3882/2183/4 3990/2182/4 8543/2170/4 3918/2173/4
f 3916/2172/4 8310/2171/4 3886/2184/4 3881/2185/4
f 3881/2185/4 3886/2184/4 3885/2178/4 3917/2181/4
f 3941/2132/4 8377/2129/4 8376/2130/4 3940/2131/4
f 3914/2180/4 8490/2179/4 8403/2167/4 3915/2134/4
f 3917/2181/4 3885/2178/4 8490/2179/4 3914/2180/4
f 3883/2169/4 8402/2168/4 3990/2182/4 3882/2183/4
f 3904/2134/4 8526/2133/4 8377/2129/4 3941/2132/4
f 3944/2286/1390 3984/2289/1376 3985/2288/1370 3942/2287/1369
f 3942/2287/1369 3985/2288/1370 3950/2291/1371 3951/2290/1368
f 3952/2292/1366 3981/2295/1367 3949/2294/1364 3943/2293/1363
f 3938/2275/4 8373/2274/4 8526/2133/4 3904/2134/4
f 3939/2078/4 8375/2077/4 8374/2272/4 3936/2273/4
f 3937/2081/4 8527/2080/4 3947/2076/4 3935/2079/4
f 3936/2273/4 8374/2272/4 8373/2274/4 3938/2275/4
f 3935/2079/4 3947/2076/4 8375/2077/4 3939/2078/4
f 3940/2131/4 8376/2130/4 8527/2080/4 3937/2081/4
f 3951/2290/1368 3950/2291/1371 3981/2295/1367 3952/2292/1366
f 3986/2296/1374 3963/2104/1254 3962/2085/1251 3955/2082/1375
f 3954/2297/1373 3961/2107/1250 3960/2108/1262 3989/2154/1274
f 3987/2153/1275 3959/2111/1259 3958/2098/1248 3953/2298/1247
f 3956/2299/1372 3964/2102/1256 3963/2104/1254 3986/2296/1374
f 3989/2154/1274 3960/2108/1262 3959/2111/1259 3987/2153/1275
f 3953/2298/1247 3958/2098/1248 3957/2099/1249 3988/2300/1246
f 3988/2300/1246 3957/2099/1249 3964/2102/1256 3956/2299/1372
f 3983/2152/1272 3987/2153/1275 3953/2298/1247 3984/2289/1376
f 3948/2301/1365 3954/2297/1373 3989/2154/1274 3982/2151/1273
f 3981/2295/1367 3986/2296/1374 3955/2082/1375 3949/2294/1364
f 3985/2288/1370 3988/2300/1246 3956/2299/1372 3950/2291/1371
f 3984/2289/1376 3953/2298/1247 3988/2300/1246 3985/2288/1370
f 3949/2294/1364 3955/2082/1375 3954/2083/1373 3948/2302/1365
f 3950/2291/1371 3956/2299/1372 3986/2296/1374 3981/2295/1367
f 8530/2237/504 8531/2240/504 8496/2239/504 8494/2238/504
f 8533/2163/1465 8541/2166/1359 8532/2165/1359 8529/2164/1359
f 8500/2209/1346 8501/2212/1347 8499/2211/1347 8498/2210/1346
f 4039/2194/1466 8537/2197/1466 8534/2196/1466 8535/2195/1466
f 4029/2177/509 8540/2176/509 8542/2175/509 4042/2174/509
f 4026/2198/1467 8533/2163/1465 4035/2200/1340 4033/2199/1467
f 8501/2212/1347 4052/2226/1358 4053/2225/1358 8499/2211/1347
f 8533/2163/1465 8529/2164/1359 4035/2200/1340
f 4031/2199/1341 4036/2200/1342 8538/2163/1469 8536/2198/1341
f 8539/2186/10 8497/2189/10 4043/2188/10 4049/2187/10
f 4036/2200/1342 8495/2164/1344 8538/2163/1469
f 8495/2164/1344 4034/2165/1344 4050/2166/1344 8538/2163/1469
f 3945/2303/1391 3983/2152/1272 3984/2289/1376 3944/2286/1390
f 8544/2304/1362 3948/2301/1365 3982/2151/1273 3946/2305/1389
f 3918/2173/4 8543/2170/4 8310/2171/4 3916/2172/4
f 3884/2248/1443 3994/2249/1442 3993/2269/1451 3921/2268/1450
f 3920/2247/1440 8308/2260/1447 3992/2261/1446 4009/2250/1441
f 3946/2305/1389 3982/2151/1273 3983/2152/1272 3945/2303/1391
f 8309/2259/1444 3887/2307/1449 3991/2306/1448 3888/2262/1445
f 3943/2293/1363 3949/2294/1364 3948/2302/1365 8544/2308/1362
f 8390/2060/1470 8410/2063/1470 8408/2062/1470 8391/2061/1470
f 8407/2064/1471 8486/2067/1471 8484/2066/1471 8406/2065/1471
f 4004/2041/1472 8485/2042/1472 8411/2043/1472 3923/2040/1472
f 8487/2054/504 8409/2057/504 4005/2056/504 4023/2055/504
f 3924/2040/1473 4006/2043/1473 4018/2042/1473 4003/2041/1473
f 4153/2309/1562 4133/2310/1563 4140/2311/1564 4164/2312/1565
f 8549/2313/1566 8547/2314/1567 8548/2315/1568 8550/2316/1568
f 4150/2317/1569 4148/2318/1570 4160/2319/1571 4161/2320/1572
f 4288/2321/1573 4289/2322/1574 4156/2323/1575 4157/2324/1576
f 4289/2322/1574 4291/2325/1577 4145/2326/1578 4156/2323/1575
f 4290/2327/1579 4276/2328/1580 4149/2329/1581 4152/2330/1582
f 4097/2331/1583 4130/2332/1584 4142/2333/1585 4125/2334/1586
f 4118/2335/1587 4113/2336/1588 4137/2337/1589 4139/2338/1590
f 4139/2338/1590 4137/2337/1589 4148/2318/1570 4150/2317/1569
f 4291/2325/1577 4275/2339/1591 4144/2340/1592 4145/2326/1578
f 4111/2341/1593 4120/2342/1594 4097/2331/1583 4106/2343/1595
f 4136/2344/1596 4125/2334/1586 4119/2345/1597 4147/2346/1598
f 4292/2347/1599 4273/2348/1600 4129/2349/1601 4131/2350/1602
f 4137/2337/1589 4135/2351/1603 4146/2352/1604 4148/2318/1570
f 4195/2353/1605 4152/2330/1582 8580/2354/1606 8579/2355/1607
f 4142/2333/1585 4099/2356/1608 4133/2310/1563 4153/2309/1562
f 4135/2351/1603 4100/2357/1609 4132/2358/1610 4146/2352/1604
f 4102/2359/1611 4105/2360/1612 4113/2336/1588 4118/2335/1587
f 4120/2342/1594 4096/2361/1613 4130/2332/1584 4097/2331/1583
f 4130/2332/1584 4101/2362/1614 4099/2356/1608 4142/2333/1585
f 4188/2363/1615 4195/2353/1605 8579/2355/1607 8583/2364/1616
f 4113/2336/1588 4104/2365/1617 4135/2351/1603 4137/2337/1589
f 4106/2343/1595 4097/2331/1583 4125/2334/1586 4136/2344/1596
f 4104/2365/1617 4098/2366/1618 4100/2357/1609 4135/2351/1603
f 4105/2360/1612 4112/2367/1619 4104/2365/1617 4113/2336/1588
f 4112/2367/1619 4116/2368/1620 4098/2366/1618 4104/2365/1617
f 8553/2369/1621 8552/2370/1622 4096/2361/1613 4120/2342/1594
f 4117/2371/1623 4242/2372/1624 8577/2373/1625 8578/2374/1626
f 4096/2361/1613 4115/2375/1627 4101/2362/1614 4130/2332/1584
f 4147/2346/1598 4119/2345/1597 4143/2376/1628 4159/2377/1629
f 4119/2345/1597 4153/2309/1562 4164/2312/1565 4143/2376/1628
f 4146/2352/1604 4132/2358/1610 4141/2378/1630 4158/2379/1631
f 4148/2318/1570 4146/2352/1604 4158/2379/1631 4160/2319/1571
f 4108/2380/1632 4126/2381/1633 8581/2382/1634 8582/2383/1635
f 4125/2334/1586 4142/2333/1585 4153/2309/1562 4119/2345/1597
f 4164/2312/1565 4140/2311/1564 4155/2384/1636 4175/2385/1637
f 4161/2320/1572 4160/2319/1571 4170/2386/1638 4172/2387/1639
f 4114/2388/1640 4108/2380/1632 8582/2383/1635 8584/2389/1641
f 4159/2377/1629 4143/2376/1628 4151/2390/1642 4169/2391/1643
f 4143/2376/1628 4164/2312/1565 4175/2385/1637 4151/2390/1642
f 4158/2379/1631 4141/2378/1630 4154/2392/1644 4168/2393/1645
f 4160/2319/1571 4158/2379/1631 4168/2393/1645 4170/2386/1638
f 4175/2385/1637 4155/2384/1636 4162/2394/1646 4185/2395/1647
f 4172/2387/1639 4170/2386/1638 4182/2396/1648 4183/2397/1649
f 4169/2391/1643 4151/2390/1642 4166/2398/1650 4181/2399/1651
f 4151/2390/1642 4175/2385/1637 4185/2395/1647 4166/2398/1650
f 4168/2393/1645 4154/2392/1644 4163/2400/1652 4180/2401/1653
f 4170/2386/1638 4168/2393/1645 4180/2401/1653 4182/2396/1648
f 4185/2395/1647 4162/2394/1646 4177/2402/1654 4193/2403/1655
f 4183/2397/1649 4182/2396/1648 4191/2404/1656 4192/2405/1657
f 4181/2399/1651 4166/2398/1650 4173/2406/1658 4190/2407/1659
f 4166/2398/1650 4185/2395/1647 4193/2403/1655 4173/2406/1658
f 4180/2401/1653 4163/2400/1652 4176/2408/1660 4189/2409/1661
f 4182/2396/1648 4180/2401/1653 4189/2409/1661 4191/2404/1656
f 4248/2410/1662 4249/2411/1663 8575/2412/1664 8576/2413/1665
f 4193/2403/1655 4177/2402/1654 8561/2414/1666 8560/2415/1667
f 4131/2350/1602 4129/2349/1601 8573/2416/1668 8574/2417/1669
f 4276/2328/1580 4292/2347/1599 4131/2350/1602 4149/2329/1581
f 4273/2348/1600 4278/2418/1670 4171/2419/1671 4129/2349/1601
f 4285/2420/1672 4288/2321/1573 4157/2324/1576 4174/2421/1673
f 4279/2422/1674 4280/2423/1675 4179/2424/1676 4178/2425/1677
f 4280/2423/1675 4281/2426/1678 4187/2427/1679 4179/2424/1676
f 4278/2418/1670 4287/2428/1680 4165/2429/1681 4171/2419/1671
f 4282/2430/1682 4283/2431/1683 4195/2353/1605 4188/2363/1615
f 4281/2426/1678 4285/2420/1672 4174/2421/1673 4187/2427/1679
f 4275/2339/1591 8599/2432/1684 8556/2433/1685 4144/2340/1592
f 4283/2431/1683 4290/2327/1579 4152/2330/1582 4195/2353/1605
f 4260/2434/1686 4271/2435/1687 4249/2411/1663 4248/2410/1662
f 4259/2436/1688 4262/2437/1689 4251/2438/1690 4247/2439/1691
f 4272/2440/1692 4270/2441/1693 4245/2442/1694 4250/2443/1695
f 4271/2435/1687 4269/2444/1696 4244/2445/1697 4249/2411/1663
f 4258/2446/1698 4259/2436/1688 4247/2439/1691 4243/2447/1699
f 4257/2448/1700 4258/2446/1698 4243/2447/1699 4242/2372/1624
f 4255/2449/1701 4268/2450/1702 4108/2380/1632 4114/2388/1640
f 4254/2451/1703 4267/2452/1704 4117/2371/1623 4124/2453/1705
f 4268/2450/1702 4266/2454/1706 4126/2381/1633 4108/2380/1632
f 8588/2455/1707 4255/2449/1701 4114/2388/1640 8587/2456/1708
f 4270/2441/1693 4254/2451/1703 4124/2453/1705 4245/2442/1694
f 4266/2454/1706 4265/2457/1709 4128/2458/1710 4126/2381/1633
f 4267/2452/1704 4257/2448/1700 4242/2372/1624 4117/2371/1623
f 4269/2444/1696 4256/2459/1711 4103/2460/1712 4244/2445/1697
f 4265/2457/1709 4260/2434/1686 4248/2410/1662 4128/2458/1710
f 4141/2378/1630 4132/2358/1610 4260/2434/1686 4265/2457/1709
f 4098/2366/1618 4116/2368/1620 4256/2459/1711 4269/2444/1696
f 4147/2346/1598 4159/2377/1629 4257/2448/1700 4267/2452/1704
f 4154/2392/1644 4141/2378/1630 4265/2457/1709 4266/2454/1706
f 4106/2343/1595 4136/2344/1596 4254/2451/1703 4270/2441/1693
f 4163/2400/1652 4154/2392/1644 4266/2454/1706 4268/2450/1702
f 4136/2344/1596 4147/2346/1598 4267/2452/1704 4254/2451/1703
f 4176/2408/1660 4163/2400/1652 4268/2450/1702 4255/2449/1701
f 8592/2461/1713 4102/2359/1611 4279/2422/1674 8598/2462/1714
f 8589/2463/1715 8593/2464/1715 4286/2465/1715 4277/2466/1716
f 4159/2377/1629 4169/2391/1643 4258/2446/1698 4257/2448/1700
f 4169/2391/1643 4181/2399/1651 4259/2436/1688 4258/2446/1698
f 4100/2357/1609 4098/2366/1618 4269/2444/1696 4271/2435/1687
f 4111/2341/1593 4106/2343/1595 4270/2441/1693 4272/2440/1692
f 8592/2461/1713 8602/2467/1717 4105/2360/1612 4102/2359/1611
f 4181/2399/1651 4190/2407/1659 4262/2437/1689 4259/2436/1688
f 4132/2358/1610 4100/2357/1609 4271/2435/1687 4260/2434/1686
f 4162/2394/1646 4155/2384/1636 4290/2327/1579 4283/2431/1683
f 8596/2468/1718 8590/2469/1719 8547/2470/1567 8549/2471/1566
f 4139/2338/1590 4150/2317/1569 4285/2420/1672 4281/2426/1678
f 4177/2402/1654 4162/2394/1646 4283/2431/1683 4282/2430/1682
f 4087/2472/1720 4086/2473/1721 8591/2474/1722 4085/2475/1723
f 4101/2362/1614 4115/2375/1627 4287/2428/1680 4278/2418/1670
f 8561/2414/1666 4177/2402/1654 4282/2430/1682 8595/2476/1724
f 4118/2335/1587 4139/2338/1590 4281/2426/1678 4280/2423/1675
f 4102/2359/1611 4118/2335/1587 4280/2423/1675 4279/2422/1674
f 4150/2317/1569 4161/2320/1572 4288/2321/1573 4285/2420/1672
f 4099/2356/1608 4101/2362/1614 4278/2418/1670 4273/2348/1600
f 4140/2311/1564 4133/2310/1563 4292/2347/1599 4276/2328/1580
f 4133/2310/1563 4099/2356/1608 4273/2348/1600 4292/2347/1599
f 8550/2316/1568 8548/2315/1568 8545/2477/1725 8551/2478/1725
f 4183/2397/1649 4192/2405/1657 4275/2339/1591 4291/2325/1577
f 4155/2384/1636 4140/2311/1564 4276/2328/1580 4290/2327/1579
f 4172/2387/1639 4183/2397/1649 4291/2325/1577 4289/2322/1574
f 4161/2320/1572 4172/2387/1639 4289/2322/1574 4288/2321/1573
f 8551/2478/1725 8545/2477/1725 8546/2479/1726 8603/2480/1727
f 4087/2472/1720 4085/2475/1723 4084/2481/1728 4082/2482/1729
f 8597/2483/2 4089/2484/2 4091/2485/2
f 4287/2428/1680 8616/2486/1730 8608/2487/1731 4165/2429/1681
f 8591/2474/1722 4109/2488/1732 4110/2489/1733 4085/2475/1723
f 4084/2481/1728 4085/2475/1723 4110/2489/1733 8605/2490/1734
f 8590/2469/1719 8596/2468/1718 8594/2491/1735
f 8609/2492/2 8597/2483/2 4091/2485/2
f 4090/2493/2 4091/2485/2 4089/2484/2
f 4091/2485/2 4083/2494/2 8609/2492/2
f 8603/2495/1727 8546/2496/1726 8604/2497/1736 8610/2498/1737
f 4144/2340/1592 8556/2433/1685 8554/2499/1738 8642/2500/1739
f 4194/2501/1740 4134/2502/1741 8586/2503/1742 8555/2504/1742
f 4128/2458/1710 4248/2410/1662 8576/2413/1665 8635/2505/1743
f 8606/2506/1744 8553/2369/1621 4120/2342/1594 4111/2341/1593
f 4187/2427/1679 4174/2421/1673 8564/2507/1745 8565/2508/1746
f 4171/2419/1671 4165/2429/1681 8567/2509/1747 4215/2510/1748
f 8615/2511/1749 4188/2363/1615 8583/2364/1616 8585/2512/1750
f 4179/2424/1676 4187/2427/1679 8565/2508/1746 4219/2513/1751
f 8607/2514/1752 8601/2515/1752 4204/2516/1753 4214/2517/1754
f 4244/2445/1697 4103/2460/1712 8632/2518/1755 4217/2519/1756
f 4178/2425/1677 4179/2424/1676 4219/2513/1751 8571/2520/1757
f 4126/2381/1633 4128/2458/1710 8635/2505/1743 8581/2382/1634
f 8602/2467/1717 8611/2521/1758 4112/2367/1619 4105/2360/1612
f 8552/2370/1622 4122/2522/1759 4115/2375/1627 4096/2361/1613
f 4245/2442/1694 4124/2453/1705 8569/2523/1760 4216/2524/1761
f 8587/2456/1708 4114/2388/1640 8584/2389/1641 8627/2525/1762
f 8600/2526/1763 4178/2425/1677 8571/2520/1757 8572/2527/1764
f 4174/2421/1673 4157/2324/1576 8637/2528/1765 8564/2507/1745
f 4124/2453/1705 4117/2371/1623 8578/2374/1626 8569/2523/1760
f 4129/2349/1601 4171/2419/1671 4215/2510/1748 8573/2416/1668
f 4103/2460/1712 8618/2529/1766 8619/2530/1767 8632/2518/1755
f 4242/2372/1624 4243/2447/1699 8639/2531/1768 8577/2373/1625
f 4149/2329/1581 4131/2350/1602 8574/2417/1669 8636/2532/1769
f 4165/2429/1681 8608/2487/1731 8566/2533/1770 8567/2509/1747
f 4157/2324/1576 4156/2323/1575 8638/2534/1771 8637/2528/1765
f 4243/2447/1699 4247/2439/1691 8641/2535/1772 8639/2531/1768
f 4249/2411/1663 4244/2445/1697 4217/2519/1756 8575/2412/1664
f 4250/2443/1695 4245/2442/1694 4216/2524/1761 8631/2536/1773
f 4156/2323/1575 4145/2326/1578 8640/2537/1774 8638/2534/1771
f 4247/2439/1691 4251/2438/1690 8643/2538/1775 8641/2535/1772
f 4192/2405/1657 4191/2404/1656 8630/2539/1776 8617/2540/1777
f 8621/2541/1778 4250/2443/1695 8631/2536/1773 8622/2542/1779
f 4152/2330/1582 4149/2329/1581 8636/2532/1769 8580/2354/1606
f 4190/2407/1659 4173/2406/1658 4201/2543/1780 8626/2544/1781
f 4173/2406/1658 4193/2403/1655 8560/2415/1667 4201/2543/1780
f 4189/2409/1661 4176/2408/1660 8562/2545/1782 8563/2546/1783
f 4191/2404/1656 4189/2409/1661 8563/2546/1783 8630/2539/1776
f 4145/2326/1578 4144/2340/1592 8642/2500/1739 8640/2537/1774
f 4251/2438/1690 8557/2547/1784 8558/2548/1785 8643/2538/1775
f 4252/2549/1786 4127/2550/1787 8628/2551/1788 8559/2552/1788
f 4107/2553/1789 4246/2554/1790 8623/2555/1791 8620/2556/1791
f 4198/2557/1792 4196/2558/1793 8629/2559/1794 4200/2560/1795
f 4186/2561/1796 4197/2562/1797 4199/2563/1798 4184/2564/1799
f 4199/2563/1798 4197/2562/1797 4200/2560/1795 8629/2559/1794
f 4220/2565/1800 4206/2566/1801 4224/2567/1802 4223/2568/1803
f 4209/2569/1804 4202/2570/1805 4205/2565/1806 4221/2566/1807
f 8633/2571/1808 8568/2572/1809 4202/2570/1805 4209/2569/1804
f 8634/2572/1810 8570/2571/1811 4207/2569/1812 4210/2570/1813
f 4212/2573/1814 4211/2574/1815 8568/2572/1809 8633/2571/1808
f 4214/2575/1754 4204/2576/1753 4208/2573/1816 4218/2574/1817
f 4213/2576/1818 4203/2575/1818 4211/2574/1815 4212/2573/1814
f 4218/2574/1817 4208/2573/1816 8570/2571/1811 8634/2572/1810
f 4210/2570/1813 4207/2569/1812 4206/2566/1801 4220/2565/1800
f 4222/2567/1819 4225/2568/1820 4229/2577/1821 4228/2578/1822
f 4221/2566/1807 4205/2565/1806 4225/2568/1820 4222/2567/1819
f 4228/2578/1822 4229/2577/1821 4232/2579/1823 4233/2580/1824
f 4223/2568/1803 4224/2567/1802 4227/2578/1825 4226/2577/1826
f 4233/2580/1824 4232/2579/1823 4237/2581/1827 4236/2582/1828
f 4226/2577/1826 4227/2578/1825 4231/2580/1829 4230/2579/1830
f 4236/2582/1828 4237/2581/1827 4240/2583/1831 4241/2584/1831
f 4230/2579/1830 4231/2580/1829 4235/2582/1832 4234/2581/1833
f 4234/2581/1833 4235/2582/1832 4239/2584/1834 4238/2583/1834
f 8598/2462/1714 4279/2422/1674 4178/2425/1677 8600/2526/1763
f 4277/2466/1716 4286/2465/1715 4167/2515/1716 4138/2514/1716
f 8595/2476/1724 4282/2430/1682 4188/2363/1615 8615/2511/1749
f 4284/2585/1835 4274/2586/1835 4134/2502/1741 4194/2501/1740
f 8644/2587/1836 4261/2588/1836 4246/2554/1790 4107/2553/1789
f 4263/2589/1837 4253/2590/1838 4127/2550/1787 4252/2549/1786
f 4262/2437/1689 8625/2591/1839 8557/2547/1784 4251/2438/1690
f 8624/2592/1840 4272/2440/1692 4250/2443/1695 8621/2541/1778
f 4256/2459/1711 4264/2593/1841 8618/2529/1766 4103/2460/1712
f 8562/2545/1782 4176/2408/1660 4255/2449/1701 8588/2455/1707
f 8606/2506/1744 4111/2341/1593 4272/2440/1692 8624/2592/1840
f 4190/2407/1659 8626/2544/1781 8625/2591/1839 4262/2437/1689
f 4196/2558/1793 4198/2557/1792 4253/2590/1838 4263/2589/1837
f 4192/2405/1657 8617/2540/1777 8599/2432/1684 4275/2339/1591
f 4186/2561/1796 4184/2564/1799 4274/2586/1835 4284/2585/1835
f 4115/2375/1627 4122/2522/1759 8616/2486/1730 4287/2428/1680
f 8611/2521/1758 8612/2594/1842 4116/2368/1620 4112/2367/1619
f 4095/2595/1843 8613/2596/1844 4093/2597/1845 4121/2598/1843
f 8613/2599/1844 4088/2600/2 4092/2601/2 4093/2602/1845
f 8610/2498/1737 8604/2497/1736 8614/2603/1846
f 4116/2368/1620 8612/2594/1842 4264/2593/1841 4256/2459/1711
f 4094/2604/1836 4123/2605/1836 4261/2588/1836 8644/2587/1836
f 8646/2606/1847 8647/2607/1848 8659/2608/1848 8658/2609/1847
f 8654/2610/1849 8655/2611/1850 8667/2612/1850 8666/2613/1849
f 8653/2614/1851 8654/2610/1849 8666/2613/1849 8665/2615/1851
f 8652/2616/1852 8653/2614/1851 8665/2615/1851 8664/2617/1852
f 8651/2618/1853 8652/2616/1852 8664/2617/1852 8663/2619/1853
f 8650/2620/1854 8651/2618/1853 8663/2619/1853 8662/2621/1854
f 8649/2622/1855 8650/2620/1854 8662/2621/1854 8661/2623/1855
f 8648/2624/1856 8649/2622/1855 8661/2623/1855 8660/2625/1857
f 8656/2626/1858 8645/2627/1859 8657/2628/1859 8668/2629/1858
f 8645/2627/1859 8646/2606/1847 8658/2609/1847 8657/2628/1859
f 8647/2607/1848 8648/2624/1856 8660/2625/1857 8659/2608/1848
f 8655/2611/1850 8656/2626/1858 8668/2629/1858 8667/2612/1850
f 4311/2630/1860 4312/2631/1861 4324/2632/1862 4323/2633/1863
f 4308/2634/1864 4309/2635/1865 4321/2636/1866 4320/2637/1867
f 4315/2638/1868 4316/2639/1869 4328/2640/1870 4327/2641/1871
f 4305/2642/1872 4306/2643/1873 4318/2644/1874 4317/2645/1875
f 4312/2631/1861 4313/2646/1876 4325/2647/1877 4324/2632/1862
f 4309/2635/1865 4310/2648/1878 4322/2649/1879 4321/2636/1866
f 4316/2639/1869 4305/2650/1872 4317/2651/1875 4328/2640/1870
f 4306/2643/1873 4307/2652/1880 4319/2653/1881 4318/2644/1874
f 4313/2646/1876 4314/2654/1882 4326/2655/1883 4325/2647/1877
f 4310/2648/1878 4311/2630/1860 4323/2633/1863 4322/2649/1879
f 4307/2652/1880 4308/2634/1864 4320/2637/1867 4319/2653/1881
f 4314/2654/1882 4315/2638/1868 4327/2641/1871 4326/2655/1883
f 4323/2633/1863 4324/2632/1862 4336/2656/1884 4335/2657/1885
f 4320/2637/1867 4321/2636/1866 4333/2658/1886 4332/2659/1887
f 4327/2641/1871 4328/2640/1870 4340/2660/1888 4339/2661/1889
f 4317/2645/1875 4318/2644/1874 4330/2662/1890 4329/2663/1891
f 4324/2632/1862 4325/2647/1877 4337/2664/1892 4336/2656/1884
f 4321/2636/1866 4322/2649/1879 4334/2665/1893 4333/2658/1886
f 4328/2640/1870 4317/2651/1875 4329/2666/1891 4340/2660/1888
f 4318/2644/1874 4319/2653/1881 4331/2667/1894 4330/2662/1890
f 4325/2647/1877 4326/2655/1883 4338/2668/1895 4337/2664/1892
f 4322/2649/1879 4323/2633/1863 4335/2657/1885 4334/2665/1893
f 4319/2653/1881 4320/2637/1867 4332/2659/1887 4331/2667/1894
f 4326/2655/1883 4327/2641/1871 4339/2661/1889 4338/2668/1895
f 4338/2668/1895 4339/2661/1889 8679/2669/1896 8678/2670/1897
f 4335/2657/1885 4336/2656/1884 8676/2671/1898 8675/2672/1899
f 4332/2659/1887 4333/2658/1886 8673/2673/1900 8672/2674/1901
f 4339/2661/1889 4340/2660/1888 8680/2675/1902 8679/2669/1896
f 4329/2663/1891 4330/2662/1890 8670/2676/1903 8669/2677/1904
f 4336/2656/1884 4337/2664/1892 8677/2678/1905 8676/2671/1898
f 4333/2658/1886 4334/2665/1893 8674/2679/1906 8673/2673/1900
f 4340/2660/1888 4329/2666/1891 8669/2680/1904 8680/2675/1902
f 4330/2662/1890 4331/2667/1894 8671/2681/1907 8670/2676/1903
f 4337/2664/1892 4338/2668/1895 8678/2670/1897 8677/2678/1905
f 4334/2665/1893 4335/2657/1885 8675/2672/1899 8674/2679/1906
f 4331/2667/1894 4332/2659/1887 8672/2674/1901 8671/2681/1907
f 4343/2682/1908 4344/2683/1909 8684/2684/1909 8683/2685/1910
f 4350/2686/1911 4351/2687/1912 8691/2688/1913 8690/2689/1914
f 4347/2690/1915 4348/2691/1916 8688/2692/1917 8687/2693/1915
f 4344/2683/1909 4345/2694/1918 8685/2695/1919 8684/2684/1909
f 4351/2687/1912 4352/2696/1920 8692/2697/1921 8691/2688/1913
f 4341/2698/1922 4342/2699/1923 8682/2700/1924 8681/2701/1922
f 4348/2691/1916 4349/2702/1925 8689/2703/1926 8688/2692/1917
f 4345/2694/1918 4346/2704/1927 8686/2705/1928 8685/2695/1919
f 4352/2696/1920 4341/2698/1922 8681/2701/1922 8692/2697/1921
f 4342/2699/1923 4343/2682/1908 8683/2685/1910 8682/2700/1924
f 4349/2702/1925 4350/2686/1911 8690/2689/1914 8689/2703/1926
f 4346/2704/1927 4347/2690/1915 8687/2693/1915 8686/2705/1928
f 4355/2706/1929 4356/2707/1930 4368/2708/1931 4367/2709/1932
f 4362/2710/1933 4363/2711/1934 4375/2712/1935 4374/2713/1936
f 4359/2714/1937 4360/2715/1938 4372/2716/1939 4371/2717/1940
f 4356/2707/1930 4357/2718/1941 4369/2719/1942 4368/2708/1931
f 4363/2711/1934 4364/2720/1943 4376/2721/1944 4375/2712/1935
f 4353/2722/1945 4354/2723/1946 4366/2724/1947 4365/2725/1948
f 4360/2715/1938 4361/2726/1949 4373/2727/1950 4372/2716/1939
f 4357/2718/1941 4358/2728/1951 4370/2729/1952 4369/2719/1942
f 4364/2720/1943 4353/2722/1945 4365/2725/1948 4376/2721/1944
f 4354/2723/1946 4355/2706/1929 4367/2709/1932 4366/2724/1947
f 4361/2726/1949 4362/2710/1933 4374/2713/1936 4373/2727/1950
f 4358/2728/1951 4359/2714/1937 4371/2717/1940 4370/2729/1952
f 4365/2725/1948 4377/2730/1953 4375/2712/1935 4376/2721/1944
f 4365/2725/1948 4366/2724/1947 4367/2709/1932 4377/2730/1953
f 4367/2709/1932 4368/2708/1931 4369/2719/1942 4377/2730/1953
f 4369/2719/1942 4370/2729/1952 4371/2717/1940 4377/2730/1953
f 4371/2717/1940 4372/2716/1939 4373/2727/1950 4377/2730/1953
f 4374/2713/1936 4375/2712/1935 4377/2730/1953 4373/2727/1950
f 4303/2731/1954 4387/2732/1955 4388/2733/1956 4304/2734/1957
f 4304/2734/1957 4388/2733/1956 4389/2735/1958 4293/2736/1959
f 4301/2737/1960 4385/2738/1961 4386/2739/1962 4302/2740/1963
f 4300/2741/1964 4384/2742/1965 4385/2738/1961 4301/2737/1960
f 4299/2743/1966 4383/2744/1967 4384/2742/1965 4300/2741/1964
f 4298/2745/1968 4382/2746/1969 4383/2744/1967 4299/2743/1966
f 4297/2747/1970 4381/2748/1971 4382/2746/1969 4298/2745/1968
f 4295/2749/1972 4379/2750/1973 4380/2751/1974 4296/2752/1975
f 4294/2753/1976 4378/2754/1977 4379/2750/1973 4295/2749/1972
f 4293/2755/1959 4389/2756/1958 4378/2754/1977 4294/2753/1976
f 8704/2757/1978 8695/2758/1979 8707/2759/1979 8716/2760/1980
f 8695/2761/1979 8694/2762/1981 8706/2763/1982 8707/2764/1979
f 8698/2765/1983 8699/2766/1984 8711/2767/1984 8710/2768/1985
f 8703/2769/1986 8702/2770/1987 8714/2771/1988 8715/2772/1986
f 8699/2766/1984 8700/2773/1989 8712/2774/1990 8711/2767/1984
f 8697/2775/1991 8696/2776/1992 8708/2777/1992 8709/2778/1991
f 8702/2770/1987 8704/2757/1978 8716/2760/1980 8714/2771/1988
f 8694/2762/1981 8693/2779/1993 8705/2780/1994 8706/2763/1982
f 8700/2773/1989 8701/2781/1995 8713/2782/1995 8712/2774/1990
f 8696/2776/1992 8698/2765/1983 8710/2768/1985 8708/2777/1992
f 8722/2783/1996 4421/2784/1997 8733/2785/1998 8732/2786/1999
f 8721/2787/2000 4420/2788/2001 4432/2789/2002 4433/2790/2003
f 8728/2791/2004 8719/2792/2005 4437/2793/2006 4426/2794/2007
f 8719/2792/2005 8718/2795/2008 4436/2796/2009 4437/2793/2006
f 8725/2797/2010 8726/2798/2011 4428/2799/2012 4429/2800/2013
f 4420/2788/2001 8723/2801/2014 4431/2802/2015 4432/2789/2002
f 8717/2803/2016 8720/2804/2017 4434/2805/2018 4435/2806/2019
f 8726/2798/2011 8727/2807/2020 4427/2808/2021 4428/2799/2012
f 8723/2801/2014 8724/2809/2022 4430/2810/2023 4431/2802/2015
f 8720/2804/2017 8721/2787/2000 4433/2790/2003 4434/2805/2018
f 8727/2807/2020 8728/2791/2004 4426/2794/2007 4427/2808/2021
f 8718/2795/2008 8717/2803/2016 4435/2806/2019 4436/2796/2009
f 8724/2809/2022 8725/2797/2010 4429/2800/2013 4430/2810/2023
f 4429/2800/2013 4428/2799/2012 4440/2811/2024 4441/2812/2025
f 4432/2789/2002 4431/2802/2015 4443/2813/2026 4444/2814/2027
f 4435/2806/2019 4434/2805/2018 4446/2815/2028 4447/2816/2029
f 4428/2799/2012 4427/2808/2021 4439/2817/2030 4440/2811/2024
f 4431/2802/2015 4430/2810/2023 4442/2818/2031 4443/2813/2026
f 4434/2805/2018 4433/2790/2003 4445/2819/2032 4446/2815/2028
f 4427/2808/2021 4426/2794/2007 4438/2820/2033 4439/2817/2030
f 4436/2796/2009 4435/2806/2019 4447/2816/2029 4448/2821/2034
f 4430/2810/2023 4429/2800/2013 4441/2812/2025 4442/2818/2031
f 4433/2790/2003 4432/2789/2002 4444/2814/2027 4445/2819/2032
f 4426/2794/2007 4437/2793/2006 4449/2822/2035 4438/2820/2033
f 4437/2793/2006 4436/2796/2009 4448/2821/2034 4449/2822/2035
f 4449/2822/2035 4448/2821/2034 4460/2823/2036 4461/2824/2037
f 4441/2812/2025 4440/2811/2024 4452/2825/2038 4453/2826/2039
f 4444/2814/2027 4443/2813/2026 4455/2827/2040 4456/2828/2041
f 4447/2816/2029 4446/2815/2028 4458/2829/2042 4459/2830/2043
f 4440/2811/2024 4439/2817/2030 4451/2831/2044 4452/2825/2038
f 4443/2813/2026 4442/2818/2031 4454/2832/2045 4455/2827/2040
f 4446/2815/2028 4445/2819/2032 4457/2833/2046 4458/2829/2042
f 4439/2817/2030 4438/2820/2033 4450/2834/2047 4451/2831/2044
f 4448/2821/2034 4447/2816/2029 4459/2830/2043 4460/2823/2036
f 4442/2818/2031 4441/2812/2025 4453/2826/2039 4454/2832/2045
f 4445/2819/2032 4444/2814/2027 4456/2828/2041 4457/2833/2046
f 4438/2820/2033 4449/2822/2035 4461/2824/2037 4450/2834/2047
f 4453/2826/2039 4452/2825/2038 4451/2831/2044 4462/2835/2048
f 4451/2831/2044 4450/2834/2047 4461/2824/2037 4462/2835/2048
f 4459/2830/2043 4462/2835/2048 4461/2824/2037 4460/2823/2036
f 4459/2830/2043 4458/2829/2042 4457/2833/2046 4462/2835/2048
f 4456/2828/2041 4455/2827/2040 4462/2835/2048 4457/2833/2046
f 4462/2835/2048 4455/2827/2040 4454/2832/2045 4453/2826/2039
f 4410/2778/2049 4409/2777/2050 8729/2836/2051 8730/2837/2052
f 4415/2838/2053 4416/2839/2054 8735/2840/2055 8734/2841/2056
f 4397/2776/2057 4398/2775/2058 8740/2842/2059 8739/2843/2060
f 4379/2750/1973 4378/2754/1977 8737/2844/2061 8738/2845/2062
f 4296/2752/1975 4380/2751/1974 4381/2748/1971 4297/2747/1970
f 8750/2846/2063 4411/2780/2063 4410/2778/2049 8730/2837/2052
f 8697/2775/1991 8709/2778/1991 8705/2780/1994 8693/2779/1993
f 4386/2739/1962 4387/2732/1955 4303/2731/1954 4302/2740/1963
f 8703/2769/1986 8715/2772/1986 8713/2782/1995 8701/2781/1995
f 8784/2847/2064 8794/2848/2065 4473/2849/2065 8768/2850/2064
f 4472/2844/2066 8784/2851/2064 8768/2852/2064 8766/2853/2066
f 8795/2854/2067 8749/2855/2068 4490/2856/2068 4475/2843/2067
f 4471/2845/2069 4472/2844/2066 8766/2853/2066 8767/2857/2069
f 8748/2858/2070 8796/2859/2071 8778/2860/2071 4476/2861/2070
f 8749/2855/2068 8748/2858/2070 4476/2861/2070 4490/2856/2068
f 4399/2779/2072 8771/2862/2073 8740/2842/2059 4398/2775/2058
f 4395/2766/2074 4396/2765/2075 8780/2856/2076 8779/2861/2074
f 4396/2765/2075 4397/2776/2057 8739/2843/2060 8780/2856/2076
f 4401/2758/2077 4390/2757/2078 4519/2853/2079 4520/2852/2077
f 4389/2735/1958 4388/2733/1956 4489/2848/2080 4525/2847/2081
f 4390/2757/2078 4391/2770/2082 4517/2857/2083 4519/2853/2079
f 4378/2754/1977 4389/2756/1958 4525/2851/2081 8737/2844/2061
f 4394/2773/2084 4395/2766/2074 8779/2861/2074 4518/2860/2085
f 4385/2738/1961 4384/2742/1965 4488/2855/2086 4524/2854/2087
f 4384/2742/1965 4383/2744/1967 4487/2858/2088 4488/2855/2086
f 4399/2779/2072 4400/2762/2089 8781/2849/2090 8771/2862/2073
f 4383/2744/1967 4382/2746/1969 4523/2859/2091 4487/2858/2088
f 4400/2762/2089 4401/2761/2077 4520/2850/2077 8781/2849/2090
f 4391/2770/2082 4392/2769/2092 8776/2863/2093 4517/2857/2083
f 4418/2864/2094 4419/2865/2095 8793/2866/2095 8762/2867/2096
f 4412/2763/2097 4411/2780/2063 8750/2846/2063 4515/2868/2097
f 4406/2774/2098 4405/2782/2099 8742/2869/2100 8743/2870/2101
f 4419/2865/2095 8722/2783/1996 8732/2786/1999 8793/2866/2095
f 4407/2767/2102 4406/2774/2098 8743/2870/2101 8787/2871/2102
f 4425/2872/2103 4414/2873/2104 8747/2874/2105 8746/2875/2103
f 4408/2768/2106 4407/2767/2102 8787/2871/2102 8786/2876/2107
f 4421/2784/1997 4422/2877/2108 8791/2878/2109 8733/2785/1998
f 4414/2873/2104 4415/2838/2053 8734/2841/2056 8747/2874/2105
f 4409/2777/2050 4408/2768/2106 8786/2876/2107 8729/2836/2051
f 4422/2877/2108 4423/2879/2110 8788/2880/2111 8791/2878/2109
f 4413/2764/2112 4412/2763/2097 4515/2868/2097 8764/2881/2112
f 4417/2882/2113 4418/2864/2094 8762/2867/2096 8760/2883/2114
f 4404/2772/2115 4403/2771/2116 8744/2884/2117 8745/2885/2118
f 4423/2879/2110 4424/2886/2119 4500/2887/2120 8788/2880/2111
f 4403/2771/2116 4402/2760/2121 8765/2888/2122 8744/2884/2117
f 4424/2886/2119 4425/2889/2103 8746/2890/2103 4500/2887/2120
f 4402/2760/2121 4413/2759/2112 8764/2891/2112 8765/2888/2122
f 8742/2869/2100 4405/2782/2099 4404/2772/2115 8745/2885/2118
f 4417/2882/2113 8760/2883/2114 8735/2840/2055 4416/2839/2054
f 8813/2892/2123 8797/2893/2124 4531/2894/2125 4532/2895/2126
f 4495/2896/2127 4511/2897/2128 8773/2898/2048 8774/2899/2048
f 8811/2900/2129 8799/2901/2130 4529/2902/2131 4533/2903/2132
f 4522/2904/2133 8816/2905/2134 4528/2906/2135 4530/2907/2136
f 8809/2908/2137 8755/2909/2138 8769/2910/2139 8807/2911/2140
f 4465/2836/2141 4478/2876/2142 4468/2786/2142 4467/2785/2143
f 4512/2888/2066 4513/2891/2144 4483/2875/2144 4485/2874/2066
f 4513/2881/2144 8763/2868/2145 8790/2887/2146 4483/2890/2144
f 4478/2876/2142 4466/2871/2070 4484/2866/2070 4468/2786/2142
f 4479/2885/2147 4481/2884/2148 4470/2841/2149 8736/2840/2150
f 4466/2871/2070 4482/2870/2151 4510/2867/2152 4484/2866/2070
f 8731/2837/2153 4465/2836/2141 4467/2785/2143 8792/2878/2154
f 4481/2884/2148 4512/2888/2066 4485/2874/2066 4470/2841/2149
f 8763/2868/2145 8751/2846/2155 8789/2880/2156 8790/2887/2146
f 4482/2870/2151 4480/2869/2157 8761/2883/2158 4510/2867/2152
f 8753/2912/2159 8777/2913/2160 8816/2905/2134 4522/2904/2133
f 8761/2914/2158 4480/2915/2157 8797/2893/2124 8813/2892/2123
f 4479/2916/2147 8736/2917/2150 8799/2901/2130 8811/2900/2129
f 4491/2918/2161 8800/2919/2161 8802/2920/2161 8741/2921/2161
f 4477/2922/2162 4496/2923/2162 4492/2924/2162 8817/2925/2162
f 8754/2926/2163 8752/2927/2163 8806/2928/2164 4494/2929/2165
f 4469/2930/2166 4501/2931/2166 4511/2897/2128 4495/2896/2127
f 8742/2932/2100 8745/2933/2118 8812/2934/2167 8798/2935/2167
f 4493/2936/2168 4499/2937/2168 8808/2938/2168 4516/2939/2168
f 4534/2940/2169 4531/2894/2125 8797/2893/2124 8807/2911/2140
f 4533/2903/2132 4528/2906/2135 8816/2905/2134 8811/2900/2129
f 4382/2746/1969 4381/2748/1971 4497/2941/2170 4523/2859/2091
f 4393/2781/2171 4394/2773/2084 4518/2860/2085 8810/2942/2172
f 4388/2733/1956 4387/2732/1955 8756/2943/2173 4489/2848/2080
f 4386/2739/1962 4385/2738/1961 4524/2854/2087 8758/2944/2174
f 8756/2943/2173 4387/2732/1955 4386/2739/1962 8758/2944/2174
f 4392/2769/2092 4393/2781/2171 8810/2942/2172 8776/2863/2093
f 8753/2945/2159 4471/2845/2069 8767/2857/2069 8777/2863/2160
f 8759/2944/2175 8795/2854/2067 4475/2843/2067 4474/2842/2176
f 8794/2848/2065 8757/2943/2177 8772/2862/2178 4473/2849/2065
f 8796/2859/2071 8755/2941/2138 8809/2942/2137 8778/2860/2071
f 8807/2911/2140 8769/2910/2139 8770/2946/2179 4534/2940/2169
f 4494/2929/2165 8806/2928/2164 8775/2947/2180 4527/2948/2180
f 8815/2949/2181 8814/2950/2180 4542/2951/2180 8819/2952/2181
f 4497/2941/2170 4381/2748/1971 4380/2751/1974 4498/2945/2182
f 4380/2751/1974 4379/2750/1973 8738/2845/2062 4498/2945/2182
f 8818/2953/2183 4539/2954/2184 4535/2955/2185 8805/2956/2186
f 4506/2957/2187 8815/2949/2181 8819/2952/2181 4507/2958/2187
f 4464/2959/2188 8804/2960/2188 8822/2961/2188 4463/2962/2188
f 4486/2963/2189 8820/2964/2190 4502/2965/2191 4509/2966/2189
f 8751/2967/2155 8821/2968/2192 4526/2969/2193 8789/2970/2156
f 4541/2971/2194 8821/2968/2192 8801/2972/2195 4537/2973/2196
f 4540/2974/2197 8803/2975/2198 8805/2956/2186 4535/2955/2185
f 8792/2976/2154 8818/2953/2183 8805/2956/2186 8731/2977/2153
f 8821/2968/2192 4541/2971/2194 4538/2978/2199 4526/2969/2193
f 8820/2964/2190 8782/2979/2048 8783/2980/2048 4502/2965/2191
f 4514/2981/2200 4505/2982/2200 4508/2983/2200 4521/2984/2200
f 4504/2985/2201 8785/2986/2202 4537/2973/2196 8801/2972/2195
f 8803/2975/2198 4540/2974/2197 4536/2987/2203 4503/2988/2204
f 8757/2989/2177 4504/2985/2201 8801/2972/2195 8772/2990/2178
f 4474/2991/2176 8803/2975/2198 4503/2988/2204 8759/2992/2175
