# exported by https://3dviewer.net
mtllib model.mtl
g Object_0
v 0.6224310398101807 -5.652857780456543 -2.6339030265808105
v 0.6224310398101807 -5.652857780456543 -2.6339030265808105
v 0.6224310398101807 -5.652857780456543 -2.6339030265808105
v 0.8107108473777771 -5.725693225860596 -3.358339309692383
v 0.8107108473777771 -5.725693225860596 -3.358339309692383
v 0.8107108473777771 -5.725693225860596 -3.358339309692383
v 0.9673131704330444 -5.585263252258301 -2.918264865875244
v 0.9673131704330444 -5.585263252258301 -2.918264865875244
v 0.9841940402984619 -5.277186393737793 -3.1987946033477783
v 0.9841940402984619 -5.277186393737793 -3.1987946033477783
v 0.36423739790916443 -5.741212368011475 -3.1977293491363525
v 0.8449554443359375 -5.091763496398926 -2.59382700920105
v 1.2312356233596802 -5.742863655090332 -3.756852865219116
v 0.675999641418457 -5.832237720489502 -3.802178144454956
v -0.08430033922195435 -5.6868109703063965 -2.774740219116211
v -0.08430033922195435 -5.6868109703063965 -2.774740219116211
v 0.6349985599517822 -5.436244964599609 -2.1141624450683594
v 0.9733101725578308 -4.685179233551025 -3.023937463760376
v 1.4441845417022705 -5.2219977378845215 -3.583223581314087
v 1.4441845417022705 -5.2219977378845215 -3.583223581314087
v 0.12134367227554321 -5.819367408752441 -3.8268654346466064
v -0.21105444431304932 -5.7027788162231445 -3.3466389179229736
v -0.21105444431304932 -5.7027788162231445 -3.3466389179229736
v 0.018081724643707275 -5.692119598388672 -2.1995818614959717
v 0.018081724643707275 -5.692119598388672 -2.1995818614959717
v 0.9535263180732727 -4.942380428314209 -2.048710346221924
v 1.1701807975769043 -4.783577919006348 -3.485976219177246
v 1.1701807975769043 -4.783577919006348 -3.485976219177246
v 1.0301536321640015 -4.554647922515869 -2.4474565982818604
v 1.7930848598480225 -5.636014461517334 -3.8010239601135254
v 1.7930848598480225 -5.636014461517334 -3.8010239601135254
v 1.0011321306228638 -5.883767127990723 -4.2704949378967285
v 0.435934454202652 -5.838008403778076 -4.30133056640625
v -0.4150656461715698 -5.2562737464904785 -2.9920096397399902
v -0.3399960994720459 -5.2656121253967285 -2.4360527992248535
v 0.24347716569900513 -5.520711898803711 -1.6664756536483765
v 0.24347716569900513 -5.520711898803711 -1.6664756536483765
v 0.24347716569900513 -5.520711898803711 -1.6664756536483765
v 0.7745213508605957 -5.209171772003174 -1.6099449396133423
v 1.0852632522583008 -4.290124893188477 -3.4851975440979004
v 1.0852632522583008 -4.290124893188477 -3.4851975440979004
v 1.010459065437317 -4.0950117111206055 -2.7987287044525146
v 1.010459065437317 -4.0950117111206055 -2.7987287044525146
v 1.543912410736084 -4.764001369476318 -3.784837245941162
v 1.9786384105682373 -5.104922771453857 -3.736468553543091
v 1.5555641651153564 -5.806774616241455 -4.296070575714111
v -0.13687413930892944 -5.838496685028076 -4.342041015625
v -0.44819915294647217 -5.786406993865967 -3.8517544269561768
v -0.44819915294647217 -5.786406993865967 -3.8517544269561768
v -0.593866765499115 -5.273383617401123 -3.5271387100219727
v -0.23552638292312622 -5.230949878692627 -1.8924319744110107
v 1.170116662979126 -4.77549934387207 -1.5501141548156738
v 1.170116662979126 -4.77549934387207 -1.5501141548156738
v 1.2537708282470703 -4.477995872497559 -1.9252849817276
v 1.2537708282470703 -4.477995872497559 -1.9252849817276
v 1.1455800533294678 -4.033876419067383 -2.2102842330932617
v 1.1455800533294678 -4.033876419067383 -2.2102842330932617
v 1.1455800533294678 -4.033876419067383 -2.2102842330932617
v 2.3585116863250732 -5.575565338134766 -3.7867729663848877
v 2.3585116863250732 -5.575565338134766 -3.7867729663848877
v 2.3585116863250732 -5.575565338134766 -3.7867729663848877
v 2.3585116863250732 -5.575565338134766 -3.7867729663848877
v 2.091784954071045 -5.741610050201416 -4.3550567626953125
v 1.2974300384521484 -5.8923115730285645 -4.780747413635254
v 1.2974300384521484 -5.8923115730285645 -4.780747413635254
v 0.7351318597793579 -5.941068649291992 -4.744306564331055
v 0.7351318597793579 -5.941068649291992 -4.744306564331055
v 0.1764291524887085 -5.844820022583008 -4.812188625335693
v 0.1764291524887085 -5.844820022583008 -4.812188625335693
v -0.4882494807243347 -4.761436462402344 -2.680269718170166
v -0.5332403182983398 -4.748547554016113 -3.2401137351989746
v -0.46845340728759766 -4.747488021850586 -2.1252050399780273
v -0.46845340728759766 -4.747488021850586 -2.1252050399780273
v -0.46845340728759766 -4.747488021850586 -2.1252050399780273
v 0.4581882357597351 -5.189610958099365 -1.2203097343444824
v 0.4581882357597351 -5.189610958099365 -1.2203097343444824
v -0.033920347690582275 -5.054099082946777 -1.4050037860870361
v -0.033920347690582275 -5.054099082946777 -1.4050037860870361
v 0.862209677696228 -4.867491722106934 -1.1452960968017578
v 0.862209677696228 -4.867491722106934 -1.1452960968017578
v 0.9525191783905029 -3.7931222915649414 -3.3722383975982666
v 1.5438929796218872 -4.350948810577393 -4.084553241729736
v 0.8378136157989502 -3.5717849731445312 -2.36869740486145
v 0.8378136157989502 -3.5717849731445312 -2.36869740486145
v 0.8378136157989502 -3.5717849731445312 -2.36869740486145
v 2.0081734657287598 -4.681806564331055 -4.057429790496826
v 2.514256477355957 -4.971948623657227 -3.9820079803466797
v 2.514256477355957 -4.971948623657227 -3.9820079803466797
v 1.8487333059310913 -5.822441101074219 -4.856808662414551
v 1.8487333059310913 -5.822441101074219 -4.856808662414551
v -0.7012991905212402 -5.849582672119141 -4.357099533081055
v -0.40414971113204956 -5.8385443687438965 -4.855233669281006
v -0.40414971113204956 -5.8385443687438965 -4.855233669281006
v -0.950579822063446 -5.664532661437988 -3.8825888633728027
v -0.950579822063446 -5.664532661437988 -3.8825888633728027
v -0.950579822063446 -5.664532661437988 -3.8825888633728027
v -0.950579822063446 -5.664532661437988 -3.8825888633728027
v -0.671930730342865 -4.734506607055664 -3.7867684364318848
v -0.43072760105133057 -4.701695919036865 -1.582779049873352
v -0.43072760105133057 -4.701695919036865 -1.582779049873352
v 1.295424461364746 -4.5338263511657715 -1.0424182415008545
v 1.6571941375732422 -4.479159832000732 -1.4726446866989136
v 1.6571941375732422 -4.479159832000732 -1.4726446866989136
v 1.5877454280853271 -4.053090572357178 -1.8463971614837646
v 0.6804811954498291 -3.6408722400665283 -2.9432597160339355
v 0.6804811954498291 -3.6408722400665283 -2.9432597160339355
v 1.202564001083374 -3.914339780807495 -3.9450511932373047
v 1.3431613445281982 -3.5982115268707275 -1.9874053001403809
v 1.3431613445281982 -3.5982115268707275 -1.9874053001403809
v 2.6292765140533447 -5.720657825469971 -4.404064655303955
v 2.6292765140533447 -5.720657825469971 -4.404064655303955
v 2.883829116821289 -5.144494533538818 -3.6215333938598633
v 2.4144339561462402 -5.779460430145264 -4.909001350402832
v 2.4144339561462402 -5.779460430145264 -4.909001350402832
v 1.5636632442474365 -6.000387191772461 -5.324804306030273
v 1.021309494972229 -6.13578462600708 -5.157567024230957
v 0.4677432179450989 -6.113318920135498 -5.170936584472656
v -0.07321900129318237 -5.954810619354248 -5.333460330963135
v -0.9813985228538513 -5.195759296417236 -3.972574234008789
v -0.9813985228538513 -5.195759296417236 -3.972574234008789
v -0.5896044373512268 -4.295746803283691 -2.349372625350952
v -0.5896044373512268 -4.295746803283691 -2.349372625350952
v -0.5462399125099182 -4.264875888824463 -2.924165725708008
v -0.5546822547912598 -4.2458391189575195 -3.4975767135620117
v -1.0169529914855957 -4.422729969024658 -1.7396618127822876
v -1.0169529914855957 -4.422729969024658 -1.7396618127822876
v 0.10736513137817383 -4.956637859344482 -0.8795813322067261
v 0.5637813210487366 -4.958425998687744 -0.6510420441627502
v 0.5637813210487366 -4.958425998687744 -0.6510420441627502
v 0.5637813210487366 -4.958425998687744 -0.6510420441627502
v -0.3407609462738037 -4.713862895965576 -1.0564990043640137
v 0.9317666292190552 -4.631685256958008 -0.6903315186500549
v 0.9317666292190552 -4.631685256958008 -0.6903315186500549
v 0.5821816921234131 -3.4504475593566895 -3.494443655014038
v 0.5821816921234131 -3.4504475593566895 -3.494443655014038
v 0.9435849189758301 -3.4854955673217773 -3.8948826789855957
v 1.9001600742340088 -4.34979772567749 -4.499629974365234
v 1.542446255683899 -3.94037127494812 -4.425584316253662
v 0.3338959813117981 -3.378830671310425 -2.567539930343628
v 0.9947604537010193 -3.202312469482422 -1.8673241138458252
v 2.3327813148498535 -4.6893310546875 -4.523928642272949
v 2.8550901412963867 -5.72106409072876 -3.9478390216827393
v 3.084355354309082 -4.8439621925354 -4.033454895019531
v 3.084355354309082 -4.8439621925354 -4.033454895019531
v 2.9208860397338867 -5.6549577713012695 -3.367867946624756
v 2.9208860397338867 -5.6549577713012695 -3.367867946624756
v 2.159501075744629 -5.935476779937744 -5.429951190948486
v -0.9903815984725952 -5.8328423500061035 -4.858618259429932
v -1.2636468410491943 -5.813668251037598 -4.340660095214844
v -1.2636468410491943 -5.813668251037598 -4.340660095214844
v -0.6872197389602661 -5.876222133636475 -5.363353729248047
v -0.6872197389602661 -5.876222133636475 -5.363353729248047
v -1.5091947317123413 -5.581132888793945 -3.828594446182251
v -1.5091947317123413 -5.581132888793945 -3.828594446182251
v -1.5091947317123413 -5.581132888793945 -3.828594446182251
v -1.5091947317123413 -5.581132888793945 -3.828594446182251
v -1.022510051727295 -4.654959201812744 -4.209084987640381
v -1.022510051727295 -4.654959201812744 -4.209084987640381
v -0.6626763343811035 -4.236390590667725 -4.073968887329102
v -0.882305920124054 -4.630319118499756 -1.1979900598526
v 1.8016507625579834 -4.373134613037109 -0.9054644703865051
v 1.3917272090911865 -4.303404808044434 -0.498625248670578
v 1.3917272090911865 -4.303404808044434 -0.498625248670578
v 2.0817694664001465 -4.160673141479492 -1.620463490486145
v 1.9274663925170898 -3.6043641567230225 -1.8112757205963135
v 1.9274663925170898 -3.6043641567230225 -1.8112757205963135
v 0.16776549816131592 -3.4572134017944336 -3.0935943126678467
v 0.16776549816131592 -3.4572134017944336 -3.0935943126678467
v 0.16776549816131592 -3.4572134017944336 -3.0935943126678467
v 1.2937848567962646 -3.5174179077148438 -4.333573818206787
v 0.47608333826065063 -3.1290531158447266 -2.0861384868621826
v 1.528855323791504 -3.1378986835479736 -1.7133485078811646
v 2.920421600341797 -4.967372417449951 -4.530762672424316
v 2.920421600341797 -4.967372417449951 -4.530762672424316
v 2.920421600341797 -4.967372417449951 -4.530762672424316
v 3.1571249961853027 -5.817769527435303 -4.575048923492432
v 3.1571249961853027 -5.817769527435303 -4.575048923492432
v 3.0219016075134277 -5.817769527435303 -4.878810405731201
v 3.0219016075134277 -5.817769527435303 -4.878810405731201
v 3.264740467071533 -4.78056001663208 -3.552002429962158
v 3.264740467071533 -4.78056001663208 -3.552002429962158
v 3.264740467071533 -4.78056001663208 -3.552002429962158
v 3.3338685035705566 -5.257200717926025 -3.353400230407715
v 3.3338685035705566 -5.257200717926025 -3.353400230407715
v 2.824756622314453 -5.888167381286621 -5.484462261199951
v 1.9125113487243652 -6.514822483062744 -5.417320728302002
v 1.3278602361679077 -6.5692901611328125 -5.330501079559326
v 0.7401058673858643 -6.594612121582031 -5.284280300140381
v 0.1751524806022644 -6.503664493560791 -5.413475513458252
v -0.3776611089706421 -6.395688533782959 -5.573152542114258
v -1.4982576370239258 -4.963878631591797 -4.140003681182861
v -0.5553112626075745 -3.8238141536712646 -2.591233253479004
v -0.5553112626075745 -3.8238141536712646 -2.591233253479004
v -0.5553112626075745 -3.8238141536712646 -2.591233253479004
v -0.870474636554718 -3.8936960697174072 -2.0769150257110596
v -0.40797972679138184 -3.7485859394073486 -3.1654951572418213
v -0.40797972679138184 -3.7485859394073486 -3.1654951572418213
v -0.5223920941352844 -3.7501628398895264 -3.7617995738983154
v -1.4479340314865112 -4.6424384117126465 -1.2534111738204956
v -0.1954413652420044 -4.696374893188477 -0.497083842754364
v -0.1954413652420044 -4.696374893188477 -0.497083842754364
v 0.16455543041229248 -5.1523051261901855 -0.3684942424297333
v 0.16455543041229248 -5.1523051261901855 -0.3684942424297333
v 1.104846477508545 -4.828403949737549 -0.26072412729263306
v -0.6796538233757019 -4.467348575592041 -0.6881120800971985
v -0.6796538233757019 -4.467348575592041 -0.6881120800971985
v 2.209096908569336 -4.4852776527404785 -1.2497845888137817
v 2.209096908569336 -4.4852776527404785 -1.2497845888137817
v -0.013135194778442383 -3.367147922515869 -3.650296211242676
v -0.013135194778442383 -3.367147922515869 -3.650296211242676
v -0.013135194778442383 -3.367147922515869 -3.650296211242676
v 0.537215530872345 -3.2098047733306885 -4.008517742156982
v 0.537215530872345 -3.2098047733306885 -4.008517742156982
v 0.9904313087463379 -3.170578956604004 -4.343236923217773
v 1.7621266841888428 -4.007728099822998 -4.929487705230713
v 2.1445212364196777 -4.403354167938232 -5.005614280700684
v 1.492232084274292 -3.4911694526672363 -4.805069446563721
v -0.07559049129486084 -3.146564245223999 -2.24784779548645
v -0.1577683687210083 -3.5620322227478027 -2.6468076705932617
v 1.1336841583251953 -2.806516170501709 -1.469542384147644
v 0.59979647397995 -2.8690457344055176 -1.6062589883804321
v 2.586482048034668 -4.696370601654053 -5.029134750366211
v 3.2923483848571777 -5.817768573760986 -4.2712883949279785
v 3.2923483848571777 -5.817768573760986 -4.2712883949279785
v 3.327160596847534 -5.777778625488281 -3.700700283050537
v 3.327160596847534 -5.777778625488281 -3.700700283050537
v 3.1706371307373047 -4.4687581062316895 -4.42520809173584
v 3.36434268951416 -4.412025451660156 -3.9239327907562256
v 3.3638508319854736 -5.734367370605469 -3.142024278640747
v 3.3638508319854736 -5.734367370605469 -3.142024278640747
v 3.3638508319854736 -5.734367370605469 -3.142024278640747
v 2.5230789184570312 -6.498344421386719 -5.490907192230225
v -1.306121587753296 -5.874957084655762 -5.355931282043457
v -1.306121587753296 -5.874957084655762 -5.355931282043457
v -1.5839269161224365 -5.8520827293396 -4.836320877075195
v -1.5839269161224365 -5.8520827293396 -4.836320877075195
v -1.829757809638977 -5.83463191986084 -4.2908782958984375
v -1.829757809638977 -5.83463191986084 -4.2908782958984375
v -0.9861910939216614 -6.327803134918213 -5.592637062072754
v -2.0186760425567627 -5.170469284057617 -3.9630954265594482
v -1.457331895828247 -4.108973979949951 -1.8553595542907715
v -1.5241179466247559 -4.424642086029053 -4.329256057739258
v -1.5241179466247559 -4.424642086029053 -4.329256057739258
v -1.0398927927017212 -4.146731853485107 -4.489399433135986
v -1.0398927927017212 -4.146731853485107 -4.489399433135986
v -0.7086565494537354 -3.730994701385498 -4.348148822784424
v -1.8387641906738281 -4.409731388092041 -1.7417566776275635
v -1.8387641906738281 -4.409731388092041 -1.7417566776275635
v -1.2584223747253418 -4.465815544128418 -0.7818403840065002
v 0.7066836953163147 -5.2396769523620605 -0.09448210895061493
v 0.7066836953163147 -5.2396769523620605 -0.09448210895061493
v 1.957756757736206 -4.174525260925293 -0.4295015335083008
v 1.957756757736206 -4.174525260925293 -0.4295015335083008
v 2.357851505279541 -4.352639198303223 -0.7617047429084778
v 1.5880982875823975 -4.6367998123168945 0.043298035860061646
v 2.670773983001709 -4.423593044281006 -1.5700711011886597
v 2.670773983001709 -4.423593044281006 -1.5700711011886597
v 2.47273850440979 -3.884080410003662 -1.755073070526123
v 2.47273850440979 -3.884080410003662 -1.755073070526123
v 2.0513968467712402 -3.0139553546905518 -1.6333346366882324
v 2.0513968467712402 -3.0139553546905518 -1.6333346366882324
v 1.2697455883026123 -3.1906213760375977 -4.7900166511535645
v 0.053910017013549805 -2.9036457538604736 -1.7566121816635132
v 1.6405802965164185 -2.6859586238861084 -1.380395531654358
v 2.947815418243408 -5.030029296875 -4.977969169616699
v 2.947815418243408 -5.030029296875 -4.977969169616699
v 3.361257791519165 -6.178744316101074 -4.594034671783447
v 3.390489101409912 -6.036778926849365 -5.245576858520508
v 3.390489101409912 -6.036778926849365 -5.245576858520508
v 2.94588565826416 -4.532986640930176 -4.927524089813232
v 3.41377854347229 -4.800810813903809 -3.069547176361084
v 3.538201332092285 -4.357185363769531 -3.3976497650146484
v 3.538201332092285 -4.357185363769531 -3.3976497650146484
v 3.4125003814697266 -5.27272891998291 -2.821660041809082
v 3.2547006607055664 -6.561105728149414 -5.50031042098999
v 3.2547006607055664 -6.561105728149414 -5.50031042098999
v -2.103320598602295 -5.726538181304932 -3.75872802734375
v -2.103320598602295 -5.726538181304932 -3.75872802734375
v -2.0021677017211914 -4.724693775177002 -4.284957408905029
v -2.0021677017211914 -4.724693775177002 -4.284957408905029
v -2.0021677017211914 -4.724693775177002 -4.284957408905029
v -0.5625938177108765 -3.4077184200286865 -2.2574288845062256
v -0.5625938177108765 -3.4077184200286865 -2.2574288845062256
v -1.3820853233337402 -3.651425838470459 -1.7453876733779907
v -0.4255465865135193 -3.3036859035491943 -4.085515975952148
v -2.0076308250427246 -4.7285637855529785 -1.2805770635604858
v -1.8315415382385254 -4.51077127456665 -0.8031067848205566
v -0.6847856044769287 -4.729886531829834 -0.1860409826040268
v -0.26396358013153076 -5.150111675262451 -0.07531958073377609
v 0.2183481752872467 -5.367799758911133 0.16192935407161713
v 0.2183481752872467 -5.367799758911133 0.16192935407161713
v 1.2643502950668335 -5.17092227935791 0.16039501130580902
v -1.058724284172058 -4.337741374969482 -0.33483728766441345
v -1.058724284172058 -4.337741374969482 -0.33483728766441345
v 2.788421869277954 -4.494506359100342 -1.0367153882980347
v 2.788421869277954 -4.494506359100342 -1.0367153882980347
v 2.788421869277954 -4.494506359100342 -1.0367153882980347
v 2.45780086517334 -3.3559703826904297 -1.7797240018844604
v 2.45780086517334 -3.3559703826904297 -1.7797240018844604
v 2.45780086517334 -3.3559703826904297 -1.7797240018844604
v 0.06567168235778809 -3.0260348320007324 -4.1982855796813965
v 0.06567168235778809 -3.0260348320007324 -4.1982855796813965
v 0.5617687106132507 -2.8904385566711426 -4.460031032562256
v 0.5617687106132507 -2.8904385566711426 -4.460031032562256
v 1.0472593307495117 -2.890075206756592 -4.774962902069092
v 1.0472593307495117 -2.890075206756592 -4.774962902069092
v 1.9523221254348755 -4.081666946411133 -5.453752040863037
v 1.649819016456604 -3.595776081085205 -5.3253607749938965
v 2.3977067470550537 -4.386810779571533 -5.548248291015625
v 1.434018611907959 -3.0139293670654297 -5.181229591369629
v -0.47705647349357605 -3.055683135986328 -1.8431707620620728
v -0.47705647349357605 -3.055683135986328 -1.8431707620620728
v 0.7282742261886597 -2.5630850791931152 -1.1522067785263062
v 1.2488538026809692 -2.4376814365386963 -1.0356768369674683
v 0.17899850010871887 -2.667264938354492 -1.2704416513442993
v 2.8254289627075195 -4.618298530578613 -5.491458415985107
v 2.8254289627075195 -4.618298530578613 -5.491458415985107
v 3.3860528469085693 -6.22147274017334 -3.9876089096069336
v 3.4404568672180176 -6.207340717315674 -3.41154146194458
v 2.8964037895202637 -4.010189533233643 -4.699320316314697
v 3.234442710876465 -3.9458582401275635 -4.282156944274902
v 3.3727076053619385 -3.8716249465942383 -3.7240192890167236
v 3.3727076053619385 -3.8716249465942383 -3.7240192890167236
v 3.3533413410186768 -5.723103046417236 -2.5489683151245117
v -1.916052222251892 -5.919291019439697 -5.357828140258789
v -1.5738168954849243 -6.403985023498535 -5.537345886230469
v -2.175191879272461 -5.874489784240723 -4.7558417320251465
v -2.175191879272461 -5.874489784240723 -4.7558417320251465
v -2.175191879272461 -5.874489784240723 -4.7558417320251465
v -2.3740973472595215 -5.844918727874756 -4.1988983154296875
v -2.4962563514709473 -4.834414482116699 -4.110540390014648
v -2.4962563514709473 -4.834414482116699 -4.110540390014648
v -2.4962563514709473 -4.834414482116699 -4.110540390014648
v -2.6452341079711914 -5.309904098510742 -3.9654948711395264
v -2.6452341079711914 -5.309904098510742 -3.9654948711395264
v -2.6452341079711914 -5.309904098510742 -3.9654948711395264
v -0.930123507976532 -3.374621629714966 -1.808936357498169
v -0.930123507976532 -3.374621629714966 -1.808936357498169
v -1.8862965106964111 -3.8087456226348877 -1.7302502393722534
v -1.9604566097259521 -4.402363300323486 -4.753836631774902
v -1.9604566097259521 -4.402363300323486 -4.753836631774902
v -1.532866358757019 -4.0355095863342285 -4.74600887298584
v -1.532866358757019 -4.0355095863342285 -4.74600887298584
v -1.1663459539413452 -3.635505199432373 -4.6566338539123535
v -1.1663459539413452 -3.635505199432373 -4.6566338539123535
v -0.8351492881774902 -3.214979410171509 -4.523431777954102
v -2.2982306480407715 -4.730372905731201 -1.7933204174041748
v -2.2982306480407715 -4.730372905731201 -1.7933204174041748
v -1.6032582521438599 -4.420316696166992 -0.30343613028526306
v -1.6032582521438599 -4.420316696166992 -0.30343613028526306
v 0.7644109725952148 -5.575849533081055 0.3805352747440338
v 0.7644109725952148 -5.575849533081055 0.3805352747440338
v 2.501211643218994 -4.108739376068115 -0.4002677798271179
v 2.501211643218994 -4.108739376068115 -0.4002677798271179
v 2.053208351135254 -4.393330097198486 -0.27105802297592163
v 3.015626907348633 -4.288745880126953 -0.5043419599533081
v 3.015626907348633 -4.288745880126953 -0.5043419599533081
v 3.015626907348633 -4.288745880126953 -0.5043419599533081
v 1.8374046087265015 -5.058446884155273 0.4380815327167511
v 2.890652656555176 -4.183711051940918 -2.0313329696655273
v 3.1530098915100098 -4.767604351043701 -1.2984648942947388
v 2.824985980987549 -3.632650852203369 -2.1055755615234375
v 2.824985980987549 -3.632650852203369 -2.1055755615234375
v 2.184990167617798 -2.5070559978485107 -1.3910069465637207
v 2.5466508865356445 -2.8013367652893066 -1.6626558303833008
v 2.5466508865356445 -2.8013367652893066 -1.6626558303833008
v -0.3674725890159607 -2.7516794204711914 -1.396789789199829
v 1.7659711837768555 -2.2443788051605225 -1.0555362701416016
v 3.3796610832214355 -6.636373996734619 -4.873913764953613
v 3.3922231197357178 -6.19578742980957 -2.841775417327881
v 2.8055272102355957 -4.0750017166137695 -5.312760353088379
v 3.415231943130493 -4.368134021759033 -2.837179183959961
v 3.4318923950195312 -4.872043132781982 -2.569979429244995
v 3.3092050552368164 -3.705780267715454 -3.0547752380371094
v 3.3092050552368164 -3.705780267715454 -3.0547752380371094
v 3.4643046855926514 -5.258039474487305 -2.2397844791412354
v -2.7089860439300537 -5.795815944671631 -3.778721809387207
v -2.7089860439300537 -5.795815944671631 -3.778721809387207
v -2.7089860439300537 -5.795815944671631 -3.778721809387207
v -2.5163817405700684 -4.5628204345703125 -4.620383262634277
v -2.5163817405700684 -4.5628204345703125 -4.620383262634277
v -1.3653864860534668 -3.1984264850616455 -1.4535030126571655
v -1.3653864860534668 -3.1984264850616455 -1.4535030126571655
v -1.856044054031372 -3.3762922286987305 -1.5173628330230713
v -1.856044054031372 -3.3762922286987305 -1.5173628330230713
v -2.3152785301208496 -3.868614912033081 -2.0187549591064453
v -2.3152785301208496 -3.868614912033081 -2.0187549591064453
v -0.3820338249206543 -2.8844852447509766 -4.483315944671631
v -0.3820338249206543 -2.8844852447509766 -4.483315944671631
v -2.5280892848968506 -4.908444881439209 -1.316784143447876
v -2.5280892848968506 -4.908444881439209 -1.316784143447876
v -2.364384412765503 -4.328782081604004 -2.2055037021636963
v -2.364384412765503 -4.328782081604004 -2.2055037021636963
v -2.364384412765503 -4.328782081604004 -2.2055037021636963
v -2.3782806396484375 -4.653762340545654 -0.8040304780006409
v -2.1542649269104004 -4.564582347869873 -0.2907365560531616
v -2.1542649269104004 -4.564582347869873 -0.2907365560531616
v -1.2044672966003418 -4.718198776245117 0.09921686351299286
v -0.7817831039428711 -5.187774658203125 0.15822303295135498
v -0.26927614212036133 -5.696469306945801 0.1908801645040512
v -0.26927614212036133 -5.696469306945801 0.1908801645040512
v 0.22735720872879028 -5.678736686706543 0.6261647939682007
v 1.568138837814331 -5.431936740875244 0.6620668172836304
v 1.568138837814331 -5.431936740875244 0.6620668172836304
v 2.218604803085327 -4.68782377243042 0.2036183774471283
v 3.318626880645752 -4.809809684753418 -0.6994097828865051
v 3.105161428451538 -4.693640232086182 -1.8339565992355347
v 2.8912317752838135 -3.0936524868011475 -1.9829628467559814
v 2.8912317752838135 -3.0936524868011475 -1.9829628467559814
v 0.12022829055786133 -2.6347262859344482 -4.626094341278076
v 0.12022829055786133 -2.6347262859344482 -4.626094341278076
v 0.5797221660614014 -2.621791362762451 -4.938283443450928
v 0.5797221660614014 -2.621791362762451 -4.938283443450928
v 1.0571990013122559 -2.5472183227539062 -5.197705268859863
v 1.0571990013122559 -2.5472183227539062 -5.197705268859863
v 1.9230068922042847 -3.628533363342285 -5.80855131149292
v 2.3237969875335693 -3.9830820560455322 -5.957864284515381
v 2.3237969875335693 -3.9830820560455322 -5.957864284515381
v 1.5939207077026367 -3.154578447341919 -5.702542304992676
v -0.8853927850723267 -2.955115556716919 -1.4485961198806763
v -0.8853927850723267 -2.955115556716919 -1.4485961198806763
v 0.8588635921478271 -2.2716739177703857 -0.689286470413208
v 0.3052961528301239 -2.405927896499634 -0.8012340664863586
v 1.390505075454712 -2.0706372261047363 -0.5997976064682007
v 1.390505075454712 -2.0706372261047363 -0.5997976064682007
v -0.24368998408317566 -2.5269172191619873 -0.9102650880813599
v 3.4175052642822266 -6.666138648986816 -3.1081178188323975
v 2.707468032836914 -3.5994162559509277 -5.062380790710449
v 2.9945569038391113 -3.541836977005005 -4.591520309448242
v 3.019798755645752 -3.556440591812134 -4.001894474029541
v 3.1915793418884277 -3.4779696464538574 -3.4486095905303955
v 3.3888983726501465 -5.700027942657471 -1.9605330228805542
v 3.4026083946228027 -6.183372497558594 -2.272184133529663
v -2.616581439971924 -5.870218276977539 -5.1332221031188965
v -2.616581439971924 -5.870218276977539 -5.1332221031188965
v -2.087188720703125 -6.609425067901611 -5.401171684265137
v -2.087188720703125 -6.609425067901611 -5.401171684265137
v -2.6953060626983643 -5.862892150878906 -4.517609119415283
v -2.6953060626983643 -5.862892150878906 -4.517609119415283
v -2.6953060626983643 -5.862892150878906 -4.517609119415283
v -2.764549732208252 -4.847769737243652 -3.72812819480896
v -2.764549732208252 -4.847769737243652 -3.72812819480896
v -2.68403697013855 -4.358786582946777 -4.091334819793701
v -2.68403697013855 -4.358786582946777 -4.091334819793701
v -2.667530059814453 -5.295654773712158 -3.4555280208587646
v -2.667530059814453 -5.295654773712158 -3.4555280208587646
v -2.3273379802703857 -3.4630329608917236 -1.746023416519165
v -2.3273379802703857 -3.4630329608917236 -1.746023416519165
v -2.3273379802703857 -3.4630329608917236 -1.746023416519165
v -2.3797764778137207 -4.287497043609619 -5.10719108581543
v -2.3797764778137207 -4.287497043609619 -5.10719108581543
v -1.8754135370254517 -4.062862396240234 -5.227551460266113
v -1.8754135370254517 -4.062862396240234 -5.227551460266113
v -1.4852042198181152 -3.6495957374572754 -5.145028114318848
v -1.1676688194274902 -3.202881336212158 -4.996509075164795
v -0.8032675981521606 -2.8157896995544434 -4.897071361541748
v -0.8032675981521606 -2.8157896995544434 -4.897071361541748
v -2.708860158920288 -5.206725120544434 -1.2809092998504639
v -2.708860158920288 -5.206725120544434 -1.2809092998504639
v -2.586337089538574 -4.796940803527832 -2.310027837753296
v -2.586337089538574 -4.796940803527832 -2.310027837753296
v -1.8031549453735352 -4.832887649536133 0.15859068930149078
v 0.6432241797447205 -5.483639240264893 0.9908764362335205
v 1.1857092380523682 -5.430779457092285 0.7559694647789001
v 2.596858501434326 -4.5894646644592285 -0.20041531324386597
v 3.1637845039367676 -4.826382160186768 -0.1408715844154358
v 3.1637845039367676 -4.826382160186768 -0.1408715844154358
v 2.139432191848755 -5.579757213592529 0.580203652381897
v 2.139432191848755 -5.579757213592529 0.580203652381897
v 2.3617749214172363 -5.326003074645996 0.25163179636001587
v 2.3617749214172363 -5.326003074645996 0.25163179636001587
v 3.235313892364502 -4.507662296295166 -2.325082302093506
v 3.1424176692962646 -3.9464681148529053 -2.5131094455718994
v 3.382209539413452 -5.2913312911987305 -1.0278998613357544
v 3.387381076812744 -5.201358318328857 -1.6056828498840332
v 3.1012163162231445 -3.31673264503479 -2.4753623008728027
v 3.1012163162231445 -3.31673264503479 -2.4753623008728027
v 2.704526424407959 -2.3551549911499023 -1.338191032409668
v 2.335566759109497 -2.08160400390625 -1.0615190267562866
v 3.0258536338806152 -2.605748414993286 -1.6776301860809326
v 1.427956461906433 -2.566403865814209 -5.516590595245361
v 1.427956461906433 -2.566403865814209 -5.516590595245361
v 1.427956461906433 -2.566403865814209 -5.516590595245361
v -0.7919584512710571 -2.632335901260376 -1.025562047958374
v 1.8828128576278687 -1.805691123008728 -0.7262122631072998
v 1.8828128576278687 -1.805691123008728 -0.7262122631072998
v 1.8828128576278687 -1.805691123008728 -0.7262122631072998
v 3.3875632286071777 -6.650088310241699 -2.548901081085205
v 2.620863914489746 -3.6414425373077393 -5.719137668609619
v 2.620863914489746 -3.6414425373077393 -5.719137668609619
v 3.413301944732666 -5.057648658752441 -2.115915298461914
v 3.4120688438415527 -2.9921162128448486 -3.2908315658569336
v -2.495713710784912 -6.160769462585449 -5.344386577606201
v -2.495713710784912 -6.160769462585449 -5.344386577606201
v -2.495713710784912 -6.160769462585449 -5.344386577606201
v -2.741515874862671 -6.309010982513428 -4.179193019866943
v -2.456343650817871 -3.9943690299987793 -4.505688667297363
v -2.6705565452575684 -5.770074367523193 -3.2117514610290527
v -1.3307050466537476 -2.822673797607422 -1.0638071298599243
v -1.865957498550415 -2.9941563606262207 -1.158271074295044
v -2.340203046798706 -3.0636544227600098 -1.435381531715393
v -2.6482772827148438 -3.449833631515503 -2.204554319381714
v -2.6482772827148438 -3.449833631515503 -2.204554319381714
v -2.4869580268859863 -3.868662118911743 -2.5463709831237793
v -0.3211982846260071 -2.5340309143066406 -4.9493513107299805
v -0.3211982846260071 -2.5340309143066406 -4.9493513107299805
v -2.778789520263672 -4.952622890472412 -0.7954596281051636
v -2.778789520263672 -4.952622890472412 -0.7954596281051636
v -2.778789520263672 -4.952622890472412 -0.7954596281051636
v -2.6306841373443604 -5.219473361968994 -1.8889838457107544
v -2.6306841373443604 -5.219473361968994 -1.8889838457107544
v -2.6566407680511475 -4.36661958694458 -2.6783788204193115
v -2.6566407680511475 -4.36661958694458 -2.6783788204193115
v -2.668591022491455 -4.887286186218262 -0.2986687123775482
v -2.668591022491455 -4.887286186218262 -0.2986687123775482
v -2.668591022491455 -4.887286186218262 -0.2986687123775482
v -2.316924571990967 -5.037935256958008 0.10293535143136978
v -2.316924571990967 -5.037935256958008 0.10293535143136978
v -1.373566746711731 -5.247865200042725 0.3059723675251007
v -0.8118864297866821 -5.680197238922119 0.4186939299106598
v -0.8118864297866821 -5.680197238922119 0.4186939299106598
v -0.2955176830291748 -5.752363204956055 0.824259340763092
v 0.14965415000915527 -5.66231107711792 1.2023788690567017
v 1.5178226232528687 -5.442171573638916 1.1919063329696655
v 2.778177261352539 -4.934016227722168 0.24115689098834991
v 2.778177261352539 -4.934016227722168 0.24115689098834991
v 2.9939095973968506 -5.442282199859619 -0.6334308981895447
v 2.9939095973968506 -5.442282199859619 -0.6334308981895447
v 2.013301372528076 -5.505921840667725 1.0911808013916016
v 3.323634386062622 -2.844468593597412 -2.2328202724456787
v 3.323634386062622 -2.844468593597412 -2.2328202724456787
v 3.323634386062622 -2.844468593597412 -2.2328202724456787
v 0.16003844141960144 -2.335270643234253 -5.1353631019592285
v 0.16003844141960144 -2.335270643234253 -5.1353631019592285
v 0.6203982830047607 -2.262998342514038 -5.387827396392822
v 1.1008219718933105 -2.1089389324188232 -5.551491737365723
v 1.9942234754562378 -3.1446683406829834 -6.109950065612793
v 1.5812654495239258 -2.695422649383545 -6.077093601226807
v 1.5812654495239258 -2.695422649383545 -6.077093601226807
v 0.9848921298980713 -2.0258913040161133 -0.19042211771011353
v 0.4387308955192566 -2.1719353199005127 -0.3249480128288269
v -0.12185144424438477 -2.3081212043762207 -0.42743584513664246
v 1.8141955137252808 -1.627382755279541 -0.4420270323753357
v 1.8141955137252808 -1.627382755279541 -0.4420270323753357
v -0.6729065775871277 -2.3640453815460205 -0.5647719502449036
v 2.5976929664611816 -3.1870973110198975 -5.394905090332031
v 2.780994176864624 -3.112555742263794 -4.843799114227295
v 2.831997871398926 -3.0784974098205566 -4.264878273010254
v 3.1856627464294434 -3.0152997970581055 -3.785188913345337
v 3.4099783897399902 -2.9373416900634766 -2.7707533836364746
v 3.4099783897399902 -2.9373416900634766 -2.7707533836364746
v 3.415142774581909 -5.71524715423584 -1.3888548612594604
v 3.4066712856292725 -6.1790852546691895 -1.6972322463989258
v 3.4023549556732178 -6.638569355010986 -1.9895925521850586
v -2.670205593109131 -6.2977519035339355 -4.79265832901001
v -2.7577996253967285 -6.282134056091309 -3.5439066886901855
v -2.991077184677124 -4.900522708892822 -3.313171148300171
v -2.9613265991210938 -4.442056655883789 -3.6489055156707764
v -2.7322998046875 -3.755514621734619 -3.9733192920684814
v -2.7322998046875 -3.755514621734619 -3.9733192920684814
v -2.9156746864318848 -5.338626861572266 -2.9704837799072266
v -2.9156746864318848 -5.338626861572266 -2.9704837799072266
v -2.725109577178955 -3.07749605178833 -1.829185128211975
v -2.268019914627075 -3.8559889793395996 -5.5751447677612305
v -2.268019914627075 -3.8559889793395996 -5.5751447677612305
v -2.3158066272735596 -3.6269068717956543 -4.928330421447754
v -1.756233811378479 -3.6789283752441406 -5.675729751586914
v -1.756233811378479 -3.6789283752441406 -5.675729751586914
v -1.433580756187439 -3.2244937419891357 -5.499905586242676
v -1.1249375343322754 -2.7926394939422607 -5.362229824066162
v -0.7579323649406433 -2.41505765914917 -5.301738262176514
v -0.7579323649406433 -2.41505765914917 -5.301738262176514
v -2.729180335998535 -5.723072528839111 -1.5397448539733887
v -2.66072416305542 -5.363685607910156 -0.6994495391845703
v -2.702367067337036 -4.874238014221191 -2.841512441635132
v -2.702367067337036 -4.874238014221191 -2.841512441635132
v -2.757172107696533 -5.289315223693848 -2.4500088691711426
v -1.9586429595947266 -5.399661064147949 0.22695893049240112
v -1.9586429595947266 -5.399661064147949 0.22695893049240112
v 1.0477492809295654 -5.4364752769470215 1.3714678287506104
v 0.5544685125350952 -5.540510177612305 1.575631856918335
v 2.895692825317383 -5.499659538269043 0.0014699622988700867
v 2.895692825317383 -5.499659538269043 0.0014699622988700867
v 2.895692825317383 -5.499659538269043 0.0014699622988700867
v 2.74326229095459 -5.589384078979492 0.5090209245681763
v 2.5612411499023438 -5.608247756958008 1.0188181400299072
v 3.371739387512207 -5.749844074249268 -0.8499456644058228
v 3.371739387512207 -5.749844074249268 -0.8499456644058228
v 3.2141170501708984 -2.2309772968292236 -1.2845996618270874
v 2.876474380493164 -1.979270577430725 -0.9476061463356018
v 2.473402500152588 -1.6637263298034668 -0.7725040912628174
v 2.473402500152588 -1.6637263298034668 -0.7725040912628174
v 3.4660446643829346 -2.386584520339966 -1.6809688806533813
v 1.5161646604537964 -2.06583309173584 -5.748935699462891
v 1.5161646604537964 -2.06583309173584 -5.748935699462891
v 2.217092514038086 -3.5610227584838867 -6.184960842132568
v 2.217092514038086 -3.5610227584838867 -6.184960842132568
v -1.2465534210205078 -2.4239161014556885 -0.7297139167785645
v 1.4735010862350464 -1.761695384979248 -0.04179234802722931
v 1.4735010862350464 -1.761695384979248 -0.04179234802722931
v 2.044182538986206 -1.3484199047088623 -0.8153823614120483
v 2.044182538986206 -1.3484199047088623 -0.8153823614120483
v 2.589592933654785 -3.243412733078003 -6.058943748474121
v 3.4525227546691895 -2.5116524696350098 -3.6327033042907715
v 3.5799508094787598 -2.4936065673828125 -3.09086537361145
v -2.6941637992858887 -4.079306125640869 -3.526087760925293
v -2.6941637992858887 -4.079306125640869 -3.526087760925293
v -2.5739245414733887 -3.461860179901123 -4.416968822479248
v -2.802243232727051 -6.267672061920166 -2.966547727584839
v -2.755405902862549 -5.780921459197998 -2.667865037918091
v -1.8839514255523682 -2.596341848373413 -0.773452877998352
v -2.3812360763549805 -2.68512225151062 -1.0606932640075684
v -2.806170701980591 -2.7412021160125732 -1.4259076118469238
v -2.985050678253174 -3.0013747215270996 -2.347881555557251
v -2.985050678253174 -3.0013747215270996 -2.347881555557251
v -2.7984399795532227 -3.361898899078369 -2.7854647636413574
v -2.7984399795532227 -3.361898899078369 -2.7854647636413574
v -2.7377991676330566 -3.9175233840942383 -3.029505968093872
v -2.7377991676330566 -3.9175233840942383 -3.029505968093872
v -0.2664385139942169 -2.1269190311431885 -5.3633599281311035
v -2.7029871940612793 -5.7484259605407715 -2.11480712890625
v -2.655055046081543 -5.799091339111328 -0.9896279573440552
v -2.655055046081543 -5.799091339111328 -0.9896279573440552
v -2.7628300189971924 -4.442851543426514 -3.1657042503356934
v -2.7628300189971924 -4.442851543426514 -3.1657042503356934
v -2.363685369491577 -5.4079155921936035 -0.1818293333053589
v -1.6004877090454102 -5.763071060180664 0.3558763861656189
v -1.6004877090454102 -5.763071060180664 0.3558763861656189
v -0.7900897860527039 -5.76351261138916 1.0553357601165771
v -0.3423646092414856 -5.737879276275635 1.4051084518432617
v 0.0814138650894165 -5.714025497436523 1.7788567543029785
v 1.4737025499343872 -5.40100622177124 1.7798994779586792
v 1.4737025499343872 -5.40100622177124 1.7798994779586792
v 1.8687149286270142 -5.308784484863281 1.5479539632797241
v 1.8687149286270142 -5.308784484863281 1.5479539632797241
v 1.8687149286270142 -5.308784484863281 1.5479539632797241
v 3.3862147331237793 -5.720296382904053 -0.2776953876018524
v 3.3862147331237793 -5.720296382904053 -0.2776953876018524
v 2.3475520610809326 -5.516673564910889 1.5266057252883911
v 2.3475520610809326 -5.516673564910889 1.5266057252883911
v 3.588618040084839 -2.4592764377593994 -2.5705485343933105
v 3.561257839202881 -2.4323890209198 -2.0989694595336914
v 3.561257839202881 -2.4323890209198 -2.0989694595336914
v 0.19852614402770996 -1.9291850328445435 -5.542884826660156
v 0.6917905807495117 -1.7991138696670532 -5.770141124725342
v 1.2145438194274902 -1.6136966943740845 -5.8406081199646
v 2.4590365886688232 -2.8931474685668945 -6.372730255126953
v 2.4590365886688232 -2.8931474685668945 -6.372730255126953
v 1.9183056354522705 -2.7024447917938232 -6.542051792144775
v 1.6013818979263306 -2.286388635635376 -6.414462566375732
v 1.6013818979263306 -2.286388635635376 -6.414462566375732
v 1.0813572406768799 -1.82452392578125 0.348274827003479
v 0.602405309677124 -2.094193935394287 0.21043623983860016
v 0.032192498445510864 -2.2252697944641113 0.09318271279335022
v -0.5382839441299438 -2.166365385055542 -0.06607988476753235
v 2.015685796737671 -1.0596721172332764 -0.389998197555542
v 1.884401798248291 -1.3356702327728271 0.08008305728435516
v -1.1088974475860596 -2.156586170196533 -0.23360608518123627
v 2.5175983905792236 -2.771550178527832 -5.71117639541626
v 2.7273340225219727 -2.6993355751037598 -5.137704849243164
v 2.665112018585205 -2.5791678428649902 -4.500308036804199
v 3.0222327709198 -2.519062042236328 -4.0312395095825195
v 3.463843584060669 -6.189997673034668 -1.1304931640625
v 3.424145221710205 -6.639483451843262 -1.4269139766693115
v -2.6659443378448486 -3.5513455867767334 -3.3794612884521484
v -2.6659443378448486 -3.5513455867767334 -3.3794612884521484
v -2.3923051357269287 -3.3060779571533203 -3.8051657676696777
v -3.132664203643799 -2.7070679664611816 -1.894627332687378
v -3.132664203643799 -2.7070679664611816 -1.894627332687378
v -2.169980049133301 -3.3878207206726074 -5.935410499572754
v -2.169980049133301 -3.3878207206726074 -5.935410499572754
v -2.254040241241455 -3.2490854263305664 -5.36741304397583
v -2.4728002548217773 -3.139936923980713 -4.872115135192871
v -1.7070772647857666 -3.1966207027435303 -5.999817371368408
v -1.7070772647857666 -3.1966207027435303 -5.999817371368408
v -1.3491065502166748 -2.8077805042266846 -5.873101234436035
v -1.0477161407470703 -2.402006149291992 -5.749577045440674
v -0.7658355832099915 -1.9494717121124268 -5.668361186981201
v -0.7658355832099915 -1.9494717121124268 -5.668361186981201
v -0.7658355832099915 -1.9494717121124268 -5.668361186981201
v -2.795269012451172 -6.232794761657715 -1.8269102573394775
v -2.789219379425049 -6.24394416809082 -1.2547118663787842
v -2.1846654415130615 -5.793227195739746 -0.6581175327301025
v -2.1846654415130615 -5.793227195739746 -0.6581175327301025
v -2.1750636100769043 -5.872584342956543 0.007669076323509216
v -2.1750636100769043 -5.872584342956543 0.007669076323509216
v -2.1750636100769043 -5.872584342956543 0.007669076323509216
v -2.1750636100769043 -5.872584342956543 0.007669076323509216
v -1.2010700702667236 -5.748170375823975 0.714133620262146
v 0.985887885093689 -5.528346061706543 1.9646438360214233
v 0.4666576385498047 -5.560032367706299 2.153364896774292
v 3.333759307861328 -5.671032905578613 0.29605576395988464
v 3.333759307861328 -5.671032905578613 0.29605576395988464
v 3.236971855163574 -5.647569179534912 0.8790829181671143
v 3.236971855163574 -5.647569179534912 0.8790829181671143
v 2.886991500854492 -5.640236854553223 1.5012513399124146
v 2.886991500854492 -5.640236854553223 1.5012513399124146
v 3.486194133758545 -6.188849449157715 -0.5635893940925598
v 3.7215189933776855 -2.0808396339416504 -1.3240543603897095
v 3.418670654296875 -1.9110525846481323 -0.8804671764373779
v 3.029165029525757 -1.5731474161148071 -0.5794458389282227
v 3.029165029525757 -1.5731474161148071 -0.5794458389282227
v 2.592355728149414 -1.1738673448562622 -0.589509129524231
v 3.8763720989227295 -2.1139001846313477 -1.8336219787597656
v 3.8763720989227295 -2.1139001846313477 -1.8336219787597656
v 1.7673121690750122 -1.5087568759918213 -5.80501127243042
v 1.7673121690750122 -1.5087568759918213 -5.80501127243042
v 1.6189507246017456 -1.8830859661102295 -6.183348178863525
v -1.5724639892578125 -2.1507513523101807 -0.5985735654830933
v -1.5724639892578125 -2.1507513523101807 -0.5985735654830933
v -1.5724639892578125 -2.1507513523101807 -0.5985735654830933
v 1.5756820440292358 -1.6343190670013428 0.4827296733856201
v 1.5756820440292358 -1.6343190670013428 0.4827296733856201
v 1.5756820440292358 -1.6343190670013428 0.4827296733856201
v 2.1732051372528076 -0.8506242632865906 -0.9323883056640625
v 2.1732051372528076 -0.8506242632865906 -0.9323883056640625
v 3.224818706512451 -2.0024566650390625 -3.817725419998169
v 3.597599983215332 -2.020876884460449 -3.3640527725219727
v 3.784055709838867 -2.029597282409668 -2.8511624336242676
v -2.276796340942383 -2.976670265197754 -4.290342330932617
v -2.7858192920684814 -6.252202987670898 -2.396252393722534
v -2.4503231048583984 -2.313478946685791 -0.6543340086936951
v -2.8847572803497314 -2.3871846199035645 -1.0177899599075317
v -3.2508835792541504 -2.452577590942383 -1.4267505407333374
v -3.360119104385376 -2.5183253288269043 -2.4445559978485107
v -3.094081163406372 -2.8220155239105225 -2.900731086730957
v -0.27181458473205566 -1.6291327476501465 -5.693880081176758
v -2.805237293243408 -6.290786266326904 -0.6690497994422913
v -2.6814632415771484 -5.8983025550842285 -0.34900665283203125
v -2.6814632415771484 -5.8983025550842285 -0.34900665283203125
v -2.6814632415771484 -5.8983025550842285 -0.34900665283203125
v -1.690561294555664 -5.756380081176758 0.9500555992126465
v -1.2619702816009521 -5.609610080718994 1.5251561403274536
v -1.2619702816009521 -5.609610080718994 1.5251561403274536
v -1.2619702816009521 -5.609610080718994 1.5251561403274536
v -0.8270957469940186 -5.700794219970703 1.5932328701019287
v -0.39648717641830444 -5.7577009201049805 1.980124592781067
v -0.01594698429107666 -5.7054643630981445 2.353492259979248
v 1.2997610569000244 -5.127549648284912 2.3420000076293945
v 1.2997610569000244 -5.127549648284912 2.3420000076293945
v 1.6439030170440674 -4.8191046714782715 1.933837652206421
v 2.170301675796509 -5.021161079406738 1.661415934562683
v 2.170301675796509 -5.021161079406738 1.661415934562683
v -2.1434500217437744 -5.870866298675537 0.5861048102378845
v 3.4919450283050537 -6.173452377319336 0.007771898061037064
v 2.7141387462615967 -5.203231334686279 1.766095757484436
v 3.833833694458008 -2.0244510173797607 -2.3167834281921387
v 0.24898380041122437 -1.4407364130020142 -5.820173740386963
v 0.7978854179382324 -1.2529603242874146 -5.961198329925537
v 1.3414182662963867 -1.0532809495925903 -5.959127902984619
v 2.4200429916381836 -2.4103941917419434 -6.568310737609863
v 2.4200429916381836 -2.4103941917419434 -6.568310737609863
v 1.9857938289642334 -2.304917573928833 -6.800273895263672
v 1.9857938289642334 -2.304917573928833 -6.800273895263672
v 1.71002197265625 -1.9078396558761597 -6.741012096405029
v 1.71002197265625 -1.9078396558761597 -6.741012096405029
v -2.0589652061462402 -2.049504518508911 -0.6227196455001831
v -2.0589652061462402 -2.049504518508911 -0.6227196455001831
v 1.193989872932434 -1.8502089977264404 0.815985381603241
v 0.7034237384796143 -1.9827896356582642 0.6968730688095093
v 0.19729837775230408 -2.1222333908081055 0.5906466841697693
v 0.19729837775230408 -2.1222333908081055 0.5906466841697693
v -0.4007096290588379 -2.0630202293395996 0.47785747051239014
v -0.4007096290588379 -2.0630202293395996 0.47785747051239014
v -0.9425630569458008 -2.017491340637207 0.2953481078147888
v -0.9425630569458008 -2.017491340637207 0.2953481078147888
v 2.1583943367004395 -0.5252025127410889 -0.369201123714447
v 2.090877056121826 -0.7664791941642761 0.1336822211742401
v 2.100581645965576 -0.9969022274017334 0.5944318175315857
v 2.100581645965576 -0.9969022274017334 0.5944318175315857
v -1.5652793645858765 -1.8192524909973145 -0.2503492534160614
v -1.5652793645858765 -1.8192524909973145 -0.2503492534160614
v 2.5257153511047363 -2.3747801780700684 -6.004143238067627
v 2.8850574493408203 -2.334235906600952 -5.445524215698242
v 2.7407307624816895 -2.1586415767669678 -4.868264675140381
v 3.044334888458252 -2.0902929306030273 -4.35386848449707
v 3.411496639251709 -6.6516571044921875 -0.8574207425117493
v -2.7476022243499756 -3.062426805496216 -3.341416120529175
v -2.7476022243499756 -3.062426805496216 -3.341416120529175
v -2.5877625942230225 -2.707930088043213 -3.785795211791992
v -3.6148202419281006 -2.1775426864624023 -1.9976391792297363
v -3.6148202419281006 -2.1775426864624023 -1.9976391792297363
v -2.06150484085083 -2.879315137863159 -6.219428539276123
v -2.06150484085083 -2.879315137863159 -6.219428539276123
v -2.180522918701172 -2.8186194896698 -5.742949962615967
v -2.326963424682617 -2.716933488845825 -5.238162517547607
v -2.3615007400512695 -2.575044631958008 -4.722042560577393
v -1.6372876167297363 -2.78852915763855 -6.409069061279297
v -1.6372876167297363 -2.78852915763855 -6.409069061279297
v -1.2773518562316895 -2.4158408641815186 -6.255592346191406
v -1.1941534280776978 -2.0051589012145996 -5.98777961730957
v -1.1941534280776978 -2.0051589012145996 -5.98777961730957
v -0.6684459447860718 -1.3902113437652588 -5.8920488357543945
v 0.8907174468040466 -5.5320658683776855 2.5397586822509766
v 0.3667159378528595 -5.621152877807617 2.7186644077301025
v -2.693309783935547 -5.876575469970703 0.23628243803977966
v -2.693309783935547 -5.876575469970703 0.23628243803977966
v 3.4898581504821777 -6.151190757751465 0.5771657228469849
v 3.3952040672302246 -5.7043280601501465 1.412928819656372
v 3.3952040672302246 -5.7043280601501465 1.412928819656372
v 3.290041923522949 -5.347901821136475 1.890682339668274
v 3.290041923522949 -5.347901821136475 1.890682339668274
v 3.290041923522949 -5.347901821136475 1.890682339668274
v 3.290041923522949 -5.347901821136475 1.890682339668274
v 3.427570343017578 -6.653737545013428 -0.2906535863876343
v 4.162781238555908 -1.7863060235977173 -1.4391281604766846
v 4.162781238555908 -1.7863060235977173 -1.4391281604766846
v 3.9373297691345215 -1.7841564416885376 -0.947899580001831
v 3.650832176208496 -1.5019971132278442 -0.5792378783226013
v 3.650832176208496 -1.5019971132278442 -0.5792378783226013
v 3.185237169265747 -1.0416823625564575 -0.4391806721687317
v 2.7646191120147705 -0.6507986783981323 -0.7057210803031921
v 2.7646191120147705 -0.6507986783981323 -0.7057210803031921
v 4.157759189605713 -1.6838057041168213 -1.9625277519226074
v 1.837165117263794 -0.884357213973999 -5.843105316162109
v 1.837165117263794 -0.884357213973999 -5.843105316162109
v 1.8549152612686157 -1.5418033599853516 -6.41522216796875
v -1.7101764678955078 -1.6811718940734863 -0.6658525466918945
v -1.7101764678955078 -1.6811718940734863 -0.6658525466918945
v -1.7101764678955078 -1.6811718940734863 -0.6658525466918945
v -1.7101764678955078 -1.6811718940734863 -0.6658525466918945
v 1.6379903554916382 -1.7237414121627808 0.8833590745925903
v 1.6379903554916382 -1.7237414121627808 0.8833590745925903
v 1.6379903554916382 -1.7237414121627808 0.8833590745925903
v -1.4511525630950928 -1.947329044342041 0.20125997066497803
v -1.4511525630950928 -1.947329044342041 0.20125997066497803
v 2.203080415725708 -0.28557223081588745 -0.8767058849334717
v 2.203080415725708 -0.28557223081588745 -0.8767058849334717
v 2.203080415725708 -0.28557223081588745 -0.8767058849334717
v 2.0768239498138428 -1.4419633150100708 0.6731154322624207
v 3.424307346343994 -1.601484775543213 -4.243577480316162
v 3.641810894012451 -1.5790714025497437 -3.7077529430389404
v 3.7515721321105957 -1.556127905845642 -3.1002280712127686
v 4.015974044799805 -1.574053406715393 -2.522411823272705
v -2.6587045192718506 -2.4387800693511963 -4.291436672210693
v -2.6587045192718506 -2.4387800693511963 -4.291436672210693
v -2.512993097305298 -1.8539613485336304 -0.39370983839035034
v -2.512993097305298 -1.8539613485336304 -0.39370983839035034
v -2.9663586616516113 -2.055015802383423 -0.5821864604949951
v -3.3867008686065674 -2.1579110622406006 -0.9489095211029053
v -3.3867008686065674 -2.1579110622406006 -0.9489095211029053
v -3.6044936180114746 -2.14420485496521 -1.4706916809082031
v -3.6044936180114746 -2.14420485496521 -1.4706916809082031
v -3.6380650997161865 -1.9928357601165771 -2.5555331707000732
v -3.258005380630493 -2.252840995788574 -2.940563678741455
v -2.9307563304901123 -2.50506591796875 -3.3573474884033203
v -1.3205448389053345 -1.6311638355255127 -5.723296642303467
v -1.3205448389053345 -1.6311638355255127 -5.723296642303467
v -0.16247308254241943 -1.0707652568817139 -5.820363521575928
v -2.8329782485961914 -6.309185981750488 -0.08247309923171997
v -2.1932618618011475 -5.746870994567871 1.2103782892227173
v -2.1932618618011475 -5.746870994567871 1.2103782892227173
v -1.805604100227356 -5.443457126617432 1.5855340957641602
v -1.805604100227356 -5.443457126617432 1.5855340957641602
v -0.7785113453865051 -5.5229034423828125 2.0849504470825195
v -0.7785113453865051 -5.5229034423828125 2.0849504470825195
v -0.45960086584091187 -5.654828071594238 2.62605881690979
v -0.45960086584091187 -5.654828071594238 2.62605881690979
v -0.1532604694366455 -5.743316650390625 2.8846986293792725
v 1.3000457286834717 -4.481726169586182 2.3036751747131348
v 1.1826822757720947 -5.283094882965088 2.9533021450042725
v 1.1826822757720947 -5.283094882965088 2.9533021450042725
v 2.0481715202331543 -4.464665412902832 1.6824102401733398
v 2.0481715202331543 -4.464665412902832 1.6824102401733398
v 2.5817337036132812 -4.666057109832764 1.6523023843765259
v -2.6610915660858154 -5.829404830932617 0.8116718530654907
v -2.6610915660858154 -5.829404830932617 0.8116718530654907
v 3.431457757949829 -6.643161773681641 0.2785353660583496
v 3.498945951461792 -6.1553144454956055 1.1427639722824097
v 3.1886181831359863 -4.782198429107666 1.749672532081604
v 3.1886181831359863 -4.782198429107666 1.749672532081604
v 2.447352170944214 -0.33714500069618225 -1.0553381443023682
v 2.447352170944214 -0.33714500069618225 -1.0553381443023682
v 0.3178306818008423 -0.8599620461463928 -6.004758834838867
v 0.8928555250167847 -0.7074472904205322 -6.048666954040527
v 2.2011876106262207 -1.3314076662063599 -5.694183826446533
v 2.2011876106262207 -1.3314076662063599 -5.694183826446533
v 2.2011876106262207 -1.3314076662063599 -5.694183826446533
v 1.4397612810134888 -0.4796280860900879 -5.937496185302734
v 1.4397612810134888 -0.4796280860900879 -5.937496185302734
v 2.210204839706421 -1.2291796207427979 -6.251060962677002
v 2.210204839706421 -1.2291796207427979 -6.251060962677002
v 2.3383307456970215 -1.9665995836257935 -6.795169353485107
v 2.4673750400543213 -1.9652271270751953 -6.275026321411133
v 2.055063247680664 -1.954843521118164 -7.221712589263916
v 2.055063247680664 -1.954843521118164 -7.221712589263916
v 1.9121294021606445 -1.5382760763168335 -7.013331890106201
v 1.9121294021606445 -1.5382760763168335 -7.013331890106201
v -2.1833925247192383 -1.499062180519104 -0.5579468011856079
v -2.1833925247192383 -1.499062180519104 -0.5579468011856079
v -2.1833925247192383 -1.499062180519104 -0.5579468011856079
v 1.3119723796844482 -1.994981050491333 1.308229923248291
v 1.3119723796844482 -1.994981050491333 1.308229923248291
v 0.8312791585922241 -2.051785469055176 1.2177681922912598
v 0.3482137620449066 -2.1370229721069336 1.0270919799804688
v -0.34633320569992065 -2.439035415649414 0.9289382100105286
v -0.34633320569992065 -2.439035415649414 0.9289382100105286
v -0.8493114709854126 -2.2983837127685547 0.7754263281822205
v -1.37431800365448 -2.159343719482422 0.6338489055633545
v -1.37431800365448 -2.159343719482422 0.6338489055633545
v 2.2410311698913574 0.023272335529327393 -0.32631462812423706
v 2.141768217086792 -0.216651052236557 0.17001372575759888
v 2.148540735244751 -0.43282002210617065 0.6913626790046692
v 2.148540735244751 -0.43282002210617065 0.6913626790046692
v 2.6456236839294434 -1.2553333044052124 0.6810214519500732
v 2.6456236839294434 -1.2553333044052124 0.6810214519500732
v -1.7028313875198364 -1.4910929203033447 0.1634926050901413
v -1.712907075881958 -1.3031507730484009 -0.3543144464492798
v 2.5671498775482178 -2.058729648590088 -5.783166885375977
v 2.4713470935821533 -2.115009307861328 -5.273193359375
v 3.1475462913513184 -1.6299591064453125 -4.747276782989502
v -2.9953393936157227 -2.2689192295074463 -3.8856613636016846
v -3.848524570465088 -1.6914763450622559 -1.5819405317306519
v -3.848524570465088 -1.6914763450622559 -1.5819405317306519
v -3.885812282562256 -1.6225087642669678 -2.1305809020996094
v -3.885812282562256 -1.6225087642669678 -2.1305809020996094
v -2.150803327560425 -2.3216490745544434 -6.117314338684082
v -1.943082571029663 -2.4382519721984863 -6.638277053833008
v -1.943082571029663 -2.4382519721984863 -6.638277053833008
v -2.4819297790527344 -2.3564088344573975 -5.696709156036377
v -2.376572847366333 -2.1580474376678467 -5.131106376647949
v -2.629876136779785 -2.0886003971099854 -4.746307373046875
v -2.629876136779785 -2.0886003971099854 -4.746307373046875
v -1.5582215785980225 -2.425088882446289 -6.872162818908691
v -1.5582215785980225 -2.425088882446289 -6.872162818908691
v -1.3963000774383545 -1.9693387746810913 -6.505670547485352
v -1.3963000774383545 -1.9693387746810913 -6.505670547485352
v -1.5878441333770752 -1.6212592124938965 -6.169743061065674
v -1.1116143465042114 -1.061248779296875 -5.832798480987549
v -0.6016773581504822 -0.8363387584686279 -5.991602420806885
v -1.4144964218139648 -4.962660789489746 1.729440450668335
v -0.9654922485351562 -5.063368797302246 2.0139949321746826
v -0.9654922485351562 -5.063368797302246 2.0139949321746826
v 0.7543813586235046 -5.59860897064209 3.114257335662842
v 0.2288023829460144 -5.723830223083496 3.2623987197875977
v 1.6037442684173584 -4.191171646118164 1.9116332530975342
v 1.1863760948181152 -4.703417778015137 2.8247151374816895
v -2.7787961959838867 -6.287422180175781 0.48771870136260986
v 3.421180009841919 -6.635317802429199 0.8467563390731812
v 3.445298433303833 -5.774880886077881 2.0595884323120117
v 3.484670639038086 -6.187376976013184 1.7187706232070923
v 3.2245068550109863 -4.9012885093688965 2.2661705017089844
v 4.379599571228027 -1.2782049179077148 -1.5763938426971436
v 4.223109722137451 -1.3845221996307373 -0.9892324805259705
v 4.223109722137451 -1.3845221996307373 -0.9892324805259705
v 4.223109722137451 -1.3845221996307373 -0.9892324805259705
v 4.223109722137451 -1.3845221996307373 -0.9892324805259705
v 3.8674421310424805 -1.0098509788513184 -0.6023755073547363
v 3.8674421310424805 -1.0098509788513184 -0.6023755073547363
v 3.3336362838745117 -0.5333343744277954 -0.7278997898101807
v 3.3336362838745117 -0.5333343744277954 -0.7278997898101807
v 2.9688820838928223 -0.2890239953994751 -1.107126235961914
v 4.312573432922363 -1.1848502159118652 -2.1590309143066406
v 2.3081912994384766 -0.7174844741821289 -5.587602138519287
v 1.9100089073181152 -0.30539458990097046 -5.669800281524658
v 2.2978572845458984 -1.519453763961792 -6.561606407165527
v 2.2978572845458984 -1.519453763961792 -6.561606407165527
v -1.864201307296753 -1.2088676691055298 -0.8387230038642883
v -1.864201307296753 -1.2088676691055298 -0.8387230038642883
v 1.7888121604919434 -2.2413432598114014 1.1723179817199707
v 2.155653238296509 -2.021195888519287 0.8026694655418396
v 2.155653238296509 -2.021195888519287 0.8026694655418396
v 2.155653238296509 -2.021195888519287 0.8026694655418396
v -1.9152721166610718 -1.8326153755187988 0.6287930607795715
v -1.9152721166610718 -1.8326153755187988 0.6287930607795715
v -1.9152721166610718 -1.8326153755187988 0.6287930607795715
v 2.2081587314605713 0.10860764980316162 -1.184400200843811
v 2.2081587314605713 0.10860764980316162 -1.184400200843811
v 2.243299722671509 0.32621079683303833 -0.778558075428009
v 2.7026174068450928 -0.7096296548843384 0.6492290496826172
v 2.7026174068450928 -0.7096296548843384 0.6492290496826172
v 2.641922950744629 -1.8592628240585327 0.7040941119194031
v 2.641922950744629 -1.8592628240585327 0.7040941119194031
v 2.779632329940796 -1.6534786224365234 -5.171911716461182
v 3.333850622177124 -1.0927729606628418 -4.559243202209473
v 3.638077735900879 -1.0020674467086792 -4.015159606933594
v 3.8867950439453125 -1.382243037223816 -3.5442256927490234
v 4.226508140563965 -1.17790949344635 -2.7451324462890625
v -3.009934425354004 -1.9659348726272583 -4.398265361785889
v -3.009934425354004 -1.9659348726272583 -4.398265361785889
v -2.6743617057800293 -1.2573051452636719 -0.3810562491416931
v -2.6743617057800293 -1.2573051452636719 -0.3810562491416931
v -2.6743617057800293 -1.2573051452636719 -0.3810562491416931
v -2.922614336013794 -1.6061800718307495 -0.3520019054412842
v -2.922614336013794 -1.6061800718307495 -0.3520019054412842
v -3.4445676803588867 -1.7609530687332153 -0.5103886723518372
v -3.4445676803588867 -1.7609530687332153 -0.5103886723518372
v -3.735262155532837 -1.7607115507125854 -1.0315827131271362
v -3.735262155532837 -1.7607115507125854 -1.0315827131271362
v -3.735262155532837 -1.7607115507125854 -1.0315827131271362
v -3.638566732406616 -1.825035572052002 -3.1135218143463135
v -3.638566732406616 -1.825035572052002 -3.1135218143463135
v -3.966708183288574 -1.549556016921997 -2.72165846824646
v -3.966708183288574 -1.549556016921997 -2.72165846824646
v -3.2544755935668945 -2.016233444213867 -3.4636635780334473
v -3.2544755935668945 -2.016233444213867 -3.4636635780334473
v -1.8984410762786865 -1.6826176643371582 -5.826697826385498
v -1.8984410762786865 -1.6826176643371582 -5.826697826385498
v -1.5974572896957397 -1.2937443256378174 -5.637823581695557
v -1.5974572896957397 -1.2937443256378174 -5.637823581695557
v -1.5974572896957397 -1.2937443256378174 -5.637823581695557
v -0.12214305996894836 -0.6592530012130737 -6.218194007873535
v -2.7054712772369385 -5.7934770584106445 1.4177074432373047
v -2.7054712772369385 -5.7934770584106445 1.4177074432373047
v -2.7054712772369385 -5.7934770584106445 1.4177074432373047
v -2.3462777137756348 -5.159829616546631 1.6133208274841309
v -1.9520978927612305 -4.80469274520874 1.6586549282073975
v -0.6365947127342224 -5.159599781036377 2.47137713432312
v -0.378134548664093 -5.699172496795654 3.346132278442383
v -0.378134548664093 -5.699172496795654 3.346132278442383
v 1.252580165863037 -3.8790624141693115 2.262885808944702
v 1.1958749294281006 -4.115855693817139 2.7599639892578125
v 1.2813562154769897 -4.881158828735352 3.408568859100342
v 1.2813562154769897 -4.881158828735352 3.408568859100342
v 1.2813562154769897 -4.881158828735352 3.408568859100342
v 1.1127488613128662 -5.510717868804932 3.5287985801696777
v 1.1127488613128662 -5.510717868804932 3.5287985801696777
v 2.445603370666504 -4.1574249267578125 1.423288345336914
v 2.445603370666504 -4.1574249267578125 1.423288345336914
v 1.956984281539917 -3.900423288345337 1.5578370094299316
v 2.978978395462036 -4.293724060058594 1.5877052545547485
v 2.978978395462036 -4.293724060058594 1.5877052545547485
v -2.7991583347320557 -6.2808332443237305 1.0629204511642456
v 3.107199192047119 -5.499675273895264 2.3995723724365234
v 3.107199192047119 -5.499675273895264 2.3995723724365234
v 3.44266939163208 -6.6502580642700195 1.4136245250701904
v 3.1376798152923584 -4.3429460525512695 2.1154122352600098
v 2.6242313385009766 -0.0017008483409881592 -1.4142820835113525
v 0.4519205093383789 -0.5278814435005188 -6.3160905838012695
v 0.9658440947532654 -0.17900779843330383 -5.99224328994751
v 0.9658440947532654 -0.17900779843330383 -5.99224328994751
v 0.9658440947532654 -0.17900779843330383 -5.99224328994751
v 2.6150879859924316 -1.1752687692642212 -5.420993328094482
v 2.4083499908447266 -1.595432162284851 -6.017315864562988
v 1.4948694705963135 0.05678205192089081 -5.738166332244873
v 1.4948694705963135 0.05678205192089081 -5.738166332244873
v 2.120161533355713 -1.5493742227554321 -7.107946872711182
v 2.120161533355713 -1.5493742227554321 -7.107946872711182
v 2.120161533355713 -1.5493742227554321 -7.107946872711182
v -2.3522744178771973 -0.9706041812896729 -0.7099807858467102
v 1.4391123056411743 -2.4667816162109375 1.5613510608673096
v 0.9725552797317505 -2.1629199981689453 1.8362067937850952
v 0.9725552797317505 -2.1629199981689453 1.8362067937850952
v 0.4463280141353607 -2.161881446838379 1.5497246980667114
v 0.022521108388900757 -2.3092808723449707 1.2669968605041504
v -0.8016023635864258 -2.6741907596588135 1.1753870248794556
v -0.8016023635864258 -2.6741907596588135 1.1753870248794556
v -1.3030434846878052 -2.5726239681243896 0.9815497398376465
v -1.8312643766403198 -2.4321086406707764 0.8141220808029175
v 2.1568078994750977 0.3442356288433075 0.16184276342391968
v 2.2724881172180176 0.589280903339386 -0.32871124148368835
v 2.255007743835449 0.13065370917320251 0.7538349628448486
v 2.255007743835449 0.13065370917320251 0.7538349628448486
v 2.7596242427825928 -0.16666346788406372 0.6068395376205444
v 2.7596242427825928 -0.16666346788406372 0.6068395376205444
v 2.74172043800354 -1.5034303665161133 1.1787222623825073
v 2.7493369579315186 -0.9240740537643433 1.157616376876831
v -1.8563512563705444 -0.9335706233978271 0.010091070085763931
v -1.8006385564804077 -1.1749764680862427 0.6385191082954407
v -1.8527796268463135 -0.7929311990737915 -0.5260679721832275
v 2.4103808403015137 -1.6806347370147705 -5.524452209472656
v 3.0127639770507812 -1.1269197463989258 -5.043264389038086
v 4.131779193878174 -1.1854150295257568 -3.3806986808776855
v -3.2801613807678223 -1.7544822692871094 -3.961906909942627
v -3.920703172683716 -1.1323134899139404 -1.7354463338851929
v -3.866091012954712 -1.2200558185577393 -1.199107050895691
v -3.8904194831848145 -1.0957218408584595 -2.278597593307495
v -2.034282684326172 -2.037548542022705 -5.441247463226318
v -1.9032632112503052 -1.8316084146499634 -6.423452377319336
v -1.9032632112503052 -1.8316084146499634 -6.423452377319336
v -1.6852302551269531 -2.1875104904174805 -7.025053024291992
v -1.6852302551269531 -2.1875104904174805 -7.025053024291992
v -1.6852302551269531 -2.1875104904174805 -7.025053024291992
v -1.6852302551269531 -2.1875104904174805 -7.025053024291992
v -2.3760604858398438 -1.749162197113037 -5.110745906829834
v -2.3760604858398438 -1.749162197113037 -5.110745906829834
v -2.7840867042541504 -1.5683461427688599 -4.778775215148926
v -2.7840867042541504 -1.5683461427688599 -4.778775215148926
v -1.017268419265747 -0.5268434286117554 -5.93674373626709
v -1.501396894454956 -0.7526630163192749 -5.72047233581543
v -0.5810531377792358 -0.44364792108535767 -6.344568729400635
v -0.9976919293403625 -4.558072566986084 1.8361902236938477
v -0.9976919293403625 -4.558072566986084 1.8361902236938477
v -1.513519525527954 -4.434282302856445 1.6479606628417969
v -0.7280088067054749 -4.658020973205566 2.305781841278076
v -0.5374435186386108 -5.218674659729004 3.0732150077819824
v -0.5374435186386108 -5.218674659729004 3.0732150077819824
v 0.6214355826377869 -5.717711448669434 3.6938555240631104
v -0.00712817907333374 -5.707641124725342 3.8589835166931152
v -0.00712817907333374 -5.707641124725342 3.8589835166931152
v -0.00712817907333374 -5.707641124725342 3.8589835166931152
v 1.5456684827804565 -3.604783296585083 1.8360137939453125
v 1.311724305152893 -4.317526340484619 3.242072820663452
v 1.311724305152893 -4.317526340484619 3.242072820663452
v 3.491840362548828 -6.2341461181640625 2.321382761001587
v 3.4839534759521484 -5.807799816131592 2.6590793132781982
v 3.4444632530212402 -6.665295600891113 1.9921748638153076
v 3.297495126724243 -4.975934982299805 2.825300455093384
v 3.297495126724243 -4.975934982299805 2.825300455093384
v 3.297495126724243 -4.975934982299805 2.825300455093384
v 3.1838135719299316 -4.4310407638549805 2.6274256706237793
v 3.1838135719299316 -4.4310407638549805 2.6274256706237793
v 4.2829813957214355 -0.7491653561592102 -1.7708064317703247
v 4.2829813957214355 -0.7491653561592102 -1.7708064317703247
v 4.209297180175781 -0.8623501658439636 -1.174256443977356
v 4.209297180175781 -0.8623501658439636 -1.174256443977356
v 3.818770408630371 -0.5975935459136963 -0.8974645733833313
v 3.499251127243042 -0.25237202644348145 -1.212416648864746
v 3.096102237701416 -0.05928841233253479 -1.5936546325683594
v 4.230383396148682 -0.6784107685089111 -2.350137948989868
v 4.230383396148682 -0.6784107685089111 -2.350137948989868
v 2.3318686485290527 -0.20078569650650024 -5.328837871551514
v 2.719510793685913 -0.6347743272781372 -5.2341156005859375
v 1.9390497207641602 0.21470190584659576 -5.412893295288086
v -1.9775506258010864 -0.7271417379379272 -1.061327576637268
v -1.9775506258010864 -0.7271417379379272 -1.061327576637268
v 1.859349250793457 -2.7575747966766357 1.355123519897461
v 2.224280595779419 -2.4999947547912598 0.9826157093048096
v 2.224280595779419 -2.4999947547912598 0.9826157093048096
v 2.6693246364593506 -2.264735460281372 0.784558892250061
v 2.6693246364593506 -2.264735460281372 0.784558892250061
v 2.6693246364593506 -2.264735460281372 0.784558892250061
v -0.33093565702438354 -2.547050952911377 1.5134421586990356
v -2.389491081237793 -2.2103404998779297 0.8511179089546204
v 2.209747552871704 0.5247608423233032 -1.589127779006958
v 2.209747552871704 0.5247608423233032 -1.589127779006958
v 2.209747552871704 0.5247608423233032 -1.589127779006958
v 2.088695764541626 0.6613719463348389 -1.2225149869918823
v 2.1473701000213623 0.8842258453369141 -0.7984416484832764
v 2.764801025390625 -0.3529498279094696 1.1465083360671997
v 2.7670109272003174 -2.1269869804382324 1.243815541267395
v -2.4638912677764893 -1.6461551189422607 0.8873287439346313
v -2.4638912677764893 -1.6461551189422607 0.8873287439346313
v 3.083895683288574 -0.5994927883148193 -4.8005900382995605
v 3.412590503692627 -0.5526595115661621 -4.253941059112549
v 3.412590503692627 -0.5526595115661621 -4.253941059112549
v 4.04628849029541 -0.9068782925605774 -3.826448440551758
v 4.085405349731445 -0.6658256649971008 -2.936997652053833
v 4.085405349731445 -0.6658256649971008 -2.936997652053833
v -3.0998342037200928 -1.393390417098999 -4.362969398498535
v -3.249605178833008 -1.2230205535888672 -0.4170238971710205
v -3.249605178833008 -1.2230205535888672 -0.4170238971710205
v -3.249605178833008 -1.2230205535888672 -0.4170238971710205
v -2.9187631607055664 -0.7803170680999756 -0.5996196269989014
v -3.6691412925720215 -1.3126373291015625 -0.7526901364326477
v -3.6691412925720215 -1.3126373291015625 -0.7526901364326477
v -3.515211343765259 -1.5058327913284302 -3.531839370727539
v -3.515211343765259 -1.5058327913284302 -3.531839370727539
v -3.937872886657715 -1.3820286989212036 -3.3180453777313232
v -3.937872886657715 -1.3820286989212036 -3.3180453777313232
v -3.937872886657715 -1.3820286989212036 -3.3180453777313232
v -3.8986454010009766 -1.0443050861358643 -2.905285596847534
v -2.0280508995056152 -1.4826525449752808 -5.393317222595215
v -2.0280508995056152 -1.4826525449752808 -5.393317222595215
v -2.0844616889953613 -0.8955162167549133 -5.375861644744873
v -2.0844616889953613 -0.8955162167549133 -5.375861644744873
v -0.00749698281288147 -0.3108079135417938 -6.5017805099487305
v -2.8108925819396973 -6.259883880615234 1.6495739221572876
v -2.6099281311035156 -5.337802886962891 1.8176273107528687
v -2.6099281311035156 -5.337802886962891 1.8176273107528687
v -2.50492525100708 -4.599540710449219 1.6401290893554688
v -2.05772066116333 -4.300927639007568 1.511451005935669
v -0.6692940592765808 -4.761732578277588 2.8405957221984863
v -0.3481789231300354 -5.310564041137695 3.5725903511047363
v 1.0890707969665527 -3.548185348510742 2.7508294582366943
v 1.1698760986328125 -3.305600166320801 2.23030686378479
v 1.2526254653930664 -3.7582714557647705 3.2056658267974854
v 1.2526254653930664 -3.7582714557647705 3.2056658267974854
v 1.7080812454223633 -4.467502593994141 3.528795003890991
v 0.9635137319564819 -5.185293674468994 3.9510748386383057
v 1.0358028411865234 -5.684427738189697 4.156647682189941
v 1.0358028411865234 -5.684427738189697 4.156647682189941
v 2.335805654525757 -3.609419345855713 1.243545413017273
v 2.335805654525757 -3.609419345855713 1.243545413017273
v 2.845923662185669 -3.822145700454712 1.2691744565963745
v 2.845923662185669 -3.822145700454712 1.2691744565963745
v 1.913741111755371 -3.3220772743225098 1.4819647073745728
v 2.9599499702453613 -3.845205068588257 1.8924134969711304
v 3.3612687587738037 -5.488062381744385 3.0376102924346924
v 3.3612687587738037 -5.488062381744385 3.0376102924346924
v 3.0412960052490234 -3.8327083587646484 2.5342259407043457
v 3.0412960052490234 -3.8327083587646484 2.5342259407043457
v 2.6946709156036377 0.2977703809738159 -1.8541959524154663
v 0.4802227318286896 -0.09986540675163269 -6.36958646774292
v 0.4802227318286896 -0.09986540675163269 -6.36958646774292
v 1.0493817329406738 0.3327939212322235 -5.736244201660156
v 1.0493817329406738 0.3327939212322235 -5.736244201660156
v 1.0493817329406738 0.3327939212322235 -5.736244201660156
v 1.5140607357025146 0.5657931566238403 -5.456727504730225
v 1.5140607357025146 0.5657931566238403 -5.456727504730225
v -2.5359411239624023 -0.5074387192726135 -0.9651812314987183
v 1.4766643047332764 -3.0320563316345215 1.727392315864563
v 1.2596278190612793 -2.613007068634033 1.9007806777954102
v 0.438414990901947 -2.0009849071502686 2.063016891479492
v 0.04065831005573273 -2.2555503845214844 1.7978508472442627
v -1.2137503623962402 -2.9951982498168945 1.3296438455581665
v -1.2137503623962402 -2.9951982498168945 1.3296438455581665
v -1.2137503623962402 -2.9951982498168945 1.3296438455581665
v -0.6933984160423279 -2.8115012645721436 1.7712770700454712
v -0.6933984160423279 -2.8115012645721436 1.7712770700454712
v -1.7459537982940674 -2.9104371070861816 1.0823850631713867
v -2.295858144760132 -2.7642343044281006 0.9194511771202087
v 2.3393378257751465 0.6987687945365906 0.6558820605278015
v 2.3393378257751465 0.6987687945365906 0.6558820605278015
v 2.224992275238037 0.8913431167602539 0.11228076368570328
v 2.180727243423462 1.1402114629745483 -0.36611661314964294
v 2.8430628776550293 0.3683946430683136 0.605359673500061
v 2.8430628776550293 0.3683946430683136 0.605359673500061
v 2.9100875854492188 0.18724486231803894 1.0577881336212158
v 2.9785966873168945 -1.1488432884216309 1.5794178247451782
v 2.9232559204101562 -1.7119393348693848 1.63700532913208
v 3.0112035274505615 -0.5923194885253906 1.581060767173767
v -2.0056400299072266 -0.40873414278030396 -0.17758673429489136
v -1.9491164684295654 -0.5269575119018555 0.36765360832214355
v -2.0239641666412354 -1.2559517621994019 1.0403170585632324
v -2.0239641666412354 -1.2559517621994019 1.0403170585632324
v -2.008296251296997 -0.3019305467605591 -0.719365656375885
v 3.9436404705047607 -0.5332223773002625 -4.209072589874268
v 4.039180278778076 -0.50876384973526 -3.4569437503814697
v 4.039180278778076 -0.50876384973526 -3.4569437503814697
v -3.3556907176971436 -1.1911091804504395 -3.924412965774536
v -3.3556907176971436 -1.1911091804504395 -3.924412965774536
v -3.7667396068573 -0.6206539273262024 -1.9509369134902954
v -3.694977045059204 -0.6813690066337585 -1.3518234491348267
v -3.694977045059204 -0.6813690066337585 -1.3518234491348267
v -3.495981216430664 -0.8321613669395447 -0.7929865717887878
v -3.495981216430664 -0.8321613669395447 -0.7929865717887878
v -3.6860506534576416 -0.674570620059967 -2.5775039196014404
v -2.4735732078552246 -1.2128849029541016 -5.09883451461792
v -2.4735732078552246 -1.2128849029541016 -5.09883451461792
v -2.85860013961792 -1.0111510753631592 -4.726579666137695
v -1.408523440361023 -0.22731913626194 -5.74237585067749
v -1.408523440361023 -0.22731913626194 -5.74237585067749
v -0.916240394115448 0.004229635000228882 -6.14028263092041
v -0.916240394115448 0.004229635000228882 -6.14028263092041
v -0.916240394115448 0.004229635000228882 -6.14028263092041
v -1.8576891422271729 -0.4895596504211426 -5.534763813018799
v -1.8576891422271729 -0.4895596504211426 -5.534763813018799
v -0.507225751876831 0.0020413920283317566 -6.637067794799805
v -0.507225751876831 0.0020413920283317566 -6.637067794799805
v -2.686584234237671 -5.786501884460449 2.0187482833862305
v -2.7766993045806885 -4.755577564239502 1.7449702024459839
v -2.7766993045806885 -4.755577564239502 1.7449702024459839
v -1.1002997159957886 -4.03053092956543 1.7629708051681519
v -1.1002997159957886 -4.03053092956543 1.7629708051681519
v -0.7889636754989624 -4.14235258102417 2.1844544410705566
v -1.604568362236023 -3.914083480834961 1.5300346612930298
v -0.7564098834991455 -4.273277759552002 2.696307897567749
v -0.8108890056610107 -4.8635172843933105 3.393094778060913
v -0.8108890056610107 -4.8635172843933105 3.393094778060913
v -0.3913657069206238 -4.954582214355469 3.7372665405273438
v -0.3913657069206238 -4.954582214355469 3.7372665405273438
v 0.3894726037979126 -5.7579803466796875 4.279769420623779
v -0.08629828691482544 -5.194049835205078 4.174202919006348
v -0.08629828691482544 -5.194049835205078 4.174202919006348
v 1.5880800485610962 -3.9551589488983154 3.5233309268951416
v 1.6998963356018066 -4.712423324584961 3.7351016998291016
v 1.6998963356018066 -4.712423324584961 3.7351016998291016
v 1.1323485374450684 -4.696981906890869 3.995572090148926
v 1.1323485374450684 -4.696981906890869 3.995572090148926
v 3.490936756134033 -6.2709431648254395 2.9335579872131348
v 3.503023624420166 -5.865056991577148 3.273789882659912
v 2.9705328941345215 -4.578484058380127 3.1240460872650146
v 2.9705328941345215 -4.578484058380127 3.1240460872650146
v 3.207822799682617 -5.037937641143799 3.4547879695892334
v 3.207822799682617 -5.037937641143799 3.4547879695892334
v 3.207822799682617 -5.037937641143799 3.4547879695892334
v 2.8276925086975098 -3.9617533683776855 2.9689908027648926
v 3.9861273765563965 -0.39762771129608154 -1.4236576557159424
v 4.013776779174805 -0.29933565855026245 -1.970682978630066
v 3.6020712852478027 -0.060893476009368896 -1.796588659286499
v 3.152402877807617 0.20148074626922607 -2.1165993213653564
v 3.957709789276123 -0.24424874782562256 -2.487090826034546
v 3.957709789276123 -0.24424874782562256 -2.487090826034546
v 0.7732034921646118 0.2599431872367859 -6.143169403076172
v 2.3228931427001953 0.281563401222229 -5.024988651275635
v 2.703021287918091 -0.14443805813789368 -4.9473557472229
v 1.9430274963378906 0.7077856063842773 -5.081180095672607
v -2.0866878032684326 -0.22812989354133606 -1.2819067239761353
v -2.0866878032684326 -0.22812989354133606 -1.2819067239761353
v 2.2776989936828613 -3.0402238368988037 1.1339303255081177
v 2.2776989936828613 -3.0402238368988037 1.1339303255081177
v 1.0181286334991455 -2.2362518310546875 2.3437843322753906
v 2.696725845336914 -2.6702046394348145 0.8650230765342712
v 2.696725845336914 -2.6702046394348145 0.8650230765342712
v 0.8201979398727417 -1.7345235347747803 2.3656399250030518
v 0.8201979398727417 -1.7345235347747803 2.3656399250030518
v -0.37745124101638794 -2.44201397895813 2.067810297012329
v -0.37745124101638794 -2.44201397895813 2.067810297012329
v -2.9895670413970947 -1.9868388175964355 0.8724496364593506
v -2.9895670413970947 -1.9868388175964355 0.8724496364593506
v -2.9895670413970947 -1.9868388175964355 0.8724496364593506
v -2.8900198936462402 -2.549448251724243 0.9587317109107971
v -2.8900198936462402 -2.549448251724243 0.9587317109107971
v -2.8900198936462402 -2.549448251724243 0.9587317109107971
v 1.9539339542388916 0.98273766040802 -1.6897916793823242
v 2.422980308532715 0.8439139723777771 -1.8554660081863403
v 2.422980308532715 0.8439139723777771 -1.8554660081863403
v 1.9292528629302979 1.1588464975357056 -1.2557941675186157
v 1.939109444618225 1.3789273500442505 -0.8199938535690308
v 3.0940604209899902 -0.015482306480407715 1.50254225730896
v 2.929804801940918 -2.2947986125946045 1.759131908416748
v -2.1157824993133545 -0.6874157190322876 0.8872715830802917
v -2.1157824993133545 -0.6874157190322876 0.8872715830802917
v -2.584240674972534 -1.063950777053833 0.7859301567077637
v 3.0889534950256348 -0.14285144209861755 -4.4020562171936035
v 3.0889534950256348 -0.14285144209861755 -4.4020562171936035
v 3.7272415161132812 -0.09253707528114319 -4.439858913421631
v 3.7272415161132812 -0.09253707528114319 -4.439858913421631
v 3.7272415161132812 -0.09253707528114319 -4.439858913421631
v 3.8763198852539062 -0.2772715091705322 -3.9188430309295654
v 3.8763198852539062 -0.2772715091705322 -3.9188430309295654
v 3.7875723838806152 -0.2173987329006195 -3.043442726135254
v -3.083329677581787 -0.8342376947402954 -4.218327045440674
v -3.083329677581787 -0.8342376947402954 -4.218327045440674
v -3.169649362564087 -0.42376792430877686 -1.0170328617095947
v -3.8277013301849365 -1.0386602878570557 -3.7006607055664062
v -3.8277013301849365 -1.0386602878570557 -3.7006607055664062
v -3.7242050170898438 -0.580447793006897 -3.153684139251709
v -2.181818723678589 -0.2674707770347595 -5.225319862365723
v 0.049231499433517456 0.09294307231903076 -6.857100486755371
v -2.8489878177642822 -6.273561000823975 2.2367918491363525
v -2.89450740814209 -4.854222297668457 2.300069808959961
v -2.8221778869628906 -5.391541957855225 2.4517822265625
v -2.676830530166626 -4.180542469024658 1.4279803037643433
v -2.676830530166626 -4.180542469024658 1.4279803037643433
v -2.120697498321533 -3.799863815307617 1.3204997777938843
v -0.943977415561676 -4.462593078613281 3.149327278137207
v -0.10605061054229736 -5.625060081481934 4.356433868408203
v -0.42059147357940674 -5.55730676651001 4.309997081756592
v -0.42059147357940674 -5.55730676651001 4.309997081756592
v 1.0256056785583496 -2.9857521057128906 2.765841484069824
v 1.1973769664764404 -3.2061729431152344 3.2386674880981445
v 1.1973769664764404 -3.2061729431152344 3.2386674880981445
v 1.0801435708999634 -2.7592339515686035 2.2402102947235107
v 1.5130795240402222 -3.4187839031219482 3.603482723236084
v 2.2694334983825684 -4.673515319824219 3.5406408309936523
v 2.2694334983825684 -4.673515319824219 3.5406408309936523
v 2.153489589691162 -4.110457897186279 3.527811288833618
v 0.9786267280578613 -5.157261848449707 4.450295448303223
v 0.6814317107200623 -5.757883071899414 4.731828689575195
v 2.7469544410705566 -3.268881320953369 1.041722297668457
v 2.7469544410705566 -3.268881320953369 1.041722297668457
v 2.8975746631622314 -3.3363332748413086 1.6140429973602295
v 2.961193323135376 -3.357415199279785 2.236053705215454
v 3.3974578380584717 -5.511805057525635 3.6432995796203613
v 3.3974578380584717 -5.511805057525635 3.6432995796203613
v 3.3974578380584717 -5.511805057525635 3.6432995796203613
v 2.5871639251708984 -3.7464890480041504 3.2503678798675537
v 2.655076026916504 0.5209580659866333 -2.336456775665283
v 0.4712827801704407 0.4034826159477234 -6.658658027648926
v 0.4712827801704407 0.4034826159477234 -6.658658027648926
v 0.9941707849502563 0.6178335547447205 -5.92111873626709
v 1.0029003620147705 0.8280829787254333 -5.458464622497559
v 1.0029003620147705 0.8280829787254333 -5.458464622497559
v 1.5148015022277832 1.0499863624572754 -5.087424278259277
v 1.5148015022277832 1.0499863624572754 -5.087424278259277
v -2.688789129257202 -0.20548807084560394 -1.4141640663146973
v 0.29432976245880127 -1.6967651844024658 2.538578748703003
v -0.052018627524375916 -2.05157208442688 2.2909412384033203
v 2.801142692565918 -2.7574517726898193 1.3961124420166016
v -0.8542479872703552 -3.09102201461792 1.9282231330871582
v -1.6720386743545532 -3.3962817192077637 1.349097490310669
v -0.6922286748886108 -2.7115731239318848 2.3751144409179688
v -0.6922286748886108 -2.7115731239318848 2.3751144409179688
v -2.1950411796569824 -3.2769980430603027 1.1329174041748047
v -3.0629231929779053 -1.410102128982544 0.8036738038063049
v -3.0629231929779053 -1.410102128982544 0.8036738038063049
v -2.774921417236328 -3.0993812084198 1.084399938583374
v -2.774921417236328 -3.0993812084198 1.084399938583374
v 2.07003116607666 0.8530771732330322 -2.1066434383392334
v 2.07003116607666 0.8530771732330322 -2.1066434383392334
v 2.465423107147217 1.2085903882980347 0.43508225679397583
v 2.465423107147217 1.2085903882980347 0.43508225679397583
v 2.9251458644866943 0.895263671875 0.4889310598373413
v 2.9251458644866943 0.895263671875 0.4889310598373413
v 2.195439100265503 1.4220259189605713 0.06691311299800873
v 1.9803677797317505 1.6383339166641235 -0.38108810782432556
v 3.038318634033203 0.7382699847221375 0.9619771242141724
v 3.158668041229248 0.5472915768623352 1.4314348697662354
v 3.158668041229248 0.5472915768623352 1.4314348697662354
v 2.83967924118042 -1.294594645500183 1.8956961631774902
v 2.8128304481506348 -1.9012153148651123 2.0360023975372314
v 3.154512882232666 -0.19588279724121094 2.049656867980957
v -2.0489439964294434 0.11949571967124939 -0.3660089373588562
v -2.0944366455078125 0.002677440643310547 0.17074604332447052
v -2.221489191055298 -0.17286057770252228 0.6556692123413086
v -2.221489191055298 -0.17286057770252228 0.6556692123413086
v -2.0092933177948 0.1966780722141266 -0.9199720025062561
v 3.7295188903808594 0.003607034683227539 -3.5436911582946777
v -3.6153950691223145 -0.7006121277809143 -4.186537265777588
v -3.6153950691223145 -0.7006121277809143 -4.186537265777588
v -3.4039647579193115 -0.2745180130004883 -2.1991524696350098
v -3.4039647579193115 -0.2745180130004883 -2.1991524696350098
v -3.3601629734039307 -0.2508586645126343 -1.5788185596466064
v -3.3601629734039307 -0.2508586645126343 -1.5788185596466064
v -3.31807017326355 -0.3030450642108917 -2.865729808807373
v -2.526616096496582 -0.6353611946105957 -5.003264904022217
v -2.8081562519073486 -0.4824918806552887 -4.560173034667969
v -2.8081562519073486 -0.4824918806552887 -4.560173034667969
v -1.7781425714492798 0.03641200065612793 -5.413389205932617
v -1.2801852226257324 0.25932151079177856 -5.592782020568848
v -1.2801852226257324 0.25932151079177856 -5.592782020568848
v -0.7017346024513245 0.4710516929626465 -6.402273178100586
v -0.46934062242507935 0.46284931898117065 -6.956350326538086
v -0.46934062242507935 0.46284931898117065 -6.956350326538086
v -2.7188029289245605 -5.843775272369385 2.632371425628662
v -2.711768388748169 -4.338169097900391 2.0702970027923584
v -0.8281817436218262 -3.617525100708008 2.084198236465454
v -1.1643991470336914 -3.5004537105560303 1.6454932689666748
v -1.1643991470336914 -3.5004537105560303 1.6454932689666748
v -0.735020101070404 -3.7538416385650635 2.6049726009368896
v -0.8614675998687744 -3.943467855453491 3.1195881366729736
v -1.2340831756591797 -4.679067134857178 3.5871472358703613
v -1.2340831756591797 -4.679067134857178 3.5871472358703613
v -1.2340831756591797 -4.679067134857178 3.5871472358703613
v -0.7759555578231812 -4.686141014099121 3.9693546295166016
v -0.3773000240325928 -4.753369331359863 4.370977401733398
v -0.3773000240325928 -4.753369331359863 4.370977401733398
v -0.3773000240325928 -4.753369331359863 4.370977401733398
v 0.12526559829711914 -5.801645755767822 4.780533313751221
v -0.2930450439453125 -5.159846782684326 4.676048755645752
v 2.0798168182373047 -3.586336374282837 3.5700302124023438
v 1.5911699533462524 -4.542457580566406 4.25172233581543
v 2.1648383140563965 -4.649048805236816 4.03720235824585
v 1.049576997756958 -4.6234283447265625 4.65485954284668
v 1.049576997756958 -4.6234283447265625 4.65485954284668
v 1.049576997756958 -4.6234283447265625 4.65485954284668
v 1.2007081508636475 -5.636390209197998 4.699400424957275
v 1.2007081508636475 -5.636390209197998 4.699400424957275
v 1.2007081508636475 -5.636390209197998 4.699400424957275
v 2.854050636291504 -3.3168458938598633 2.840200662612915
v 2.854050636291504 -3.3168458938598633 2.840200662612915
v 3.515333652496338 -6.29596471786499 3.5402464866638184
v 3.5282979011535645 -5.867822170257568 3.867868661880493
v 3.5282979011535645 -5.867822170257568 3.867868661880493
v 2.745018243789673 -4.825040340423584 3.490476608276367
v 2.745018243789673 -4.825040340423584 3.490476608276367
v 2.5994348526000977 -4.291243076324463 3.3024089336395264
v 3.3688271045684814 -5.117140769958496 3.924950122833252
v 3.3688271045684814 -5.117140769958496 3.924950122833252
v 3.5258729457855225 0.045902103185653687 -2.566363573074341
v 3.043283224105835 0.31941506266593933 -2.6900064945220947
v 0.7087750434875488 0.7427998781204224 -6.323570251464844
v 2.628753662109375 0.27330726385116577 -4.612327575683594
v 2.259977340698242 0.6915817260742188 -4.620476245880127
v 1.9167191982269287 1.1118937730789185 -4.641153812408447
v 1.9167191982269287 1.1118937730789185 -4.641153812408447
v -2.3971710205078125 0.09790679812431335 -1.7647171020507812
v 0.9940668344497681 -2.435549020767212 2.802180290222168
v 0.9207669496536255 -1.9010404348373413 2.8332481384277344
v 0.667660117149353 -1.389457106590271 2.909024953842163
v 0.667660117149353 -1.389457106590271 2.909024953842163
v 0.667660117149353 -1.389457106590271 2.909024953842163
v -0.533268392086029 -2.180742025375366 2.5284104347229004
v -0.533268392086029 -2.180742025375366 2.5284104347229004
v -2.8939051628112793 -1.575254201889038 1.376184105873108
v -2.8939051628112793 -1.575254201889038 1.376184105873108
v -2.8444058895111084 -2.1389758586883545 1.4639590978622437
v -2.71737003326416 -2.687910795211792 1.542434573173523
v -2.71737003326416 -2.687910795211792 1.542434573173523
v 1.7261103391647339 1.4332809448242188 -1.7089827060699463
v 1.7261103391647339 1.4332809448242188 -1.7089827060699463
v 1.8404399156570435 1.2547818422317505 -2.1650874614715576
v 2.4271082878112793 1.1316208839416504 -2.303985595703125
v 2.4271082878112793 1.1316208839416504 -2.303985595703125
v 1.647339105606079 1.604658603668213 -1.251906156539917
v 1.647339105606079 1.604658603668213 -1.251906156539917
v 1.623058795928955 1.8107300996780396 -0.7863126993179321
v 1.623058795928955 1.8107300996780396 -0.7863126993179321
v 3.359330415725708 0.3595678508281708 1.845719575881958
v 3.0635297298431396 -0.827425479888916 2.179670572280884
v 2.9684386253356934 -2.8657214641571045 1.9353342056274414
v 2.8410885334014893 -2.464505672454834 2.2247023582458496
v -2.6852848529815674 -0.5327041149139404 0.6120499968528748
v -3.170426845550537 -0.8556671142578125 0.724507749080658
v -3.170426845550537 -0.8556671142578125 0.724507749080658
v -2.0052433013916016 0.21168047189712524 -1.5308352708816528
v -2.0052433013916016 0.21168047189712524 -1.5308352708816528
v 3.456387519836426 0.34873199462890625 -4.466400146484375
v 3.456387519836426 0.34873199462890625 -4.466400146484375
v 3.5634446144104004 0.2398051619529724 -3.98325252532959
v 3.343641996383667 0.135305255651474 -3.144094228744507
v -3.1839706897735596 -0.35349950194358826 -4.303835391998291
v -3.589444160461426 -0.4978553056716919 -3.7189793586730957
v -3.5016064643859863 -0.09357145428657532 -3.3506598472595215
v -0.9220383763313293 0.527900755405426 -5.849506378173828
v -0.9220383763313293 0.527900755405426 -5.849506378173828
v -0.9220383763313293 0.527900755405426 -5.849506378173828
v -2.4616756439208984 -0.09769755601882935 -4.813511371612549
v -2.4616756439208984 -0.09769755601882935 -4.813511371612549
v -2.1069495677948 0.26940879225730896 -5.050314426422119
v -2.1069495677948 0.26940879225730896 -5.050314426422119
v -2.1069495677948 0.26940879225730896 -5.050314426422119
v 0.11269831657409668 0.6207942366600037 -7.123092174530029
v -2.814148187637329 -6.301527500152588 2.8550329208374023
v -2.7034082412719727 -4.969242572784424 2.819018840789795
v -2.7034082412719727 -4.969242572784424 2.819018840789795
v -2.699917793273926 -4.442785739898682 2.6383423805236816
v -2.699917793273926 -4.442785739898682 2.6383423805236816
v -2.8097805976867676 -5.5008697509765625 3.026123046875
v -2.8097805976867676 -5.5008697509765625 3.026123046875
v -2.6683876514434814 -3.6376118659973145 1.2416716814041138
v -2.6683876514434814 -3.6376118659973145 1.2416716814041138
v -2.6683876514434814 -3.6376118659973145 1.2416716814041138
v -2.6239893436431885 -3.8065476417541504 1.8296422958374023
v -1.2585656642913818 -4.187510013580322 3.3767566680908203
v -1.2585656642913818 -4.187510013580322 3.3767566680908203
v -0.3943166732788086 -5.699645042419434 4.811226844787598
v -0.3943166732788086 -5.699645042419434 4.811226844787598
v -0.3943166732788086 -5.699645042419434 4.811226844787598
v 1.1423449516296387 -2.6540894508361816 3.2727372646331787
v 1.1423449516296387 -2.6540894508361816 3.2727372646331787
v 1.4689178466796875 -2.8722875118255615 3.6554408073425293
v 2.0137672424316406 -3.0617434978485107 3.6799821853637695
v 2.7040112018585205 -4.7999267578125 3.813728094100952
v 1.0864042043685913 -5.113744258880615 5.092743396759033
v 1.0864042043685913 -5.113744258880615 5.092743396759033
v 0.43180733919143677 -5.767854690551758 5.242164611816406
v 0.43180733919143677 -5.767854690551758 5.242164611816406
v 0.9743937253952026 -5.749882698059082 5.2095136642456055
v 0.9743937253952026 -5.749882698059082 5.2095136642456055
v 2.9085679054260254 -2.936795711517334 2.52417254447937
v 3.1234917640686035 -5.660297393798828 4.128298759460449
v 3.1234917640686035 -5.660297393798828 4.128298759460449
v 3.1911613941192627 -4.803888320922852 4.120302677154541
v 3.1911613941192627 -4.803888320922852 4.120302677154541
v 3.1911613941192627 -4.803888320922852 4.120302677154541
v 2.515976905822754 -3.192517042160034 3.3336021900177
v 2.6967508792877197 0.8137131333351135 -2.775291919708252
v 0.5610587000846863 0.9161875247955322 -6.895209789276123
v 0.5610587000846863 0.9161875247955322 -6.895209789276123
v 0.6819009184837341 0.9590727090835571 -5.828007698059082
v 1.0409220457077026 1.3011300563812256 -5.003275394439697
v 1.4448636770248413 1.3989818096160889 -4.593260765075684
v -2.8116939067840576 -0.048834651708602905 -1.93439519405365
v 0.08729903399944305 -1.443485975265503 3.0240423679351807
v -0.2428191900253296 -1.7505019903182983 2.7001116275787354
v -0.7035560607910156 -3.224900484085083 2.5077157020568848
v -0.79826819896698 -2.3514087200164795 2.9573750495910645
v -2.990602970123291 -1.018463134765625 1.313520908355713
v -2.990602970123291 -1.018463134765625 1.313520908355713
v -2.61824631690979 -3.240298271179199 1.6546337604522705
v -2.61824631690979 -3.240298271179199 1.6546337604522705
v 2.0633959770202637 0.9940428733825684 -2.6105031967163086
v 2.0633959770202637 0.9940428733825684 -2.6105031967163086
v 2.254472017288208 1.668946623802185 0.5203969478607178
v 2.254472017288208 1.668946623802185 0.5203969478607178
v 2.254472017288208 1.668946623802185 0.5203969478607178
v 3.0403966903686523 1.3894938230514526 0.2531406879425049
v 3.0403966903686523 1.3894938230514526 0.2531406879425049
v 3.0403966903686523 1.3894938230514526 0.2531406879425049
v 3.271416187286377 1.257078766822815 0.8101106882095337
v 3.271416187286377 1.257078766822815 0.8101106882095337
v 1.994328498840332 1.8943841457366943 0.06801006942987442
v 1.658813238143921 2.064642906188965 -0.3278631865978241
v 1.658813238143921 2.064642906188965 -0.3278631865978241
v 3.2012088298797607 1.1044174432754517 1.329819917678833
v 3.2012088298797607 1.1044174432754517 1.329819917678833
v 3.1584131717681885 0.9004873633384705 1.845788598060608
v 3.1584131717681885 0.9004873633384705 1.845788598060608
v 3.012442111968994 -1.4623656272888184 2.387871026992798
v 2.9774889945983887 -2.0319788455963135 2.602686643600464
v 3.5069284439086914 0.15261927247047424 2.4976673126220703
v 3.1969544887542725 -0.3962514400482178 2.5936691761016846
v -2.1438374519348145 0.5511900186538696 -0.008070383220911026
v -2.053420305252075 0.6450197696685791 -0.5578401684761047
v -2.2931337356567383 0.38451752066612244 0.5082511305809021
v -2.2931337356567383 0.38451752066612244 0.5082511305809021
v -2.7536067962646484 0.026162028312683105 0.4932463765144348
v -1.9946082830429077 0.7105201482772827 -1.0991207361221313
v 2.9270358085632324 0.256862074136734 -4.288081169128418
v 2.9270358085632324 0.256862074136734 -4.288081169128418
v 3.392031669616699 0.47125938534736633 -3.5435280799865723
v -3.5531234741210938 -0.1819574534893036 -4.278554916381836
v -3.5531234741210938 -0.1819574534893036 -4.278554916381836
v -3.0131912231445312 0.045968860387802124 -2.4434709548950195
v -3.0131912231445312 0.045968860387802124 -2.4434709548950195
v -3.199021577835083 0.23909097909927368 -2.938239336013794
v -3.199021577835083 0.23909097909927368 -2.938239336013794
v -2.759051561355591 0.004089295864105225 -4.340642929077148
v -2.759051561355591 0.004089295864105225 -4.340642929077148
v -2.759051561355591 0.004089295864105225 -4.340642929077148
v -2.759051561355591 0.004089295864105225 -4.340642929077148
v -1.6573574542999268 0.5504516959190369 -5.228450775146484
v -1.6573574542999268 0.5504516959190369 -5.228450775146484
v -1.1602684259414673 0.7296592593193054 -5.343113422393799
v -0.6872340440750122 0.9830220937728882 -6.068724155426025
v -0.6872340440750122 0.9830220937728882 -6.068724155426025
v -0.7616615295410156 0.9582767486572266 -6.714369297027588
v -0.39636826515197754 0.9810751676559448 -7.20442008972168
v -0.39636826515197754 0.9810751676559448 -7.20442008972168
v -0.39636826515197754 0.9810751676559448 -7.20442008972168
v -2.7163515090942383 -5.862949371337891 3.2537803649902344
v -2.6771128177642822 -3.93648099899292 2.400132656097412
v -2.6771128177642822 -3.93648099899292 2.400132656097412
v -0.8421337604522705 -3.402284622192383 3.051387071609497
v -1.2086479663848877 -3.634687900543213 3.398268461227417
v -1.2086479663848877 -3.634687900543213 3.398268461227417
v -1.2725954055786133 -4.58770227432251 4.161030292510986
v -1.6753501892089844 -4.454649925231934 3.408419370651245
v -1.6753501892089844 -4.454649925231934 3.408419370651245
v -0.844843864440918 -4.466694355010986 4.524091720581055
v -0.844843864440918 -4.466694355010986 4.524091720581055
v -0.741113543510437 -4.865933418273926 4.841789722442627
v -0.14513319730758667 -5.792093753814697 5.276780128479004
v -0.14513319730758667 -5.792093753814697 5.276780128479004
v -0.6674647331237793 -5.238597869873047 5.187999248504639
v -0.6674647331237793 -5.238597869873047 5.187999248504639
v 1.5395013093948364 -4.525579929351807 4.798390865325928
v 1.5395013093948364 -4.525579929351807 4.798390865325928
v 2.104675054550171 -4.451282501220703 4.502682685852051
v 2.6783220767974854 -4.56035041809082 4.3440752029418945
v 1.5539475679397583 -5.694156646728516 5.077188968658447
v 1.5539475679397583 -5.694156646728516 5.077188968658447
v 2.855419635772705 -2.641164541244507 2.95603346824646
v 2.855419635772705 -2.641164541244507 2.95603346824646
v 3.5269834995269775 -6.296496391296387 4.139117240905762
v 3.5012965202331543 -5.815834045410156 4.439703941345215
v 3.5012965202331543 -5.815834045410156 4.439703941345215
v 3.2729849815368652 -5.147116661071777 4.454618453979492
v 3.027218818664551 0.6348128914833069 -3.161830425262451
v 0.6184860467910767 1.243852972984314 -6.3772406578063965
v 0.6089918613433838 1.0870521068572998 -5.318252086639404
v 0.6089918613433838 1.0870521068572998 -5.318252086639404
v 2.589693784713745 0.6515002846717834 -4.182805061340332
v 2.589693784713745 0.6515002846717834 -4.182805061340332
v 2.188666343688965 0.9693043231964111 -4.102346420288086
v 2.188666343688965 0.9693043231964111 -4.102346420288086
v 2.188666343688965 0.9693043231964111 -4.102346420288086
v 1.8035248517990112 1.3633241653442383 -4.135030269622803
v 1.8035248517990112 1.3633241653442383 -4.135030269622803
v -2.5701723098754883 0.24916541576385498 -2.2580814361572266
v -2.221107006072998 0.5194381475448608 -2.0164730548858643
v 1.1004879474639893 -2.120680809020996 3.278273820877075
v 1.1004879474639893 -2.120680809020996 3.278273820877075
v 1.010981798171997 -1.590338110923767 3.310206651687622
v 1.010981798171997 -1.590338110923767 3.310206651687622
v 0.3537791967391968 -1.0996968746185303 3.3829476833343506
v 0.3537791967391968 -1.0996968746185303 3.3829476833343506
v -0.7274249196052551 -1.8377838134765625 2.9352855682373047
v -0.7274249196052551 -1.8377838134765625 2.9352855682373047
v -0.8282073140144348 -2.8648171424865723 2.978553533554077
v -2.777428150177002 -1.7549101114273071 1.9678066968917847
v -2.777428150177002 -1.7549101114273071 1.9678066968917847
v -2.872868299484253 -1.1983389854431152 1.9282655715942383
v -2.872868299484253 -1.1983389854431152 1.9282655715942383
v -2.7261033058166504 -2.312678337097168 2.0398125648498535
v -2.7261033058166504 -2.312678337097168 2.0398125648498535
v -2.650968074798584 -2.8477110862731934 2.1275453567504883
v -2.650968074798584 -2.8477110862731934 2.1275453567504883
v 1.5080759525299072 1.647115707397461 -2.1617817878723145
v 1.5080759525299072 1.647115707397461 -2.1617817878723145
v 1.326690912246704 1.7860428094863892 -1.666280746459961
v 1.7095612287521362 1.4724658727645874 -2.6556355953216553
v 1.7095612287521362 1.4724658727645874 -2.6556355953216553
v 2.436596393585205 1.3996542692184448 -2.808443307876587
v 2.436596393585205 1.3996542692184448 -2.808443307876587
v 1.2002029418945312 1.915123462677002 -1.1624054908752441
v 2.5890750885009766 1.7181622982025146 0.19249755144119263
v 2.5890750885009766 1.7181622982025146 0.19249755144119263
v 1.1929820775985718 2.118812084197998 -0.6586600542068481
v 3.5569398403167725 0.7980493903160095 2.133397102355957
v 3.087769031524658 -0.9970114231109619 2.7401490211486816
v -3.251737594604492 -0.2982932925224304 0.5948341488838196
v -3.251737594604492 -0.2982932925224304 0.5948341488838196
v -3.0787816047668457 -0.4660089612007141 1.1881322860717773
v -3.0787816047668457 -0.4660089612007141 1.1881322860717773
v -1.9628809690475464 0.7776806950569153 -1.6374127864837646
v -1.9628809690475464 0.7776806950569153 -1.6374127864837646
v 3.342520236968994 0.7062556743621826 -4.0011115074157715
v 3.159256935119629 0.8142907023429871 -4.428843021392822
v 3.159256935119629 0.8142907023429871 -4.428843021392822
v -3.309260606765747 0.2924700081348419 -4.45576810836792
v -3.309260606765747 0.2924700081348419 -4.45576810836792
v -3.3851022720336914 0.05288156867027283 -3.875429153442383
v -3.3145201206207275 0.45946383476257324 -3.473198890686035
v -3.3145201206207275 0.45946383476257324 -3.473198890686035
v -0.7272498607635498 0.9378359317779541 -5.489288806915283
v -2.3352015018463135 0.36024829745292664 -4.546995162963867
v -1.941606044769287 0.728789210319519 -4.760457515716553
v -1.941606044769287 0.728789210319519 -4.760457515716553
v 0.20925098657608032 1.1825426816940308 -7.267119407653809
v 0.20925098657608032 1.1825426816940308 -7.267119407653809
v 0.20925098657608032 1.1825426816940308 -7.267119407653809
v -2.812100648880005 -6.302845478057861 3.4864819049835205
v -2.476381540298462 -4.55657958984375 3.0823283195495605
v -2.5556623935699463 -5.075167655944824 3.3279666900634766
v -2.5556623935699463 -5.075167655944824 3.3279666900634766
v -2.3855977058410645 -4.0498247146606445 2.8294432163238525
v -2.8077244758605957 -5.518918037414551 3.6407361030578613
v -2.8077244758605957 -5.518918037414551 3.6407361030578613
v -2.5931224822998047 -3.389951229095459 2.2221107482910156
v -2.5931224822998047 -3.389951229095459 2.2221107482910156
v -1.679160237312317 -3.9069652557373047 3.4051644802093506
v -1.7337872982025146 -4.706244945526123 3.8178372383117676
v -0.8170052170753479 -5.774340629577637 5.176490783691406
v -0.8170052170753479 -5.774340629577637 5.176490783691406
v 1.4210915565490723 -2.3274030685424805 3.664353132247925
v 1.9301116466522217 -2.5192630290985107 3.7567641735076904
v 2.464717149734497 -2.6291942596435547 3.4696602821350098
v 1.6393673419952393 -5.217820644378662 5.191466331481934
v 0.7342686057090759 -6.20717716217041 5.3138837814331055
v 0.16969013214111328 -6.230325222015381 5.329392910003662
v 1.2890572547912598 -6.159898281097412 5.305366516113281
v 2.982083797454834 -5.731688499450684 4.678822994232178
v 2.982083797454834 -5.731688499450684 4.678822994232178
v 3.1617648601531982 -4.6616034507751465 4.732962131500244
v 3.1617648601531982 -4.6616034507751465 4.732962131500244
v 3.1617648601531982 -4.6616034507751465 4.732962131500244
v 2.8044097423553467 1.135606050491333 -3.1937434673309326
v 0.5583778619766235 1.5009452104568481 -6.916540622711182
v 0.343611478805542 1.336011290550232 -5.81014347076416
v 0.343611478805542 1.336011290550232 -5.81014347076416
v 0.343611478805542 1.336011290550232 -5.81014347076416
v 0.9148806929588318 1.603180170059204 -4.498473644256592
v 0.5101343393325806 1.410805344581604 -4.851706504821777
v 1.2962324619293213 1.6178604364395142 -4.062398910522461
v 0.8720758557319641 -1.0732842683792114 3.3807332515716553
v 0.8720758557319641 -1.0732842683792114 3.3807332515716553
v -0.178131565451622 -1.113303303718567 3.441751718521118
v -0.178131565451622 -1.113303303718567 3.441751718521118
v -0.4609992504119873 -1.4223195314407349 3.092803716659546
v -0.4609992504119873 -1.4223195314407349 3.092803716659546
v -0.4609992504119873 -1.4223195314407349 3.092803716659546
v -1.1565791368484497 -2.5207440853118896 3.383877992630005
v -1.0665919780731201 -2.0193753242492676 3.3812365531921387
v -3.0196661949157715 -0.652165949344635 1.8615856170654297
v -3.0196661949157715 -0.652165949344635 1.8615856170654297
v 1.89900803565979 1.2988054752349854 -3.1408767700195312
v 1.89900803565979 1.2988054752349854 -3.1408767700195312
v 2.120981216430664 1.0634963512420654 -3.127814531326294
v 2.120981216430664 1.0634963512420654 -3.127814531326294
v 2.1127045154571533 2.1941184997558594 0.47680526971817017
v 2.579862117767334 2.080784797668457 0.5278759598731995
v 3.064039707183838 1.904756784439087 0.04342106729745865
v 3.064039707183838 1.904756784439087 0.04342106729745865
v 3.15470290184021 1.7550948858261108 0.7279999256134033
v 3.1384897232055664 1.6098402738571167 1.1629618406295776
v 1.7417728900909424 2.3552651405334473 0.10750286281108856
v 1.7417728900909424 2.3552651405334473 0.10750286281108856
v 1.2537291049957275 2.3913331031799316 -0.17759940028190613
v 3.0213561058044434 1.3876278400421143 1.6510504484176636
v 3.0213561058044434 1.3876278400421143 1.6510504484176636
v 3.3415746688842773 1.3443437814712524 2.1586501598358154
v 2.977309226989746 -1.5589792728424072 2.9393739700317383
v 2.977309226989746 -1.5589792728424072 2.9393739700317383
v 2.7942612171173096 -2.1053884029388428 3.1890554428100586
v 2.7942612171173096 -2.1053884029388428 3.1890554428100586
v 3.597849130630493 0.681942343711853 2.6049137115478516
v 3.356950283050537 0.009327352046966553 3.0614497661590576
v 3.356950283050537 0.009327352046966553 3.0614497661590576
v 3.07197904586792 -0.5170555114746094 3.095444679260254
v 3.07197904586792 -0.5170555114746094 3.095444679260254
v -2.1150288581848145 1.10637366771698 -0.20586669445037842
v -2.2541840076446533 0.9878237247467041 0.3955313563346863
v -2.2541840076446533 0.9878237247467041 0.3955313563346863
v -2.009685516357422 1.1806519031524658 -0.7565318942070007
v -2.7737460136413574 0.6026360392570496 0.43724316358566284
v -3.29121732711792 0.27586066722869873 0.5047343969345093
v -3.29121732711792 0.27586066722869873 0.5047343969345093
v -1.8939154148101807 1.2285691499710083 -1.2888175249099731
v 3.0862162113189697 0.9321786165237427 -3.559325933456421
v -2.7166543006896973 0.3590684235095978 -2.7438485622406006
v -2.951014280319214 0.5633565187454224 -3.1982052326202393
v -2.951014280319214 0.5633565187454224 -3.1982052326202393
v -2.831615924835205 0.567963182926178 -4.444831371307373
v -2.831615924835205 0.567963182926178 -4.444831371307373
v -1.4401321411132812 0.974384069442749 -4.909084320068359
v -0.890502393245697 1.051853895187378 -5.000724792480469
v -0.19067278504371643 1.162925124168396 -5.669872283935547
v -0.19067278504371643 1.162925124168396 -5.669872283935547
v -0.19067278504371643 1.162925124168396 -5.669872283935547
v -0.7752430438995361 1.4608219861984253 -6.42488956451416
v -0.6978041529655457 1.4725710153579712 -7.026573657989502
v -0.6978041529655457 1.4725710153579712 -7.026573657989502
v -0.21768076717853546 1.4866187572479248 -7.306756496429443
v -0.21768076717853546 1.4866187572479248 -7.306756496429443
v -2.6793129444122314 -5.845833778381348 3.8490328788757324
v -2.6793129444122314 -5.845833778381348 3.8490328788757324
v -2.6793129444122314 -5.845833778381348 3.8490328788757324
v -2.3465261459350586 -3.516934871673584 2.7059929370880127
v -1.1767547130584717 -3.0776689052581787 3.3777360916137695
v -1.1767547130584717 -3.0776689052581787 3.3777360916137695
v -1.6817796230316162 -3.350327491760254 3.388787269592285
v -1.7570197582244873 -4.526474475860596 4.333268165588379
v -1.3835196495056152 -4.317748069763184 4.623613357543945
v -1.3835196495056152 -4.317748069763184 4.623613357543945
v -2.1010684967041016 -4.202949523925781 3.274815797805786
v -2.178004264831543 -4.726699352264404 3.492771625518799
v -2.178004264831543 -4.726699352264404 3.492771625518799
v -1.1590638160705566 -4.568607807159424 4.942920684814453
v -1.1590638160705566 -4.568607807159424 4.942920684814453
v -1.1590638160705566 -4.568607807159424 4.942920684814453
v -1.046086311340332 -4.914069175720215 5.297273635864258
v -1.046086311340332 -4.914069175720215 5.297273635864258
v -0.40363872051239014 -6.259703159332275 5.327492713928223
v -1.2652677297592163 -5.337094306945801 5.367205619812012
v 2.0510807037353516 -4.360416412353516 4.86920690536499
v 2.0510807037353516 -4.360416412353516 4.86920690536499
v 2.647866725921631 -4.462743759155273 4.870177745819092
v 2.647866725921631 -4.462743759155273 4.870177745819092
v 1.7582039833068848 -4.712871551513672 5.182932376861572
v 2.079326629638672 -5.651757717132568 5.06175422668457
v 1.8391520977020264 -6.080935478210449 5.303165912628174
v 3.492987871170044 -6.2997660636901855 4.728419303894043
v 3.452486991882324 -5.833874702453613 5.055648326873779
v 3.452486991882324 -5.833874702453613 5.055648326873779
v 3.452486991882324 -5.833874702453613 5.055648326873779
v 3.0169055461883545 -5.234145164489746 5.076080799102783
v 3.0169055461883545 -5.234145164489746 5.076080799102783
v 0.5677309036254883 1.7742289304733276 -6.353448867797852
v 0.5677309036254883 1.7742289304733276 -6.353448867797852
v 0.1438422054052353 1.226915955543518 -5.210262298583984
v 2.319756507873535 1.2162976264953613 -4.094021797180176
v 2.319756507873535 1.2162976264953613 -4.094021797180176
v 2.097872495651245 1.1712467670440674 -3.641505241394043
v 2.097872495651245 1.1712467670440674 -3.641505241394043
v 2.097872495651245 1.1712467670440674 -3.641505241394043
v 2.097872495651245 1.1712467670440674 -3.641505241394043
v 1.6218713521957397 1.506066918373108 -3.6083364486694336
v -2.247248888015747 0.6881418824195862 -2.467536211013794
v -2.247248888015747 0.6881418824195862 -2.467536211013794
v -1.9059253931045532 0.8919605612754822 -2.17987060546875
v -1.9059253931045532 0.8919605612754822 -2.17987060546875
v 1.3410311937332153 -1.790222406387329 3.67277193069458
v 1.226491928100586 -1.2695027589797974 3.7299726009368896
v 0.5970317125320435 -0.7316402792930603 3.752802848815918
v 0.5970317125320435 -0.7316402792930603 3.752802848815918
v 0.09743297100067139 -0.8062484264373779 3.832166910171509
v 0.09743297100067139 -0.8062484264373779 3.832166910171509
v -0.9210450649261475 -1.524672031402588 3.3266122341156006
v -2.646259069442749 -1.4158508777618408 2.3967530727386475
v -2.5404980182647705 -1.9607807397842407 2.43183970451355
v -2.761354446411133 -0.8558353185653687 2.377312183380127
v -2.461883544921875 -2.4909749031066895 2.5101816654205322
v -2.387026309967041 -2.9851932525634766 2.6272459030151367
v 1.2103750705718994 1.741584062576294 -2.5910983085632324
v 0.971363365650177 1.8359649181365967 -2.0723578929901123
v 0.6513895988464355 1.9795876741409302 -1.5125069618225098
v 0.6513895988464355 1.9795876741409302 -1.5125069618225098
v 1.429984450340271 1.643916368484497 -3.1053571701049805
v 2.5366828441619873 1.62627375125885 -3.2293529510498047
v 2.5366828441619873 1.62627375125885 -3.2293529510498047
v 0.6888349652290344 2.1270785331726074 -0.9606131911277771
v 0.6888349652290344 2.1270785331726074 -0.9606131911277771
v 2.4188077449798584 1.993560552597046 0.8878899812698364
v 2.4188077449798584 1.993560552597046 0.8878899812698364
v 2.6473612785339355 2.2276368141174316 0.07834910601377487
v 2.6473612785339355 2.2276368141174316 0.07834910601377487
v 0.7350011467933655 2.3768513202667236 -0.4578150510787964
v 0.7350011467933655 2.3768513202667236 -0.4578150510787964
v 3.658939838409424 1.2415354251861572 2.441699981689453
v 2.9011623859405518 -1.0638377666473389 3.236579179763794
v 2.9011623859405518 -1.0638377666473389 3.236579179763794
v 3.5242342948913574 0.5370055437088013 3.0954995155334473
v -3.2091920375823975 0.09322816133499146 1.0726900100708008
v -3.2091920375823975 0.09322816133499146 1.0726900100708008
v -3.1449031829833984 -0.12047594785690308 1.743620753288269
v -3.1449031829833984 -0.12047594785690308 1.743620753288269
v -3.1449031829833984 -0.12047594785690308 1.743620753288269
v -1.786229133605957 1.2823584079742432 -1.8244946002960205
v -1.786229133605957 1.2823584079742432 -1.8244946002960205
v 3.141275405883789 1.2201790809631348 -4.040753364562988
v 2.854783773422241 1.3242926597595215 -4.348824977874756
v 2.854783773422241 1.3242926597595215 -4.348824977874756
v -3.26666259765625 0.6141918897628784 -3.9967434406280518
v -3.0810883045196533 0.8925718069076538 -3.6358323097229004
v -3.0810883045196533 0.8925718069076538 -3.6358323097229004
v -2.462329864501953 0.42433422803878784 -4.152135848999023
v -2.462329864501953 0.42433422803878784 -4.152135848999023
v -3.185122489929199 0.8791320323944092 -4.467770099639893
v -3.185122489929199 0.8791320323944092 -4.467770099639893
v -0.33888232707977295 1.056427001953125 -5.130228042602539
v -0.5235205292701721 1.5385925769805908 -6.021993637084961
v -2.0511631965637207 0.7182697057723999 -4.221862316131592
v -1.6845364570617676 1.1132574081420898 -4.4079909324646
v -1.6845364570617676 1.1132574081420898 -4.4079909324646
v 0.21157753467559814 1.7783570289611816 -7.168300628662109
v 0.21157753467559814 1.7783570289611816 -7.168300628662109
v -2.8207178115844727 -6.326006889343262 4.076780319213867
v -2.5439982414245605 -5.03746223449707 3.9089276790618896
v -2.5439982414245605 -5.03746223449707 3.9089276790618896
v -2.105269193649292 -3.673154830932617 3.1895058155059814
v -2.7206268310546875 -5.396697521209717 4.305028915405273
v -2.7206268310546875 -5.396697521209717 4.305028915405273
v -2.182292938232422 -4.687335014343262 4.108141899108887
v -0.9836975336074829 -6.274115562438965 5.325523853302002
v -1.4016749858856201 -5.7800397872924805 5.183302879333496
v 1.8495069742202759 -1.9675040245056152 3.8180761337280273
v 2.3772034645080566 -2.080247402191162 3.6082730293273926
v 2.169334888458252 -5.086626052856445 5.237762928009033
v 1.0467982292175293 -6.652976036071777 5.273080348968506
v 1.6020880937576294 -6.593234062194824 5.265202522277832
v 2.861034870147705 -5.794112682342529 5.14388370513916
v 2.861034870147705 -5.794112682342529 5.14388370513916
v 2.861034870147705 -5.794112682342529 5.14388370513916
v 2.645134925842285 -4.8676981925964355 5.154609203338623
v 2.9000654220581055 1.45093834400177 -3.667999744415283
v 0.5273313522338867 2.0911002159118652 -6.863162040710449
v 0.2747977375984192 1.9702484607696533 -5.944333076477051
v 0.2747977375984192 1.9702484607696533 -5.944333076477051
v 0.2747977375984192 1.9702484607696533 -5.944333076477051
v 0.3418697714805603 1.6232328414916992 -4.37028169631958
v 0.7263365387916565 1.6942657232284546 -3.961021661758423
v -0.033381350338459015 1.3829851150512695 -4.723136901855469
v 1.0928449630737305 1.6962554454803467 -3.5334556102752686
v 1.1101927757263184 -0.730593740940094 3.737701654434204
v -0.7216662168502808 -1.0615789890289307 3.4434876441955566
v -0.7216662168502808 -1.0615789890289307 3.4434876441955566
v -0.43148115277290344 -0.7466267347335815 3.8147897720336914
v -1.696146845817566 -2.780937910079956 3.439253330230713
v -1.696146845817566 -2.780937910079956 3.439253330230713
v -1.718100905418396 -2.181391477584839 3.4897539615631104
v -1.718100905418396 -2.181391477584839 3.4897539615631104
v -1.3607285022735596 -1.654737949371338 3.57432222366333
v -1.3607285022735596 -1.654737949371338 3.57432222366333
v -2.979433536529541 -0.34531667828559875 2.3500630855560303
v -2.979433536529541 -0.34531667828559875 2.3500630855560303
v 1.8885395526885986 2.6624178886413574 0.5080499053001404
v 1.8885395526885986 2.6624178886413574 0.5080499053001404
v 2.227496385574341 2.455444812774658 0.904603123664856
v 3.0232419967651367 2.216906785964966 0.5088477730751038
v 3.0232419967651367 2.216906785964966 0.5088477730751038
v 2.7529537677764893 2.324747085571289 0.8994368314743042
v 2.7529537677764893 2.324747085571289 0.8994368314743042
v 3.019176483154297 2.4601728916168213 -0.0007471144199371338
v 3.019176483154297 2.4601728916168213 -0.0007471144199371338
v 3.019176483154297 2.4601728916168213 -0.0007471144199371338
v 3.044316291809082 2.1393284797668457 1.0978548526763916
v 3.044316291809082 2.1393284797668457 1.0978548526763916
v 2.9168739318847656 1.935312271118164 1.558400273323059
v 2.9168739318847656 1.935312271118164 1.558400273323059
v 2.9168739318847656 1.935312271118164 1.558400273323059
v 1.3756183385849 2.7263553142547607 0.2532857060432434
v 0.7663971781730652 2.6770660877227783 0.009201688691973686
v 0.7663971781730652 2.6770660877227783 0.009201688691973686
v 3.241955518722534 1.886778473854065 2.005419969558716
v 3.6795833110809326 1.7947654724121094 2.2682836055755615
v 2.680124044418335 -1.5805892944335938 3.4166762828826904
v 3.632113456726074 1.115721344947815 2.9638967514038086
v 2.970276117324829 -0.029248476028442383 3.404043674468994
v 3.3699440956115723 0.2840232253074646 3.6332781314849854
v 3.3699440956115723 0.2840232253074646 3.6332781314849854
v 3.3699440956115723 0.2840232253074646 3.6332781314849854
v 2.7681541442871094 -0.5492753982543945 3.5060508251190186
v -2.056931734085083 1.5618489980697632 0.11165358126163483
v -1.8743579387664795 1.6081945896148682 -0.40502068400382996
v -1.8743579387664795 1.6081945896148682 -0.40502068400382996
v -2.7537715435028076 1.1663284301757812 0.35334715247154236
v -2.7537715435028076 1.1663284301757812 0.35334715247154236
v -1.687971830368042 1.6131030321121216 -0.9255303740501404
v -1.687971830368042 1.6131030321121216 -0.9255303740501404
v -3.303875684738159 0.851028323173523 0.41285252571105957
v -3.303875684738159 0.851028323173523 0.41285252571105957
v -3.303875684738159 0.851028323173523 0.41285252571105957
v -3.3335087299346924 0.6552666425704956 0.9692142009735107
v -1.5193586349487305 1.5889981985092163 -1.4591701030731201
v -1.5193586349487305 1.5889981985092163 -1.4591701030731201
v -2.448184013366699 0.8736554384231567 -2.9810972213745117
v -2.448184013366699 0.8736554384231567 -2.9810972213745117
v -2.742750644683838 1.1064634323120117 -3.2976133823394775
v -2.742750644683838 1.1064634323120117 -3.2976133823394775
v -2.742750644683838 1.1064634323120117 -3.2976133823394775
v -2.8650708198547363 1.0477677583694458 -4.551918029785156
v -2.8650708198547363 1.0477677583694458 -4.551918029785156
v -2.4830284118652344 0.8814964294433594 -4.187075138092041
v -1.1380188465118408 1.2785743474960327 -4.5339860916137695
v -0.5850529670715332 1.356553077697754 -4.639593124389648
v -0.11414042860269547 1.7229022979736328 -5.859179973602295
v -0.11414042860269547 1.7229022979736328 -5.859179973602295
v -0.11414042860269547 1.7229022979736328 -5.859179973602295
v -0.11414042860269547 1.7229022979736328 -5.859179973602295
v -0.8044204711914062 1.9817965030670166 -6.215712070465088
v -0.8157308101654053 1.981094479560852 -6.777836799621582
v -0.8157308101654053 1.981094479560852 -6.777836799621582
v -0.36045053601264954 1.9431978464126587 -7.142261981964111
v -2.7798030376434326 -5.899713516235352 4.42524528503418
v -2.7798030376434326 -5.899713516235352 4.42524528503418
v -2.129420280456543 -3.1257553100585938 3.1567955017089844
v -2.2695138454437256 -5.738204002380371 4.23180627822876
v -2.2695138454437256 -5.738204002380371 4.23180627822876
v -2.0928242206573486 -4.620632648468018 4.665014743804932
v -2.0928242206573486 -4.620632648468018 4.665014743804932
v -1.5726382732391357 -4.6557207107543945 4.681909561157227
v -1.5569753646850586 -4.8970794677734375 5.102548122406006
v -1.5569753646850586 -4.8970794677734375 5.102548122406006
v -1.8994245529174805 -5.4533586502075195 5.203830242156982
v 2.2414650917053223 -4.648436069488525 4.949762344360352
v 2.3691654205322266 -5.9099860191345215 5.287290096282959
v 2.5039572715759277 -5.401223182678223 5.323169708251953
v 2.1548004150390625 -6.5190348625183105 5.268250465393066
v 3.29146409034729 -6.357211112976074 5.272982120513916
v 3.29146409034729 -6.357211112976074 5.272982120513916
v 0.5060774683952332 2.302432060241699 -6.285965442657471
v 0.5060774683952332 2.302432060241699 -6.285965442657471
v 2.308164596557617 1.7658796310424805 -3.693537712097168
v 2.4634406566619873 1.7831199169158936 -4.240302085876465
v 2.4634406566619873 1.7831199169158936 -4.240302085876465
v -1.846293568611145 0.9641788601875305 -2.725350856781006
v -1.846293568611145 0.9641788601875305 -2.725350856781006
v -1.679978609085083 1.3486456871032715 -2.376061201095581
v -1.679978609085083 1.3486456871032715 -2.376061201095581
v 1.728885293006897 -1.4182237386703491 3.86464786529541
v 1.5704262256622314 -0.8789962530136108 3.9228289127349854
v 0.37824004888534546 -0.4873598515987396 4.2326273918151855
v 0.8577012419700623 -0.3562428951263428 4.078782558441162
v 0.8577012419700623 -0.3562428951263428 4.078782558441162
v 0.8577012419700623 -0.3562428951263428 4.078782558441162
v -0.13292120397090912 -0.517713189125061 4.269803524017334
v -0.13292120397090912 -0.517713189125061 4.269803524017334
v -1.394156813621521 -1.1469513177871704 3.7063992023468018
v -1.394156813621521 -1.1469513177871704 3.7063992023468018
v -2.528745651245117 -1.673754334449768 2.8608145713806152
v -2.6175994873046875 -1.1242024898529053 2.835378646850586
v -2.421082019805908 -2.2210915088653564 2.8775415420532227
v -2.779425859451294 -0.5547475814819336 2.828355073928833
v -2.1566085815429688 -2.529385566711426 3.2103772163391113
v 0.8858547210693359 1.7774665355682373 -3.015509843826294
v 0.6681517362594604 1.8365405797958374 -2.494323492050171
v 0.4277348816394806 1.9550347328186035 -2.006058931350708
v 0.4277348816394806 1.9550347328186035 -2.006058931350708
v 0.4277348816394806 1.9550347328186035 -2.006058931350708
v 0.6980680227279663 2.5477113723754883 -1.4601353406906128
v 2.7930541038513184 1.9695196151733398 -3.6429684162139893
v 2.7930541038513184 1.9695196151733398 -3.6429684162139893
v 0.7814888954162598 2.7892117500305176 -0.958703339099884
v 2.5835816860198975 2.1708781719207764 1.2898399829864502
v 2.5835816860198975 2.1708781719207764 1.2898399829864502
v 2.5835816860198975 2.1708781719207764 1.2898399829864502
v 0.7844787240028381 3.024501085281372 -0.4831143915653229
v 3.6197094917297363 1.6759061813354492 2.7943718433380127
v 2.548708438873291 -1.0541572570800781 3.644355297088623
v 3.4753010272979736 0.9695935845375061 3.506307601928711
v 3.4753010272979736 0.9695935845375061 3.506307601928711
v -2.2904515266418457 1.570833444595337 0.6145491600036621
v -2.2904515266418457 1.570833444595337 0.6145491600036621
v -2.2904515266418457 1.570833444595337 0.6145491600036621
v -2.2904515266418457 1.570833444595337 0.6145491600036621
v -3.232004165649414 0.4326826333999634 1.6902849674224854
v -3.232004165649414 0.4326826333999634 1.6902849674224854
v -3.02459454536438 0.22565200924873352 2.3318991661071777
v -1.3631486892700195 1.5678929090499878 -2.006401777267456
v 3.001438617706299 1.806970238685608 -4.182222366333008
v 3.001438617706299 1.806970238685608 -4.182222366333008
v -3.153183698654175 1.1903101205825806 -4.087295055389404
v -2.868345022201538 1.4701935052871704 -3.6958632469177246
v -2.868345022201538 1.4701935052871704 -3.6958632469177246
v -2.2041072845458984 0.6636749505996704 -3.6385018825531006
v -2.2041072845458984 0.6636749505996704 -3.6385018825531006
v -3.0022974014282227 1.5627573728561401 -4.586601734161377
v -3.0022974014282227 1.5627573728561401 -4.586601734161377
v -3.0022974014282227 1.5627573728561401 -4.586601734161377
v -0.5459213256835938 2.0676698684692383 -5.769875526428223
v -0.5459213256835938 2.0676698684692383 -5.769875526428223
v -0.5459213256835938 2.0676698684692383 -5.769875526428223
v -1.8471626043319702 1.1363705396652222 -3.863386869430542
v -1.8471626043319702 1.1363705396652222 -3.863386869430542
v -1.3510065078735352 1.3935410976409912 -4.02041482925415
v 0.09500524401664734 2.3236546516418457 -7.098330497741699
v 0.09500524401664734 2.3236546516418457 -7.098330497741699
v -2.8357455730438232 -6.389545917510986 4.667515277862549
v -2.5419764518737793 -4.907690048217773 4.585238456726074
v -2.5419764518737793 -4.907690048217773 4.585238456726074
v -2.5419764518737793 -4.907690048217773 4.585238456726074
v -2.3224663734436035 -5.839898109436035 4.853024959564209
v -2.3224663734436035 -5.839898109436035 4.853024959564209
v -2.3224663734436035 -5.839898109436035 4.853024959564209
v -1.5514386892318726 -6.334284782409668 5.346161842346191
v -1.9125759601593018 -5.892261981964111 5.317395210266113
v -1.9125759601593018 -5.892261981964111 5.317395210266113
v 2.253122329711914 -1.538945198059082 3.7671968936920166
v 2.701855182647705 -6.42938232421875 5.2880988121032715
v 0.4400251805782318 2.633127450942993 -6.729013919830322
v 0.4400251805782318 2.633127450942993 -6.729013919830322
v -0.1209602877497673 2.2371513843536377 -5.624397277832031
v -0.1209602877497673 2.2371513843536377 -5.624397277832031
v -0.1209602877497673 2.2371513843536377 -5.624397277832031
v 0.2953699827194214 2.479222297668457 -5.772711753845215
v 0.2953699827194214 2.479222297668457 -5.772711753845215
v -0.22371402382850647 1.5638980865478516 -4.245438575744629
v 0.15870678424835205 1.7136409282684326 -3.8526101112365723
v 0.5342375040054321 1.78523588180542 -3.4404079914093018
v -2.2037546634674072 0.673935055732727 -3.0230519771575928
v -2.2037546634674072 0.673935055732727 -3.0230519771575928
v 1.364567756652832 -0.34628695249557495 3.9839377403259277
v -1.0029975175857544 -0.6917161345481873 3.8166592121124268
v -1.0029975175857544 -0.6917161345481873 3.8166592121124268
v -1.0029975175857544 -0.6917161345481873 3.8166592121124268
v -0.6827285289764404 -0.4055849313735962 4.1656060218811035
v -1.8836359977722168 -1.5861175060272217 3.5647640228271484
v -3.082935333251953 -0.2788211703300476 2.982210159301758
v 0.5670450925827026 2.357517957687378 -1.96132493019104
v 0.5670450925827026 2.357517957687378 -1.96132493019104
v 2.0448317527770996 2.950575828552246 0.8978095650672913
v 2.0448317527770996 2.950575828552246 0.8978095650672913
v 2.0448317527770996 2.950575828552246 0.8978095650672913
v 1.563425898551941 3.064154624938965 0.632479190826416
v 1.563425898551941 3.064154624938965 0.632479190826416
v 2.422478675842285 2.768951892852783 1.2595152854919434
v 2.422478675842285 2.768951892852783 1.2595152854919434
v 3.1126034259796143 2.421435594558716 1.9283206462860107
v 1.0196787118911743 3.045915126800537 0.4833316206932068
v 0.46270042657852173 3.199028730392456 -0.14694920182228088
v 0.46270042657852173 3.199028730392456 -0.14694920182228088
v 3.555392265319824 2.350593328475952 2.099081039428711
v 3.542530059814453 2.217386245727539 2.6059937477111816
v 3.5365302562713623 1.5651159286499023 3.3275723457336426
v 3.5365302562713623 1.5651159286499023 3.3275723457336426
v 2.8646373748779297 0.4104379713535309 3.759512424468994
v 2.5964746475219727 -0.04547780752182007 3.7557308673858643
v 3.1847879886627197 0.9459213614463806 3.9238386154174805
v 2.364438056945801 -0.5235533714294434 3.833946704864502
v -1.9880948066711426 2.040534496307373 0.3963545262813568
v -1.6992976665496826 2.0126867294311523 -0.04098345339298248
v -1.6992976665496826 2.0126867294311523 -0.04098345339298248
v -1.3996350765228271 1.9442623853683472 -0.525594174861908
v -3.2835135459899902 1.3819351196289062 0.21941086649894714
v -3.2835135459899902 1.3819351196289062 0.21941086649894714
v -2.7511684894561768 1.660301685333252 0.1809140145778656
v -2.7511684894561768 1.660301685333252 0.1809140145778656
v -1.1843791007995605 1.8177130222320557 -1.0510810613632202
v -3.2544703483581543 1.237263798713684 0.7998464703559875
v -3.2544703483581543 1.237263798713684 0.7998464703559875
v -3.3073034286499023 1.0560060739517212 1.3751415014266968
v -3.3073034286499023 1.0560060739517212 1.3751415014266968
v -3.3494372367858887 -0.03422421216964722 2.477222442626953
v -3.3494372367858887 -0.03422421216964722 2.477222442626953
v -1.0290640592575073 1.7451450824737549 -1.6097134351730347
v -2.4966657161712646 1.0777660608291626 -3.697890043258667
v -2.5842902660369873 1.4003232717514038 -4.172815322875977
v -0.7911653518676758 1.5139431953430176 -4.142832279205322
v -0.8961507678031921 2.490499496459961 -6.509933948516846
v -0.8961507678031921 2.490499496459961 -6.509933948516846
v -0.8606322407722473 2.4770162105560303 -5.912567138671875
v -0.49082934856414795 2.4544951915740967 -6.950345993041992
v -2.810668468475342 -5.939106464385986 5.028899669647217
v -2.810668468475342 -5.939106464385986 5.028899669647217
v -2.810668468475342 -5.939106464385986 5.028899669647217
v -2.4772212505340576 -5.381570339202881 5.019598484039307
v -2.4772212505340576 -5.381570339202881 5.019598484039307
v -1.9211227893829346 -4.7262959480285645 5.107790946960449
v -1.9211227893829346 -4.7262959480285645 5.107790946960449
v -2.1506147384643555 -5.071865558624268 5.0188727378845215
v 0.46123361587524414 2.809809923171997 -6.161139965057373
v 2.429473876953125 2.0673789978027344 -3.724457025527954
v 2.6344339847564697 2.25209641456604 -4.246606826782227
v 2.6344339847564697 2.25209641456604 -4.246606826782227
v -1.8559921979904175 1.0376263856887817 -3.2922277450561523
v -1.6101090908050537 1.4160339832305908 -2.935816526412964
v -1.6101090908050537 1.4160339832305908 -2.935816526412964
v -1.6101090908050537 1.4160339832305908 -2.935816526412964
v -1.236336588859558 1.5943162441253662 -2.5624077320098877
v 2.090252637863159 -0.9902440309524536 3.9115166664123535
v 1.8677449226379395 -0.44937971234321594 3.989748001098633
v 0.6656266450881958 -0.162925124168396 4.607482433319092
v 0.6656266450881958 -0.162925124168396 4.607482433319092
v 0.2030957043170929 -0.2978430688381195 4.764204025268555
v 0.2030957043170929 -0.2978430688381195 4.764204025268555
v 1.1425172090530396 0.016757115721702576 4.382578372955322
v 1.1425172090530396 0.016757115721702576 4.382578372955322
v -0.3811996579170227 -0.24226202070713043 4.68604850769043
v -1.6497235298156738 -0.6280931830406189 3.862621784210205
v -2.208242654800415 -1.9248285293579102 3.2452445030212402
v -2.050562858581543 -1.0373916625976562 3.6267101764678955
v -2.3619608879089355 -1.377870798110962 3.291609048843384
v -2.5061302185058594 -0.829993724822998 3.2991364002227783
v -2.639970541000366 -0.28177177906036377 3.310047149658203
v 0.3437404930591583 1.827930212020874 -2.915424346923828
v 0.14242222905158997 1.9137091636657715 -2.3797760009765625
v 0.14242222905158997 1.9137091636657715 -2.3797760009765625
v 0.14242222905158997 1.9137091636657715 -2.3797760009765625
v 0.2397666722536087 2.172337055206299 -2.3623788356781006
v 0.2397666722536087 2.172337055206299 -2.3623788356781006
v 0.2397666722536087 2.172337055206299 -2.3623788356781006
v 0.31645047664642334 2.786837577819824 -1.9470864534378052
v 0.31645047664642334 2.786837577819824 -1.9470864534378052
v 0.4787144660949707 3.0213212966918945 -1.3378541469573975
v 0.4787144660949707 3.0213212966918945 -1.3378541469573975
v 0.4787144660949707 3.0213212966918945 -1.3378541469573975
v 2.948730707168579 2.298654556274414 -4.070084095001221
v 2.948730707168579 2.298654556274414 -4.070084095001221
v 0.6180455684661865 3.3142521381378174 -0.9125201106071472
v 2.7962799072265625 2.590071201324463 1.5914746522903442
v 0.5141832828521729 2.918037176132202 0.320491224527359
v 0.5141832828521729 2.918037176132202 0.320491224527359
v 0.5141832828521729 2.918037176132202 0.320491224527359
v 0.7466369867324829 3.5860812664031982 -0.4504791498184204
v 3.5072360038757324 2.123094081878662 3.1269261837005615
v 3.5072360038757324 2.123094081878662 3.1269261837005615
v 3.317692279815674 1.4891576766967773 3.766968011856079
v 3.176828384399414 0.6335572004318237 4.089640140533447
v 3.176828384399414 0.6335572004318237 4.089640140533447
v -2.2601640224456787 2.0699169635772705 0.7862814664840698
v -2.5831351280212402 2.1028690338134766 0.49337178468704224
v -2.5831351280212402 2.1028690338134766 0.49337178468704224
v -3.167538642883301 0.9427129030227661 1.8648823499679565
v -3.085183620452881 0.7667012214660645 2.33026385307312
v -3.3742940425872803 0.5145975351333618 2.573596239089966
v -3.3742940425872803 0.5145975351333618 2.573596239089966
v -0.8501856327056885 1.7087703943252563 -2.1647462844848633
v -2.9609079360961914 1.7780179977416992 -4.270862579345703
v -2.9609079360961914 1.7780179977416992 -4.270862579345703
v -0.5947278141975403 2.525573492050171 -5.331906318664551
v -0.5947278141975403 2.525573492050171 -5.331906318664551
v -1.5124396085739136 1.440117359161377 -3.4914932250976562
v -1.5124396085739136 1.440117359161377 -3.4914932250976562
v -0.9726765751838684 1.6078206300735474 -3.6311841011047363
v -0.057337790727615356 2.858196258544922 -6.884747505187988
v -2.7522711753845215 -6.516878604888916 5.2967424392700195
v -2.7522711753845215 -6.516878604888916 5.2967424392700195
v -2.130995273590088 -6.4466118812561035 5.386195182800293
v -2.4753165245056152 -5.987403869628906 5.370977401733398
v -2.4753165245056152 -5.987403869628906 5.370977401733398
v 0.2912536561489105 3.077970266342163 -6.522606372833252
v 0.2912536561489105 3.077970266342163 -6.522606372833252
v 0.011701926589012146 2.6545732021331787 -5.167466640472412
v 0.011701926589012146 2.6545732021331787 -5.167466640472412
v 0.35279616713523865 2.9520747661590576 -5.653129577636719
v 0.35279616713523865 2.9520747661590576 -5.653129577636719
v -0.4089779555797577 1.6740912199020386 -3.742687463760376
v -0.019082337617874146 1.783207654953003 -3.3357772827148438
v 1.6379148960113525 0.0806417167186737 4.10643196105957
v -1.1329052448272705 -0.4028046131134033 3.8974709510803223
v -1.1329052448272705 -0.4028046131134033 3.8974709510803223
v -0.9748108386993408 -0.17304053902626038 4.431190490722656
v -2.89799165725708 -0.0005315244197845459 3.5308034420013428
v -3.2122931480407715 0.23042991757392883 3.039505958557129
v 0.4710785150527954 2.5694797039031982 -2.4839260578155518
v 0.4710785150527954 2.5694797039031982 -2.4839260578155518
v 2.5507826805114746 2.3688793182373047 -3.7553768157958984
v 2.5507826805114746 2.3688793182373047 -3.7553768157958984
v 1.7727041244506836 3.389308214187622 0.977360725402832
v 1.7727041244506836 3.389308214187622 0.977360725402832
v 2.245255947113037 3.264033555984497 1.2461522817611694
v 1.2605482339859009 3.4529385566711426 0.8000792264938354
v 1.2605482339859009 3.4529385566711426 0.8000792264938354
v 2.5971906185150146 3.11161208152771 1.6308388710021973
v 2.928705930709839 2.9524989128112793 1.998882532119751
v 3.3572490215301514 2.811370372772217 2.1793837547302246
v 0.7323659658432007 3.455031156539917 0.6968141794204712
v 0.7323659658432007 3.455031156539917 0.6968141794204712
v 0.484229177236557 3.7208452224731445 -0.03867639601230621
v 0.484229177236557 3.7208452224731445 -0.03867639601230621
v 0.3530241847038269 3.372847557067871 0.42903074622154236
v 3.4080331325531006 2.751619815826416 2.533400535583496
v 3.458817481994629 2.691869020462036 2.8874175548553467
v 3.458817481994629 2.691869020462036 2.8874175548553467
v 3.302757740020752 2.035719633102417 3.679845094680786
v 2.7040421962738037 0.8550359606742859 4.059576034545898
v 2.4229938983917236 0.45116323232650757 3.9992926120758057
v 2.144256830215454 0.005614817142486572 3.9735772609710693
v 2.9681007862091064 1.0949852466583252 4.3828253746032715
v 2.9681007862091064 1.0949852466583252 4.3828253746032715
v 3.021003007888794 1.5243337154388428 4.0535993576049805
v -2.495805025100708 2.0480568408966064 1.0874621868133545
v -2.495805025100708 2.0480568408966064 1.0874621868133545
v -1.9655550718307495 2.4966745376586914 0.702517032623291
v -1.6148147583007812 2.441380023956299 0.3451491892337799
v -1.6148147583007812 2.441380023956299 0.3451491892337799
v -1.2362269163131714 2.3411223888397217 -0.027710655704140663
v -0.8000186681747437 2.1018002033233643 -0.6635054349899292
v -0.8000186681747437 2.1018002033233643 -0.6635054349899292
v -3.3081021308898926 1.7521390914916992 0.5774149298667908
v -3.3081021308898926 1.7521390914916992 0.5774149298667908
v -3.2254769802093506 1.8596893548965454 0.026377052068710327
v -3.2254769802093506 1.8596893548965454 0.026377052068710327
v -3.2254769802093506 1.8596893548965454 0.026377052068710327
v -2.771561622619629 2.121432304382324 -0.08758388459682465
v -2.771561622619629 2.121432304382324 -0.08758388459682465
v -2.771561622619629 2.121432304382324 -0.08758388459682465
v -0.7073202729225159 1.9990601539611816 -1.232590675354004
v -0.7073202729225159 1.9990601539611816 -1.232590675354004
v -3.373835325241089 1.638723373413086 1.1937685012817383
v -3.373835325241089 1.638723373413086 1.1937685012817383
v -3.373835325241089 1.638723373413086 1.1937685012817383
v -3.1012206077575684 1.4325919151306152 1.7306666374206543
v -0.5131708979606628 1.908538818359375 -1.7560226917266846
v -0.5131708979606628 1.908538818359375 -1.7560226917266846
v -0.8987330794334412 2.947871208190918 -6.201655864715576
v -0.8987330794334412 2.947871208190918 -6.201655864715576
v -0.5852283239364624 2.991488218307495 -6.665095329284668
v -0.9321660399436951 2.965048313140869 -5.600863933563232
v 0.3527889847755432 3.3041391372680664 -6.053643703460693
v 2.885824203491211 2.661208152770996 -4.140642166137695
v 2.885824203491211 2.661208152770996 -4.140642166137695
v 2.885824203491211 2.661208152770996 -4.140642166137695
v -1.1163902282714844 1.6215089559555054 -3.1033921241760254
v -0.6928094625473022 1.6919445991516113 -2.6934447288513184
v 0.8972474336624146 0.25816160440444946 4.866030216217041
v 0.5145693421363831 0.032408423721790314 5.12855339050293
v 0.5145693421363831 0.032408423721790314 5.12855339050293
v -0.021848998963832855 -0.15791067481040955 5.323574066162109
v -0.021848998963832855 -0.15791067481040955 5.323574066162109
v -0.021848998963832855 -0.15791067481040955 5.323574066162109
v -0.021848998963832855 -0.15791067481040955 5.323574066162109
v 1.4439997673034668 0.4994143843650818 4.407376766204834
v 1.4439997673034668 0.4994143843650818 4.407376766204834
v -1.2628129720687866 -0.11389298737049103 3.9782822132110596
v -1.2628129720687866 -0.11389298737049103 3.9782822132110596
v -0.7588284015655518 -0.01958531141281128 4.844604015350342
v -2.2226333618164062 -0.4855465292930603 3.6762287616729736
v -2.391399621963501 0.10633864998817444 3.7150235176086426
v -0.17467719316482544 1.8108667135238647 -2.800737142562866
v -0.22282558679580688 1.8720970153808594 -2.190650701522827
v -0.22282558679580688 1.8720970153808594 -2.190650701522827
v -0.22282558679580688 1.8720970153808594 -2.190650701522827
v -0.22282558679580688 1.8720970153808594 -2.190650701522827
v 0.22582948207855225 2.3287193775177 -2.916004180908203
v 0.22582948207855225 2.3287193775177 -2.916004180908203
v 0.2686544358730316 3.060523271560669 -2.547511339187622
v 0.2686544358730316 3.060523271560669 -2.547511339187622
v -0.06944617629051208 2.8544797897338867 -1.6607823371887207
v -0.06944617629051208 2.8544797897338867 -1.6607823371887207
v 0.4665161371231079 3.6143081188201904 -1.4840224981307983
v 0.4665161371231079 3.6143081188201904 -1.4840224981307983
v 0.6272293329238892 3.8614258766174316 -1.02644681930542
v 0.519288957118988 4.049464225769043 -0.5449715256690979
v 0.519288957118988 4.049464225769043 -0.5449715256690979
v 0.519288957118988 4.049464225769043 -0.5449715256690979
v 3.2891080379486084 2.5821309089660645 3.424683094024658
v -2.2845852375030518 2.496713161468506 1.0714821815490723
v -3.0233511924743652 2.1910650730133057 1.0010342597961426
v -3.108295202255249 2.322140693664551 0.41041386127471924
v -3.1274800300598145 1.3022500276565552 2.1778347492218018
v -3.4442169666290283 1.048128366470337 2.474339485168457
v -3.4442169666290283 1.048128366470337 2.474339485168457
v -3.3344671726226807 0.8435388803482056 2.9883651733398438
v -0.45820415019989014 2.7183985710144043 -4.811034679412842
v -0.45820415019989014 2.7183985710144043 -4.811034679412842
v -0.8532887697219849 3.0329477787017822 -5.042618274688721
v -0.5624593496322632 1.7096753120422363 -3.2249643802642822
v -0.06175515055656433 3.3577749729156494 -6.472998142242432
v -0.06175515055656433 3.3577749729156494 -6.472998142242432
v 0.30410444736480713 3.0170373916625977 -5.2303690910339355
v 0.30410444736480713 3.0170373916625977 -5.2303690910339355
v 0.3260381817817688 3.43062162399292 -5.514303684234619
v 1.9574424028396606 0.4955863356590271 4.216758728027344
v 1.370124340057373 0.1897643506526947 4.930068492889404
v -0.48640570044517517 0.19350843131542206 5.13895845413208
v -0.48640570044517517 0.19350843131542206 5.13895845413208
v -1.1822810173034668 0.1975867599248886 4.556331634521484
v -1.8274255990982056 -0.08028869330883026 3.903036594390869
v -2.7271008491516113 0.37916848063468933 3.892632246017456
v -3.1054463386535645 0.5573824644088745 3.4780449867248535
v -0.20526881515979767 2.2153820991516113 -2.6542701721191406
v -0.20526881515979767 2.2153820991516113 -2.6542701721191406
v -0.20526881515979767 2.2153820991516113 -2.6542701721191406
v 0.4427976608276367 2.7803256511688232 -3.0333642959594727
v 0.4427976608276367 2.7803256511688232 -3.0333642959594727
v -0.1480342298746109 2.99745512008667 -2.2085940837860107
v -0.07565078139305115 3.171050548553467 -1.4051570892333984
v 2.107032537460327 3.692176342010498 1.1736195087432861
v 1.617799997329712 3.8048510551452637 0.8960579037666321
v 2.474071979522705 3.593271493911743 1.5859383344650269
v 1.142374038696289 3.8636813163757324 0.6618762016296387
v 2.742537021636963 3.4907584190368652 2.068021774291992
v 3.141369581222534 3.258604049682617 2.496288537979126
v 3.141369581222534 3.258604049682617 2.496288537979126
v 0.7220224142074585 3.8757858276367188 0.40454038977622986
v 0.6535896062850952 4.325480937957764 0.008882291615009308
v 0.6535896062850952 4.325480937957764 0.008882291615009308
v 0.6535896062850952 4.325480937957764 0.008882291615009308
v 3.1551005840301514 3.1234450340270996 3.1026573181152344
v 3.030961513519287 2.504082679748535 3.9482009410858154
v 2.8763556480407715 2.050938606262207 4.154323577880859
v 2.56044602394104 1.4055166244506836 4.165672302246094
v 2.2548329830169678 0.9581344127655029 4.234016418457031
v 2.8111648559570312 1.7062907218933105 4.484651565551758
v 2.8111648559570312 1.7062907218933105 4.484651565551758
v -2.5715935230255127 2.418924331665039 1.4658026695251465
v -1.6041392087936401 2.909235954284668 0.6968706250190735
v -1.6041392087936401 2.909235954284668 0.6968706250190735
v -2.0147109031677246 2.9519400596618652 1.0258947610855103
v -1.1790969371795654 2.7984015941619873 0.4147302806377411
v -0.8466511964797974 2.4867103099823 -0.39183497428894043
v -0.8466511964797974 2.4867103099823 -0.39183497428894043
v -0.8961427807807922 2.532510757446289 -1.0721412897109985
v -0.8961427807807922 2.532510757446289 -1.0721412897109985
v -3.129312753677368 2.377228260040283 -0.22718919813632965
v -3.129312753677368 2.377228260040283 -0.22718919813632965
v -2.7841172218322754 1.8320386409759521 1.4900894165039062
v -2.7841172218322754 1.8320386409759521 1.4900894165039062
v -0.7072556018829346 2.346323013305664 -1.6340692043304443
v -3.0547800064086914 1.8261127471923828 1.9792433977127075
v -0.5096185207366943 2.335054874420166 -2.213458776473999
v -0.5096185207366943 2.335054874420166 -2.213458776473999
v 0.030125528573989868 2.6950552463531494 -4.541469573974609
v 0.030125528573989868 2.6950552463531494 -4.541469573974609
v -0.77806556224823 3.339585781097412 -5.88831901550293
v -0.77806556224823 3.339585781097412 -5.88831901550293
v -0.77806556224823 3.339585781097412 -5.88831901550293
v -0.4986109137535095 3.478724479675293 -6.212711811065674
v -0.7531101107597351 3.4478142261505127 -5.3415327072143555
v -0.7531101107597351 3.4478142261505127 -5.3415327072143555
v 0.021176517009735107 3.6909339427948 -5.9108476638793945
v 0.021176517009735107 3.6909339427948 -5.9108476638793945
v 0.021176517009735107 3.6909339427948 -5.9108476638793945
v 0.29839110374450684 3.065779209136963 -4.734087944030762
v 0.29839110374450684 3.065779209136963 -4.734087944030762
v 0.6915239691734314 0.5511970520019531 5.305576324462891
v 1.136899471282959 0.6992174386978149 5.007720470428467
v 0.36162328720092773 0.30958041548728943 5.614898681640625
v -0.23384274542331696 0.3691048324108124 5.624020576477051
v -0.23384274542331696 0.3691048324108124 5.624020576477051
v 1.7524447441101074 0.9801309108734131 4.391453266143799
v 1.7524447441101074 0.9801309108734131 4.391453266143799
v 1.612139344215393 0.7144286632537842 4.845818996429443
v -1.4541642665863037 0.3726866543292999 4.103007793426514
v -1.4541642665863037 0.3726866543292999 4.103007793426514
v -1.0259106159210205 0.367855966091156 5.058620452880859
v -1.0259106159210205 0.367855966091156 5.058620452880859
v -2.4551448822021484 0.6833492517471313 4.009274959564209
v -0.26392969489097595 2.372901678085327 -3.2067692279815674
v -0.26392969489097595 2.372901678085327 -3.2067692279815674
v 0.18024218082427979 2.498795986175537 -3.454271078109741
v 0.18024218082427979 2.498795986175537 -3.454271078109741
v 0.2498258650302887 3.3302342891693115 -3.083136558532715
v 0.2498258650302887 3.3302342891693115 -3.083136558532715
v -0.19612517952919006 3.2431726455688477 -2.728609561920166
v -0.49878937005996704 2.737643241882324 -1.9424084424972534
v -0.49878937005996704 2.737643241882324 -1.9424084424972534
v -0.49878937005996704 2.737643241882324 -1.9424084424972534
v -0.5306363105773926 2.8058228492736816 -1.4208194017410278
v -0.5306363105773926 2.8058228492736816 -1.4208194017410278
v -0.5306363105773926 2.8058228492736816 -1.4208194017410278
v -0.1460443139076233 3.568572759628296 -1.6596547365188599
v 0.39160585403442383 4.121598243713379 -1.5377670526504517
v 0.5081188082695007 4.399333953857422 -1.1022944450378418
v 0.3860166668891907 4.093814373016357 -0.16501180827617645
v 0.3860166668891907 4.093814373016357 -0.16501180827617645
v 0.3860166668891907 4.093814373016357 -0.16501180827617645
v 3.0070176124572754 3.0412707328796387 3.62884783744812
v -2.393503427505493 2.9200360774993896 1.378523349761963
v -0.8270431756973267 2.6620781421661377 0.13093630969524384
v -0.8270431756973267 2.6620781421661377 0.13093630969524384
v -3.4297568798065186 1.6241635084152222 2.25591778755188
v -3.4297568798065186 1.6241635084152222 2.25591778755188
v -3.4115281105041504 1.4063581228256226 2.845942735671997
v -3.2190585136413574 1.17671799659729 3.3790371417999268
v -0.42798709869384766 2.680718421936035 -4.262291431427002
v -0.42798709869384766 2.680718421936035 -4.262291431427002
v -0.8110536336898804 3.011824607849121 -4.481384754180908
v -0.7830668687820435 3.5050384998321533 -4.738059997558594
v -0.7830668687820435 3.5050384998321533 -4.738059997558594
v 0.27768805623054504 3.481571674346924 -4.975972652435303
v 0.04310569167137146 3.8472585678100586 -5.308168888092041
v 0.04310569167137146 3.8472585678100586 -5.308168888092041
v -0.6194580793380737 0.6605814695358276 5.344044208526611
v -1.4628574848175049 0.5693124532699585 4.735128402709961
v -1.4628574848175049 0.5693124532699585 4.735128402709961
v -1.9408286809921265 0.46929746866226196 4.008272171020508
v -1.9408286809921265 0.46929746866226196 4.008272171020508
v -2.905132293701172 0.9430626034736633 3.7716424465179443
v -0.5516204237937927 2.5573387145996094 -2.846961259841919
v 0.4061189293861389 2.9640281200408936 -3.5812246799468994
v 0.4061189293861389 2.9640281200408936 -3.5812246799468994
v -0.506600022315979 2.8657002449035645 -2.489379405975342
v -0.506600022315979 2.8657002449035645 -2.489379405975342
v -0.5080930590629578 3.2864909172058105 -1.3021706342697144
v 0.04833272099494934 3.743901252746582 -1.780845046043396
v 0.04833272099494934 3.743901252746582 -1.780845046043396
v 0.04833272099494934 3.743901252746582 -1.780845046043396
v 0.46975165605545044 4.630303859710693 -0.6835697293281555
v 2.149210214614868 4.0817694664001465 0.821612536907196
v 2.149210214614868 4.0817694664001465 0.821612536907196
v 2.608059883117676 3.96278715133667 1.300228476524353
v 2.608059883117676 3.96278715133667 1.300228476524353
v 1.7356503009796143 4.1728949546813965 0.4412670433521271
v 1.7356503009796143 4.1728949546813965 0.4412670433521271
v 2.9221949577331543 3.914222002029419 1.811811089515686
v 2.9221949577331543 3.914222002029419 1.811811089515686
v 2.9221949577331543 3.914222002029419 1.811811089515686
v 1.1923550367355347 4.147959232330322 0.24078339338302612
v 1.1923550367355347 4.147959232330322 0.24078339338302612
v 3.124352216720581 3.840076208114624 2.315340042114258
v 3.124352216720581 3.840076208114624 2.315340042114258
v 0.2224515676498413 4.657865524291992 -0.1570272445678711
v 0.2224515676498413 4.657865524291992 -0.1570272445678711
v 2.9032015800476074 3.650214433670044 2.8323569297790527
v 2.820922374725342 3.5204105377197266 3.397970199584961
v 2.704986572265625 2.9296908378601074 4.149887561798096
v 2.6183924674987793 2.398437976837158 4.446254253387451
v 2.6183924674987793 2.398437976837158 4.446254253387451
v 2.306079626083374 1.9392865896224976 4.3055033683776855
v 2.306079626083374 1.9392865896224976 4.3055033683776855
v 2.0332279205322266 1.4825007915496826 4.397378444671631
v 2.0332279205322266 1.4825007915496826 4.397378444671631
v -2.890531063079834 2.340684413909912 1.8611171245574951
v -2.7075891494750977 2.8436989784240723 1.8015202283859253
v -1.1602425575256348 3.282907009124756 0.7678030729293823
v -1.1602425575256348 3.282907009124756 0.7678030729293823
v -1.1602425575256348 3.282907009124756 0.7678030729293823
v -1.663644790649414 3.452798366546631 0.9961598515510559
v -1.663644790649414 3.452798366546631 0.9961598515510559
v -1.663644790649414 3.452798366546631 0.9961598515510559
v -2.115858554840088 3.380725383758545 1.302914023399353
v -2.115858554840088 3.380725383758545 1.302914023399353
v -0.6358663439750671 3.133183240890503 0.5105704665184021
v -0.6358663439750671 3.133183240890503 0.5105704665184021
v -1.0247814655303955 3.18831467628479 -0.666203498840332
v -1.0247814655303955 3.18831467628479 -0.666203498840332
v -0.7948957681655884 3.126976490020752 -0.15941157937049866
v -3.2887399196624756 2.2156147956848145 2.1927175521850586
v 0.09113356471061707 2.6543428897857666 -3.9841468334198
v 0.09113356471061707 2.6543428897857666 -3.9841468334198
v 0.3801763653755188 3.0504508018493652 -4.166735649108887
v 0.3801763653755188 3.0504508018493652 -4.166735649108887
v -0.46675950288772583 3.760171413421631 -5.654344081878662
v -0.46675950288772583 3.760171413421631 -5.654344081878662
v -0.4663569927215576 3.865429162979126 -5.038274765014648
v 0.2587965726852417 3.533949136734009 -4.364700794219971
v 0.9268397092819214 1.0452216863632202 5.3683180809021
v 0.6996346712112427 0.8286215662956238 5.795339107513428
v 1.2497667074203491 1.1545289754867554 5.023608684539795
v 0.11650633811950684 0.7663516402244568 5.905367851257324
v 0.11650633811950684 0.7663516402244568 5.905367851257324
v -0.4459790587425232 0.8917102813720703 5.84261417388916
v 1.7933378219604492 1.309741735458374 4.835974216461182
v -1.5754892826080322 0.8701368570327759 4.395127773284912
v -1.0992767810821533 0.9443991184234619 5.1076459884643555
v -1.9528037309646606 1.0860029458999634 4.076636791229248
v -1.9528037309646606 1.0860029458999634 4.076636791229248
v -2.5444374084472656 1.2724902629852295 4.07298469543457
v -0.3387026786804199 2.6031384468078613 -3.7139885425567627
v -0.3387026786804199 2.6031384468078613 -3.7139885425567627
v -0.6179502606391907 2.7588748931884766 -3.3866400718688965
v 0.19726264476776123 3.5504724979400635 -3.6463091373443604
v 0.19726264476776123 3.5504724979400635 -3.6463091373443604
v -0.2491176873445511 3.493467092514038 -3.2643320560455322
v -0.5815021395683289 3.1034135818481445 -3.013817071914673
v -0.5815021395683289 3.1034135818481445 -3.013817071914673
v -0.7947053909301758 2.9999494552612305 -1.030672550201416
v -0.6659731864929199 3.7041804790496826 -1.5326844453811646
v -0.3488154113292694 3.912916660308838 -1.8143147230148315
v -0.3488154113292694 3.912916660308838 -1.8143147230148315
v 0.3182893395423889 4.6735992431640625 -1.5860300064086914
v 0.033454716205596924 4.3533854484558105 -1.938655972480774
v 0.033454716205596924 4.3533854484558105 -1.938655972480774
v 0.3762442469596863 4.745479106903076 -1.1216363906860352
v 0.6171138286590576 4.982409954071045 0.026528343558311462
v 0.9936971068382263 4.680365562438965 0.3030911087989807
v 2.7256369590759277 3.455961227416992 3.979356050491333
v -2.4700498580932617 3.3162946701049805 1.710769534111023
v -2.4700498580932617 3.3162946701049805 1.710769534111023
v -0.4475691318511963 3.1814332008361816 0.37442997097969055
v -0.4475691318511963 3.1814332008361816 0.37442997097969055
v -3.3690907955169678 1.9550050497055054 2.70822811126709
v -3.3690907955169678 1.9550050497055054 2.70822811126709
v -3.232414722442627 1.7258260250091553 3.278144598007202
v -2.941526174545288 1.4926526546478271 3.7177350521087646
v -0.7240414023399353 2.918701171875 -3.9269683361053467
v -0.7937002182006836 3.463604211807251 -4.135130882263184
v -0.7937002182006836 3.463604211807251 -4.135130882263184
v -0.44713103771209717 3.8201987743377686 -4.4169511795043945
v 0.03292924165725708 3.8522069454193115 -4.68925666809082
v 0.03292924165725708 3.8522069454193115 -4.68925666809082
v -0.7373156547546387 1.1813198328018188 5.465186595916748
v -1.592414140701294 1.0797772407531738 4.8049726486206055
v -1.592414140701294 1.0797772407531738 4.8049726486206055
v -0.9388140439987183 3.520376205444336 -1.1410564184188843
v 0.15476691722869873 5.091760635375977 -0.6241964101791382
v 1.7604784965515137 4.440074920654297 0.934579610824585
v 2.2208967208862305 4.383620738983154 1.3003653287887573
v 2.5645158290863037 4.35189962387085 1.7804465293884277
v 1.378138780593872 4.48949670791626 0.6691831946372986
v 2.9051754474639893 4.3754963874816895 2.1482419967651367
v 2.9051754474639893 4.3754963874816895 2.1482419967651367
v 3.032834529876709 4.200530052185059 2.6897361278533936
v 0.11178243160247803 5.2020769119262695 0.19876064360141754
v 0.11178243160247803 5.2020769119262695 0.19876064360141754
v 3.0357725620269775 3.9929516315460205 3.2735841274261475
v 2.7776148319244385 3.9078471660614014 3.9290666580200195
v 2.4433369636535645 3.347210645675659 4.419256210327148
v 2.319342851638794 2.8594789505004883 4.557059288024902
v 2.319342851638794 2.8594789505004883 4.557059288024902
v 2.319342851638794 2.8594789505004883 4.557059288024902
v 2.1171958446502686 2.423548936843872 4.414973735809326
v 2.1171958446502686 2.423548936843872 4.414973735809326
v 2.0387144088745117 1.8825287818908691 4.791818618774414
v -3.0320351123809814 2.749530553817749 2.2551703453063965
v -2.689948320388794 3.2141478061676025 2.2359657287597656
v -2.689948320388794 3.2141478061676025 2.2359657287597656
v -0.8110148906707764 3.6902363300323486 0.5805217623710632
v -0.8110148906707764 3.6902363300323486 0.5805217623710632
v -1.3477660417556763 3.7090117931365967 0.565780758857727
v -2.334216833114624 3.6573615074157715 0.9227233529090881
v -2.334216833114624 3.6573615074157715 0.9227233529090881
v -2.6688730716705322 3.5343217849731445 1.3133561611175537
v -2.6688730716705322 3.5343217849731445 1.3133561611175537
v -0.9685348272323608 3.6451053619384766 -0.27846813201904297
v -0.6315241456031799 3.518669605255127 0.22297605872154236
v -3.187469005584717 2.4895665645599365 2.6803219318389893
v -3.187469005584717 2.4895665645599365 2.6803219318389893
v 0.10549980401992798 3.746771812438965 -4.16644287109375
v 0.10549980401992798 3.746771812438965 -4.16644287109375
v 0.8135621547698975 1.474494457244873 5.702938079833984
v 1.1414916515350342 1.620369553565979 5.313818454742432
v 0.38634583353996277 1.3318849802017212 6.061252117156982
v 1.4669673442840576 1.792156457901001 5.054388999938965
v -0.11159640550613403 1.2681055068969727 6.124067306518555
v -0.11159640550613403 1.2681055068969727 6.124067306518555
v -0.5313975214958191 1.4968386888504028 5.877776622772217
v -1.7470734119415283 1.3539543151855469 4.480426788330078
v -1.0947108268737793 1.4314088821411133 5.171319961547852
v -2.084388256072998 1.6376862525939941 4.148222923278809
v -2.084388256072998 1.6376862525939941 4.148222923278809
v -2.6113204956054688 1.8288440704345703 4.038745880126953
v -0.6713886260986328 3.3153207302093506 -3.5622236728668213
v -0.6713886260986328 3.3153207302093506 -3.5622236728668213
v -0.3504186272621155 3.681494951248169 -3.8358559608459473
v -0.9356603622436523 4.223862648010254 -1.0838836431503296
v -0.9356603622436523 4.223862648010254 -1.0838836431503296
v -0.8112318515777588 4.245222568511963 -1.667299747467041
v -0.8112318515777588 4.245222568511963 -1.667299747467041
v -0.5683009624481201 4.639546871185303 -1.9222334623336792
v -0.5683009624481201 4.639546871185303 -1.9222334623336792
v -0.5683009624481201 4.639546871185303 -1.9222334623336792
v 0.24437010288238525 5.091621398925781 -1.1409778594970703
v -0.014371156692504883 4.925445556640625 -2.038330078125
v -0.014371156692504883 4.925445556640625 -2.038330078125
v -0.2821178138256073 4.981893539428711 0.026938199996948242
v -0.2821178138256073 4.981893539428711 0.026938199996948242
v -0.2821178138256073 4.981893539428711 0.026938199996948242
v -0.2821178138256073 4.981893539428711 0.026938199996948242
v -0.2821178138256073 4.981893539428711 0.026938199996948242
v 0.5732680559158325 5.011651039123535 0.4363221228122711
v 0.5732680559158325 5.011651039123535 0.4363221228122711
v 1.0055443048477173 4.860694408416748 0.7273808121681213
v 2.608090877532959 3.7661490440368652 4.459849834442139
v -2.955679416656494 3.473710298538208 1.7715340852737427
v -2.955679416656494 3.473710298538208 1.7715340852737427
v -1.9208202362060547 3.8140063285827637 0.5494901537895203
v -1.9208202362060547 3.8140063285827637 0.5494901537895203
v -1.150586485862732 3.8449995517730713 -0.7965777516365051
v -1.150586485862732 3.8449995517730713 -0.7965777516365051
v -3.159517288208008 2.2415153980255127 3.16709303855896
v -2.943760871887207 2.0009708404541016 3.6576027870178223
v -0.825897216796875 1.728339433670044 5.500836372375488
v -1.6199262142181396 1.4298226833343506 4.850991249084473
v -1.6199262142181396 1.4298226833343506 4.850991249084473
v 0.04259848594665527 5.183095932006836 -1.6073315143585205
v 0.04259848594665527 5.183095932006836 -1.6073315143585205
v -0.06381469964981079 5.542240619659424 -0.7896232008934021
v 1.4379504919052124 4.785183429718018 1.0358973741531372
v 1.8247592449188232 4.737519264221191 1.404407262802124
v 2.144662618637085 4.739480495452881 1.8951637744903564
v 2.5081915855407715 4.464140892028809 2.3802597522735596
v 2.5081915855407715 4.464140892028809 2.3802597522735596
v 2.5694589614868164 4.360966205596924 2.955874443054199
v -0.3590318262577057 5.333655834197998 -0.4026155471801758
v -0.3590318262577057 5.333655834197998 -0.4026155471801758
v 0.5073232650756836 5.488028526306152 0.3001004457473755
v 0.5073232650756836 5.488028526306152 0.3001004457473755
v -0.20864737033843994 5.586858749389648 0.08319564163684845
v 2.573636054992676 4.318294048309326 3.5529685020446777
v 2.2556748390197754 4.102359294891357 4.113185405731201
v 2.203178882598877 3.4086368083953857 4.948512077331543
v 2.203178882598877 3.4086368083953857 4.948512077331543
v 1.816032886505127 2.908937692642212 4.737470626831055
v 1.6687538623809814 2.2861900329589844 4.8300886154174805
v -2.8817434310913086 3.0693137645721436 2.678157091140747
v -2.8817434310913086 3.0693137645721436 2.678157091140747
v -2.8817434310913086 3.0693137645721436 2.678157091140747
v -3.214132785797119 3.455389976501465 2.3601248264312744
v -3.214132785797119 3.455389976501465 2.3601248264312744
v -3.214132785797119 3.455389976501465 2.3601248264312744
v -1.455822467803955 4.039128303527832 0.17961488664150238
v -1.455822467803955 4.039128303527832 0.17961488664150238
v -2.164358377456665 4.1648335456848145 0.9455198049545288
v -2.5077905654907227 4.004149436950684 1.2957018613815308
v -2.8369944095611572 4.006443023681641 1.5135185718536377
v -0.8897844552993774 3.838226795196533 -0.14309780299663544
v -0.8897844552993774 3.838226795196533 -0.14309780299663544
v -0.8897844552993774 3.838226795196533 -0.14309780299663544
v -0.8882662653923035 4.090723991394043 -0.5188427567481995
v -3.0128378868103027 2.7773447036743164 3.0473594665527344
v -3.0128378868103027 2.7773447036743164 3.0473594665527344
v 0.4312884211540222 1.8673087358474731 5.7461676597595215
v 0.8944558501243591 2.071155309677124 5.551472187042236
v 1.3144043684005737 2.213776111602783 5.221484184265137
v -0.03731688857078552 1.813361644744873 5.930788516998291
v -0.03731688857078552 1.813361644744873 5.930788516998291
v -0.03731688857078552 1.813361644744873 5.930788516998291
v -0.5132089853286743 2.1203513145446777 5.731324195861816
v -0.5132089853286743 2.1203513145446777 5.731324195861816
v -2.0925278663635254 1.628983736038208 4.627331733703613
v -2.0925278663635254 1.628983736038208 4.627331733703613
v -1.2331056594848633 1.946408987045288 5.188369274139404
v -1.6474380493164062 1.7798680067062378 4.897009372711182
v -2.190328598022461 2.2340118885040283 4.110838890075684
v -2.619060754776001 2.3334848880767822 4.050928592681885
v -0.7320441007614136 4.5935893058776855 -1.460524082183838
v -0.39594486355781555 4.958120822906494 -1.703808307647705
v -0.39594486355781555 4.958120822906494 -1.703808307647705
v 0.032786786556243896 5.661667823791504 -1.278355360031128
v 0.032786786556243896 5.661667823791504 -1.278355360031128
v -0.5785751938819885 5.1577019691467285 -0.41003233194351196
v -0.5785751938819885 5.1577019691467285 -0.41003233194351196
v 0.8482307195663452 5.297614097595215 0.6292300224304199
v 0.20606279373168945 5.725813388824463 0.021861670538783073
v -0.6876541972160339 5.461611270904541 0.20518936216831207
v 1.2147984504699707 5.163862228393555 0.9669333100318909
v 1.98003351688385 3.897279739379883 4.605756759643555
v -2.879910945892334 3.7959492206573486 1.9903483390808105
v -1.7006447315216064 4.273938179016113 0.6955664157867432
v -2.8841285705566406 2.5111818313598633 3.539340019226074
v -0.9317996501922607 2.250176429748535 5.384642124176025
v -0.9317996501922607 2.250176429748535 5.384642124176025
v -1.8306338787078857 1.9229626655578613 4.4837446212768555
v -0.8670669794082642 4.711276054382324 -0.6431077718734741
v -0.8225536346435547 4.776141166687012 -1.1258389949798584
v -0.38895511627197266 5.459399700164795 -1.4396392107009888
v -0.5550640821456909 5.731380939483643 -0.5964308381080627
v -0.5550640821456909 5.731380939483643 -0.5964308381080627
v -0.1539514660835266 6.02527379989624 -0.9194531440734863
v -0.1539514660835266 6.02527379989624 -0.9194531440734863
v 1.5660275220870972 5.087352752685547 1.3612223863601685
v 1.8033132553100586 5.081876277923584 1.8138887882232666
v 2.199880599975586 4.7924418449401855 2.69864821434021
v 2.199880599975586 4.7924418449401855 2.69864821434021
v 2.2087597846984863 4.6848883628845215 3.2281088829040527
v -0.708856999874115 4.646369457244873 -0.12587065994739532
v -0.708856999874115 4.646369457244873 -0.12587065994739532
v 0.5699333548545837 5.888743877410889 -0.08106077462434769
v 0.5699333548545837 5.888743877410889 -0.08106077462434769
v 0.9786089658737183 5.8462934494018555 0.3002256453037262
v -0.0537533164024353 6.0283966064453125 -0.2117130607366562
v -0.0537533164024353 6.0283966064453125 -0.2117130607366562
v -0.7937250137329102 4.904537200927734 0.40548190474510193
v -0.7937250137329102 4.904537200927734 0.40548190474510193
v -0.6438779234886169 6.002889156341553 -0.17257140576839447
v 2.0318846702575684 4.579841136932373 3.7915542125701904
v 1.722186803817749 4.4112396240234375 4.291169166564941
v 1.6372206211090088 3.6980483531951904 4.993535995483398
v 1.753664493560791 3.2927980422973633 5.3473920822143555
v 1.753664493560791 3.2927980422973633 5.3473920822143555
v 1.448333501815796 2.7653770446777344 5.146481990814209
v -3.1786210536956787 3.5119528770446777 2.946054220199585
v -3.1786210536956787 3.5119528770446777 2.946054220199585
v -3.083986520767212 3.9843878746032715 2.2381396293640137
v -0.8110339641571045 4.031346797943115 -0.007727230433374643
v -0.8110339641571045 4.031346797943115 -0.007727230433374643
v -1.5134327411651611 4.591984272003174 0.3111785054206848
v -2.1316375732421875 4.37822151184082 1.4751002788543701
v -2.1316375732421875 4.37822151184082 1.4751002788543701
v -1.8111666440963745 4.4907660484313965 1.1168699264526367
v -2.5256550312042236 4.118938446044922 1.808276653289795
v -2.790353775024414 3.0518321990966797 3.326636791229248
v -2.790353775024414 3.0518321990966797 3.326636791229248
v -2.790353775024414 3.0518321990966797 3.326636791229248
v 0.6277862787246704 2.348414897918701 5.783039093017578
v 0.19286423921585083 2.136491060256958 5.997957229614258
v 1.088472604751587 2.5442392826080322 5.537589073181152
v -0.3085283935070038 2.3437540531158447 6.296972751617432
v -0.3085283935070038 2.3437540531158447 6.296972751617432
v -0.8437603712081909 2.5211427211761475 6.066779136657715
v -0.8437603712081909 2.5211427211761475 6.066779136657715
v -1.5391550064086914 2.2072770595550537 4.826175212860107
v -1.5391550064086914 2.2072770595550537 4.826175212860107
v -1.5391550064086914 2.2072770595550537 4.826175212860107
v -1.3078391551971436 2.4949376583099365 5.140743732452393
v -1.3078391551971436 2.4949376583099365 5.140743732452393
v -1.8331775665283203 2.5289998054504395 4.467752456665039
v -1.8331775665283203 2.5289998054504395 4.467752456665039
v -2.3373265266418457 2.7222836017608643 4.2987446784973145
v -2.3373265266418457 2.7222836017608643 4.2987446784973145
v -2.5967984199523926 2.8103175163269043 3.8335187435150146
v -2.5967984199523926 2.8103175163269043 3.8335187435150146
v -0.7352209687232971 5.146632671356201 -1.326182246208191
v -0.7352209687232971 5.146632671356201 -1.326182246208191
v -0.37755274772644043 5.917884826660156 -1.2488933801651
v 2.0217392444610596 5.018220901489258 2.2777862548828125
v -0.7667098641395569 5.2051825523376465 -0.8537665009498596
v 1.2742118835449219 5.657715797424316 0.6238407492637634
v -1.2219865322113037 5.315852165222168 0.34927597641944885
v -1.036123275756836 5.822394847869873 0.04561595618724823
v 1.6949613094329834 5.404143333435059 1.0368807315826416
v 1.3628168106079102 4.237139701843262 4.742877006530762
v -2.904923439025879 3.8440561294555664 2.64587140083313
v -2.5976920127868652 4.1616315841674805 2.3009727001190186
v -1.0617481470108032 4.469140529632568 0.24132712185382843
v -1.3109979629516602 4.808589935302734 0.7283757925033569
v -1.3109979629516602 4.808589935302734 0.7283757925033569
v 0.15940970182418823 2.091216802597046 6.534518241882324
v 0.15940970182418823 2.091216802597046 6.534518241882324
v 0.15940970182418823 2.091216802597046 6.534518241882324
v 0.15940970182418823 2.091216802597046 6.534518241882324
v -1.4222182035446167 2.507038116455078 5.619970798492432
v -1.4222182035446167 2.507038116455078 5.619970798492432
v -0.7193961143493652 5.645320415496826 -1.0993841886520386
v -0.7193961143493652 5.645320415496826 -1.0993841886520386
v -0.5679867267608643 6.133122444152832 -0.9005450010299683
v -0.5679867267608643 6.133122444152832 -0.9005450010299683
v -0.5679867267608643 6.133122444152832 -0.9005450010299683
v -0.31418782472610474 6.371294021606445 -1.1585708856582642
v -0.31418782472610474 6.371294021606445 -1.1585708856582642
v 1.9702351093292236 5.270477294921875 1.6205015182495117
v 2.1349358558654785 5.572701930999756 2.064195156097412
v 1.9739985466003418 5.122806072235107 2.9027938842773438
v 1.9739985466003418 5.122806072235107 2.9027938842773438
v 1.834421992301941 5.0649027824401855 3.4858226776123047
v 1.834421992301941 5.0649027824401855 3.4858226776123047
v 0.27497047185897827 6.3609843254089355 0.012918824329972267
v 0.27497047185897827 6.3609843254089355 0.012918824329972267
v 0.6205268502235413 6.127893924713135 0.40317007899284363
v 0.9333235025405884 6.033062934875488 0.7717562913894653
v -0.325242817401886 6.407287120819092 0.08312680572271347
v -0.8079261779785156 6.331105709075928 0.33085423707962036
v 1.5010149478912354 4.870577335357666 3.963235855102539
v 1.063454031944275 4.797826290130615 4.448145866394043
v 0.9608166813850403 4.053398609161377 5.111203670501709
v 1.1625537872314453 3.5409348011016846 5.325162887573242
v 1.3416798114776611 3.053330659866333 5.609561920166016
v 1.3416798114776611 3.053330659866333 5.609561920166016
v -3.2287957668304443 3.2830824851989746 3.3167812824249268
v -3.2287957668304443 3.2830824851989746 3.3167812824249268
v -2.778181314468384 3.834195613861084 3.180757522583008
v -2.778181314468384 3.834195613861084 3.180757522583008
v -2.213637590408325 4.592047214508057 1.995369553565979
v -2.213637590408325 4.592047214508057 1.995369553565979
v -2.1408228874206543 4.67410135269165 1.4831098318099976
v -2.1408228874206543 4.67410135269165 1.4831098318099976
v -1.7345319986343384 4.892080307006836 1.168927550315857
v -1.7345319986343384 4.892080307006836 1.168927550315857
v -3.024698257446289 3.2479939460754395 3.866431951522827
v -3.024698257446289 3.2479939460754395 3.866431951522827
v 1.0130512714385986 2.8063440322875977 6.060254096984863
v 1.0130512714385986 2.8063440322875977 6.060254096984863
v 0.5597720742225647 2.4396257400512695 6.280975341796875
v 0.5597720742225647 2.4396257400512695 6.280975341796875
v 0.20733577013015747 2.640064001083374 6.31064510345459
v 0.20733577013015747 2.640064001083374 6.31064510345459
v -0.2597444951534271 2.8972363471984863 6.173811912536621
v -0.2597444951534271 2.8972363471984863 6.173811912536621
v -1.1144919395446777 2.8530359268188477 5.71715784072876
v -1.8284496068954468 2.655855178833008 5.1468119621276855
v -1.8284496068954468 2.655855178833008 5.1468119621276855
v -1.8284496068954468 2.655855178833008 5.1468119621276855
v -2.0995712280273438 2.8294296264648438 4.866165637969971
v -2.0995712280273438 2.8294296264648438 4.866165637969971
v -2.739995002746582 3.025235891342163 4.318846225738525
v -2.739995002746582 3.025235891342163 4.318846225738525
v 2.264223575592041 5.46986198425293 2.670025587081909
v 2.264223575592041 5.46986198425293 2.670025587081909
v 1.3209917545318604 5.815943241119385 1.1439645290374756
v -1.4399709701538086 5.69258451461792 0.4295579791069031
v -1.7961353063583374 5.358738422393799 0.6597039103507996
v -1.121681571006775 6.0594305992126465 0.6947444081306458
v 1.8490118980407715 5.714521884918213 1.503941297531128
v 0.7052819728851318 4.585866928100586 4.854092597961426
v -3.212002992630005 3.7867543697357178 3.1578478813171387
v -3.212002992630005 3.7867543697357178 3.1578478813171387
v -3.212002992630005 3.7867543697357178 3.1578478813171387
v -2.550656795501709 4.185722351074219 2.8281445503234863
v -2.312723398208618 4.53297233581543 2.535482406616211
v -2.312723398208618 4.53297233581543 2.535482406616211
v -0.5942851901054382 3.0383658409118652 5.76929235458374
v -1.4249122142791748 3.0034472942352295 5.291408061981201
v -2.582113742828369 3.011495590209961 4.630089282989502
v -2.582113742828369 3.011495590209961 4.630089282989502
v 1.8234789371490479 5.896389484405518 2.413444995880127
v 1.8234789371490479 5.896389484405518 2.413444995880127
v 2.1743171215057373 5.4177069664001465 3.2833456993103027
v 2.1743171215057373 5.4177069664001465 3.2833456993103027
v 2.1743171215057373 5.4177069664001465 3.2833456993103027
v 1.6218929290771484 5.273278713226318 3.904021739959717
v 1.6218929290771484 5.273278713226318 3.904021739959717
v 1.6218929290771484 5.273278713226318 3.904021739959717
v -0.08281266689300537 6.810204029083252 0.12092696130275726
v -0.08281266689300537 6.810204029083252 0.12092696130275726
v 0.31638962030410767 6.639044761657715 0.4520825445652008
v 0.7002378702163696 6.484432697296143 0.7674844264984131
v 1.0339696407318115 6.325289249420166 1.1440409421920776
v -0.5147292017936707 6.903687000274658 0.17700324952602386
v -1.1635801792144775 6.694544792175293 0.7543562650680542
v 1.1922038793563843 5.10431432723999 4.121879577636719
v 1.1922038793563843 5.10431432723999 4.121879577636719
v 0.8372534513473511 5.10199499130249 4.987361907958984
v 0.8372534513473511 5.10199499130249 4.987361907958984
v 0.40300530195236206 4.321991920471191 5.214653015136719
v 0.40300530195236206 4.321991920471191 5.214653015136719
v 0.5856207609176636 3.8278191089630127 5.446723937988281
v 0.7911210060119629 3.2401986122131348 5.68668794631958
v -2.913612127304077 3.508737802505493 3.499019145965576
v -2.4556267261505127 4.144383907318115 3.36885666847229
v -2.4556267261505127 4.144383907318115 3.36885666847229
v -2.150007963180542 4.969978332519531 1.491119384765625
v -2.009155511856079 5.204438209533691 1.1098828315734863
v -2.3819947242736816 5.060553550720215 2.3118081092834473
v -2.3819947242736816 5.060553550720215 2.3118081092834473
v -2.3819947242736816 5.060553550720215 2.3118081092834473
v -2.3819947242736816 5.060553550720215 2.3118081092834473
v -2.3819947242736816 5.060553550720215 2.3118081092834473
v -2.585768222808838 3.4659175872802734 3.995800495147705
v 0.3118554353713989 3.09542179107666 6.104176044464111
v -0.2367928922176361 3.3901426792144775 5.99742317199707
v -0.2367928922176361 3.3901426792144775 5.99742317199707
v -0.9736472368240356 3.3013856410980225 5.438674449920654
v -1.8529444932937622 3.2099180221557617 5.0004706382751465
v -2.252718925476074 3.370788335800171 4.559206485748291
v 1.6694509983062744 5.957144737243652 1.9396826028823853
v 1.976868748664856 5.85249137878418 2.868056297302246
v 1.976868748664856 5.85249137878418 2.868056297302246
v 1.9927268028259277 5.436654090881348 3.67539381980896
v 1.9927268028259277 5.436654090881348 3.67539381980896
v 1.3804606199264526 6.15245246887207 1.5349160432815552
v -0.8745563626289368 7.083103179931641 0.4956854283809662
v -1.5802063941955566 5.8175482749938965 1.0023720264434814
v -1.4218981266021729 6.34027099609375 1.1007434129714966
v 1.1637566089630127 5.2968573570251465 4.57621955871582
v 1.1637566089630127 5.2968573570251465 4.57621955871582
v 1.1637566089630127 5.2968573570251465 4.57621955871582
v 0.4584398865699768 4.77915096282959 5.227524280548096
v 0.4584398865699768 4.77915096282959 5.227524280548096
v 0.4584398865699768 4.77915096282959 5.227524280548096
v -2.4304611682891846 3.891420602798462 3.7481746673583984
v -2.308030128479004 4.4689178466796875 3.046851396560669
v -2.308030128479004 4.4689178466796875 3.046851396560669
v -2.4057531356811523 5.2629780769348145 1.8112791776657104
v -2.4057531356811523 5.2629780769348145 1.8112791776657104
v -1.8145883083343506 5.580660343170166 1.2872543334960938
v -1.8145883083343506 5.580660343170166 1.2872543334960938
v -1.8145883083343506 5.580660343170166 1.2872543334960938
v -2.1571874618530273 4.912065505981445 2.780932664871216
v -2.1571874618530273 4.912065505981445 2.780932664871216
v -2.1571874618530273 4.912065505981445 2.780932664871216
v -0.51946622133255 3.6148245334625244 5.590315818786621
v -1.3671700954437256 3.524397850036621 5.065732955932617
v 1.5134817361831665 6.298030376434326 2.3603835105895996
v 1.5134817361831665 6.298030376434326 2.3603835105895996
v 1.4268016815185547 6.191813945770264 2.9011125564575195
v 1.7700586318969727 5.825785160064697 3.3634390830993652
v 1.7064807415008545 5.609997272491455 3.753760576248169
v 1.579884648323059 5.404810905456543 4.229439735412598
v 1.579884648323059 5.404810905456543 4.229439735412598
v 0.08967101573944092 7.210291862487793 0.4302194118499756
v -0.26503461599349976 7.326480865478516 0.056396253407001495
v -0.26503461599349976 7.326480865478516 0.056396253407001495
v 0.44405150413513184 7.015811920166016 0.7899525165557861
v 0.8112797141075134 6.853327751159668 1.1331515312194824
v 1.132226824760437 6.684380531311035 1.4866678714752197
v -0.7448768615722656 7.527695655822754 0.0545724555850029
v -1.472477674484253 6.908368110656738 1.1774773597717285
v -1.2537262439727783 7.282027721405029 0.9018484950065613
v 0.6082361936569214 5.345685005187988 4.561884880065918
v 0.30502545833587646 5.048367977142334 4.951727390289307
v 0.19615423679351807 4.213296890258789 5.69707727432251
v 0.19615423679351807 4.213296890258789 5.69707727432251
v 0.19615423679351807 4.213296890258789 5.69707727432251
v 0.5992906093597412 4.6439008712768555 5.592276573181152
v 0.5992906093597412 4.6439008712768555 5.592276573181152
v 0.23851430416107178 3.5893967151641846 5.792992115020752
v -2.2091281414031982 4.369418621063232 3.5492098331451416
v -2.127131938934326 5.532487869262695 1.404502272605896
v -2.127131938934326 5.532487869262695 1.404502272605896
v -2.1453330516815186 5.43939733505249 2.457449436187744
v -2.1453330516815186 5.43939733505249 2.457449436187744
v -2.628631114959717 5.212948322296143 2.6115424633026123
v -2.628631114959717 5.212948322296143 2.6115424633026123
v -2.628631114959717 5.212948322296143 2.6115424633026123
v -2.1260502338409424 3.8329944610595703 4.233285903930664
v -0.22885572910308838 3.9180712699890137 5.916520118713379
v -0.22885572910308838 3.9180712699890137 5.916520118713379
v -0.9303888082504272 3.8703203201293945 5.250223159790039
v -1.7620042562484741 3.692460775375366 4.68827486038208
v 1.4058871269226074 6.482591152191162 1.8723039627075195
v -1.152817964553833 7.595709800720215 0.5107132196426392
v -1.680329442024231 6.031915187835693 1.4523651599884033
v -1.680329442024231 6.031915187835693 1.4523651599884033
v -1.66398024559021 6.529529571533203 1.5349805355072021
v -1.66398024559021 6.529529571533203 1.5349805355072021
v 0.988025426864624 5.63340425491333 4.245205402374268
v 0.1987088918685913 5.006851673126221 5.431547164916992
v -1.985005497932434 4.278118133544922 4.008215427398682
v -2.045258045196533 4.830014705657959 3.2772538661956787
v -2.045258045196533 4.830014705657959 3.2772538661956787
v -1.93985116481781 5.629696369171143 1.8790037631988525
v -1.93985116481781 5.629696369171143 1.8790037631988525
v -2.5255963802337646 5.103113651275635 3.101229190826416
v -2.5255963802337646 5.103113651275635 3.101229190826416
v -0.357139527797699 4.177303791046143 5.373763561248779
v -0.357139527797699 4.177303791046143 5.373763561248779
v -1.3203938007354736 4.045896053314209 4.864778518676758
v 1.3576843738555908 6.835325717926025 2.221942901611328
v 1.3576843738555908 6.835325717926025 2.221942901611328
v 1.3576843738555908 6.835325717926025 2.221942901611328
v 1.2259410619735718 6.7516679763793945 2.6880297660827637
v 1.2259410619735718 6.7516679763793945 2.6880297660827637
v 1.2035534381866455 6.145517349243164 3.410202980041504
v 1.420233964920044 5.783342361450195 3.8321263790130615
v 0.377643346786499 7.547515392303467 0.6411423683166504
v 0.235931396484375 7.584707736968994 0.0992172360420227
v -0.11311954259872437 7.649105072021484 -0.37027275562286377
v -0.11311954259872437 7.649105072021484 -0.37027275562286377
v 0.6600589156150818 7.3692097663879395 1.0708788633346558
v 0.9916486740112305 7.2287516593933105 1.456512212753296
v 1.1947301626205444 7.092397212982178 1.8155354261398315
v 1.1947301626205444 7.092397212982178 1.8155354261398315
v -1.2528432607650757 7.902541160583496 -0.04929937422275543
v -1.2528432607650757 7.902541160583496 -0.04929937422275543
v -1.7264630794525146 7.069253444671631 1.630574345588684
v -1.7264630794525146 7.069253444671631 1.630574345588684
v -1.6295902729034424 7.486202716827393 1.299875020980835
v -1.428688645362854 7.869242191314697 1.037850260734558
v 0.0959661602973938 5.353766441345215 4.662565231323242
v 0.4394300580024719 5.857458591461182 4.12095832824707
v -0.16792768239974976 5.203496932983398 5.0868659019470215
v 0.5836576223373413 4.553938865661621 5.964111328125
v 0.5836576223373413 4.553938865661621 5.964111328125
v 0.5836576223373413 4.553938865661621 5.964111328125
v 0.19330984354019165 4.80228853225708 5.870979309082031
v 0.19330984354019165 4.80228853225708 5.870979309082031
v 0.19330984354019165 4.80228853225708 5.870979309082031
v 0.19330984354019165 4.80228853225708 5.870979309082031
v -1.8574331998825073 4.725329875946045 3.7438714504241943
v -1.8574331998825073 4.725329875946045 3.7438714504241943
v -2.254648208618164 5.397102355957031 2.977447271347046
v -2.254648208618164 5.397102355957031 2.977447271347046
v -1.840903401374817 5.881872653961182 2.4424118995666504
v -1.840903401374817 5.881872653961182 2.4424118995666504
v -1.6901586055755615 4.190250873565674 4.461786270141602
v -0.2356448471546173 4.475253582000732 5.79865837097168
v -0.2356448471546173 4.475253582000732 5.79865837097168
v -0.2356448471546173 4.475253582000732 5.79865837097168
v -0.2356448471546173 4.475253582000732 5.79865837097168
v -0.7870786786079407 4.387069225311279 4.955191612243652
v -0.7870786786079407 4.387069225311279 4.955191612243652
v 1.0731167793273926 6.683061599731445 3.1676652431488037
v 1.0731167793273926 6.683061599731445 3.1676652431488037
v -0.611275315284729 7.990666389465332 -0.7102243304252625
v -0.611275315284729 7.990666389465332 -0.7102243304252625
v -1.4935358762741089 8.064997673034668 0.5060362219810486
v -1.4935358762741089 8.064997673034668 0.5060362219810486
v -0.9544493556022644 7.879176616668701 -0.395769864320755
v -1.743161678314209 6.157336235046387 1.9661403894424438
v -1.7566035985946655 6.6662068367004395 2.0141844749450684
v -1.7566035985946655 6.6662068367004395 2.0141844749450684
v 0.8501304388046265 6.004776954650879 3.797405242919922
v -0.06014358997344971 5.777891635894775 4.423346042633057
v -0.06014358997344971 5.777891635894775 4.423346042633057
v -0.06014358997344971 5.777891635894775 4.423346042633057
v -0.29104191064834595 4.990839004516602 5.660090446472168
v -0.29104191064834595 4.990839004516602 5.660090446472168
v -1.5321063995361328 4.640059947967529 4.146190166473389
v -1.5321063995361328 4.640059947967529 4.146190166473389
v -2.2510476112365723 5.0719990730285645 3.7223095893859863
v -2.2510476112365723 5.0719990730285645 3.7223095893859863
v -1.9006116390228271 5.649942398071289 2.9153740406036377
v -2.3041000366210938 5.540992259979248 3.2127139568328857
v -2.3041000366210938 5.540992259979248 3.2127139568328857
v -0.613211452960968 4.684817790985107 5.41109561920166
v -0.613211452960968 4.684817790985107 5.41109561920166
v -1.1920396089553833 4.529003143310547 4.546355724334717
v -1.1920396089553833 4.529003143310547 4.546355724334717
v 1.4789501428604126 7.1186652183532715 2.5604231357574463
v 1.4789501428604126 7.1186652183532715 2.5604231357574463
v 1.604172706604004 7.277380466461182 1.9978663921356201
v 1.604172706604004 7.277380466461182 1.9978663921356201
v 1.3749101161956787 7.071608066558838 3.1745691299438477
v 1.3749101161956787 7.071608066558838 3.1745691299438477
v 0.7886755466461182 6.569759845733643 3.534416437149048
v 0.7886755466461182 6.569759845733643 3.534416437149048
v 0.5982589721679688 7.931153297424316 0.3178328573703766
v 0.7184845209121704 7.829687595367432 0.8377467393875122
v 0.35296058654785156 8.001903533935547 -0.20424287021160126
v -0.012381434440612793 8.036139488220215 -0.7219362854957581
v -0.012381434440612793 8.036139488220215 -0.7219362854957581
v -0.012381434440612793 8.036139488220215 -0.7219362854957581
v 0.9927784204483032 7.653006076812744 1.2577104568481445
v 0.9927784204483032 7.653006076812744 1.2577104568481445
v -1.23428213596344 8.207718849182129 0.3645961880683899
v -0.7651731967926025 8.18253231048584 -0.3599989712238312
v -0.7651731967926025 8.18253231048584 -0.3599989712238312
v -2.2092902660369873 6.928588390350342 1.9020509719848633
v -2.2092902660369873 6.928588390350342 1.9020509719848633
v -2.145667314529419 7.392344951629639 1.4920217990875244
v -2.145667314529419 7.392344951629639 1.4920217990875244
v -2.0231168270111084 7.950294017791748 1.2425904273986816
v -2.0231168270111084 7.950294017791748 1.2425904273986816
v -1.7992401123046875 8.490973472595215 1.019601821899414
v -1.7992401123046875 8.490973472595215 1.019601821899414
v -1.7992401123046875 8.490973472595215 1.019601821899414
v -0.3400474786758423 5.640852928161621 4.876370429992676
v -0.3400474786758423 5.640852928161621 4.876370429992676
v 0.47317415475845337 6.458856105804443 3.9371232986450195
v 0.47317415475845337 6.458856105804443 3.9371232986450195
v -0.0426064133644104 6.23854398727417 4.070780277252197
v -0.0426064133644104 6.23854398727417 4.070780277252197
v -0.6217027902603149 5.2625017166137695 5.2778167724609375
v -0.6217027902603149 5.2625017166137695 5.2778167724609375
v -1.9793570041656494 4.952545642852783 4.283661365509033
v -1.9793570041656494 4.952545642852783 4.283661365509033
v -1.939314842224121 5.413302421569824 3.4339704513549805
v -1.939314842224121 5.413302421569824 3.4339704513549805
v -1.7492365837097168 6.384284973144531 2.460742235183716
v -1.5851552486419678 6.132543087005615 2.963488817214966
v -1.5851552486419678 6.132543087005615 2.963488817214966
v -1.5851552486419678 6.132543087005615 2.963488817214966
v -1.1076768636703491 4.908164024353027 5.052172660827637
v -1.1076768636703491 4.908164024353027 5.052172660827637
v 1.652165412902832 7.482991695404053 1.4311413764953613
v 1.652165412902832 7.482991695404053 1.4311413764953613
v 1.2735323905944824 6.84967565536499 3.5443015098571777
v 1.2735323905944824 6.84967565536499 3.5443015098571777
v -0.32919901609420776 8.325498580932617 -0.601911187171936
v -0.32919901609420776 8.325498580932617 -0.601911187171936
v -1.3096966743469238 8.53565788269043 0.7521924376487732
v -0.8255406618118286 8.355466842651367 0.06749631464481354
v -2.1214699745178223 6.640018463134766 2.383244752883911
v -0.23291617631912231 6.136212348937988 4.758142948150635
v 0.034909844398498535 6.267550945281982 4.604908466339111
v 0.034909844398498535 6.267550945281982 4.604908466339111
v -1.5813841819763184 4.892259120941162 4.670496940612793
v -1.5813841819763184 4.892259120941162 4.670496940612793
v -1.9928503036499023 5.376685619354248 3.9764533042907715
v -1.5347298383712769 5.759446620941162 3.340012788772583
v 1.4320522546768188 7.760469436645508 2.4606592655181885
v 1.4966034889221191 7.5991973876953125 2.983571767807007
v 1.4356247186660767 7.888398170471191 1.853201150894165
v 1.0327132940292358 7.199645042419434 3.5889174938201904
v 0.9746181964874268 6.800541877746582 3.949087142944336
v 0.9746181964874268 6.800541877746582 3.949087142944336
v 0.3026771545410156 8.477644920349121 0.34161221981048584
v 0.7756121158599854 8.325577735900879 0.7020871043205261
v 0.9782634973526001 8.160110473632812 1.0897632837295532
v -0.05716502666473389 8.387334823608398 -0.15207752585411072
v -0.05716502666473389 8.387334823608398 -0.15207752585411072
v 1.5072270631790161 7.982120990753174 1.1890043020248413
v 1.5072270631790161 7.982120990753174 1.1890043020248413
v 1.5072270631790161 7.982120990753174 1.1890043020248413
v -0.8921575546264648 8.643597602844238 0.48051977157592773
v -0.4413527846336365 8.371400833129883 -0.04229072481393814
v -1.991744041442871 7.469449996948242 2.07966685295105
v -1.9139275550842285 7.016900062561035 2.539705276489258
v -1.9900541305541992 7.930118083953857 1.772998571395874
v -1.971250295639038 8.484687805175781 1.5658869743347168
v -1.4830546379089355 8.893685340881348 1.1365444660186768
v -1.4830546379089355 8.893685340881348 1.1365444660186768
v -0.7221412658691406 5.961348056793213 4.723953723907471
v -0.7221412658691406 5.961348056793213 4.723953723907471
v -0.7221412658691406 5.961348056793213 4.723953723907471
v -0.920173704624176 5.512142181396484 4.950085639953613
v -0.920173704624176 5.512142181396484 4.950085639953613
v 0.1474124789237976 6.656244277954102 4.352610111236572
v 0.1474124789237976 6.656244277954102 4.352610111236572
v -1.5621376037597656 5.295978546142578 4.341363906860352
v -1.5473432540893555 5.4915924072265625 3.8361833095550537
v -1.79156494140625 6.540375232696533 2.9611754417419434
v -1.2862013578414917 6.177721977233887 3.408459424972534
v -1.2862013578414917 6.177721977233887 3.408459424972534
v -1.0308425426483154 5.173033237457275 4.614318370819092
v 1.2892048358917236 7.598933696746826 3.361130952835083
v -1.0653859376907349 8.949265480041504 0.9004813432693481
v -0.3094615340232849 8.650431632995605 0.29996347427368164
v -0.3094615340232849 8.650431632995605 0.29996347427368164
v -1.9950237274169922 9.027857780456543 1.2866382598876953
v -1.9950237274169922 9.027857780456543 1.2866382598876953
v -1.9950237274169922 9.027857780456543 1.2866382598876953
v -0.5700339078903198 6.446109771728516 4.61861515045166
v -0.5700339078903198 6.446109771728516 4.61861515045166
v -0.5700339078903198 6.446109771728516 4.61861515045166
v -0.07645529508590698 6.706518173217773 4.822998523712158
v 0.7077271938323975 6.909224033355713 4.377074241638184
v 0.7077271938323975 6.909224033355713 4.377074241638184
v 0.7077271938323975 6.909224033355713 4.377074241638184
v -1.190940022468567 5.817362308502197 3.755845308303833
v -1.6063873767852783 6.367098331451416 3.4524893760681152
v -1.6063873767852783 6.367098331451416 3.4524893760681152
v 1.4428894519805908 8.333942413330078 2.364941120147705
v 1.5963948965072632 8.106453895568848 2.933340311050415
v 1.394824504852295 8.460405349731445 1.6663373708724976
v 1.0686296224594116 7.580928802490234 3.8244788646698
v 0.7583838701248169 7.268331527709961 4.031817436218262
v 0.5575872659683228 8.787857055664062 0.8056820034980774
v 1.058794379234314 8.701016426086426 0.9613473415374756
v 1.4700663089752197 8.485651969909668 1.006089448928833
v 1.4700663089752197 8.485651969909668 1.006089448928833
v -0.5473772883415222 9.008410453796387 0.6830627918243408
v -1.9333816766738892 7.53252649307251 2.8114876747131348
v -2.0207486152648926 8.000724792480469 2.4680540561676025
v -1.7593445777893066 7.092161178588867 3.0998218059539795
v -1.7593445777893066 7.092161178588867 3.0998218059539795
v -2.091500997543335 8.467720985412598 2.091204881668091
v -2.218900442123413 8.963459014892578 1.8084615468978882
v -1.185739517211914 9.207558631896973 1.3355205059051514
v -1.7028529644012451 9.196125030517578 1.5821171998977661
v -1.7028529644012451 9.196125030517578 1.5821171998977661
v -0.6393311619758606 5.923244953155518 4.119067668914795
v -0.8551833629608154 5.603348255157471 4.408675670623779
v 0.2544560432434082 7.122165203094482 4.575811862945557
v -1.128735065460205 5.471678256988525 4.152591705322266
v -1.5541729927062988 6.811521530151367 3.479275703430176
v -1.5541729927062988 6.811521530151367 3.479275703430176
v -0.9721226096153259 6.232990741729736 3.6835732460021973
v -0.9721226096153259 6.232990741729736 3.6835732460021973
v 1.3043174743652344 8.021334648132324 3.6417672634124756
v 0.03595232963562012 8.91571044921875 0.6422799825668335
v 0.03595232963562012 8.91571044921875 0.6422799825668335
v -0.6982486248016357 9.339632034301758 1.0403300523757935
v -2.3606269359588623 9.520103454589844 1.6205053329467773
v -2.1480839252471924 9.576937675476074 1.3511700630187988
v -2.1480839252471924 9.576937675476074 1.3511700630187988
v -0.5039793252944946 6.445936679840088 4.077556133270264
v -0.5039793252944946 6.445936679840088 4.077556133270264
v -0.5585871934890747 6.9868927001953125 4.808744430541992
v -0.5585871934890747 6.9868927001953125 4.808744430541992
v 0.6638458967208862 7.395074844360352 4.591139793395996
v 0.6638458967208862 7.395074844360352 4.591139793395996
v -0.13262975215911865 7.256234169006348 4.907464504241943
v -1.2289904356002808 6.54027795791626 3.971497058868408
v -1.2289904356002808 6.54027795791626 3.971497058868408
v 1.5356309413909912 8.740735054016113 2.199693202972412
v 1.5154006481170654 8.481005668640137 3.260956048965454
v 1.3989566564559937 8.96953010559082 1.3707904815673828
v 1.3989566564559937 8.96953010559082 1.3707904815673828
v 1.3989566564559937 8.96953010559082 1.3707904815673828
v 1.355423927307129 7.989377975463867 4.201694011688232
v 0.6920536756515503 7.791233062744141 4.190940856933594
v 0.35116899013519287 9.173393249511719 1.0430631637573242
v 0.8537018299102783 8.98820972442627 1.2035619020462036
v -0.17122888565063477 9.31660270690918 0.9365985989570618
v -0.17122888565063477 9.31660270690918 0.9365985989570618
v -2.3020524978637695 7.72039270401001 3.0043859481811523
v -2.3020524978637695 7.72039270401001 3.0043859481811523
v -2.149773120880127 7.2592573165893555 3.2022314071655273
v -2.149773120880127 7.2592573165893555 3.2022314071655273
v -2.0169875621795654 8.52690601348877 2.709623098373413
v -2.0169875621795654 8.52690601348877 2.709623098373413
v -1.9589929580688477 6.938920021057129 3.473459005355835
v -1.9492177963256836 9.000178337097168 2.309272050857544
v -2.092942237854004 9.512870788574219 2.070139169692993
v -0.8067302107810974 9.651213645935059 1.3599482774734497
v -0.8067302107810974 9.651213645935059 1.3599482774734497
v -1.3176727294921875 9.460406303405762 1.7982842922210693
v -1.3176727294921875 9.460406303405762 1.7982842922210693
v -1.7906858921051025 9.74016284942627 1.7722033262252808
v -0.8094883561134338 6.835163593292236 4.382123947143555
v 0.2553572654724121 7.587492942810059 4.810732841491699
v -1.703999400138855 6.771060943603516 3.8648152351379395
v 1.3543452024459839 8.8504638671875 2.781879425048828
v 1.3069756031036377 9.157886505126953 2.010148286819458
v 1.4059048891067505 8.573920249938965 3.8165504932403564
v -0.26784682273864746 9.667858123779297 1.2575099468231201
v -0.26784682273864746 9.667858123779297 1.2575099468231201
v -0.26784682273864746 9.667858123779297 1.2575099468231201
v -2.365877628326416 8.247050285339355 2.852940797805786
v -2.365877628326416 8.247050285339355 2.852940797805786
v -2.365877628326416 8.247050285339355 2.852940797805786
v -2.409775733947754 10.073653221130371 1.9533894062042236
v -2.409775733947754 10.073653221130371 1.9533894062042236
v -2.2396576404571533 10.074848175048828 1.5018268823623657
v -2.2396576404571533 10.074848175048828 1.5018268823623657
v -1.068506121635437 7.264194488525391 4.683023452758789
v -1.068506121635437 7.264194488525391 4.683023452758789
v -0.6138108968734741 7.543027400970459 4.864182949066162
v 0.7378444671630859 7.869315147399902 4.8142242431640625
v 0.7378444671630859 7.869315147399902 4.8142242431640625
v -0.16148215532302856 7.725581645965576 5.173401355743408
v -1.3605785369873047 6.864627838134766 4.408568859100342
v 1.5048635005950928 9.26720142364502 2.5361695289611816
v 1.2862075567245483 8.964749336242676 3.4010589122772217
v 1.5864043235778809 9.638931274414062 1.7680212259292603
v 1.1854480504989624 8.66618824005127 4.273542404174805
v 0.9670324325561523 8.271402359008789 4.568500995635986
v 0.6387561559677124 9.36505126953125 1.4841285943984985
v 0.20444035530090332 9.513376235961914 1.298787236213684
v 0.20444035530090332 9.513376235961914 1.298787236213684
v 1.0319421291351318 9.249900817871094 1.593727707862854
v 1.0319421291351318 9.249900817871094 1.593727707862854
v -1.8675072193145752 7.625179767608643 3.4130167961120605
v -2.0649571418762207 8.069581985473633 3.288991928100586
v -1.7535815238952637 7.176692485809326 3.5957202911376953
v -2.3121466636657715 8.519055366516113 3.174792528152466
v -2.3121466636657715 8.519055366516113 3.174792528152466
v -1.8824048042297363 9.0881986618042 2.8981902599334717
v -2.082474946975708 9.515762329101562 2.648202657699585
v -2.178236961364746 9.9889497756958 2.4685757160186768
v -2.178236961364746 9.9889497756958 2.4685757160186768
v -1.057573676109314 9.922009468078613 1.7967888116836548
v -1.057573676109314 9.922009468078613 1.7967888116836548
v -0.4610092043876648 9.955351829528809 1.0547443628311157
v -1.448195219039917 9.772001266479492 2.2340831756591797
v -1.448195219039917 9.772001266479492 2.2340831756591797
v -1.448195219039917 9.772001266479492 2.2340831756591797
v -1.8519049882888794 10.16217041015625 2.083282947540283
v -1.8519049882888794 10.16217041015625 2.083282947540283
v 0.3180164098739624 7.992799758911133 5.259305000305176
v -1.408058524131775 7.070012092590332 3.9475574493408203
v 1.2505143880844116 9.3886137008667 3.0656943321228027
v 1.5719342231750488 9.705633163452148 2.2966763973236084
v 1.049723744392395 9.084083557128906 3.9043753147125244
v 1.5734314918518066 9.534680366516113 1.3961907625198364
v 1.5734314918518066 9.534680366516113 1.3961907625198364
v 0.3092055320739746 10.115768432617188 1.06515371799469
v 0.3092055320739746 10.115768432617188 1.06515371799469
v 0.3092055320739746 10.115768432617188 1.06515371799469
v -1.9108705520629883 8.572281837463379 3.258312702178955
v -1.9108705520629883 8.572281837463379 3.258312702178955
v -2.2869486808776855 10.420761108398438 1.748827338218689
v -2.2869486808776855 10.420761108398438 1.748827338218689
v -2.2869486808776855 10.420761108398438 1.748827338218689
v -0.9698903560638428 10.02088451385498 1.5108808279037476
v -0.9698903560638428 10.02088451385498 1.5108808279037476
v -0.08283078670501709 10.0582275390625 0.864679753780365
v -0.7731627225875854 10.167691230773926 1.097499132156372
v -0.7731627225875854 10.167691230773926 1.097499132156372
v -1.1930352449417114 7.41987419128418 4.236880302429199
v -1.1798897981643677 7.64583158493042 4.9222517013549805
v -1.1798897981643677 7.64583158493042 4.9222517013549805
v -0.7188649773597717 7.8573832511901855 5.25760555267334
v 0.7394102811813354 8.39052677154541 5.155010223388672
v 0.7394102811813354 8.39052677154541 5.155010223388672
v -0.2776845693588257 8.188097953796387 5.527834415435791
v 1.459994912147522 9.815832138061523 2.8336963653564453
v 1.2087632417678833 9.536580085754395 3.623020648956299
v 1.5623973608016968 10.10771369934082 2.0669102668762207
v 1.5623973608016968 10.10771369934082 2.0669102668762207
v 1.718799114227295 10.129590034484863 1.5873184204101562
v 1.718799114227295 10.129590034484863 1.5873184204101562
v 1.718799114227295 10.129590034484863 1.5873184204101562
v 0.9846833944320679 9.228626251220703 4.438464641571045
v 0.7835298776626587 8.87070369720459 4.665032386779785
v 0.7835298776626587 8.87070369720459 4.665032386779785
v 0.8286607265472412 9.61144733428955 2.0074119567871094
v 0.8286607265472412 9.61144733428955 2.0074119567871094
v 0.8286607265472412 9.61144733428955 2.0074119567871094
v 0.5967317819595337 9.864925384521484 1.4996953010559082
v 0.5967317819595337 9.864925384521484 1.4996953010559082
v 1.2137879133224487 9.8654203414917 1.711794137954712
v 1.2137879133224487 9.8654203414917 1.711794137954712
v -1.4459973573684692 7.523757457733154 3.7518978118896484
v -1.903374433517456 7.893095016479492 3.7683560848236084
v -1.9686286449432373 8.417890548706055 3.663562774658203
v -1.9686286449432373 8.417890548706055 3.663562774658203
v -1.8158750534057617 9.125943183898926 3.4099581241607666
v -2.1695382595062256 9.800163269042969 3.050544500350952
v -2.1695382595062256 9.800163269042969 3.050544500350952
v -2.1738877296447754 9.894556999206543 2.7595603466033936
v -2.1738877296447754 9.894556999206543 2.7595603466033936
v -1.7398507595062256 9.904801368713379 2.6469037532806396
v -0.6235827803611755 10.05263614654541 1.9487675428390503
v -0.9238669872283936 9.982303619384766 2.357154369354248
v -0.44477391242980957 10.307716369628906 0.7283927798271179
v -0.44477391242980957 10.307716369628906 0.7283927798271179
v -1.0596001148223877 7.749289512634277 4.5545525550842285
v 0.2695120573043823 8.351119995117188 5.419523239135742
v 1.4363759756088257 9.978641510009766 3.3306005001068115
v 1.4363759756088257 9.978641510009766 3.3306005001068115
v 1.462059736251831 10.21988296508789 2.690809726715088
v 1.462059736251831 10.21988296508789 2.690809726715088
v 0.8919879198074341 9.763243675231934 4.161667346954346
v 0.04814910888671875 10.498459815979004 0.7580296993255615
v 0.04814910888671875 10.498459815979004 0.7580296993255615
v 0.10322976112365723 10.108073234558105 1.5500445365905762
v -1.7275373935699463 8.612781524658203 3.806718349456787
v -1.7275373935699463 8.612781524658203 3.806718349456787
v -1.7275373935699463 8.612781524658203 3.806718349456787
v -0.3873598575592041 10.267019271850586 1.5236952304840088
v -0.3873598575592041 10.267019271850586 1.5236952304840088
v -0.6015134453773499 10.595436096191406 0.9607865214347839
v -0.6015134453773499 10.595436096191406 0.9607865214347839
v -0.6015134453773499 10.595436096191406 0.9607865214347839
v -1.2795790433883667 9.948179244995117 2.7503955364227295
v -1.3560786247253418 7.963090419769287 4.6996026039123535
v -1.230064034461975 7.981437683105469 5.229088306427002
v -1.230064034461975 7.981437683105469 5.229088306427002
v -1.0294549465179443 8.340764045715332 5.4232659339904785
v -1.0294549465179443 8.340764045715332 5.4232659339904785
v 0.5219521522521973 8.841803550720215 5.162572383880615
v 0.5219521522521973 8.841803550720215 5.162572383880615
v 0.22100818157196045 8.709436416625977 5.579741954803467
v 0.22100818157196045 8.709436416625977 5.579741954803467
v 0.22100818157196045 8.709436416625977 5.579741954803467
v -0.29411786794662476 8.657331466674805 5.636395454406738
v -1.5541120767593384 7.911744117736816 4.154031276702881
v 1.2549608945846558 10.215194702148438 3.843475103378296
v 1.2549608945846558 10.215194702148438 3.843475103378296
v 1.0919278860092163 9.992670059204102 2.298537492752075
v 0.6168146133422852 9.41777515411377 4.620997905731201
v 0.38768208026885986 9.955876350402832 2.0194547176361084
v -0.15752184391021729 10.454605102539062 1.137201189994812
v -2.0263867378234863 8.263498306274414 4.068812847137451
v -2.0263867378234863 8.263498306274414 4.068812847137451
v -2.0688490867614746 9.751370429992676 3.6880433559417725
v -2.0688490867614746 9.751370429992676 3.6880433559417725
v -1.6793979406356812 9.193915367126465 3.8922119140625
v -0.10789895057678223 10.102063179016113 2.054523229598999
v -0.10789895057678223 10.102063179016113 2.054523229598999
v -0.35728418827056885 10.178853988647461 2.6086678504943848
v -0.35728418827056885 10.178853988647461 2.6086678504943848
v -0.35728418827056885 10.178853988647461 2.6086678504943848
v -0.7196177244186401 10.062965393066406 2.9577584266662598
v -0.7196177244186401 10.062965393066406 2.9577584266662598
v -0.7196177244186401 10.062965393066406 2.9577584266662598
v -0.2609090805053711 10.94618034362793 0.7879947423934937
v -0.2609090805053711 10.94618034362793 0.7879947423934937
v -0.2609090805053711 10.94618034362793 0.7879947423934937
v -1.6127516031265259 9.784795761108398 3.174487829208374
v -0.7891925573348999 8.702885627746582 5.569021701812744
v -0.7891925573348999 8.702885627746582 5.569021701812744
v -0.7891925573348999 8.702885627746582 5.569021701812744
v 0.18727529048919678 9.046114921569824 4.704301357269287
v 0.18727529048919678 9.046114921569824 4.704301357269287
v 0.18727529048919678 9.046114921569824 4.704301357269287
v 1.0657994747161865 9.875232696533203 2.8970117568969727
v 0.8866760730743408 10.062134742736816 3.4115161895751953
v 0.8263862133026123 10.361827850341797 4.350827693939209
v 0.8263862133026123 10.361827850341797 4.350827693939209
v 0.5143569707870483 10.012824058532715 4.7191548347473145
v 0.5143569707870483 10.012824058532715 4.7191548347473145
v 0.5143569707870483 10.012824058532715 4.7191548347473145
v 0.6988584995269775 9.834432601928711 2.4987547397613525
v -1.9314590692520142 8.519350051879883 4.197938442230225
v -1.9314590692520142 8.519350051879883 4.197938442230225
v -1.9314590692520142 8.519350051879883 4.197938442230225
v -1.459310531616211 8.737493515014648 4.2624640464782715
v -1.459310531616211 8.737493515014648 4.2624640464782715
v -1.2037451267242432 10.11469841003418 3.2405107021331787
v -1.6416511535644531 8.305684089660645 4.509067535400391
v -1.3575795888900757 8.390972137451172 4.99161958694458
v -1.2147700786590576 8.854618072509766 5.2232441902160645
v -1.2147700786590576 8.854618072509766 5.2232441902160645
v -0.08400976657867432 8.926715850830078 5.139041900634766
v -0.3454883098602295 9.253393173217773 5.512138843536377
v -0.3454883098602295 9.253393173217773 5.512138843536377
v 0.6375130414962769 10.18099594116211 3.9015793800354004
v 0.2571486234664917 9.629637718200684 4.8569536209106445
v 0.2571486234664917 9.629637718200684 4.8569536209106445
v 0.18448162078857422 10.028717041015625 2.571927785873413
v -1.4895758628845215 9.986871719360352 3.6966025829315186
v -1.8224008083343506 9.637378692626953 4.0556254386901855
v -1.6732184886932373 9.211167335510254 4.3763108253479
v -0.7158096432685852 10.523871421813965 2.852766990661621
v -0.7158096432685852 10.523871421813965 2.852766990661621
v -0.7158096432685852 10.523871421813965 2.852766990661621
v -0.7158096432685852 10.523871421813965 2.852766990661621
v -0.809373140335083 10.46672534942627 3.355347156524658
v -0.809373140335083 10.46672534942627 3.355347156524658
v -0.809373140335083 10.46672534942627 3.355347156524658
v -0.660272479057312 8.819280624389648 5.125042915344238
v -0.4273558259010315 9.036259651184082 4.7396111488342285
v -0.4273558259010315 9.036259651184082 4.7396111488342285
v 0.5199912786483765 10.032374382019043 2.993557929992676
v 0.4070855379104614 10.237813949584961 3.4445536136627197
v 0.20749008655548096 10.032591819763184 4.3727545738220215
v 0.20749008655548096 10.032591819763184 4.3727545738220215
v -0.10404253005981445 9.546753883361816 4.5198845863342285
v -1.5690205097198486 8.78447437286377 4.7247138023376465
v -1.5690205097198486 8.78447437286377 4.7247138023376465
v -1.8131214380264282 10.146377563476562 4.203664302825928
v -1.8131214380264282 10.146377563476562 4.203664302825928
v -1.2981104850769043 9.262249946594238 4.590465545654297
v 0.25293731689453125 10.455613136291504 2.8986756801605225
v 0.25293731689453125 10.455613136291504 2.8986756801605225
v -0.09321630001068115 10.767168045043945 2.7487716674804688
v -0.09321630001068115 10.767168045043945 2.7487716674804688
v -0.09321630001068115 10.767168045043945 2.7487716674804688
v -1.0082911252975464 10.162046432495117 3.728675127029419
v -1.0653142929077148 8.837790489196777 4.6720356941223145
v -1.0653142929077148 8.837790489196777 4.6720356941223145
v -1.0653142929077148 8.837790489196777 4.6720356941223145
v 0.05374109745025635 10.20405101776123 3.8839430809020996
v 0.05374109745025635 10.20405101776123 3.8839430809020996
v -1.1993314027786255 10.126363754272461 4.100558280944824
v -1.506754755973816 9.70927906036377 4.432395935058594
v -0.40617597103118896 10.588150024414062 3.014078140258789
v -0.40617597103118896 10.588150024414062 3.014078140258789
v -0.48871588706970215 10.947429656982422 2.784619092941284
v -0.48871588706970215 10.947429656982422 2.784619092941284
v -0.5008805990219116 10.302943229675293 3.8308873176574707
v -0.5008805990219116 10.302943229675293 3.8308873176574707
v -0.5008805990219116 10.302943229675293 3.8308873176574707
v -0.6009030342102051 9.640104293823242 4.621838569641113
v -0.12605059146881104 10.460053443908691 3.3554680347442627
v -0.2570284605026245 9.947855949401855 4.256470680236816
v -1.3979955911636353 10.20612621307373 4.60744571685791
v -1.3979955911636353 10.20612621307373 4.60744571685791
v -1.3979955911636353 10.20612621307373 4.60744571685791
v -0.9052714109420776 9.229537963867188 4.907691478729248
v -0.9052714109420776 9.229537963867188 4.907691478729248
v -1.0761090517044067 9.845006942749023 4.904057502746582
v -1.0761090517044067 9.845006942749023 4.904057502746582
v -0.8022831678390503 10.009568214416504 4.291362762451172
v -0.8022831678390503 10.009568214416504 4.291362762451172
v 3.4582581520080566 -6.6680779457092285 2.6406145095825195
v 3.4582581520080566 -6.6680779457092285 2.6406145095825195
v 3.408107280731201 -6.66807746887207 3.1968159675598145
v 3.408107280731201 -6.66807746887207 3.1968159675598145
v 3.4581165313720703 -6.6680779457092285 2.5980021953582764
v 3.4581165313720703 -6.6680779457092285 2.5980021953582764
v 3.4112930297851562 -6.668078422546387 3.2602968215942383
v 3.4112930297851562 -6.668078422546387 3.2602968215942383
v 3.4112930297851562 -6.668078422546387 3.2602968215942383
v 3.4477341175079346 -6.66807746887207 3.7376935482025146
v 3.4477341175079346 -6.66807746887207 3.7376935482025146
v 3.443702459335327 -6.66807746887207 1.9938526153564453
v 3.443702459335327 -6.66807746887207 1.9938526153564453
v 3.443702459335327 -6.66807746887207 1.9938526153564453
v 3.445389747619629 -6.668078422546387 2.043713331222534
v 3.445389747619629 -6.668078422546387 2.043713331222534
v 3.4435431957244873 -6.66807746887207 1.9902479648590088
v 3.4435431957244873 -6.66807746887207 1.9902479648590088
v 3.4370179176330566 -6.66807746887207 1.4020990133285522
v 3.4370179176330566 -6.66807746887207 1.4020990133285522
v 3.4370245933532715 -6.6680779457092285 1.4229180812835693
v 3.4370245933532715 -6.6680779457092285 1.4229180812835693
v 3.412522554397583 -6.66807746887207 0.8636349439620972
v 3.412522554397583 -6.66807746887207 0.8636349439620972
v 3.412522554397583 -6.66807746887207 0.8636349439620972
v 3.4142751693725586 -6.6680779457092285 0.8261371850967407
v 3.4142751693725586 -6.6680779457092285 0.8261371850967407
v 3.4272055625915527 -6.66807746887207 0.2629203498363495
v 3.4272055625915527 -6.66807746887207 0.2629203498363495
v 3.4272055625915527 -6.66807746887207 0.2629203498363495
v 3.4255948066711426 -6.66807746887207 0.2917221188545227
v 3.4255948066711426 -6.66807746887207 0.2917221188545227
v 3.4251861572265625 -6.668076992034912 -0.2824934720993042
v 3.4251861572265625 -6.668076992034912 -0.2824934720993042
v 3.424377918243408 -6.66807746887207 -0.29962795972824097
v 3.424377918243408 -6.66807746887207 -0.29962795972824097
v 3.408397674560547 -6.66807746887207 -0.8485839366912842
v 3.408397674560547 -6.66807746887207 -0.8485839366912842
v 3.408397674560547 -6.66807746887207 -0.8485839366912842
v 3.4090731143951416 -6.6680779457092285 -0.8681890368461609
v 3.4090731143951416 -6.6680779457092285 -0.8681890368461609
v 3.419276475906372 -6.66807746887207 -1.4111403226852417
v 3.419276475906372 -6.66807746887207 -1.4111403226852417
v 3.419276475906372 -6.66807746887207 -1.4111403226852417
v 3.3838324546813965 -6.668076992034912 -2.5368478298187256
v 3.3838324546813965 -6.668076992034912 -2.5368478298187256
v 3.3832616806030273 -6.66807746887207 -2.5579471588134766
v 3.3832616806030273 -6.66807746887207 -2.5579471588134766
v 3.416901111602783 -6.668076992034912 -3.1067991256713867
v 3.416901111602783 -6.668076992034912 -3.1067991256713867
v 3.416901111602783 -6.668076992034912 -3.1067991256713867
v 3.3983404636383057 -6.66807746887207 -1.9724493026733398
v 3.3983404636383057 -6.66807746887207 -1.9724493026733398
v 3.3983404636383057 -6.66807746887207 -1.9724493026733398
v 3.3954389095306396 -6.66807746887207 -2.0062079429626465
v 3.3954389095306396 -6.66807746887207 -2.0062079429626465
v 3.3954389095306396 -6.66807746887207 -2.0062079429626465
v 3.4189271926879883 -6.66807746887207 -1.4443588256835938
v 3.4189271926879883 -6.66807746887207 -1.4443588256835938
v 3.4169423580169678 -6.668076992034912 -3.1091713905334473
v 3.4169423580169678 -6.668076992034912 -3.1091713905334473
v 3.4169423580169678 -6.668076992034912 -3.1091713905334473
v 3.3831868171691895 -6.66807746887207 -4.266958713531494
v 3.3831868171691895 -6.66807746887207 -4.266958713531494
v 3.3828659057617188 -6.66807746887207 -4.275064468383789
v 3.3828659057617188 -6.66807746887207 -4.275064468383789
v 3.3828659057617188 -6.66807746887207 -4.275064468383789
v 3.3825645446777344 -6.668076992034912 -4.371484279632568
v 3.3825645446777344 -6.668076992034912 -4.371484279632568
v 3.389540433883667 -6.66807746887207 -3.680267810821533
v 3.389540433883667 -6.66807746887207 -3.680267810821533
v 3.3889307975769043 -6.668076992034912 -3.686816692352295
v 3.3889307975769043 -6.668076992034912 -3.686816692352295
v 3.409766912460327 -6.66807746887207 -3.2640721797943115
v 3.409766912460327 -6.66807746887207 -3.2640721797943115
v 1.2695094347000122 -6.6680779457092285 -5.362997531890869
v 1.2695094347000122 -6.6680779457092285 -5.362997531890869
v 1.2695094347000122 -6.6680779457092285 -5.362997531890869
v 0.6891511678695679 -6.668076992034912 -5.328237533569336
v 0.6891511678695679 -6.668076992034912 -5.328237533569336
v 0.6891511678695679 -6.668076992034912 -5.328237533569336
v 0.2695966958999634 -6.66807746887207 -5.450900077819824
v 0.2695966958999634 -6.66807746887207 -5.450900077819824
v 0.7864604592323303 -6.668076992034912 -5.3169941902160645
v 0.7864604592323303 -6.668076992034912 -5.3169941902160645
v 1.3858002424240112 -6.66807746887207 -5.358906269073486
v 1.3858002424240112 -6.66807746887207 -5.358906269073486
v 1.3858002424240112 -6.66807746887207 -5.358906269073486
v -1.1703013181686401 -6.66807746887207 -5.746335029602051
v -1.1703013181686401 -6.66807746887207 -5.746335029602051
v -1.1703013181686401 -6.66807746887207 -5.746335029602051
v -1.205876111984253 -6.66807746887207 -5.740495204925537
v -1.205876111984253 -6.66807746887207 -5.740495204925537
v -0.7810342311859131 -6.66807746887207 -5.68571662902832
v -0.7810342311859131 -6.66807746887207 -5.68571662902832
v -0.5585408210754395 -6.66807746887207 -5.670799732208252
v -0.5585408210754395 -6.66807746887207 -5.670799732208252
v -0.25392651557922363 -6.66807746887207 -5.567080497741699
v -0.25392651557922363 -6.66807746887207 -5.567080497741699
v -0.25392651557922363 -6.66807746887207 -5.567080497741699
v 1.9949772357940674 -6.66807746887207 -5.440927982330322
v 1.9949772357940674 -6.66807746887207 -5.440927982330322
v 1.8323709964752197 -6.66807746887207 -5.433128356933594
v 1.8323709964752197 -6.66807746887207 -5.433128356933594
v 1.8323709964752197 -6.66807746887207 -5.433128356933594
v 2.4238827228546143 -6.668076992034912 -5.4936370849609375
v 2.4238827228546143 -6.668076992034912 -5.4936370849609375
v 2.4238827228546143 -6.668076992034912 -5.4936370849609375
v 2.5972208976745605 -6.668076992034912 -5.498625755310059
v 2.5972208976745605 -6.668076992034912 -5.498625755310059
v 2.5972208976745605 -6.668076992034912 -5.498625755310059
v 3.156834125518799 -6.66807746887207 -5.503830909729004
v 3.156834125518799 -6.66807746887207 -5.503830909729004
v 3.156834125518799 -6.66807746887207 -5.503830909729004
v 3.2635927200317383 -6.668076992034912 -5.422630786895752
v 3.2635927200317383 -6.668076992034912 -5.422630786895752
v 3.2635927200317383 -6.668076992034912 -5.422630786895752
v 0.06811141967773438 -6.66807746887207 -5.466543674468994
v 0.06811141967773438 -6.66807746887207 -5.466543674468994
v 3.3786380290985107 -6.66807746887207 -4.854804992675781
v 3.3786380290985107 -6.66807746887207 -4.854804992675781
v 3.374314785003662 -6.668076992034912 -4.889334201812744
v 3.374314785003662 -6.668076992034912 -4.889334201812744
v 3.374314785003662 -6.668076992034912 -4.889334201812744
v -2.208352565765381 -6.66807746887207 5.313266277313232
v -2.208352565765381 -6.66807746887207 5.313266277313232
v -1.9293906688690186 -6.66807746887207 5.340742588043213
v -1.9293906688690186 -6.66807746887207 5.340742588043213
v -1.2890985012054443 -6.6680779457092285 5.30060338973999
v -1.2890985012054443 -6.6680779457092285 5.30060338973999
v -1.1521613597869873 -6.66807746887207 5.294179439544678
v -1.1521613597869873 -6.66807746887207 5.294179439544678
v -0.7036862373352051 -6.66807746887207 5.295152187347412
v -0.7036862373352051 -6.66807746887207 5.295152187347412
v -2.605499267578125 -6.668076992034912 5.269131660461426
v -2.605499267578125 -6.668076992034912 5.269131660461426
v -1.6785798072814941 -6.66807746887207 5.317534923553467
v -1.6785798072814941 -6.66807746887207 5.317534923553467
v -1.6785798072814941 -6.66807746887207 5.317534923553467
v 1.0382088422775269 -6.66807746887207 5.266039848327637
v 1.0382088422775269 -6.66807746887207 5.266039848327637
v 1.0582318305969238 -6.66807746887207 5.26613187789917
v 1.0582318305969238 -6.66807746887207 5.26613187789917
v 1.0582318305969238 -6.66807746887207 5.26613187789917
v 0.7104339599609375 -6.66807746887207 5.278409004211426
v 0.7104339599609375 -6.66807746887207 5.278409004211426
v 0.48540663719177246 -6.668076992034912 5.282761573791504
v 0.48540663719177246 -6.668076992034912 5.282761573791504
v 0.48540663719177246 -6.668076992034912 5.282761573791504
v 0.47265011072158813 -6.66807746887207 5.283156394958496
v 0.47265011072158813 -6.66807746887207 5.283156394958496
v -2.7449774742126465 -6.66807746887207 5.107760906219482
v -2.7449774742126465 -6.66807746887207 5.107760906219482
v -2.7449774742126465 -6.66807746887207 5.107760906219482
v -0.5931934118270874 -6.6680779457092285 5.295312881469727
v -0.5931934118270874 -6.6680779457092285 5.295312881469727
v -0.11853724718093872 -6.66807746887207 5.301465034484863
v -0.11853724718093872 -6.66807746887207 5.301465034484863
v -0.11853724718093872 -6.66807746887207 5.301465034484863
v -0.05117833614349365 -6.668078422546387 5.3014678955078125
v -0.05117833614349365 -6.668078422546387 5.3014678955078125
v 2.5900042057037354 -6.6680779457092285 5.1862077713012695
v 2.5900042057037354 -6.6680779457092285 5.1862077713012695
v 2.5900042057037354 -6.6680779457092285 5.1862077713012695
v 2.8375158309936523 -6.66807746887207 5.200255870819092
v 2.8375158309936523 -6.66807746887207 5.200255870819092
v 2.2596254348754883 -6.66807746887207 5.198258399963379
v 2.2596254348754883 -6.66807746887207 5.198258399963379
v 2.2596254348754883 -6.66807746887207 5.198258399963379
v 3.4513394832611084 -6.6680779457092285 3.784924030303955
v 3.4513394832611084 -6.6680779457092285 3.784924030303955
v 3.453019618988037 -6.6680779457092285 3.8705713748931885
v 3.453019618988037 -6.6680779457092285 3.8705713748931885
v 3.453019618988037 -6.6680779457092285 3.8705713748931885
v 1.6579740047454834 -6.6680779457092285 5.233328342437744
v 1.6579740047454834 -6.6680779457092285 5.233328342437744
v 1.5639512538909912 -6.6680779457092285 5.236348628997803
v 1.5639512538909912 -6.6680779457092285 5.236348628997803
v 1.5639512538909912 -6.6680779457092285 5.236348628997803
v 2.084092617034912 -6.66807746887207 5.213321208953857
v 2.084092617034912 -6.66807746887207 5.213321208953857
v 3.447706699371338 -6.66807746887207 4.37664270401001
v 3.447706699371338 -6.66807746887207 4.37664270401001
v 3.44232177734375 -6.6680779457092285 4.471611022949219
v 3.44232177734375 -6.6680779457092285 4.471611022949219
v 3.407331705093384 -6.6680779457092285 4.922606945037842
v 3.407331705093384 -6.6680779457092285 4.922606945037842
v 3.1230485439300537 -6.6680779457092285 5.181385517120361
v 3.1230485439300537 -6.6680779457092285 5.181385517120361
v 3.1230485439300537 -6.6680779457092285 5.181385517120361
v 3.3642945289611816 -6.66807746887207 5.040233135223389
v 3.3642945289611816 -6.66807746887207 5.040233135223389
v 3.3642945289611816 -6.66807746887207 5.040233135223389
v -2.81404185295105 -6.6680779457092285 3.6799895763397217
v -2.81404185295105 -6.6680779457092285 3.6799895763397217
v -2.8158020973205566 -6.668076992034912 3.7997777462005615
v -2.8158020973205566 -6.668076992034912 3.7997777462005615
v -2.8158020973205566 -6.668076992034912 3.7997777462005615
v -2.829287528991699 -6.66807746887207 4.223898410797119
v -2.829287528991699 -6.66807746887207 4.223898410797119
v -2.829287528991699 -6.66807746887207 4.223898410797119
v -2.8335490226745605 -6.66807746887207 4.402602672576904
v -2.8335490226745605 -6.66807746887207 4.402602672576904
v -2.780426502227783 -6.66807746887207 4.746367931365967
v -2.780426502227783 -6.66807746887207 4.746367931365967
v -2.780426502227783 -6.66807746887207 4.746367931365967
v -2.816652297973633 -6.66807746887207 2.419135093688965
v -2.816652297973633 -6.66807746887207 2.419135093688965
v -2.8095932006835938 -6.66807746887207 2.550419330596924
v -2.8095932006835938 -6.66807746887207 2.550419330596924
v -2.8178975582122803 -6.66807746887207 3.0354130268096924
v -2.8178975582122803 -6.66807746887207 3.0354130268096924
v -2.8178975582122803 -6.66807746887207 3.0354130268096924
v -2.7574081420898438 -6.6680779457092285 1.2625595331192017
v -2.7574081420898438 -6.6680779457092285 1.2625595331192017
v -2.7574081420898438 -6.6680779457092285 1.2625595331192017
v -2.758988618850708 -6.66807746887207 1.3622262477874756
v -2.758988618850708 -6.66807746887207 1.3622262477874756
v -2.758988618850708 -6.66807746887207 1.3622262477874756
v -2.8000664710998535 -6.668076992034912 1.8423888683319092
v -2.8000664710998535 -6.668076992034912 1.8423888683319092
v -2.723289966583252 -6.668076992034912 -0.3371798098087311
v -2.723289966583252 -6.668076992034912 -0.3371798098087311
v -2.723289966583252 -6.668076992034912 -0.3371798098087311
v -2.6063332557678223 -6.66807746887207 0.14036184549331665
v -2.6063332557678223 -6.66807746887207 0.14036184549331665
v -2.6063332557678223 -6.66807746887207 0.14036184549331665
v -2.712388038635254 -6.66807746887207 0.6920654773712158
v -2.712388038635254 -6.66807746887207 0.6920654773712158
v -2.712388038635254 -6.66807746887207 0.6920654773712158
v -2.598083019256592 -6.66807746887207 0.21126028895378113
v -2.598083019256592 -6.66807746887207 0.21126028895378113
v -2.598083019256592 -6.66807746887207 0.21126028895378113
v -2.740532159805298 -6.66807746887207 -1.5227527618408203
v -2.740532159805298 -6.66807746887207 -1.5227527618408203
v -2.740532159805298 -6.66807746887207 -1.5227527618408203
v -2.7389657497406006 -6.6680779457092285 -1.007907509803772
v -2.7389657497406006 -6.6680779457092285 -1.007907509803772
v -2.7389657497406006 -6.6680779457092285 -1.007907509803772
v -2.741790294647217 -6.66807746887207 -0.9347770810127258
v -2.741790294647217 -6.66807746887207 -0.9347770810127258
v -2.741790294647217 -6.66807746887207 -0.9347770810127258
v -2.7175111770629883 -6.66807746887207 -0.4410322308540344
v -2.7175111770629883 -6.66807746887207 -0.4410322308540344
v -2.71559476852417 -6.6680779457092285 0.7886626124382019
v -2.71559476852417 -6.6680779457092285 0.7886626124382019
v -2.71559476852417 -6.6680779457092285 0.7886626124382019
v -2.7220330238342285 -6.66807746887207 -2.7344021797180176
v -2.7220330238342285 -6.66807746887207 -2.7344021797180176
v -2.7191238403320312 -6.66807746887207 -2.6480817794799805
v -2.7191238403320312 -6.66807746887207 -2.6480817794799805
v -2.7191238403320312 -6.66807746887207 -2.6480817794799805
v -2.7317886352539062 -6.6680779457092285 -2.1595945358276367
v -2.7317886352539062 -6.6680779457092285 -2.1595945358276367
v -2.7317886352539062 -6.6680779457092285 -2.1595945358276367
v -2.717851161956787 -6.66807746887207 -3.3197786808013916
v -2.717851161956787 -6.66807746887207 -3.3197786808013916
v -2.7253899574279785 -6.668076992034912 -3.216956615447998
v -2.7253899574279785 -6.668076992034912 -3.216956615447998
v -2.7253899574279785 -6.668076992034912 -3.216956615447998
v -2.6859211921691895 -6.668076992034912 -3.927438974380493
v -2.6859211921691895 -6.668076992034912 -3.927438974380493
v -2.6882359981536865 -6.66807746887207 -3.8025243282318115
v -2.6882359981536865 -6.66807746887207 -3.8025243282318115
v -2.59688138961792 -6.66807746887207 -5.1384663581848145
v -2.59688138961792 -6.66807746887207 -5.1384663581848145
v -2.59688138961792 -6.66807746887207 -5.1384663581848145
v -2.3526439666748047 -6.668076992034912 -5.255632400512695
v -2.3526439666748047 -6.668076992034912 -5.255632400512695
v -2.616349220275879 -6.668076992034912 -5.072842597961426
v -2.616349220275879 -6.668076992034912 -5.072842597961426
v -2.616349220275879 -6.668076992034912 -5.072842597961426
v -2.646088123321533 -6.6680779457092285 -4.528987884521484
v -2.646088123321533 -6.6680779457092285 -4.528987884521484
v -2.106487274169922 -6.668076992034912 -5.378616809844971
v -2.106487274169922 -6.668076992034912 -5.378616809844971
v -2.106487274169922 -6.668076992034912 -5.378616809844971
v -1.4716240167617798 -6.66807746887207 -5.696868419647217
v -1.4716240167617798 -6.66807746887207 -5.696868419647217
v -1.6997042894363403 -6.6680779457092285 -5.606016635894775
v -1.6997042894363403 -6.6680779457092285 -5.606016635894775
v -2.0632967948913574 -6.6680779457092285 -5.440085411071777
v -2.0632967948913574 -6.6680779457092285 -5.440085411071777
v -2.0632967948913574 -6.6680779457092285 -5.440085411071777
v -2.6580612659454346 -6.66807746887207 -4.428365707397461
v -2.6580612659454346 -6.66807746887207 -4.428365707397461
v -2.6580612659454346 -6.66807746887207 -4.428365707397461
v -2.73264741897583 -6.668076992034912 -2.087679386138916
v -2.73264741897583 -6.668076992034912 -2.087679386138916
v -2.73264741897583 -6.668076992034912 -2.087679386138916
v -2.7410311698913574 -6.6680779457092285 -1.583408236503601
v -2.7410311698913574 -6.6680779457092285 -1.583408236503601
v -2.7410311698913574 -6.6680779457092285 -1.583408236503601
v -2.8074512481689453 -6.668076992034912 1.9539066553115845
v -2.8074512481689453 -6.668076992034912 1.9539066553115845
v -2.8174679279327393 -6.66807746887207 3.1669507026672363
v -2.8174679279327393 -6.66807746887207 3.1669507026672363
v 0.7474554181098938 -5.642116069793701 -3.020146369934082
v 0.7474554181098938 -5.642116069793701 -3.020146369934082
v 0.7474554181098938 -5.642116069793701 -3.020146369934082
vn -0.4646119773387909 -0.02950076200067997 0.8850228190422058
vn -0.4646119773387909 -0.02950076200067997 0.8850228190422058
vn -0.5371997952461243 0.8170996904373169 -0.209199920296669
vn 0.03439882770180702 -0.21609263122081757 -0.9757667183876038
vn 0.03439882770180702 -0.21609263122081757 -0.9757667183876038
vn -0.4049969017505646 0.8376936316490173 -0.3663972020149231
vn 0.9082974791526794 0.31329914927482605 0.27719923853874207
vn 0.9082974791526794 0.31329914927482605 0.27719923853874207
vn -0.8345932960510254 0.2568979561328888 -0.48729610443115234
vn -0.8345932960510254 0.2568979561328888 -0.48729610443115234
vn -0.02539921924471855 0.9894695281982422 -0.14249561727046967
vn -0.9366230368614197 0.3350082337856293 -0.10250251740217209
vn -0.29240739345550537 0.8269209265708923 -0.48031213879585266
vn -0.03979882597923279 0.9903708696365356 -0.13259609043598175
vn 0.45491907000541687 0.8835369944572449 -0.1114046722650528
vn 0.45491907000541687 0.8835369944572449 -0.1114046722650528
vn -0.6513913869857788 0.7395902276039124 -0.16939777135849
vn -0.9802821278572083 0.08539844304323196 -0.1781967580318451
vn -0.45661208033561707 0.06980183720588684 -0.8869234323501587
vn -0.45661208033561707 0.06980183720588684 -0.8869234323501587
vn 0.04699958488345146 0.9935912489891052 -0.10279908776283264
vn 0.46860119700431824 0.8497021794319153 -0.24170061945915222
vn 0.46860119700431824 0.8497021794319153 -0.24170061945915222
vn 0.31450843811035156 0.917224645614624 -0.24450655281543732
vn 0.31450843811035156 0.917224645614624 -0.24450655281543732
vn -0.8533033132553101 0.5083020329475403 0.11620045453310013
vn -0.7576402425765991 -0.11790625751018524 -0.6419340968132019
vn -0.7576402425765991 -0.11790625751018524 -0.6419340968132019
vn -0.959304928779602 0.21350109577178955 0.18480095267295837
vn -0.17020943760871887 0.6966386437416077 -0.6969386339187622
vn -0.17020943760871887 0.6966386437416077 -0.6969386339187622
vn -0.05989767238497734 0.9890615344047546 -0.13479475677013397
vn 0.06410033255815506 0.995705246925354 -0.06680034846067429
vn 0.9090936183929443 0.3709973692893982 -0.1894986778497696
vn 0.8894957900047302 0.4362979233264923 -0.1357993632555008
vn 0.07209658622741699 0.8852580785751343 -0.4594782590866089
vn 0.07209658622741699 0.8852580785751343 -0.4594782590866089
vn 0.07209658622741699 0.8852580785751343 -0.4594782590866089
vn -0.6342588663101196 0.7381521463394165 -0.22988510131835938
vn -0.9045841693878174 -0.19419659674167633 -0.3794933557510376
vn -0.9045841693878174 -0.19419659674167633 -0.3794933557510376
vn -0.9706170558929443 -0.2304040491580963 0.06940121948719025
vn -0.9706170558929443 -0.2304040491580963 0.06940121948719025
vn -0.4955127537250519 -0.38881000876426697 -0.7767200469970703
vn -0.25590959191322327 -0.2396089881658554 -0.936535120010376
vn -0.14980362355709076 0.9744235873222351 -0.16750405728816986
vn 0.00609975028783083 0.9992591738700867 -0.037998445332050323
vn 0.2375105321407318 0.9059401750564575 -0.35051554441452026
vn 0.2375105321407318 0.9059401750564575 -0.35051554441452026
vn 0.8210830688476562 0.2270953208208084 -0.5236892104148865
vn 0.7781075239181519 0.5355051755905151 -0.32830315828323364
vn -0.6727772355079651 0.7397748827934265 -0.0101996548473835
vn -0.6727772355079651 0.7397748827934265 -0.0101996548473835
vn -0.7704129815101624 0.4301072657108307 0.4706079363822937
vn -0.7704129815101624 0.4301072657108307 0.4706079363822937
vn -0.8239209055900574 -0.06280159205198288 0.5632143020629883
vn -0.8239209055900574 -0.06280159205198288 0.5632143020629883
vn -0.8239209055900574 -0.06280159205198288 0.5632143020629883
vn 0.1656978875398636 0.5882924795150757 -0.7914898991584778
vn 0.1656978875398636 0.5882924795150757 -0.7914898991584778
vn 0.1656978875398636 0.5882924795150757 -0.7914898991584778
vn 0.1656978875398636 0.5882924795150757 -0.7914898991584778
vn -0.09519623219966888 0.9795612692832947 -0.17719300091266632
vn -0.1631026268005371 0.9601154327392578 -0.22710365056991577
vn -0.1631026268005371 0.9601154327392578 -0.22710365056991577
vn 0.055099956691265106 0.9572992324829102 -0.28379976749420166
vn 0.055099956691265106 0.9572992324829102 -0.28379976749420166
vn 0.13429591059684753 0.9705705046653748 -0.19989392161369324
vn 0.13429591059684753 0.9705705046653748 -0.19989392161369324
vn 0.9803246855735779 0.19200482964515686 -0.04580115154385567
vn 0.9851549863815308 0.0513976514339447 -0.16379252076148987
vn 0.8831181526184082 0.4680096209049225 0.03270067274570465
vn 0.8831181526184082 0.4680096209049225 0.03270067274570465
vn 0.8831181526184082 0.4680096209049225 0.03270067274570465
vn -0.12509284913539886 0.8850493431091309 -0.44837433099746704
vn -0.12509284913539886 0.8850493431091309 -0.44837433099746704
vn 0.570319414138794 0.7163244485855103 -0.40201371908187866
vn 0.570319414138794 0.7163244485855103 -0.40201371908187866
vn -0.5870804786682129 0.7496750354766846 -0.30548983812332153
vn -0.5870804786682129 0.7496750354766846 -0.30548983812332153
vn -0.8204137682914734 -0.515808641910553 -0.2467041313648224
vn -0.6435152888298035 -0.5114121437072754 -0.5695135593414307
vn -0.6117478609085083 -0.6188483834266663 0.4927385449409485
vn -0.6117478609085083 -0.6188483834266663 0.4927385449409485
vn -0.6117478609085083 -0.6188483834266663 0.4927385449409485
vn -0.4184260964393616 -0.6913431286811829 -0.589036762714386
vn -0.06879837810993195 -0.7867814302444458 -0.6133854985237122
vn -0.06879837810993195 -0.7867814302444458 -0.6133854985237122
vn -0.12629500031471252 0.9747613072395325 -0.1840927004814148
vn -0.12629500031471252 0.9747613072395325 -0.1840927004814148
vn 0.05209759622812271 0.9926542043685913 -0.10919496417045593
vn 0.029901260510087013 0.9970420598983765 -0.07080298662185669
vn 0.029901260510087013 0.9970420598983765 -0.07080298662185669
vn 0.23999619483947754 0.6204901933670044 -0.7465881109237671
vn 0.23999619483947754 0.6204901933670044 -0.7465881109237671
vn 0.23999619483947754 0.6204901933670044 -0.7465881109237671
vn 0.23999619483947754 0.6204901933670044 -0.7465881109237671
vn 0.8732051253318787 -0.1746010184288025 -0.45500266551971436
vn 0.5825942754745483 0.8071921467781067 -0.09499906748533249
vn 0.5825942754745483 0.8071921467781067 -0.09499906748533249
vn -0.4181019365787506 0.868704080581665 -0.2656012177467346
vn -0.38387560844421387 0.8711446523666382 0.30618053674697876
vn -0.38387560844421387 0.8711446523666382 0.30618053674697876
vn -0.4813019037246704 0.28420114517211914 0.8292033672332764
vn -0.6002899408340454 -0.7995865941047668 0.017699701711535454
vn -0.6002899408340454 -0.7995865941047668 0.017699701711535454
vn -0.7980090379714966 -0.37930428981781006 -0.4683053195476532
vn -0.4394863247871399 -0.2830912172794342 0.8524734973907471
vn -0.4394863247871399 -0.2830912172794342 0.8524734973907471
vn 0.07639782130718231 0.9886717796325684 -0.12919631600379944
vn 0.07639782130718231 0.9886717796325684 -0.12919631600379944
vn 0.48399266600608826 -0.5225920677185059 -0.7018893957138062
vn -0.030101243406534195 0.9852407574653625 -0.16850697994232178
vn -0.030101243406534195 0.9852407574653625 -0.16850697994232178
vn -0.25178998708724976 0.6138755679130554 -0.7481701970100403
vn -0.14959821105003357 0.6301925182342529 -0.7618909478187561
vn 0.23470252752304077 0.6447069644927979 -0.7275078892707825
vn 0.23750483989715576 0.7184146642684937 -0.653813362121582
vn 0.42637932300567627 -0.2804863750934601 -0.859958291053772
vn 0.42637932300567627 -0.2804863750934601 -0.859958291053772
vn 0.9187895059585571 0.21859750151634216 0.32869622111320496
vn 0.9187895059585571 0.21859750151634216 0.32869622111320496
vn 0.9983084201812744 -0.03490029275417328 0.04650039225816727
vn 0.9816335439682007 -0.12850439548492432 -0.14100483059883118
vn 0.3280033469200134 0.7579077482223511 0.5639057159423828
vn 0.3280033469200134 0.7579077482223511 0.5639057159423828
vn 0.4033161997795105 0.9075365662574768 -0.11710470914840698
vn -0.37009331583976746 0.9145835638046265 0.1629970669746399
vn -0.37009331583976746 0.9145835638046265 0.1629970669746399
vn -0.37009331583976746 0.9145835638046265 0.1629970669746399
vn 0.4421767592430115 0.8778538703918457 -0.18399032950401306
vn -0.6229788661003113 0.778673529624939 0.07459747046232224
vn -0.6229788661003113 0.778673529624939 0.07459747046232224
vn -0.34321632981300354 -0.8871421813964844 -0.30851465463638306
vn -0.34321632981300354 -0.8871421813964844 -0.30851465463638306
vn -0.6191221475601196 -0.6434230804443359 -0.4502161145210266
vn -0.647068977355957 -0.6716678142547607 -0.3607827126979828
vn -0.7838858366012573 -0.4458919167518616 -0.43209218978881836
vn -0.16859707236289978 -0.8995844721794128 0.4028930366039276
vn -0.2786971628665924 -0.6647932529449463 0.693092942237854
vn -0.5022118091583252 -0.8180192112922668 -0.2804065942764282
vn 0.19959500432014465 0.9738756418228149 -0.10829728841781616
vn 0.6613036394119263 -0.7190039157867432 -0.21380119025707245
vn 0.6613036394119263 -0.7190039157867432 -0.21380119025707245
vn 0.5083811283111572 0.44428348541259766 -0.7376725673675537
vn 0.5083811283111572 0.44428348541259766 -0.7376725673675537
vn -0.14760427176952362 0.6187179684638977 -0.771622359752655
vn 0.0022001024335622787 0.9990465641021729 -0.04360203444957733
vn 0.009800238534808159 0.9770237803459167 -0.2129051685333252
vn 0.009800238534808159 0.9770237803459167 -0.2129051685333252
vn 0.05800098180770874 0.817913830280304 -0.5724096894264221
vn 0.05800098180770874 0.817913830280304 -0.5724096894264221
vn -0.084297776222229 0.3133917450904846 -0.9458751082420349
vn -0.084297776222229 0.3133917450904846 -0.9458751082420349
vn -0.084297776222229 0.3133917450904846 -0.9458751082420349
vn -0.084297776222229 0.3133917450904846 -0.9458751082420349
vn 0.3993983268737793 -0.38309839367866516 -0.8328965306282043
vn 0.3993983268737793 -0.38309839367866516 -0.8328965306282043
vn 0.8539938926696777 -0.24119827151298523 -0.46099668741226196
vn 0.13480240106582642 0.9895175695419312 -0.0518009215593338
vn -0.07629743218421936 0.9556677341461182 -0.284390389919281
vn -0.4266958236694336 0.8902912735939026 0.15909843146800995
vn -0.4266958236694336 0.8902912735939026 0.15909843146800995
vn -0.07340370118618011 0.525626540184021 0.8475427627563477
vn -0.14450186491012573 -0.04200054332613945 0.9886128306388855
vn -0.14450186491012573 -0.04200054332613945 0.9886128306388855
vn 0.09349928051233292 -0.9935923218727112 -0.06349951028823853
vn 0.09349928051233292 -0.9935923218727112 -0.06349951028823853
vn 0.09349928051233292 -0.9935923218727112 -0.06349951028823853
vn -0.750215470790863 -0.47820985317230225 -0.45660942792892456
vn -0.2490967959165573 -0.8142895102500916 0.5242932438850403
vn -0.11160534620285034 -0.5052242279052734 0.855741024017334
vn 0.3707219958305359 -0.9123541116714478 -0.17371030151844025
vn 0.3707219958305359 -0.9123541116714478 -0.17371030151844025
vn 0.3707219958305359 -0.9123541116714478 -0.17371030151844025
vn 0.5353952646255493 0.8099928498268127 -0.23929788172245026
vn 0.5353952646255493 0.8099928498268127 -0.23929788172245026
vn 0.35659193992614746 0.9276790618896484 -0.11069750040769577
vn 0.35659193992614746 0.9276790618896484 -0.11069750040769577
vn 0.8284984827041626 -0.4213992655277252 -0.3687993586063385
vn 0.8284984827041626 -0.4213992655277252 -0.3687993586063385
vn 0.8284984827041626 -0.4213992655277252 -0.3687993586063385
vn 0.7843784689903259 -0.20569436252117157 -0.5851839780807495
vn 0.7843784689903259 -0.20569436252117157 -0.5851839780807495
vn 0.12369702011346817 0.6586841344833374 -0.7421821355819702
vn -0.13120554387569427 0.09130385518074036 -0.9871416687965393
vn -0.13269761204719543 0.22839589416980743 -0.9644826650619507
vn 0.0813979059457779 0.35379087924957275 -0.9317759871482849
vn 0.2626945376396179 0.2745943069458008 -0.9249808192253113
vn 0.19719362258911133 0.27919095754623413 -0.9397696852684021
vn 0.03869986906647682 -0.42279860377311707 -0.9053969383239746
vn 0.8596011996269226 -0.3407004773616791 0.3808005452156067
vn 0.8596011996269226 -0.3407004773616791 0.3808005452156067
vn 0.8596011996269226 -0.3407004773616791 0.3808005452156067
vn 0.6750744581222534 -0.043398354202508926 0.7364721298217773
vn 0.7933967709541321 -0.6075975298881531 -0.03669985011219978
vn 0.7933967709541321 -0.6075975298881531 -0.03669985011219978
vn 0.8706446886062622 -0.3951202630996704 -0.2930150628089905
vn -0.060999855399131775 0.9966976046562195 0.053599871695041656
vn 0.5172874927520752 0.8003806471824646 0.30299267172813416
vn 0.5172874927520752 0.8003806471824646 0.30299267172813416
vn 0.20920029282569885 0.870701253414154 0.4451006352901459
vn 0.20920029282569885 0.870701253414154 0.4451006352901459
vn -0.5459018349647522 0.6109020709991455 0.5734019875526428
vn 0.3041955232620239 0.9512860774993896 -0.05019926279783249
vn 0.3041955232620239 0.9512860774993896 -0.05019926279783249
vn 0.05650174245238304 0.9895305633544922 0.13280409574508667
vn 0.05650174245238304 0.9895305633544922 0.13280409574508667
vn 0.27358585596084595 -0.8806544542312622 -0.3867799937725067
vn 0.27358585596084595 -0.8806544542312622 -0.3867799937725067
vn 0.27358585596084595 -0.8806544542312622 -0.3867799937725067
vn -0.22888785600662231 -0.8290560245513916 -0.510172963142395
vn -0.22888785600662231 -0.8290560245513916 -0.510172963142395
vn -0.5254996418952942 -0.6835995316505432 -0.5064996480941772
vn -0.807581901550293 -0.536687970161438 -0.2444945126771927
vn -0.6219832301139832 -0.7416799664497375 -0.2510932385921478
vn -0.8424943685531616 -0.42909714579582214 -0.3256978392601013
vn 0.14720512926578522 -0.8201286196708679 0.5529192686080933
vn 0.41379404067993164 -0.8270880579948425 0.38039451837539673
vn -0.027600018307566643 -0.724900484085083 0.6883004903793335
vn -0.099205881357193 -0.8249488472938538 0.5564329624176025
vn -0.5374762415885925 -0.7999646067619324 -0.26678818464279175
vn 0.690066933631897 0.7118658423423767 -0.13059374690055847
vn 0.690066933631897 0.7118658423423767 -0.13059374690055847
vn 0.702073872089386 0.7032738327980042 -0.11179584264755249
vn 0.702073872089386 0.7032738327980042 -0.11179584264755249
vn 0.908076822757721 -0.15889593958854675 -0.38749009370803833
vn 0.9317976832389832 -0.21479946374893188 -0.29259926080703735
vn 0.966813325881958 0.1507020890712738 -0.20630285143852234
vn 0.966813325881958 0.1507020890712738 -0.20630285143852234
vn 0.966813325881958 0.1507020890712738 -0.20630285143852234
vn -0.06139996275305748 0.04269997775554657 -0.9971994161605835
vn -0.05330034717917442 0.8169053196907043 -0.5743037462234497
vn -0.05330034717917442 0.8169053196907043 -0.5743037462234497
vn -0.04649824649095535 0.996662437915802 -0.06709747761487961
vn -0.04649824649095535 0.996662437915802 -0.06709747761487961
vn -0.08539815992116928 0.9771788716316223 -0.1944957971572876
vn -0.08539815992116928 0.9771788716316223 -0.1944957971572876
vn -0.0029000418726354837 0.3993057608604431 -0.9168132543563843
vn -0.032998502254486084 -0.4408799707889557 -0.8969593048095703
vn 0.1877046525478363 0.09800241887569427 0.9773241877555847
vn 0.22970137000083923 -0.5627033114433289 -0.7941046953201294
vn 0.22970137000083923 -0.5627033114433289 -0.7941046953201294
vn 0.4373936057090759 -0.3830944001674652 -0.8135880827903748
vn 0.4373936057090759 -0.3830944001674652 -0.8135880827903748
vn 0.7456473708152771 -0.19411234557628632 -0.6374405026435852
vn -0.30560463666915894 0.5294080376625061 0.7914121150970459
vn -0.30560463666915894 0.5294080376625061 0.7914121150970459
vn -0.02960052341222763 0.9597169756889343 -0.2794049382209778
vn -0.23229935765266418 0.8070977926254272 0.5427985191345215
vn -0.23229935765266418 0.8070977926254272 0.5427985191345215
vn -0.08250289410352707 0.9742341637611389 0.20990736782550812
vn -0.08250289410352707 0.9742341637611389 0.20990736782550812
vn 0.060598693788051605 0.9085803627967834 -0.4132910966873169
vn -0.34189102053642273 0.6495829820632935 0.6790821552276611
vn 0.4587288498878479 0.7683483362197876 0.4463280737400055
vn 0.4587288498878479 0.7683483362197876 0.4463280737400055
vn 0.3602930009365082 0.25719499588012695 0.896682620048523
vn 0.3602930009365082 0.25719499588012695 0.896682620048523
vn 0.09859952330589294 -0.39239808917045593 0.9144955277442932
vn 0.09859952330589294 -0.39239808917045593 0.9144955277442932
vn -0.717290461063385 -0.5251930356025696 -0.4578939378261566
vn 0.022100942209362984 -0.8864378333091736 0.4623197317123413
vn 0.12399594485759735 -0.6180797815322876 0.7762746810913086
vn 0.3880973160266876 -0.8960937857627869 -0.21539850533008575
vn 0.3880973160266876 -0.8960937857627869 -0.21539850533008575
vn 0.9630810618400574 0.2643947899341583 -0.05069900304079056
vn 0.8060058355331421 0.483103483915329 -0.3420024812221527
vn 0.8060058355331421 0.483103483915329 -0.3420024812221527
vn 0.9713866114616394 0.038899462670087814 -0.2342967689037323
vn 0.9898638725280762 -0.10619612783193588 -0.09429655969142914
vn 0.9953961968421936 -0.0592997744679451 -0.0752997100353241
vn 0.9953961968421936 -0.0592997744679451 -0.0752997100353241
vn 0.9944751858711243 -0.0688982829451561 -0.07919802516698837
vn 0.6104345321655273 -0.08070456236600876 -0.787944495677948
vn 0.6104345321655273 -0.08070456236600876 -0.787944495677948
vn -0.08130113780498505 0.4611065089702606 -0.8836124539375305
vn -0.08130113780498505 0.4611065089702606 -0.8836124539375305
vn 0.08389968425035477 -0.6916974186897278 -0.717297375202179
vn 0.08389968425035477 -0.6916974186897278 -0.717297375202179
vn 0.08389968425035477 -0.6916974186897278 -0.717297375202179
vn 0.5733934044837952 -0.5648934245109558 0.5933931469917297
vn 0.5733934044837952 -0.5648934245109558 0.5933931469917297
vn 0.2749905288219452 -0.4030861258506775 0.8728699088096619
vn 0.5801207423210144 -0.56572026014328 -0.5860210061073303
vn -0.2997092008590698 0.9540292620658875 0.0016000490868464112
vn -0.1704968810081482 0.9607824683189392 -0.2186960130929947
vn 0.4034098982810974 0.6462158560752869 0.6478159427642822
vn 0.2775983512401581 0.5999965071678162 0.7502956390380859
vn -0.07650239020586014 0.8165255784988403 0.5722178816795349
vn -0.07650239020586014 0.8165255784988403 0.5722178816795349
vn -0.4266071915626526 0.634110689163208 0.6449108719825745
vn 0.1721048653125763 0.9484269022941589 0.2662075459957123
vn 0.1721048653125763 0.9484269022941589 0.2662075459957123
vn 0.35110363364219666 0.9130094647407532 -0.2077021598815918
vn 0.35110363364219666 0.9130094647407532 -0.2077021598815918
vn 0.35110363364219666 0.9130094647407532 -0.2077021598815918
vn 0.3273099362850189 -0.16370496153831482 0.93062824010849
vn 0.3273099362850189 -0.16370496153831482 0.93062824010849
vn 0.3273099362850189 -0.16370496153831482 0.93062824010849
vn 0.06929844617843628 -0.7872823476791382 -0.6126862168312073
vn 0.06929844617843628 -0.7872823476791382 -0.6126862168312073
vn -0.2603897452354431 -0.7895689606666565 -0.555678129196167
vn -0.2603897452354431 -0.7895689606666565 -0.555678129196167
vn -0.523610532283783 -0.671513557434082 -0.5243105292320251
vn -0.523610532283783 -0.671513557434082 -0.5243105292320251
vn -0.7135881781578064 -0.5884902477264404 -0.3800937235355377
vn -0.8742788434028625 -0.39069056510925293 -0.28809303045272827
vn -0.4565134048461914 -0.7519221305847168 -0.4756139814853668
vn -0.8268930912017822 -0.3986966609954834 -0.3965966999530792
vn 0.34078076481819153 -0.7802560329437256 0.5244704484939575
vn 0.34078076481819153 -0.7802560329437256 0.5244704484939575
vn 0.0492008812725544 -0.8371150493621826 0.5448097586631775
vn 0.16630661487579346 -0.769330620765686 0.6168245673179626
vn 0.03790128976106644 -0.885330080986023 0.4634157419204712
vn 0.47661611437797546 -0.5457184314727783 -0.6892232298851013
vn 0.47661611437797546 -0.5457184314727783 -0.6892232298851013
vn 0.9945719242095947 0.08769752830266953 -0.05599841848015785
vn 0.9976645112037659 0.06299776583909988 -0.02639906294643879
vn 0.8903636932373047 0.11539529263973236 -0.4403820335865021
vn 0.8972128629684448 0.226803258061409 -0.37890544533729553
vn 0.9096993207931519 0.3620997667312622 -0.2032998502254486
vn 0.9096993207931519 0.3620997667312622 -0.2032998502254486
vn 0.9986080527305603 -0.04260034114122391 -0.03110024891793728
vn -0.10770010948181152 0.723000705242157 -0.6824007034301758
vn -0.21579699218273163 0.35069510340690613 -0.9112873077392578
vn -0.00680030370131135 0.9985445737838745 -0.053502388298511505
vn -0.00680030370131135 0.9985445737838745 -0.053502388298511505
vn -0.00680030370131135 0.9985445737838745 -0.053502388298511505
vn -0.02760091796517372 0.9916329383850098 -0.1261041909456253
vn -0.5289804935455322 -0.46928271651268005 -0.7070739269256592
vn -0.5289804935455322 -0.46928271651268005 -0.7070739269256592
vn -0.5289804935455322 -0.46928271651268005 -0.7070739269256592
vn -0.6169142127037048 -0.2331053465604782 -0.751717209815979
vn -0.6169142127037048 -0.2331053465604782 -0.751717209815979
vn -0.6169142127037048 -0.2331053465604782 -0.751717209815979
vn 0.48650357127189636 -0.5205038189888 0.7017050981521606
vn 0.48650357127189636 -0.5205038189888 0.7017050981521606
vn -0.17060786485671997 -0.2921134829521179 0.9410433769226074
vn 0.34671130776405334 -0.7843255996704102 -0.5144167542457581
vn 0.34671130776405334 -0.7843255996704102 -0.5144167542457581
vn 0.5504056215286255 -0.5822059512138367 -0.5984060764312744
vn 0.5504056215286255 -0.5822059512138367 -0.5984060764312744
vn 0.641917884349823 -0.3169088363647461 -0.6982194185256958
vn 0.641917884349823 -0.3169088363647461 -0.6982194185256958
vn 0.6353300213813782 -0.4136195480823517 -0.6521308422088623
vn -0.6872941255569458 0.6471944451332092 0.3297971785068512
vn -0.6872941255569458 0.6471944451332092 0.3297971785068512
vn -0.15409256517887115 0.9496541619300842 0.27278682589530945
vn -0.15409256517887115 0.9496541619300842 0.27278682589530945
vn -0.16780753433704376 0.940642237663269 0.2950132489204407
vn -0.16780753433704376 0.940642237663269 0.2950132489204407
vn 0.13830575346946716 0.9532396197319031 0.2687111794948578
vn 0.13830575346946716 0.9532396197319031 0.2687111794948578
vn 0.06460125744342804 0.6743131875991821 0.7356143593788147
vn 0.54641193151474 0.8273180723190308 0.13030284643173218
vn 0.54641193151474 0.8273180723190308 0.13030284643173218
vn 0.54641193151474 0.8273180723190308 0.13030284643173218
vn -0.004999969154596329 0.5090968608856201 0.8606946468353271
vn 0.7418895959854126 0.3524950444698334 0.5703920125961304
vn 0.7626855969429016 0.6454877257347107 -0.04069922864437103
vn 0.7476101517677307 -0.006200083997100592 0.6641089916229248
vn 0.7476101517677307 -0.006200083997100592 0.6641089916229248
vn 0.17199143767356873 -0.5755713582038879 0.7994601726531982
vn 0.26728442311286926 -0.47227245569229126 0.8399510383605957
vn 0.26728442311286926 -0.47227245569229126 0.8399510383605957
vn 0.14469805359840393 -0.8701882362365723 0.47099363803863525
vn 0.2764933407306671 -0.6527842879295349 0.705282986164093
vn 0.9953423142433167 -0.04800204187631607 -0.08360355347394943
vn 0.998298704624176 0.04799993708729744 0.033099956810474396
vn 0.9324140548706055 0.168502539396286 -0.3197048008441925
vn 0.9536831974983215 0.15129733085632324 0.25999540090560913
vn 0.9867404699325562 0.1365056037902832 0.08780360221862793
vn 0.985429584980011 0.0957028716802597 0.14060421288013458
vn 0.985429584980011 0.0957028716802597 0.14060421288013458
vn 0.9995566010475159 -0.014699362218379974 0.025898877531290054
vn -0.9186714887619019 0.2859911620616913 -0.27249157428741455
vn -0.9186714887619019 0.2859911620616913 -0.27249157428741455
vn -0.9186714887619019 0.2859911620616913 -0.27249157428741455
vn -0.6430802941322327 -0.5712825059890747 -0.5099843740463257
vn -0.6430802941322327 -0.5712825059890747 -0.5099843740463257
vn 0.23929788172245026 -0.636294424533844 0.7333934903144836
vn 0.23929788172245026 -0.636294424533844 0.7333934903144836
vn -0.08360083401203156 -0.5721057057380676 0.8159081935882568
vn -0.08360083401203156 -0.5721057057380676 0.8159081935882568
vn -0.7430079579353333 -0.31010332703590393 0.5931063890457153
vn -0.7430079579353333 -0.31010332703590393 0.5931063890457153
vn 0.3430922031402588 -0.7086838483810425 -0.6164860129356384
vn 0.3430922031402588 -0.7086838483810425 -0.6164860129356384
vn -0.6653976440429688 0.7147974371910095 -0.21519923210144043
vn -0.6653976440429688 0.7147974371910095 -0.21519923210144043
vn -0.8176798224449158 0.16309598088264465 0.552086353302002
vn -0.8176798224449158 0.16309598088264465 0.552086353302002
vn -0.8176798224449158 0.16309598088264465 0.552086353302002
vn -0.42702168226242065 0.8928453922271729 -0.14310726523399353
vn -0.3553837239742279 0.8759598731994629 0.32618507742881775
vn -0.3553837239742279 0.8759598731994629 0.32618507742881775
vn 0.15120279788970947 0.571410596370697 0.8066149353981018
vn 0.3012947738170624 0.4379924237728119 0.8469853401184082
vn -0.014799539931118488 0.7912753820419312 0.6112809777259827
vn -0.014799539931118488 0.7912753820419312 0.6112809777259827
vn -0.21899057924747467 0.965058445930481 0.14389380812644958
vn -0.03909898176789284 0.9326757192611694 0.35859066247940063
vn -0.03909898176789284 0.9326757192611694 0.35859066247940063
vn 0.13710157573223114 0.633007287979126 0.761908769607544
vn 0.9717156887054443 0.22700366377830505 0.06510104984045029
vn 0.7771762013435364 0.5681825876235962 0.27049171924591064
vn 0.6030142307281494 -0.4123097360134125 0.6829161643981934
vn 0.6030142307281494 -0.4123097360134125 0.6829161643981934
vn -0.034399233758449554 -0.8146818280220032 -0.5788870453834534
vn -0.034399233758449554 -0.8146818280220032 -0.5788870453834534
vn -0.2664913535118103 -0.7904743552207947 -0.5514821410179138
vn -0.2664913535118103 -0.7904743552207947 -0.5514821410179138
vn -0.4106033444404602 -0.6336051225662231 -0.6557053327560425
vn -0.4106033444404602 -0.6336051225662231 -0.6557053327560425
vn -0.6325128078460693 -0.45500922203063965 -0.6268126964569092
vn 0.014500272460281849 -0.21630406379699707 -0.9762183427810669
vn 0.014500272460281849 -0.21630406379699707 -0.9762183427810669
vn -0.8460753560066223 -0.3437899947166443 -0.4073881506919861
vn 0.31952348351478577 -0.7307537198066711 0.6032443642616272
vn 0.31952348351478577 -0.7307537198066711 0.6032443642616272
vn 0.15869757533073425 -0.8682867884635925 0.46999281644821167
vn 0.11349960416555405 -0.8907968997955322 0.43999847769737244
vn 0.386875182390213 -0.7776501178741455 0.4955682158470154
vn 0.386875182390213 -0.7776501178741455 0.4955682158470154
vn 0.06979835033416748 -0.9020787477493286 0.4258899688720703
vn 0.9894331097602844 -0.143504798412323 0.020700693130493164
vn 0.9436849355697632 0.1339978575706482 -0.30249518156051636
vn 0.9182305932044983 0.2139071226119995 -0.3333111107349396
vn 0.9052296280860901 0.3303108215332031 -0.26730877161026
vn 0.9531506896018982 0.060496870428323746 -0.29638469219207764
vn 0.9995908141136169 -0.026799753308296204 -0.009999907575547695
vn 0.9993690252304077 0.025999194011092186 -0.02419924922287464
vn -0.6417975425720215 0.6498975157737732 -0.4070984423160553
vn -0.6417975425720215 0.6498975157737732 -0.4070984423160553
vn -0.4368007779121399 0.05930010601878166 -0.8976016044616699
vn -0.4368007779121399 0.05930010601878166 -0.8976016044616699
vn -0.7045955657958984 0.7027955651283264 -0.09809937328100204
vn -0.7045955657958984 0.7027955651283264 -0.09809937328100204
vn -0.7045955657958984 0.7027955651283264 -0.09809937328100204
vn -0.8493350148200989 -0.25401046872138977 -0.4627190828323364
vn -0.8493350148200989 -0.25401046872138977 -0.4627190828323364
vn -0.9322763085365295 -0.03659907355904579 -0.3598908483982086
vn -0.9322763085365295 -0.03659907355904579 -0.3598908483982086
vn -0.9449061155319214 -0.2191014289855957 -0.2432015836238861
vn -0.9449061155319214 -0.2191014289855957 -0.2432015836238861
vn -0.5288774371147156 -0.5131781101226807 0.6759711503982544
vn -0.5288774371147156 -0.5131781101226807 0.6759711503982544
vn -0.5288774371147156 -0.5131781101226807 0.6759711503982544
vn -0.5911276340484619 -0.5669265389442444 -0.5737268924713135
vn -0.5911276340484619 -0.5669265389442444 -0.5737268924713135
vn 0.4403942823410034 -0.7298905253410339 -0.5227932333946228
vn 0.4403942823410034 -0.7298905253410339 -0.5227932333946228
vn 0.755885899066925 -0.4992906451225281 -0.42349207401275635
vn 0.7526854276657104 -0.45559120178222656 -0.47529083490371704
vn 0.5530011057853699 -0.6224012970924377 -0.5539011359214783
vn 0.5530011057853699 -0.6224012970924377 -0.5539011359214783
vn -0.9737524390220642 0.19899027049541473 -0.11049459874629974
vn -0.9737524390220642 0.19899027049541473 -0.11049459874629974
vn -0.906497597694397 0.2798992693424225 0.3160991668701172
vn -0.906497597694397 0.2798992693424225 0.3160991668701172
vn -0.1662912368774414 0.5114730596542358 0.8430556058883667
vn -0.2368094027042389 0.9697384834289551 -0.059402357786893845
vn -0.06720102578401566 0.9891151189804077 -0.1309020072221756
vn 0.23550884425640106 0.6731253266334534 0.7010263204574585
vn 0.8077946305274963 0.20839861035346985 0.5513963103294373
vn 0.8077946305274963 0.20839861035346985 0.5513963103294373
vn 0.25268885493278503 0.8827610611915588 0.3960825502872467
vn 0.25268885493278503 0.8827610611915588 0.3960825502872467
vn 0.3193897604942322 0.403187096118927 0.8575724959373474
vn 0.3193897604942322 0.403187096118927 0.8575724959373474
vn 0.8532126545906067 0.3482051491737366 0.38830575346946716
vn 0.8699889183044434 0.18239767849445343 0.45809414982795715
vn 0.9606326818466187 0.11410387605428696 0.25330862402915955
vn 0.9644591808319092 0.2564891576766968 0.06349731236696243
vn 0.8469765782356262 -0.26619264483451843 0.46018728613853455
vn 0.8469765782356262 -0.26619264483451843 0.46018728613853455
vn 0.11439882963895798 -0.6845929622650146 0.7198926210403442
vn 0.10179994255304337 -0.6333996653556824 0.7670994997024536
vn 0.34250879287719727 -0.6812174916267395 0.6470165848731995
vn -0.8084120750427246 -0.29090434312820435 -0.511707603931427
vn -0.8084120750427246 -0.29090434312820435 -0.511707603931427
vn -0.8084120750427246 -0.29090434312820435 -0.511707603931427
vn 0.12979987263679504 -0.8279991149902344 0.5454993844032288
vn 0.4715218245983124 -0.4920227825641632 0.7318338751792908
vn 0.4715218245983124 -0.4920227825641632 0.7318338751792908
vn 0.4715218245983124 -0.4920227825641632 0.7318338751792908
vn 0.9927548170089722 -0.12009453028440475 0.0038998222444206476
vn 0.8718090057373047 -0.1127011626958847 -0.4767049252986908
vn 0.8718090057373047 -0.1127011626958847 -0.4767049252986908
vn 0.93105149269104 0.31808343529701233 0.17879068851470947
vn 0.9425722360610962 -0.264392226934433 -0.20409399271011353
vn -0.5625060200691223 0.10570112615823746 -0.8200087547302246
vn -0.5625060200691223 0.10570112615823746 -0.8200087547302246
vn -0.5625060200691223 0.10570112615823746 -0.8200087547302246
vn -0.9968000650405884 -0.05490000545978546 -0.058100003749132156
vn -0.9384725689888 0.0376988984644413 -0.3432900011539459
vn -0.9920430779457092 -0.018000781536102295 -0.12460541725158691
vn 0.18009930849075317 -0.7035973072052002 0.6873973608016968
vn -0.0883025974035263 -0.6985205411911011 0.7101209163665771
vn -0.4053099751472473 -0.6435158252716064 0.6493159532546997
vn -0.8014784455299377 -0.5142861604690552 0.3051917850971222
vn -0.8014784455299377 -0.5142861604690552 0.3051917850971222
vn -0.909813404083252 -0.17220252752304077 0.3776055872440338
vn 0.25070127844810486 -0.7619038820266724 -0.5972030162811279
vn 0.25070127844810486 -0.7619038820266724 -0.5972030162811279
vn -0.9443621635437012 0.3283868432044983 -0.018499258905649185
vn -0.9443621635437012 0.3283868432044983 -0.018499258905649185
vn -0.9443621635437012 0.3283868432044983 -0.018499258905649185
vn -0.9493638873100281 0.3058883845806122 0.07169727236032486
vn -0.9493638873100281 0.3058883845806122 0.07169727236032486
vn -0.930424153804779 0.10800280421972275 0.3502090871334076
vn -0.930424153804779 0.10800280421972275 0.3502090871334076
vn -0.8402054905891418 0.3309021592140198 0.42960280179977417
vn -0.8402054905891418 0.3309021592140198 0.42960280179977417
vn -0.8402054905891418 0.3309021592140198 0.42960280179977417
vn -0.5657047033309937 0.1419011801481247 0.8123067617416382
vn -0.5657047033309937 0.1419011801481247 0.8123067617416382
vn -0.010300074703991413 0.25980186462402344 0.9656070470809937
vn 0.09669605642557144 0.8275662660598755 0.552977442741394
vn 0.09669605642557144 0.8275662660598755 0.552977442741394
vn -0.06139781326055527 0.997564435005188 0.033098820596933365
vn -0.24620455503463745 0.9692179560661316 -0.00010000185284297913
vn -0.001900023315101862 0.9969122409820557 -0.07850096374750137
vn 0.4033793807029724 0.26718634366989136 0.8751552104949951
vn 0.4033793807029724 0.26718634366989136 0.8751552104949951
vn 0.9060184359550476 0.2196044772863388 0.36180734634399414
vn 0.9060184359550476 0.2196044772863388 0.36180734634399414
vn 0.19010210037231445 0.9696106910705566 -0.15400169789791107
vn 0.750576913356781 -0.5582828521728516 0.35348913073539734
vn 0.750576913356781 -0.5582828521728516 0.35348913073539734
vn 0.750576913356781 -0.5582828521728516 0.35348913073539734
vn -0.10260216146707535 -0.7668161392211914 -0.6336133480072021
vn -0.10260216146707535 -0.7668161392211914 -0.6336133480072021
vn -0.17479893565177917 -0.6763958930969238 -0.7154956459999084
vn -0.22989937663078308 -0.5144985914230347 -0.8260977268218994
vn -0.5514037013053894 -0.4134027659893036 -0.7246048450469971
vn -0.8722009658813477 -0.3030003309249878 -0.38400042057037354
vn -0.8722009658813477 -0.3030003309249878 -0.38400042057037354
vn 0.3048095405101776 -0.903228223323822 0.3021094501018524
vn 0.18410411477088928 -0.9509212970733643 0.24870555102825165
vn 0.052998412400484085 -0.9486716389656067 0.31179067492485046
vn 0.7766337990760803 -0.5339232087135315 0.3343145251274109
vn 0.7766337990760803 -0.5339232087135315 0.3343145251274109
vn -0.03109978511929512 -0.8945937752723694 0.445796936750412
vn 0.9798383712768555 0.03970155492424965 -0.19580768048763275
vn 0.9647121429443359 0.14840185642242432 -0.21750274300575256
vn 0.920768678188324 0.17109419405460358 -0.3505880832672119
vn 0.8481824398040771 -0.1660965532064438 -0.5029895901679993
vn 0.9227162599563599 -0.34650611877441406 0.16890297830104828
vn 0.9227162599563599 -0.34650611877441406 0.16890297830104828
vn 0.998584508895874 0.05309917777776718 -0.0030999521259218454
vn 0.9986886978149414 0.01379984337836504 -0.049299441277980804
vn 0.99496990442276 -0.0935971662402153 -0.035698920488357544
vn -0.9862760305404663 -0.03789908066391945 -0.1606960892677307
vn -0.9994045495986938 -0.0027000124100595713 -0.03440015763044357
vn -0.9959707856178284 -0.08909738808870316 -0.01019970141351223
vn -0.9565725326538086 0.2220936268568039 -0.1887945830821991
vn -0.9714793562889099 0.19909577071666718 -0.1287972778081894
vn -0.9714793562889099 0.19909577071666718 -0.1287972778081894
vn -0.9932807087898254 -0.11529775708913803 0.009999805130064487
vn -0.9932807087898254 -0.11529775708913803 0.009999805130064487
vn -0.658814549446106 -0.6195136308670044 0.4268094301223755
vn -0.6228904128074646 -0.48199257254600525 -0.616190493106842
vn -0.6228904128074646 -0.48199257254600525 -0.616190493106842
vn -0.9639284014701843 -0.05060148984193802 -0.2613076865673065
vn 0.47958290576934814 -0.6177780032157898 -0.6231778264045715
vn 0.47958290576934814 -0.6177780032157898 -0.6231778264045715
vn 0.7955418229103088 -0.44982367753982544 -0.4059213399887085
vn 0.744537353515625 -0.5156258940696716 -0.42402127385139465
vn 0.5177854895591736 -0.607183039188385 -0.6026831269264221
vn 0.5177854895591736 -0.607183039188385 -0.6026831269264221
vn -0.9934749007225037 0.11329714208841324 0.013099669478833675
vn -0.8767837882041931 -0.36939316987991333 0.3078943192958832
vn -0.929485559463501 0.19849693775177002 0.310895174741745
vn -0.929485559463501 0.19849693775177002 0.310895174741745
vn -0.970720648765564 0.12730269134044647 0.2037043273448944
vn -0.4104059040546417 -0.012800183147192001 0.9118131399154663
vn -0.4104059040546417 -0.012800183147192001 0.9118131399154663
vn -0.10570289194583893 0.9935271739959717 0.041601140052080154
vn -0.23340606689453125 0.9710252285003662 0.05130133405327797
vn 0.6950653791427612 0.5762712955474854 0.4298785626888275
vn 0.6950653791427612 0.5762712955474854 0.4298785626888275
vn 0.6950653791427612 0.5762712955474854 0.4298785626888275
vn 0.16669456660747528 0.9660684466362 0.19729356467723846
vn 0.11580018699169159 0.9930015802383423 -0.023200036957859993
vn 0.9397456645965576 0.3084149956703186 0.14750716090202332
vn 0.9397456645965576 0.3084149956703186 0.14750716090202332
vn 0.19770701229572296 -0.7863278985023499 0.585320770740509
vn -0.022100310772657394 -0.6889097094535828 0.7245101928710938
vn -0.10369569808244705 -0.39718350768089294 0.9118621349334717
vn -0.10369569808244705 -0.39718350768089294 0.9118621349334717
vn 0.49999481439590454 -0.7686920762062073 0.39889588952064514
vn -0.7538155317306519 -0.09200190007686615 -0.6506134271621704
vn -0.7538155317306519 -0.09200190007686615 -0.6506134271621704
vn -0.0886990875005722 -0.648193359375 -0.7562922239303589
vn -0.0886990875005722 -0.648193359375 -0.7562922239303589
vn -0.03629991039633751 -0.7282981276512146 0.6842982769012451
vn 0.5228834748268127 -0.814274251461029 0.25209203362464905
vn 0.5228834748268127 -0.814274251461029 0.25209203362464905
vn 0.47559818625450134 -0.11359956860542297 0.8722966909408569
vn 0.47559818625450134 -0.11359956860542297 0.8722966909408569
vn 0.9028599262237549 -0.1434936374425888 -0.40528202056884766
vn 0.8512724041938782 -0.12099607288837433 -0.5105834007263184
vn 0.9494149088859558 -0.28850454092025757 -0.12400194257497787
vn -0.9785857796669006 0.2057970017194748 -0.004199938848614693
vn -0.9785857796669006 0.2057970017194748 -0.004199938848614693
vn -0.9688940048217773 0.19419878721237183 -0.1533990502357483
vn -0.9992173314094543 -0.004500078037381172 -0.03930068016052246
vn -0.9986259937286377 -0.036500949412584305 0.03760097920894623
vn -0.056496407836675644 -0.5648640990257263 0.8232476711273193
vn -0.33281534910202026 -0.7042325139045715 0.6271288990974426
vn -0.49487999081611633 -0.7173710465431213 0.4903801679611206
vn -0.8026049733161926 -0.5827035903930664 0.1276007890701294
vn -0.8026049733161926 -0.5827035903930664 0.1276007890701294
vn -0.9213339686393738 -0.38871434330940247 0.006700247060507536
vn -0.9213339686393738 -0.38871434330940247 0.006700247060507536
vn -0.9936155080795288 -0.0020000312943011522 0.11280176043510437
vn -0.9936155080795288 -0.0020000312943011522 0.11280176043510437
vn 0.14080454409122467 -0.6446207165718079 -0.751424252986908
vn -0.9937977194786072 0.1022997722029686 0.04359989985823631
vn -0.9539071321487427 0.18280136585235596 0.23800179362297058
vn -0.9539071321487427 0.18280136585235596 0.23800179362297058
vn -0.9462907910346985 0.1910981386899948 0.2607974410057068
vn -0.9462907910346985 0.1910981386899948 0.2607974410057068
vn -0.802377462387085 -0.3915890157222748 0.4503873288631439
vn -0.2534049153327942 0.7544146776199341 0.6055117249488831
vn -0.2534049153327942 0.7544146776199341 0.6055117249488831
vn 0.060198765248060226 0.9977795481681824 -0.028499415144324303
vn -0.04699915274977684 0.998881995677948 -0.005099908448755741
vn -0.21900328993797302 0.9757146835327148 0.0043000648729503155
vn -0.4424031376838684 0.8245058655738831 -0.3528025150299072
vn -0.4424031376838684 0.8245058655738831 -0.3528025150299072
vn -0.10830137878656387 0.7671096920967102 -0.6323080658912659
vn -0.10830137878656387 0.7671096920967102 -0.6323080658912659
vn -0.10830137878656387 0.7671096920967102 -0.6323080658912659
vn 0.8053126931190491 0.5926093459129333 0.016900265589356422
vn 0.8053126931190491 0.5926093459129333 0.016900265589356422
vn 0.23719550669193268 0.777685284614563 -0.5821889638900757
vn 0.23719550669193268 0.777685284614563 -0.5821889638900757
vn 0.8931558132171631 -0.446777880191803 0.05159744992852211
vn 0.7944914698600769 -0.5965936183929443 0.11339878290891647
vn 0.7944914698600769 -0.5965936183929443 0.11339878290891647
vn -0.14110130071640015 -0.5848053693771362 -0.7988073229789734
vn -0.10249730199575424 -0.4766874611377716 -0.8730769753456116
vn 0.012699561193585396 -0.3046894669532776 -0.9523671269416809
vn 0.6443777084350586 -0.28609010577201843 -0.7091755270957947
vn 0.6443777084350586 -0.28609010577201843 -0.7091755270957947
vn -0.3381924629211426 -0.5490877628326416 -0.7642829418182373
vn -0.904881477355957 -0.15149690210819244 -0.3977918326854706
vn -0.904881477355957 -0.15149690210819244 -0.3977918326854706
vn 0.38310226798057556 -0.9200054407119751 0.08260048180818558
vn 0.2970910966396332 -0.9450716376304626 0.13629589974880219
vn 0.026500938460230827 -0.9857349395751953 0.16620588302612305
vn -0.11709523946046829 -0.9515613317489624 0.2842884361743927
vn 0.9468714594841003 -0.29359114170074463 0.1312960386276245
vn 0.8440172076225281 -0.5313108563423157 0.07310149073600769
vn -0.27510738372802734 -0.8843237161636353 0.3772101104259491
vn 0.9671553373336792 -0.11279480159282684 -0.2277894914150238
vn 0.9873651266098022 -0.1436949372291565 -0.0667976438999176
vn 0.9545133709907532 -0.10830152034759521 -0.277803897857666
vn 0.7943676710128784 -0.15019388496875763 -0.588576078414917
vn 0.999273419380188 0.026699289679527283 -0.0271992776542902
vn 0.9947948455810547 -0.09849949926137924 -0.02609986811876297
vn -0.9741554260253906 0.0731966495513916 -0.21369022130966187
vn -0.9741554260253906 0.0731966495513916 -0.21369022130966187
vn -0.9425585865974426 0.21081312000751495 -0.25911611318588257
vn -0.6993787288665771 -0.6802793145179749 0.21929334104061127
vn -0.6993787288665771 -0.6802793145179749 0.21929334104061127
vn -0.6079363226890564 -0.35552123188972473 -0.7099424004554749
vn -0.6079363226890564 -0.35552123188972473 -0.7099424004554749
vn -0.9715365767478943 -0.024600926786661148 -0.23560887575149536
vn -0.9871113896369934 0.03570041432976723 -0.15600180625915527
vn 0.4358934164047241 -0.5859911441802979 -0.6830896139144897
vn 0.4358934164047241 -0.5859911441802979 -0.6830896139144897
vn 0.7703096866607666 -0.5111064314842224 -0.3813048005104065
vn 0.788026750087738 -0.3691125512123108 -0.4927167594432831
vn 0.3739159405231476 -0.33191415667533875 -0.8660368919372559
vn 0.3739159405231476 -0.33191415667533875 -0.8660368919372559
vn 0.3739159405231476 -0.33191415667533875 -0.8660368919372559
vn -0.9998177289962769 0.013400237075984478 -0.013600241392850876
vn -0.998712420463562 0.04480055347084999 0.02380029484629631
vn -0.833139955997467 0.2864137291908264 0.4731226861476898
vn -0.833139955997467 0.2864137291908264 0.4731226861476898
vn -0.549415111541748 0.7663211822509766 0.33300918340682983
vn -0.549415111541748 0.7663211822509766 0.33300918340682983
vn -0.549415111541748 0.7663211822509766 0.33300918340682983
vn -0.549415111541748 0.7663211822509766 0.33300918340682983
vn -0.04299845173954964 0.9990640878677368 -0.004699830897152424
vn -0.2836097180843353 0.9565327167510986 -0.0679023265838623
vn -0.19750840961933136 0.9802417159080505 0.01080046035349369
vn 0.6824997663497925 0.7278997898101807 0.06599997729063034
vn 0.6824997663497925 0.7278997898101807 0.06599997729063034
vn 0.5290804505348206 0.8485686182975769 0.0022999150678515434
vn 0.5290804505348206 0.8485686182975769 0.0022999150678515434
vn 0.1481960415840149 0.8976760506629944 -0.4149889051914215
vn 0.1481960415840149 0.8976760506629944 -0.4149889051914215
vn 0.9986314177513123 0.04430139437317848 -0.027800874784588814
vn 0.44460225105285645 -0.812804102897644 0.3764019012451172
vn 0.14769543707370758 -0.7394771575927734 0.6567797064781189
vn -0.0918009951710701 -0.44420483708381653 0.8912096619606018
vn -0.0918009951710701 -0.44420483708381653 0.8912096619606018
vn -0.3388882875442505 0.04019860923290253 0.9399675130844116
vn 0.7196807861328125 -0.6939814686775208 0.021199433133006096
vn 0.7196807861328125 -0.6939814686775208 0.021199433133006096
vn -0.3563048541545868 0.3648049831390381 -0.8602117300033569
vn -0.3563048541545868 0.3648049831390381 -0.8602117300033569
vn -0.9346657991409302 0.32628804445266724 -0.14119483530521393
vn -0.34198036789894104 -0.42707547545433044 0.8370519280433655
vn -0.34198036789894104 -0.42707547545433044 0.8370519280433655
vn -0.34198036789894104 -0.42707547545433044 0.8370519280433655
vn 0.5182029008865356 -0.8437047600746155 -0.14010079205036163
vn 0.5182029008865356 -0.8437047600746155 -0.14010079205036163
vn 0.5182029008865356 -0.8437047600746155 -0.14010079205036163
vn 0.4627056121826172 0.13410162925720215 0.8763105869293213
vn 0.4627056121826172 0.13410162925720215 0.8763105869293213
vn 0.818116307258606 -0.32760652899742126 -0.4726094603538513
vn 0.8999921679496765 -0.19769828021526337 -0.38849663734436035
vn 0.9296362996101379 -0.29581156373023987 -0.21970857679843903
vn -0.997874915599823 -0.024199390783905983 -0.06049847975373268
vn -0.9997836947441101 -0.01519975159317255 0.01419976819306612
vn -0.12290049344301224 -0.6021023988723755 0.7889031767845154
vn -0.3580044209957123 -0.7667095065116882 0.5329065322875977
vn -0.5758978724479675 -0.7594972252845764 0.30249887704849243
vn -0.8318935632705688 -0.5409958362579346 -0.12359903752803802
vn -0.8590031266212463 -0.42260152101516724 -0.2890010476112366
vn 0.10200103372335434 -0.4110041856765747 -0.9059091806411743
vn -0.9986585974693298 0.0505979023873806 -0.010999543592333794
vn -0.6411275863647461 0.7667330503463745 0.03280141204595566
vn -0.6411275863647461 0.7667330503463745 0.03280141204595566
vn -0.6411275863647461 0.7667330503463745 0.03280141204595566
vn -0.08370143175125122 0.9739167094230652 -0.210903599858284
vn 0.27100932598114014 0.8089278936386108 -0.5217180252075195
vn 0.27100932598114014 0.8089278936386108 -0.5217180252075195
vn 0.27100932598114014 0.8089278936386108 -0.5217180252075195
vn 0.2019950896501541 0.9621765613555908 -0.18279555439949036
vn 0.15319927036762238 0.9836952686309814 -0.09419955313205719
vn -0.1291947066783905 0.9913594722747803 -0.02269907295703888
vn -0.8608925938606262 0.38389667868614197 -0.3338971436023712
vn -0.8608925938606262 0.38389667868614197 -0.3338971436023712
vn -0.643584132194519 0.1274968534708023 -0.7546813488006592
vn -0.05060087889432907 0.18720325827598572 -0.9810170531272888
vn -0.05060087889432907 0.18720325827598572 -0.9810170531272888
vn -0.08309746533632278 0.9929696917533875 -0.08429742604494095
vn 0.9976415634155273 0.06830284744501114 0.006800283677875996
vn 0.19678953289985657 0.17529068887233734 -0.9646487236022949
vn 0.8509659171104431 -0.5088796019554138 -0.12999479472637177
vn -0.16629917919635773 -0.3336983621120453 -0.9278954863548279
vn -0.028801329433918 -0.2440112680196762 -0.9693447351455688
vn 0.16120721399784088 -0.1146051287651062 -0.9802438020706177
vn 0.7517889142036438 -0.2272966504096985 -0.6189908385276794
vn 0.7517889142036438 -0.2272966504096985 -0.6189908385276794
vn -0.1771053671836853 -0.5626170635223389 -0.8075244426727295
vn -0.1771053671836853 -0.5626170635223389 -0.8075244426727295
vn -0.9172043204307556 0.04100019484758377 -0.39630186557769775
vn -0.9172043204307556 0.04100019484758377 -0.39630186557769775
vn 0.1369999647140503 -0.17099995911121368 0.975699782371521
vn 0.1369999647140503 -0.17099995911121368 0.975699782371521
vn 0.29691120982170105 -0.9272350072860718 -0.22820861637592316
vn 0.3081166744232178 -0.9497514367103577 -0.055102985352277756
vn 0.19519294798374176 -0.978964626789093 -0.059397853910923004
vn 0.19519294798374176 -0.978964626789093 -0.059397853910923004
vn -0.05659859627485275 -0.972575843334198 -0.2255944162607193
vn -0.05659859627485275 -0.972575843334198 -0.2255944162607193
vn -0.08829667419195175 -0.9911626577377319 -0.09899626672267914
vn -0.08829667419195175 -0.9911626577377319 -0.09899626672267914
vn 0.9830111265182495 -0.16770188510417938 0.07460084557533264
vn 0.979265570640564 -0.20089294016361237 -0.026099083945155144
vn 0.6399983167648315 -0.22169941663742065 -0.7356980443000793
vn 0.6399983167648315 -0.22169941663742065 -0.7356980443000793
vn -0.8507971167564392 -0.49009835720062256 0.18959937989711761
vn -0.8507971167564392 -0.49009835720062256 0.18959937989711761
vn 0.9597747325897217 -0.035699062049388885 -0.27849265933036804
vn 0.9725213646888733 0.18150398135185242 -0.14580319821834564
vn 0.9299810528755188 -0.2164955884218216 -0.2970939576625824
vn 0.8107277154922485 -0.4631158113479614 -0.3581122159957886
vn 0.9884939789772034 -0.151199072599411 -0.0042999740689992905
vn -0.8601904511451721 -0.2651970386505127 -0.43559518456459045
vn -0.8601904511451721 -0.2651970386505127 -0.43559518456459045
vn -0.8047739863395691 -0.47188472747802734 -0.36008837819099426
vn -0.831541121006012 -0.5554274916648865 0.0063003115355968475
vn -0.831541121006012 -0.5554274916648865 0.0063003115355968475
vn -0.673267126083374 -0.3933807909488678 -0.6260694265365601
vn -0.673267126083374 -0.3933807909488678 -0.6260694265365601
vn -0.9457815289497375 -0.17629656195640564 -0.2727946639060974
vn -0.9868002533912659 -0.10010002553462982 -0.12730002403259277
vn -0.9580813050270081 -0.21679577231407166 -0.1872963309288025
vn 0.3012961149215698 -0.7177907824516296 -0.6276918649673462
vn 0.3012961149215698 -0.7177907824516296 -0.6276918649673462
vn 0.8792110681533813 -0.258503258228302 -0.4002050459384918
vn 0.7799178957939148 0.3114071190357208 -0.5429124236106873
vn 0.7799178957939148 0.3114071190357208 -0.5429124236106873
vn 0.03770117461681366 -0.2549079656600952 -0.9662300944328308
vn -0.4277786314487457 0.9038549065589905 0.0071996403858065605
vn -0.1911039650440216 0.9780202507972717 0.08340173214673996
vn -0.6191016435623169 0.7853021621704102 -0.003700010245665908
vn -0.6191016435623169 0.7853021621704102 -0.003700010245665908
vn 0.9911177754402161 0.1313023567199707 0.021100377663969994
vn 0.7483051419258118 0.6393043994903564 -0.1770012229681015
vn 0.7483051419258118 0.6393043994903564 -0.1770012229681015
vn 0.8786370158195496 0.3725156784057617 -0.2987125813961029
vn 0.8786370158195496 0.3725156784057617 -0.2987125813961029
vn 0.8786370158195496 0.3725156784057617 -0.2987125813961029
vn 0.8786370158195496 0.3725156784057617 -0.2987125813961029
vn 0.9870032668113708 -0.15950053930282593 -0.019600065425038338
vn 0.8022248148918152 -0.581417977809906 0.13560420274734497
vn 0.8022248148918152 -0.581417977809906 0.13560420274734497
vn 0.5367828011512756 -0.6369795799255371 0.5532822608947754
vn 0.3037966787815094 -0.37649592757225037 0.8751904964447021
vn 0.3037966787815094 -0.37649592757225037 0.8751904964447021
vn -0.01969965733587742 0.13909758627414703 0.9900828003883362
vn -0.24280402064323425 0.5275087356567383 0.8141134977340698
vn -0.24280402064323425 0.5275087356567383 0.8141134977340698
vn 0.8657057285308838 -0.46280306577682495 -0.19070126116275787
vn 0.3468865752220154 0.05549785867333412 -0.9362637996673584
vn 0.3468865752220154 0.05549785867333412 -0.9362637996673584
vn -0.6562781929969788 0.7244759202003479 -0.21079300343990326
vn -0.5521284341812134 -0.05500283092260361 0.8319428563117981
vn -0.5521284341812134 -0.05500283092260361 0.8319428563117981
vn -0.5521284341812134 -0.05500283092260361 0.8319428563117981
vn -0.5521284341812134 -0.05500283092260361 0.8319428563117981
vn 0.011800315231084824 -0.7983213663101196 -0.6021161079406738
vn 0.011800315231084824 -0.7983213663101196 -0.6021161079406738
vn 0.011800315231084824 -0.7983213663101196 -0.6021161079406738
vn -0.5354062914848328 -0.8199096322059631 -0.20270240306854248
vn -0.5354062914848328 -0.8199096322059631 -0.20270240306854248
vn 0.9381163120269775 0.033400580286979675 0.3447059988975525
vn 0.9381163120269775 0.033400580286979675 0.3447059988975525
vn 0.9381163120269775 0.033400580286979675 0.3447059988975525
vn 0.13139967620372772 -0.27749931812286377 -0.951697587966919
vn 0.8510277271270752 -0.37311214208602905 -0.36951205134391785
vn 0.8058022260665894 -0.4514012634754181 -0.3833010494709015
vn 0.8540555238723755 -0.4567762315273285 -0.24888703227043152
vn 0.8543961048126221 -0.44499796628952026 -0.26829877495765686
vn -0.738706648349762 -0.5821052193641663 -0.3398030698299408
vn -0.738706648349762 -0.5821052193641663 -0.3398030698299408
vn 0.15229292213916779 -0.24038882553577423 0.9586554169654846
vn 0.15229292213916779 -0.24038882553577423 0.9586554169654846
vn -0.24129526317119598 -0.6314875483512878 0.7368854284286499
vn -0.5365747809410095 -0.7208661437034607 0.43867939710617065
vn -0.5365747809410095 -0.7208661437034607 0.43867939710617065
vn -0.7755651473999023 -0.6146724224090576 0.14379353821277618
vn -0.7755651473999023 -0.6146724224090576 0.14379353821277618
vn -0.8070592284202576 -0.5657714009284973 -0.16899146139621735
vn -0.7865839600563049 -0.5102895498275757 -0.34769290685653687
vn -0.8104175925254822 -0.45470985770225525 -0.3694080114364624
vn 0.1316952258348465 0.3835861086845398 -0.9140668511390686
vn 0.1316952258348465 0.3835861086845398 -0.9140668511390686
vn 0.0024000194389373064 -0.40320324897766113 -0.9151073694229126
vn -0.9971247315406799 -0.05540137365460396 0.05170128121972084
vn -0.12000548839569092 0.8773401975631714 -0.46462127566337585
vn -0.12000548839569092 0.8773401975631714 -0.46462127566337585
vn 0.09929804503917694 0.5509891510009766 -0.8285837173461914
vn 0.09929804503917694 0.5509891510009766 -0.8285837173461914
vn 0.6806274056434631 0.5737231373786926 -0.45561835169792175
vn 0.6806274056434631 0.5737231373786926 -0.45561835169792175
vn 0.6342162489891052 0.7625195980072021 -0.1278032809495926
vn 0.6342162489891052 0.7625195980072021 -0.1278032809495926
vn 0.043501924723386765 0.9982442259788513 0.04020177945494652
vn -0.8951584100723267 -0.05469745397567749 -0.4423794448375702
vn -0.8812254071235657 0.4714135527610779 0.03480100259184837
vn -0.8812254071235657 0.4714135527610779 0.03480100259184837
vn -0.3803769648075104 -0.18398885428905487 -0.9063451290130615
vn -0.3803769648075104 -0.18398885428905487 -0.9063451290130615
vn 0.04940136522054672 -0.2371065467596054 -0.9702267646789551
vn -0.6014935970306396 0.792991578578949 -0.09679897874593735
vn -0.6014935970306396 0.792991578578949 -0.09679897874593735
vn 0.9866796731948853 -0.16189666092395782 0.015899673104286194
vn 0.9929352402687073 0.11160395294427872 -0.040301430970430374
vn 0.7428007125854492 0.004000003915280104 -0.6695006489753723
vn 0.7428007125854492 0.004000003915280104 -0.6695006489753723
vn 0.22740040719509125 0.5172008872032166 0.8251014947891235
vn 0.22740040719509125 0.5172008872032166 0.8251014947891235
vn -0.03250058740377426 -0.5060091614723206 -0.8619155883789062
vn 0.20360398292541504 -0.1363026648759842 -0.9695189595222473
vn 0.6088175773620605 0.446512907743454 -0.655718982219696
vn 0.6088175773620605 0.446512907743454 -0.655718982219696
vn 0.6088175773620605 0.446512907743454 -0.655718982219696
vn 0.2929133474826813 0.15650713443756104 -0.9432430267333984
vn 0.2929133474826813 0.15650713443756104 -0.9432430267333984
vn 0.21409979462623596 0.9473990797996521 -0.2378997802734375
vn 0.21409979462623596 0.9473990797996521 -0.2378997802734375
vn 0.8705546259880066 -0.09819488972425461 -0.4821748733520508
vn 0.9710088968276978 0.14280129969120026 -0.191701740026474
vn 0.021000780165195465 -0.30651137232780457 -0.9516354203224182
vn 0.021000780165195465 -0.30651137232780457 -0.9516354203224182
vn -0.563597559928894 0.6934970021247864 -0.4487980604171753
vn -0.563597559928894 0.6934970021247864 -0.4487980604171753
vn 0.38511478900909424 0.20090772211551666 0.900734543800354
vn 0.38511478900909424 0.20090772211551666 0.900734543800354
vn 0.38511478900909424 0.20090772211551666 0.900734543800354
vn -0.19310325384140015 -0.8186137676239014 -0.5409091114997864
vn -0.19310325384140015 -0.8186137676239014 -0.5409091114997864
vn 0.19420121610164642 -0.960606038570404 -0.19880123436450958
vn 0.3240097761154175 -0.9363282322883606 -0.13530407845973969
vn 0.22780866920948029 -0.8748332858085632 -0.42751628160476685
vn 0.22780866920948029 -0.8748332858085632 -0.42751628160476685
vn 0.023800812661647797 -0.7707262635231018 -0.636721670627594
vn -0.13250353932380676 -0.7407197952270508 -0.6586175560951233
vn -0.13250353932380676 -0.7407197952270508 -0.6586175560951233
vn 0.9933613538742065 -0.08519668877124786 0.07729699462652206
vn 0.9955682754516602 -0.0930970311164856 0.013299576938152313
vn 0.6536281704902649 -0.02070089429616928 -0.7565326690673828
vn 0.6536281704902649 -0.02070089429616928 -0.7565326690673828
vn 0.6587122082710266 -0.08290153741836548 -0.747813880443573
vn 0.6587122082710266 -0.08290153741836548 -0.747813880443573
vn -0.943345844745636 -0.2683130204677582 -0.19520947337150574
vn -0.9647206664085388 -0.25050535798072815 0.08100173622369766
vn 0.9313671588897705 0.3433878719806671 -0.12099573016166687
vn 0.8748148083686829 0.39890673756599426 -0.27490463852882385
vn 0.8001074194908142 -0.30940285325050354 -0.5139047503471375
vn -0.7632077932357788 -0.5967061519622803 -0.2479025423526764
vn -0.9523048996925354 -0.2933014929294586 0.0842004343867302
vn -0.9523048996925354 -0.2933014929294586 0.0842004343867302
vn -0.9622237682342529 -0.2718067467212677 0.015700388699769974
vn -0.9622237682342529 -0.2718067467212677 0.015700388699769974
vn -0.9266521334648132 0.1800101399421692 -0.3300185799598694
vn -0.7427112460136414 -0.2755042016506195 -0.6103093028068542
vn -0.7427112460136414 -0.2755042016506195 -0.6103093028068542
vn -0.9320265650749207 0.19600558280944824 -0.30480867624282837
vn -0.9221914410591125 0.061599425971508026 -0.3817964494228363
vn -0.7512557506561279 -0.35427913069725037 -0.556867241859436
vn -0.7512557506561279 -0.35427913069725037 -0.556867241859436
vn 0.4206840693950653 -0.504680871963501 -0.7538714408874512
vn 0.4206840693950653 -0.504680871963501 -0.7538714408874512
vn 0.6920929551124573 0.5112948417663574 -0.5094948410987854
vn 0.6920929551124573 0.5112948417663574 -0.5094948410987854
vn 0.15910117328166962 0.9285068511962891 -0.3355024755001068
vn -0.28478968143463135 -0.11079598218202591 -0.9521654844284058
vn -0.1636030226945877 -0.432807981967926 -0.8865163922309875
vn 0.2991936504840851 0.07189847528934479 -0.9514797925949097
vn 0.7313941121101379 0.06129950284957886 -0.6791945099830627
vn 0.7313941121101379 0.06129950284957886 -0.6791945099830627
vn -0.3419015109539032 0.9317041039466858 0.12260054051876068
vn -0.08410181850194931 0.9949214458465576 0.05530119314789772
vn -0.6683850288391113 -0.1380968987941742 -0.7308835983276367
vn -0.999692976474762 0.022399840876460075 -0.010599925182759762
vn -0.9993163347244263 -0.034300558269023895 -0.013800225220620632
vn 0.9816228747367859 -0.19080443680286407 -0.0032000744249671698
vn 0.9443963170051575 0.32479873299598694 0.05119979754090309
vn 0.9995723366737366 0.028099223971366882 -0.00809977576136589
vn 0.9989119172096252 0.04040047898888588 -0.023300277069211006
vn 0.9937484264373779 -0.09879487752914429 0.05199730396270752
vn 0.8498027920722961 -0.17300055921077728 0.49790164828300476
vn 0.8498027920722961 -0.17300055921077728 0.49790164828300476
vn 0.8498027920722961 -0.17300055921077728 0.49790164828300476
vn 0.8498027920722961 -0.17300055921077728 0.49790164828300476
vn 0.5267055630683899 0.20640216767787933 0.8246086239814758
vn 0.5267055630683899 0.20640216767787933 0.8246086239814758
vn 0.10389712452888489 0.6791812181472778 0.7265799045562744
vn 0.10389712452888489 0.6791812181472778 0.7265799045562744
vn 0.03199893608689308 0.8195727467536926 0.5720809698104858
vn 0.9782001376152039 -0.1365000158548355 -0.15650001168251038
vn 0.5265170335769653 0.2048066258430481 -0.8251267075538635
vn 0.4609980285167694 0.30209869146347046 -0.8343964219093323
vn 0.6529029011726379 0.6808030605316162 -0.3320014774799347
vn 0.6529029011726379 0.6808030605316162 -0.3320014774799347
vn -0.4487066864967346 0.20430304110050201 0.8700129985809326
vn -0.4487066864967346 0.20430304110050201 0.8700129985809326
vn -0.5092869997024536 -0.4403887689113617 -0.7393811941146851
vn -0.29100146889686584 -0.33540165424346924 -0.8960044980049133
vn -0.29100146889686584 -0.33540165424346924 -0.8960044980049133
vn -0.29100146889686584 -0.33540165424346924 -0.8960044980049133
vn -0.5226191282272339 -0.21910803020000458 -0.8239302039146423
vn -0.5226191282272339 -0.21910803020000458 -0.8239302039146423
vn -0.5226191282272339 -0.21910803020000458 -0.8239302039146423
vn 0.8698918223381042 0.35609662532806396 0.3412967920303345
vn 0.8698918223381042 0.35609662532806396 0.3412967920303345
vn 0.9919762015342712 0.056898634880781174 -0.11289729177951813
vn 0.6724216938018799 -0.056301817297935486 -0.7380238175392151
vn 0.6724216938018799 -0.056301817297935486 -0.7380238175392151
vn 0.5722911357879639 -0.10739833861589432 -0.8129874467849731
vn 0.5722911357879639 -0.10739833861589432 -0.8129874467849731
vn 0.7144076824188232 -0.2578027844429016 -0.6505070328712463
vn 0.8571263551712036 0.014000430703163147 -0.5149158835411072
vn 0.6723989844322205 -0.32029950618743896 -0.6672989726066589
vn 0.6880874633789062 -0.6304885745048523 -0.35919347405433655
vn 0.9490105509757996 -0.24160268902778625 -0.20250225067138672
vn -0.7889134287834167 -0.3720063269138336 -0.4891083240509033
vn -0.7889134287834167 -0.3720063269138336 -0.4891083240509033
vn 0.21049325168132782 0.2828909158706665 0.9357700347900391
vn 0.21049325168132782 0.2828909158706665 0.9357700347900391
vn 0.21049325168132782 0.2828909158706665 0.9357700347900391
vn -0.09600339084863663 -0.1492052674293518 0.9841347336769104
vn -0.09600339084863663 -0.1492052674293518 0.9841347336769104
vn -0.5542123913764954 -0.34520772099494934 0.7574169635772705
vn -0.5542123913764954 -0.34520772099494934 0.7574169635772705
vn -0.8771844506263733 -0.3560936748981476 0.32209429144859314
vn -0.8771844506263733 -0.3560936748981476 0.32209429144859314
vn -0.8771844506263733 -0.3560936748981476 0.32209429144859314
vn -0.6960896849632263 -0.6270906925201416 -0.3495948016643524
vn -0.6960896849632263 -0.6270906925201416 -0.3495948016643524
vn -0.9575157165527344 -0.28570470213890076 -0.03920064494013786
vn -0.9575157165527344 -0.28570470213890076 -0.03920064494013786
vn -0.7840223908424377 -0.5509157180786133 -0.28600820899009705
vn -0.7840223908424377 -0.5509157180786133 -0.28600820899009705
vn -0.7055999636650085 0.6341999173164368 -0.31609997153282166
vn -0.7055999636650085 0.6341999173164368 -0.31609997153282166
vn -0.3618798553943634 0.14519192278385162 -0.9208487272262573
vn -0.3618798553943634 0.14519192278385162 -0.9208487272262573
vn -0.3618798553943634 0.14519192278385162 -0.9208487272262573
vn -0.03399807587265968 -0.662762463092804 -0.7480576038360596
vn -0.8420236110687256 0.4898137152194977 -0.22600632905960083
vn -0.8420236110687256 0.4898137152194977 -0.22600632905960083
vn -0.8420236110687256 0.4898137152194977 -0.22600632905960083
vn -0.23790688812732697 0.2166062593460083 -0.9468273520469666
vn 0.0751035138964653 -0.055202580988407135 -0.995646595954895
vn 0.9264109134674072 0.1757020652294159 -0.3330039381980896
vn 0.6571163535118103 0.7117177248001099 -0.24830617010593414
vn 0.6571163535118103 0.7117177248001099 -0.24830617010593414
vn -0.8924792408943176 -0.14279668033123016 -0.42789003252983093
vn -0.9961520433425903 -0.08579586446285248 0.01789913699030876
vn -0.9121739864349365 0.40358850359916687 0.0710979700088501
vn -0.9121739864349365 0.40358850359916687 0.0710979700088501
vn -0.9121739864349365 0.40358850359916687 0.0710979700088501
vn -0.8015584945678711 0.5976690649986267 -0.017199110239744186
vn -0.8015584945678711 0.5976690649986267 -0.017199110239744186
vn -0.1383967250585556 -0.3938906490802765 -0.908678412437439
vn -0.1383967250585556 -0.3938906490802765 -0.908678412437439
vn -0.5347162485122681 -0.2250068336725235 -0.8145247101783752
vn 0.6969181895256042 -0.08970233798027039 -0.7115185260772705
vn 0.6969181895256042 -0.08970233798027039 -0.7115185260772705
vn -0.9976779818534851 0.04709896445274353 -0.04919891431927681
vn 0.953048586845398 0.30281543731689453 0.001100056106224656
vn 0.953048586845398 0.30281543731689453 0.001100056106224656
vn 0.9791473746299744 -0.20268911123275757 -0.013699263334274292
vn 0.9664071798324585 0.22130164504051208 -0.1307009756565094
vn 0.3717072904109955 0.6983137130737305 0.6117120385169983
vn 0.29109010100364685 -0.4191857576370239 -0.8599708080291748
vn 0.4693987965583801 0.1343996524810791 -0.8726977705955505
vn 0.4693987965583801 0.1343996524810791 -0.8726977705955505
vn 0.4693987965583801 0.1343996524810791 -0.8726977705955505
vn 0.6370885968208313 0.002599953440949321 -0.7707862257957458
vn 0.9174447059631348 0.3970193564891815 -0.02590126171708107
vn 0.3530871570110321 0.3776862919330597 -0.8559688925743103
vn 0.3530871570110321 0.3776862919330597 -0.8559688925743103
vn 0.3379938304424286 0.6418883204460144 -0.6882874369621277
vn 0.3379938304424286 0.6418883204460144 -0.6882874369621277
vn 0.3379938304424286 0.6418883204460144 -0.6882874369621277
vn 0.3871946334838867 0.47919338941574097 0.7876890897750854
vn -0.6379262804985046 -0.39441627264022827 -0.6614272594451904
vn -0.4990948736667633 -0.8636910915374756 -0.07029927521944046
vn -0.4990948736667633 -0.8636910915374756 -0.07029927521944046
vn 0.19749563932418823 -0.9790784120559692 0.048998914659023285
vn 0.4333065450191498 -0.8992136120796204 -0.060500916093587875
vn 0.2933104634284973 -0.8119289875030518 -0.504718005657196
vn 0.2933104634284973 -0.8119289875030518 -0.504718005657196
vn 0.14069490134716034 -0.6101778745651245 -0.7796717286109924
vn -0.02280004322528839 -0.3980007469654083 -0.9171017408370972
vn 0.9959486722946167 -0.08820431679487228 -0.017500855028629303
vn 0.9990947842597961 0.04179977998137474 0.00789995864033699
vn 0.5193840861320496 -0.07689764350652695 -0.8510739803314209
vn 0.5193840861320496 -0.07689764350652695 -0.8510739803314209
vn 0.5648910403251648 -0.10159838944673538 -0.8188869953155518
vn 0.5648910403251648 -0.10159838944673538 -0.8188869953155518
vn 0.9491850137710571 -0.02989952825009823 -0.3132950961589813
vn 0.944349467754364 -0.04549756273627281 -0.32578256726264954
vn -0.9621372222900391 -0.27011045813560486 -0.036501411348581314
vn -0.9234136343002319 -0.040100593119859695 -0.381705641746521
vn -0.9669910073280334 -0.24439771473407745 0.07209932804107666
vn 0.920227587223053 0.12130363285541534 -0.37211114168167114
vn 0.7641969919204712 0.010499958880245686 -0.6448974609375
vn 0.9131703972816467 -0.3542884886264801 -0.20149347186088562
vn -0.8844625949859619 -0.30248719453811646 -0.3552849590778351
vn -0.9904009699821472 0.12500011920928955 0.059000056236982346
vn -0.9546540379524231 0.115294449031353 0.274486780166626
vn -0.9792405962944031 0.20240838825702667 -0.010900451801717281
vn -0.8046952486038208 0.4377973675727844 -0.4009976089000702
vn -0.5727958083152771 0.6768950819969177 -0.46229663491249084
vn -0.5727958083152771 0.6768950819969177 -0.46229663491249084
vn -0.05150213465094566 0.18630771338939667 -0.981140673160553
vn -0.05150213465094566 0.18630771338939667 -0.981140673160553
vn -0.05150213465094566 0.18630771338939667 -0.981140673160553
vn -0.05150213465094566 0.18630771338939667 -0.981140673160553
vn -0.6845986843109131 -0.051499903202056885 -0.7270986437797546
vn -0.6845986843109131 -0.051499903202056885 -0.7270986437797546
vn -0.7312459349632263 -0.12670795619487762 -0.6702420711517334
vn -0.7312459349632263 -0.12670795619487762 -0.6702420711517334
vn -0.473086416721344 -0.1953943818807602 -0.8590753078460693
vn -0.42428359389305115 -0.03719856217503548 -0.9047650694847107
vn -0.40011197328567505 -0.4918147325515747 -0.773323118686676
vn 0.639893651008606 -0.08549915254116058 -0.7636924982070923
vn 0.639893651008606 -0.08549915254116058 -0.7636924982070923
vn 0.25308722257614136 -0.14209282398223877 -0.9569516777992249
vn 0.9470764994621277 0.03679908812046051 -0.31889206171035767
vn 0.9278068542480469 0.34820255637168884 -0.133900985121727
vn 0.9278068542480469 0.34820255637168884 -0.133900985121727
vn -0.15819694101810455 0.9826810359954834 0.09649813920259476
vn 0.4612109363079071 0.8835209608078003 -0.08170193433761597
vn 0.4612109363079071 0.8835209608078003 -0.08170193433761597
vn 0.4612109363079071 0.8835209608078003 -0.08170193433761597
vn -0.6979813575744629 -0.1742953360080719 -0.6945813894271851
vn -0.8496744632720947 0.03589892387390137 0.5260841846466064
vn -0.8496744632720947 0.03589892387390137 0.5260841846466064
vn 0.9997002482414246 -0.014400003477931023 -0.019800005480647087
vn 0.9352127313613892 0.3439047038555145 -0.08430114388465881
vn 0.9811581969261169 -0.1918918341398239 -0.022499043494462967
vn 0.9849074482917786 0.17210128903388977 0.01840014010667801
vn 0.9849074482917786 0.17210128903388977 0.01840014010667801
vn 0.9849074482917786 0.17210128903388977 0.01840014010667801
vn 0.9499101042747498 0.2501026690006256 0.18740199506282806
vn 0.9499101042747498 0.2501026690006256 0.18740199506282806
vn 0.9327807426452637 0.3561926782131195 0.05519885942339897
vn 0.9327807426452637 0.3561926782131195 0.05519885942339897
vn 0.8572694063186646 0.35938718914985657 0.36868685483932495
vn 0.8572694063186646 0.35938718914985657 0.36868685483932495
vn 0.5035085082054138 0.6418108940124512 0.5784098505973816
vn 0.22999443113803864 0.8667790293693542 0.44248929619789124
vn 0.22419673204421997 0.863387405872345 0.4519934058189392
vn 0.9366879463195801 0.32859575748443604 -0.12099844217300415
vn 0.9366879463195801 0.32859575748443604 -0.12099844217300415
vn 0.580594539642334 0.3892963230609894 -0.7150932550430298
vn 0.6622917652130127 0.2702966630458832 -0.6987913846969604
vn 0.5193849802017212 0.42198777198791504 -0.7430784702301025
vn -0.5071127414703369 0.26440665125846863 0.8203206062316895
vn -0.5071127414703369 0.26440665125846863 0.8203206062316895
vn -0.5756940841674805 -0.28119710087776184 -0.7677921056747437
vn -0.4236938953399658 -0.31629544496536255 -0.848787784576416
vn -0.4236938953399658 -0.31629544496536255 -0.848787784576416
vn 0.5418145060539246 -0.16560442745685577 -0.8240219950675964
vn 0.5418145060539246 -0.16560442745685577 -0.8240219950675964
vn 0.5418145060539246 -0.16560442745685577 -0.8240219950675964
vn 0.5184987783432007 -0.8544980883598328 -0.03149992972612381
vn -0.16410072147846222 -0.11680050939321518 -0.9795042872428894
vn 0.7032435536384583 0.538633406162262 0.4640287160873413
vn 0.7032435536384583 0.538633406162262 0.4640287160873413
vn 0.7032435536384583 0.538633406162262 0.4640287160873413
vn 0.9569089412689209 0.2832026481628418 -0.06420060247182846
vn 0.9438716173171997 0.24639259278774261 -0.21999338269233704
vn 0.935100793838501 -0.16080012917518616 -0.315800279378891
vn 0.9634661674499512 -0.004599838517606258 -0.2677905857563019
vn -0.09810156375169754 0.03890061751008034 -0.9944158792495728
vn -0.09810156375169754 0.03890061751008034 -0.9944158792495728
vn 0.7718427777290344 0.29481634497642517 -0.5633312463760376
vn 0.5065959692001343 -0.10229918360710144 -0.856093168258667
vn 0.5065959692001343 -0.10229918360710144 -0.856093168258667
vn 0.8516843914985657 -0.2416955530643463 -0.4649914801120758
vn 0.9309724569320679 0.34228986501693726 -0.126996248960495
vn 0.9309724569320679 0.34228986501693726 -0.126996248960495
vn -0.8513885736465454 -0.006699909456074238 -0.5244929194450378
vn -0.34660908579826355 0.2502065598964691 0.9040237069129944
vn -0.34660908579826355 0.2502065598964691 0.9040237069129944
vn -0.34660908579826355 0.2502065598964691 0.9040237069129944
vn 0.008000007830560207 0.6030005216598511 0.7977007627487183
vn -0.8131852746009827 0.10589807480573654 0.5722896456718445
vn -0.8131852746009827 0.10589807480573654 0.5722896456718445
vn -0.691193699836731 -0.4778956174850464 -0.5420950651168823
vn -0.691193699836731 -0.4778956174850464 -0.5420950651168823
vn -0.8875566124916077 -0.2899858057498932 -0.3579825162887573
vn -0.8875566124916077 -0.2899858057498932 -0.3579825162887573
vn -0.8875566124916077 -0.2899858057498932 -0.3579825162887573
vn -0.9602780342102051 0.2788936197757721 0.009199789725244045
vn -0.6785776019096375 0.11369624733924866 -0.7256760597229004
vn -0.6785776019096375 0.11369624733924866 -0.7256760597229004
vn -0.5675891637802124 0.014499722979962826 -0.8231843113899231
vn -0.5675891637802124 0.014499722979962826 -0.8231843113899231
vn 0.0796002522110939 -0.5789018273353577 -0.8115026354789734
vn -0.9955479502677917 0.08660417050123215 -0.03720179200172424
vn -0.9022353887557983 0.0663025975227356 -0.4261167049407959
vn -0.9022353887557983 0.0663025975227356 -0.4261167049407959
vn -0.08939677476882935 -0.27918991446495056 -0.9560654759407043
vn 0.11349895596504211 -0.30429720878601074 -0.9457913041114807
vn 0.9516669511795044 0.28169021010398865 0.12239575386047363
vn 0.8755927681922913 0.2621978521347046 -0.40569666028022766
vn -0.9889630079269409 -0.14399459958076477 0.03489869087934494
vn -0.9003414511680603 -0.1508069485425949 -0.40821877121925354
vn -0.8771930932998657 -0.1241990253329277 0.46379637718200684
vn -0.8771930932998657 -0.1241990253329277 0.46379637718200684
vn -0.2814119756221771 0.26301121711730957 0.922839343547821
vn -0.9808012843132019 0.09590012580156326 -0.16980022192001343
vn -0.75616854429245 0.6470730900764465 0.09749593585729599
vn -0.75616854429245 0.6470730900764465 0.09749593585729599
vn -0.35320714116096497 -0.2833057641983032 -0.8916180729866028
vn -0.35320714116096497 -0.2833057641983032 -0.8916180729866028
vn 0.6049656867980957 -0.23988638818264008 -0.759256899356842
vn 0.6049656867980957 -0.23988638818264008 -0.759256899356842
vn -0.5866768956184387 -0.19829218089580536 -0.7851690053939819
vn 0.9765722751617432 0.14289595186710358 -0.160895437002182
vn 0.9487390518188477 0.30061236023902893 -0.09760401397943497
vn 0.9487390518188477 0.30061236023902893 -0.09760401397943497
vn 0.9594730138778687 0.20729418098926544 0.19089463353157043
vn 0.9594730138778687 0.20729418098926544 0.19089463353157043
vn 0.5599310994148254 0.6802377700805664 0.473026305437088
vn 0.5861881375312805 -0.26099473237991333 -0.7669844627380371
vn 0.5861881375312805 -0.26099473237991333 -0.7669844627380371
vn 0.6390946507453918 0.27679765224456787 -0.7175939679145813
vn 0.6390946507453918 0.27679765224456787 -0.7175939679145813
vn 0.6390946507453918 0.27679765224456787 -0.7175939679145813
vn 0.367289274930954 0.5018853545188904 -0.7830771207809448
vn 0.367289274930954 0.5018853545188904 -0.7830771207809448
vn 0.17059257626533508 0.6911699175834656 0.702269434928894
vn -0.7079887986183167 -0.21409660577774048 -0.6729893088340759
vn -0.8305366635322571 -0.29881319403648376 -0.47002077102661133
vn 0.1598968356847763 -0.8611829280853271 0.4824904501438141
vn 0.43959012627601624 -0.8628807067871094 0.24939441680908203
vn 0.4480072259902954 -0.5642090439796448 -0.6935111284255981
vn 0.4480072259902954 -0.5642090439796448 -0.6935111284255981
vn 0.4480072259902954 -0.5642090439796448 -0.6935111284255981
vn 0.6828322410583496 -0.7204340100288391 -0.12130572646856308
vn 0.6828322410583496 -0.7204340100288391 -0.12130572646856308
vn 0.22210128605365753 -0.4528026282787323 -0.8635050058364868
vn -0.02109987847507 -0.2922983169555664 -0.95609450340271
vn 0.4951851963996887 -0.2971911132335663 -0.8163755536079407
vn 0.4951851963996887 -0.2971911132335663 -0.8163755536079407
vn 0.9809275269508362 -0.07160200923681259 -0.18070507049560547
vn 0.9539127349853516 0.23980320990085602 -0.18040241301059723
vn 0.5233880877494812 -0.21129518747329712 -0.8254812359809875
vn 0.5233880877494812 -0.21129518747329712 -0.8254812359809875
vn 0.9209865927696228 -0.23819653689861298 -0.30829551815986633
vn 0.9957039952278137 -0.06720026582479477 -0.06370025128126144
vn 0.9987173676490784 -0.023400405421853065 -0.04490077868103981
vn 0.9377832412719727 -0.14969731867313385 -0.3132944107055664
vn -0.9740672707557678 -0.22439245879650116 -0.028999023139476776
vn -0.935893177986145 -0.3065977692604065 -0.17349873483181
vn -0.4269128143787384 0.23940719664096832 -0.8720262050628662
vn -0.4269128143787384 0.23940719664096832 -0.8720262050628662
vn -0.9902858138084412 -0.12899814546108246 0.0518992580473423
vn 0.7609943747520447 -0.1234990805387497 -0.6368952989578247
vn 0.936692476272583 0.3476972281932831 -0.04139966890215874
vn 0.936692476272583 0.3476972281932831 -0.04139966890215874
vn -0.690416693687439 -0.3144075870513916 -0.6515157222747803
vn -0.690416693687439 -0.3144075870513916 -0.6515157222747803
vn -0.8541753888130188 0.5199849605560303 -0.0004999855882488191
vn -0.7961083054542542 0.5326055288314819 0.28730297088623047
vn -0.7961083054542542 0.5326055288314819 0.28730297088623047
vn -0.6014969944953918 0.5201974511146545 0.6062970161437988
vn -0.6014969944953918 0.5201974511146545 0.6062970161437988
vn -0.8297559022903442 0.5579703450202942 -0.013199297711253166
vn -0.6364374160766602 -0.01680098846554756 -0.7711453437805176
vn -0.6364374160766602 -0.01680098846554756 -0.7711453437805176
vn -0.7960965037345886 0.10149955004453659 -0.5965973734855652
vn -0.5346006751060486 0.16520020365715027 -0.8288010954856873
vn -0.5346006751060486 0.16520020365715027 -0.8288010954856873
vn -0.7546084523200989 0.02960033155977726 -0.6555073261260986
vn -0.7546084523200989 0.02960033155977726 -0.6555073261260986
vn -0.7546084523200989 0.02960033155977726 -0.6555073261260986
vn -0.5485948920249939 0.10159905254840851 -0.8298923373222351
vn -0.5485948920249939 0.10159905254840851 -0.8298923373222351
vn -0.5418853759765625 -0.40088921785354614 -0.7386800646781921
vn -0.5418853759765625 -0.40088921785354614 -0.7386800646781921
vn -0.9866645932197571 0.14169491827487946 -0.08009712398052216
vn -0.8181056976318359 -0.09830068796873093 -0.56660395860672
vn -0.8181056976318359 -0.09830068796873093 -0.56660395860672
vn 0.6071971654891968 -0.06489969789981842 -0.7918961644172668
vn 0.6071971654891968 -0.06489969789981842 -0.7918961644172668
vn 0.9392127394676208 0.017200233414769173 -0.342904657125473
vn 0.34019604325294495 -0.21819745004177094 -0.914689302444458
vn 0.9881580471992493 0.060997411608695984 0.14079402387142181
vn 0.6420950889587402 0.7661941647529602 0.025699803605675697
vn 0.6420950889587402 0.7661941647529602 0.025699803605675697
vn 0.6922204494476318 0.6326187252998352 -0.34731027483940125
vn 0.6922204494476318 0.6326187252998352 -0.34731027483940125
vn 0.04009832814335823 0.9974583983421326 0.05889753997325897
vn 0.9816746115684509 0.147796168923378 0.1202968880534172
vn 0.9816746115684509 0.147796168923378 0.1202968880534172
vn -0.38889870047569275 -0.10569965094327927 0.91519695520401
vn -0.16519762575626373 0.9786859750747681 0.12199825793504715
vn -0.16519762575626373 0.9786859750747681 0.12199825793504715
vn -0.6400048136711121 0.7245054244995117 -0.25590190291404724
vn -0.6400048136711121 0.7245054244995117 -0.25590190291404724
vn 0.9971957206726074 -0.07479967921972275 -0.0023999898694455624
vn 0.9855708479881287 0.16589510440826416 -0.03359900414943695
vn 0.7187129855155945 0.44360804557800293 0.535409688949585
vn 0.7187129855155945 0.44360804557800293 0.535409688949585
vn 0.8034325838088989 0.5944241285324097 0.03400138020515442
vn 0.8034325838088989 0.5944241285324097 0.03400138020515442
vn 0.8034325838088989 0.5944241285324097 0.03400138020515442
vn 0.7983417510986328 0.2531132400035858 0.5464285612106323
vn 0.6455016136169434 0.7019017934799194 0.3011007606983185
vn 0.7090579867362976 0.7022584080696106 0.06379622220993042
vn 0.39080730080604553 0.8891165852546692 0.23820443451404572
vn 0.42000773549079895 0.8733161091804504 0.24680455029010773
vn 0.7255149483680725 0.6824140548706055 -0.08910184353590012
vn 0.7255149483680725 0.6824140548706055 -0.08910184353590012
vn 0.7844313383102417 -0.07450298219919205 -0.6157246232032776
vn 0.6471752524375916 0.4969809949398041 -0.5780779123306274
vn 0.6762068867683411 0.4536046087741852 -0.580505907535553
vn 0.5775140523910522 0.5470133423805237 -0.6060147881507874
vn -0.6784769296646118 0.48418354988098145 0.5524812340736389
vn -0.6784769296646118 0.48418354988098145 0.5524812340736389
vn -0.4531972110271454 -0.25319841504096985 -0.8546947240829468
vn -0.4531972110271454 -0.25319841504096985 -0.8546947240829468
vn -0.9608013033866882 -0.26690036058425903 -0.0750001072883606
vn 0.4928252100944519 -0.1831093579530716 -0.850643515586853
vn 0.4928252100944519 -0.1831093579530716 -0.850643515586853
vn -0.5100063681602478 -0.76060950756073 0.4017050266265869
vn -0.5100063681602478 -0.76060950756073 0.4017050266265869
vn 0.6412051916122437 -0.691205620765686 0.33330270648002625
vn 0.6412051916122437 -0.691205620765686 0.33330270648002625
vn -0.7770739197731018 -0.1393953263759613 -0.6137793660163879
vn -0.7770739197731018 -0.1393953263759613 -0.6137793660163879
vn -0.7770739197731018 -0.1393953263759613 -0.6137793660163879
vn -0.7916409373283386 -0.25281304121017456 -0.556228756904602
vn -0.7916409373283386 -0.25281304121017456 -0.556228756904602
vn -0.7916409373283386 -0.25281304121017456 -0.556228756904602
vn 0.8914722800254822 0.4528858959674835 0.013099592179059982
vn 0.3598106801509857 0.7024208903312683 0.614118218421936
vn 0.3598106801509857 0.7024208903312683 0.614118218421936
vn 0.8960266709327698 0.4104122221469879 -0.1694050431251526
vn 0.8406156301498413 0.461508572101593 -0.28350526094436646
vn 0.8893473148345947 -0.23781265318393707 -0.39052078127861023
vn 0.9984584450721741 0.0391983687877655 -0.03929836302995682
vn -0.3193959593772888 -0.3790952265262604 -0.8684890270233154
vn -0.3193959593772888 -0.3790952265262604 -0.8684890270233154
vn 0.21070300042629242 -0.18640264868736267 -0.9596136212348938
vn 0.41559186577796936 0.2559950053691864 -0.8727829456329346
vn 0.41559186577796936 0.2559950053691864 -0.8727829456329346
vn 0.6148307919502258 0.12280616164207458 -0.7790390849113464
vn 0.6148307919502258 0.12280616164207458 -0.7790390849113464
vn 0.6148307919502258 0.12280616164207458 -0.7790390849113464
vn 0.9074649810791016 0.41158410906791687 -0.08429674059152603
vn 0.9074649810791016 0.41158410906791687 -0.08429674059152603
vn 0.7380005121231079 0.6747004985809326 0.011600008234381676
vn -0.6330729722976685 -0.10029572248458862 -0.7675672173500061
vn -0.6330729722976685 -0.10029572248458862 -0.7675672173500061
vn -0.2693961262702942 0.8018884658813477 0.533292293548584
vn -0.8834604024887085 -0.12479440122842789 -0.451579749584198
vn -0.8834604024887085 -0.12479440122842789 -0.451579749584198
vn -0.8769306540489197 0.47641661763191223 0.0634022131562233
vn -0.6516954302787781 0.2354983389377594 -0.7209949493408203
vn 0.2001981884241104 -0.5492950677871704 -0.8112926483154297
vn -0.994001030921936 0.10900010913610458 -0.009000008925795555
vn -0.9989315271377563 0.041901323944330215 0.0195006150752306
vn -0.9935600757598877 -0.09679611027240753 -0.058897633105516434
vn -0.6817624568939209 -0.22078783810138702 -0.6974616050720215
vn -0.6817624568939209 -0.22078783810138702 -0.6974616050720215
vn 0.17749615013599396 -0.3154931366443634 -0.9321798086166382
vn 0.7897024750709534 0.25320079922676086 0.5588017702102661
vn 0.22830694913864136 0.9694294333457947 0.08990273624658585
vn 0.8839784264564514 0.288892924785614 0.3675910234451294
vn 0.8839784264564514 0.288892924785614 0.3675910234451294
vn -0.9929077625274658 -0.10240079462528229 0.060400474816560745
vn -0.8816463947296143 -0.11720617115497589 0.4571240544319153
vn -0.8816463947296143 -0.11720617115497589 0.4571240544319153
vn -0.9342182874679565 -0.10300201922655106 -0.3415067195892334
vn -0.43872207403182983 -0.1601080596446991 0.8842445015907288
vn 0.24711346626281738 0.7341400384902954 0.6324344873428345
vn 0.24711346626281738 0.7341400384902954 0.6324344873428345
vn 0.2488020360469818 0.025900213047862053 0.9682080149650574
vn -0.9949830174446106 -0.03369942680001259 0.09419839829206467
vn -0.12229534983634949 0.9918622970581055 0.03539865463972092
vn 0.49998462200164795 -0.18069444596767426 -0.8469739556312561
vn 0.49998462200164795 -0.18069444596767426 -0.8469739556312561
vn 0.9802508354187012 0.034698259085416794 -0.19469022750854492
vn 0.9973883628845215 0.07049917429685593 0.01569981686770916
vn 0.9550649523735046 0.27498990297317505 0.1105959415435791
vn 0.9550649523735046 0.27498990297317505 0.1105959415435791
vn 0.9550649523735046 0.27498990297317505 0.1105959415435791
vn 0.6948937773704529 0.04009964317083359 0.7179935574531555
vn 0.759741485118866 0.5901321768760681 0.2730149030685425
vn 0.7418937683105469 -0.3306972086429596 -0.5832950472831726
vn 0.7418937683105469 -0.3306972086429596 -0.5832950472831726
vn 0.8862670660018921 0.25359058380126953 -0.3875855803489685
vn 0.46119433641433716 0.6708917021751404 -0.5806928277015686
vn 0.46119433641433716 0.6708917021751404 -0.5806928277015686
vn 0.3788100779056549 0.6752179265022278 -0.6329168081283569
vn 0.3788100779056549 0.6752179265022278 -0.6329168081283569
vn -0.13460773229599 0.871950089931488 0.47072702646255493
vn 0.21129962801933289 -0.7962985634803772 0.566798985004425
vn 0.40488409996032715 -0.7298712730407715 0.550778329372406
vn 0.967765748500824 0.016799405217170715 -0.25129109621047974
vn 0.8798453211784363 -0.313180536031723 -0.3574777841567993
vn 0.3418833315372467 -0.35488268733024597 -0.8701575398445129
vn 0.9377744793891907 -0.2968919277191162 0.1800951063632965
vn 0.9377744793891907 -0.2968919277191162 0.1800951063632965
vn 0.12639817595481873 -0.3483949601650238 -0.92878657579422
vn -0.7453129887580872 -0.21700376272201538 -0.6304109692573547
vn -0.7453129887580872 -0.21700376272201538 -0.6304109692573547
vn -0.7705045342445374 -0.33010193705558777 -0.5453031659126282
vn -0.7705045342445374 -0.33010193705558777 -0.5453031659126282
vn 0.361703097820282 0.864907443523407 0.34800297021865845
vn 0.361703097820282 0.864907443523407 0.34800297021865845
vn 0.31919676065444946 -0.24229754507541656 -0.9161906838417053
vn 0.31919676065444946 -0.24229754507541656 -0.9161906838417053
vn 0.4330838918685913 -0.42028436064720154 -0.7973703145980835
vn 0.4330838918685913 -0.42028436064720154 -0.7973703145980835
vn 0.9092052578926086 0.275001585483551 -0.31260180473327637
vn 0.8172357678413391 0.47502076625823975 -0.3263142704963684
vn 0.9192748069763184 -0.2942919135093689 -0.26139286160469055
vn 0.9483534693717957 -0.06990393996238708 -0.3094174265861511
vn 0.9483534693717957 -0.06990393996238708 -0.3094174265861511
vn 0.9908469319343567 -0.13479278981685638 -0.007299609482288361
vn 0.9996665120124817 -0.01969934068620205 -0.01669944077730179
vn 0.9239944219589233 -0.3156980872154236 -0.21579869091510773
vn -0.9924882650375366 -0.0788990706205368 -0.09349890053272247
vn -0.9570872187614441 -0.21029719710350037 -0.19939732551574707
vn -0.40638458728790283 -0.36468616127967834 -0.8377682566642761
vn -0.40638458728790283 -0.36468616127967834 -0.8377682566642761
vn -0.9994263052940369 0.027900733053684235 -0.019200505688786507
vn 0.7967774868011475 0.5891833901405334 0.1341962218284607
vn -0.6965048313140869 -0.17130118608474731 -0.6968048810958862
vn -0.6965048313140869 -0.17130118608474731 -0.6968048810958862
vn -0.6302915215492249 0.7761895656585693 -0.016199782490730286
vn -0.6302915215492249 0.7761895656585693 -0.016199782490730286
vn -0.47239431738853455 0.8534897565841675 0.2199973464012146
vn -0.47239431738853455 0.8534897565841675 0.2199973464012146
vn -0.8001129031181335 0.550308883190155 0.23870384693145752
vn -0.7004145383834839 0.18210376799106598 -0.6901143193244934
vn -0.7240023016929626 0.22750075161457062 -0.6512021422386169
vn -0.7240023016929626 0.22750075161457062 -0.6512021422386169
vn -0.5255911350250244 0.33759427070617676 -0.7808867692947388
vn -0.5809807777404785 0.4149862825870514 -0.7001768946647644
vn -0.5809807777404785 0.4149862825870514 -0.7001768946647644
vn -0.9349460005760193 -0.023401152342557907 -0.354017436504364
vn -0.5644804239273071 -0.3847866952419281 -0.7302747368812561
vn -0.5644804239273071 -0.3847866952419281 -0.7302747368812561
vn -0.9999473094940186 0.00690032634884119 -0.007600359618663788
vn -0.9811604619026184 0.19189228117465973 -0.022399095818400383
vn 0.9067334532737732 -0.05490202456712723 -0.41811540722846985
vn 0.631201446056366 -0.22620050609111786 -0.741901695728302
vn 0.631201446056366 -0.22620050609111786 -0.741901695728302
vn 0.998674213886261 -0.02249941974878311 0.0462988056242466
vn 0.8267043828964233 -0.03240017220377922 0.5617029666900635
vn 0.263288676738739 0.9034611582756042 0.3382854461669922
vn 0.263288676738739 0.9034611582756042 0.3382854461669922
vn 0.263288676738739 0.9034611582756042 0.3382854461669922
vn 0.29719772934913635 0.9125930070877075 -0.2807978689670563
vn 0.6782205700874329 0.7227218747138977 0.13300403952598572
vn 0.6782205700874329 0.7227218747138977 0.13300403952598572
vn 0.6782205700874329 0.7227218747138977 0.13300403952598572
vn 0.08089947700500488 0.9917936325073242 0.09899936616420746
vn 0.8781487941741943 0.16930942237377167 0.44742488861083984
vn 0.27659305930137634 -0.10369738936424255 0.9553759694099426
vn -0.11160058528184891 0.9715050458908081 -0.2091010957956314
vn 0.06660231947898865 0.9633335471153259 -0.259909063577652
vn -0.7082071304321289 0.6731067895889282 0.21300214529037476
vn -0.7082071304321289 0.6731067895889282 0.21300214529037476
vn -0.7082071304321289 0.6731067895889282 0.21300214529037476
vn -0.8034408688545227 0.4738241136074066 0.36051836609840393
vn -0.8034408688545227 0.4738241136074066 0.36051836609840393
vn -0.8034408688545227 0.4738241136074066 0.36051836609840393
vn 0.918401837348938 0.01660003326833248 0.39530080556869507
vn 0.918401837348938 0.01660003326833248 0.39530080556869507
vn 0.9931703805923462 -0.10869675874710083 -0.042398735880851746
vn 0.9371039867401123 0.3353014290332794 0.09700041264295578
vn 0.9371039867401123 0.3353014290332794 0.09700041264295578
vn 0.4294067919254303 0.7997126579284668 0.41960665583610535
vn 0.4294067919254303 0.7997126579284668 0.41960665583610535
vn 0.5462092757225037 0.2377040535211563 0.8032137155532837
vn 0.9807722568511963 0.1926945596933365 0.030899126082658768
vn 0.9807722568511963 0.1926945596933365 0.030899126082658768
vn 0.535094678401947 0.8447916507720947 -0.0008999910787679255
vn 0.6347865462303162 0.7445842027664185 0.20649561285972595
vn 0.9372904300689697 0.08269914984703064 -0.33859655261039734
vn 0.6652881503105164 0.5529900789260864 -0.5015910863876343
vn 0.6822059154510498 0.6096052527427673 -0.4037034809589386
vn 0.608410120010376 0.6984116435050964 -0.37690624594688416
vn 0.608410120010376 0.6984116435050964 -0.37690624594688416
vn -0.47807687520980835 0.7020660042762756 0.527774453163147
vn -0.9912611246109009 -0.09809615463018417 0.08819654583930969
vn -0.9361405968666077 -0.30241310596466064 0.1794077754020691
vn -0.3305839002132416 -0.7603630423545837 0.5590727925300598
vn -0.3305839002132416 -0.7603630423545837 0.5590727925300598
vn -0.3305839002132416 -0.7603630423545837 0.5590727925300598
vn 0.6830672025680542 -0.46947750449180603 0.5594731569290161
vn 0.6830672025680542 -0.46947750449180603 0.5594731569290161
vn -0.9740182161331177 -0.10810202360153198 0.19900372624397278
vn -0.9740182161331177 -0.10810202360153198 0.19900372624397278
vn -0.9738643765449524 -0.11829566955566406 0.19389291107654572
vn -0.9724770784378052 -0.1602962166070938 0.16909600794315338
vn -0.9724770784378052 -0.1602962166070938 0.16909600794315338
vn 0.7920402884483337 0.6080309152603149 -0.05450277030467987
vn 0.7920402884483337 0.6080309152603149 -0.05450277030467987
vn 0.8225113749504089 0.5662078261375427 0.05370074138045311
vn 0.29121705889701843 0.8434493541717529 0.4514264464378357
vn 0.29121705889701843 0.8434493541717529 0.4514264464378357
vn 0.7019962072372437 0.6863963007926941 -0.18989898264408112
vn 0.7019962072372437 0.6863963007926941 -0.18989898264408112
vn 0.6135754585266113 0.7035717964172363 -0.3584856390953064
vn 0.6135754585266113 0.7035717964172363 -0.3584856390953064
vn 0.9012271165847778 -0.12960390746593475 -0.4135124683380127
vn 0.9631767868995667 -0.20369508862495422 -0.17549578845500946
vn 0.9969803690910339 0.055998899042606354 -0.053798943758010864
vn 0.997389018535614 0.056799378246068954 0.0445995070040226
vn 0.13189484179019928 -0.25289011001586914 -0.9584625363349915
vn -0.7897653579711914 -0.2652883529663086 -0.5530757308006287
vn -0.7897653579711914 -0.2652883529663086 -0.5530757308006287
vn -0.883201539516449 0.3052005469799042 0.3561006188392639
vn -0.883201539516449 0.3052005469799042 0.3561006188392639
vn 0.4680798649787903 0.3284858763217926 -0.8203647136688232
vn 0.4680798649787903 0.3284858763217926 -0.8203647136688232
vn 0.867055356502533 0.4974743723869324 -0.027098605409264565
vn 0.6833863854408264 0.680886447429657 0.2633947432041168
vn -0.25150948762893677 -0.12040454149246216 -0.9603362679481506
vn -0.9378705024719238 0.33678939938545227 -0.08349736779928207
vn -0.919757604598999 0.36742299795150757 0.13800863921642303
vn -0.8047979474067688 0.4081989824771881 -0.4308989346027374
vn -0.8047979474067688 0.4081989824771881 -0.4308989346027374
vn -0.8047979474067688 0.4081989824771881 -0.4308989346027374
vn -0.7408039569854736 0.3708019554615021 -0.5601029992103577
vn -0.7408039569854736 0.3708019554615021 -0.5601029992103577
vn -0.6673154234886169 0.4427102506160736 -0.598913848400116
vn -0.6673154234886169 0.4427102506160736 -0.598913848400116
vn -0.6673154234886169 0.4427102506160736 -0.598913848400116
vn 0.2595978081226349 -0.395996630191803 -0.8807925581932068
vn -0.9944858551025391 0.1030985414981842 0.019199728965759277
vn -0.9296731948852539 0.1864946186542511 0.31769081950187683
vn -0.9296731948852539 0.1864946186542511 0.31769081950187683
vn -0.8996726274490356 0.2512923777103424 0.35698914527893066
vn -0.8996726274490356 0.2512923777103424 0.35698914527893066
vn -0.9973679780960083 0.03919874131679535 0.06099804490804672
vn -0.9973679780960083 0.03919874131679535 0.06099804490804672
vn -0.7124916315078735 -0.26209694147109985 -0.6508923768997192
vn -0.7124916315078735 -0.26209694147109985 -0.6508923768997192
vn -0.7124916315078735 -0.26209694147109985 -0.6508923768997192
vn -0.9957938194274902 0.09049943834543228 0.014299911446869373
vn 0.33111584186553955 0.09840471297502518 0.938444972038269
vn 0.33111584186553955 0.09840471297502518 0.938444972038269
vn 0.6036953926086426 0.6917946934700012 0.39619699120521545
vn 0.6036953926086426 0.6917946934700012 0.39619699120521545
vn 0.6036953926086426 0.6917946934700012 0.39619699120521545
vn -0.8860803246498108 -0.08959800750017166 0.454789936542511
vn -0.8860803246498108 -0.08959800750017166 0.454789936542511
vn -0.4848079979419708 -0.10810177773237228 0.8679143190383911
vn 0.23970672488212585 -0.13490378856658936 0.9614269137382507
vn 0.255193829536438 0.9438771605491638 -0.20969492197036743
vn -0.6718026399612427 0.05740022286772728 0.7385028600692749
vn -0.6718026399612427 0.05740022286772728 0.7385028600692749
vn -0.007600138429552317 0.7736140489578247 0.6336115002632141
vn -0.007600138429552317 0.7736140489578247 0.6336115002632141
vn -0.010899740271270275 0.7414823174476624 0.6708839535713196
vn -0.010899740271270275 0.7414823174476624 0.6708839535713196
vn 0.991294801235199 0.07219962030649185 0.1100994199514389
vn 0.8868431448936462 0.36251765489578247 0.28651395440101624
vn 0.8868431448936462 0.36251765489578247 0.28651395440101624
vn 0.6606664061546326 0.7344626188278198 -0.15519210696220398
vn 0.6606664061546326 0.7344626188278198 -0.15519210696220398
vn 0.6606664061546326 0.7344626188278198 -0.15519210696220398
vn 0.6864210367202759 -0.07880241423845291 0.722922146320343
vn 0.8079992532730103 0.4394995868206024 0.3923996090888977
vn 0.8423859477043152 -0.17019715905189514 -0.51129150390625
vn 0.8423859477043152 -0.17019715905189514 -0.51129150390625
vn 0.7462039589881897 0.6592034697532654 -0.09290048480033875
vn 0.17760856449604034 0.7921382784843445 -0.5839281678199768
vn 0.36590102314949036 0.8471024036407471 -0.38540107011795044
vn -0.3941877782344818 0.8674731254577637 0.3034905791282654
vn 0.137602761387825 -0.7879157662391663 0.6002119779586792
vn 0.3255099952220917 -0.6786208152770996 0.6584201455116272
vn 0.9995313286781311 -0.03040095418691635 0.003600112861022353
vn 0.8596327900886536 -0.1200045719742775 0.49661895632743835
vn -0.9727466106414795 -0.1529073268175125 0.17430835962295532
vn -0.9727466106414795 -0.1529073268175125 0.17430835962295532
vn -0.9902411103248596 -0.07540313154459 0.11720487475395203
vn -0.9902411103248596 -0.07540313154459 0.11720487475395203
vn 0.1626966893672943 0.9606804847717285 0.2249954342842102
vn 0.1626966893672943 0.9606804847717285 0.2249954342842102
vn 0.33018407225608826 0.49247628450393677 -0.8052611947059631
vn 0.33018407225608826 0.49247628450393677 -0.8052611947059631
vn 0.33018407225608826 0.49247628450393677 -0.8052611947059631
vn 0.5282347798347473 -0.33282193541526794 -0.7811514139175415
vn 0.5282347798347473 -0.33282193541526794 -0.7811514139175415
vn 0.5282347798347473 -0.33282193541526794 -0.7811514139175415
vn 0.9826536178588867 -0.11160609126091003 -0.1481080949306488
vn 0.9826536178588867 -0.11160609126091003 -0.1481080949306488
vn 0.8217507004737854 0.4143751561641693 -0.3911765515804291
vn 0.5845885872840881 0.6670870780944824 -0.4617910385131836
vn 0.5845885872840881 0.6670870780944824 -0.4617910385131836
vn 0.995328962802887 0.02590075321495533 0.09300270676612854
vn 0.995328962802887 0.02590075321495533 0.09300270676612854
vn 0.8908944129943848 0.19899874925613403 -0.40829741954803467
vn 0.8908944129943848 0.19899874925613403 -0.40829741954803467
vn 0.9736245274543762 -0.14070354402065277 -0.17960453033447266
vn 0.9913786053657532 -0.1300971955060959 -0.015599663369357586
vn 0.9318917989730835 -0.3522968590259552 -0.08639923483133316
vn 0.9424223303794861 -0.3340079188346863 -0.016700396314263344
vn -0.9742025136947632 -0.06700017303228378 -0.21550054848194122
vn -0.9906824231147766 -0.011599794030189514 -0.13569758832454681
vn -0.5072923898696899 -0.1907971352338791 -0.8403873443603516
vn -0.5072923898696899 -0.1907971352338791 -0.8403873443603516
vn 0.05099871754646301 -0.16379587352275848 -0.9851751923561096
vn -0.9940400719642639 0.06960280239582062 -0.08390337973833084
vn 0.13350284099578857 0.29340624809265137 -0.9466202259063721
vn 0.13350284099578857 0.29340624809265137 -0.9466202259063721
vn 0.7965098023414612 0.5182062983512878 0.3115037977695465
vn -0.8140862584114075 0.12919780611991882 -0.5661904215812683
vn -0.8140862584114075 0.12919780611991882 -0.5661904215812683
vn -0.5940130949020386 0.7458164691925049 0.3015066385269165
vn -0.5940130949020386 0.7458164691925049 0.3015066385269165
vn -0.6968922019004822 0.5471938848495483 0.46359482407569885
vn -0.6968922019004822 0.5471938848495483 0.46359482407569885
vn -0.30678296089172363 0.2292872667312622 -0.9237486720085144
vn -0.30678296089172363 0.2292872667312622 -0.9237486720085144
vn -0.30678296089172363 0.2292872667312622 -0.9237486720085144
vn -0.30678296089172363 0.2292872667312622 -0.9237486720085144
vn -0.4793039560317993 0.5454045534133911 -0.6876057386398315
vn -0.4793039560317993 0.5454045534133911 -0.6876057386398315
vn -0.4537124037742615 0.6730183362960815 -0.5841159820556641
vn -0.9332261085510254 0.316308856010437 0.17040476202964783
vn -0.9332261085510254 0.316308856010437 0.17040476202964783
vn -0.9561037421226501 -0.1522005945444107 -0.25040099024772644
vn -0.42388686537742615 -0.23209279775619507 -0.875472903251648
vn -0.42388686537742615 -0.23209279775619507 -0.875472903251648
vn -0.42388686537742615 -0.23209279775619507 -0.875472903251648
vn -0.9996170997619629 -0.02040034905076027 0.01870032027363777
vn -0.9446232914924622 0.19340476393699646 0.26510655879974365
vn -0.9446232914924622 0.19340476393699646 0.26510655879974365
vn 0.8663514852523804 0.021498795598745346 0.4989720582962036
vn 0.3506958484649658 0.000899989390745759 0.9364889860153198
vn 0.3506958484649658 0.000899989390745759 0.9364889860153198
vn 0.026601089164614677 0.9413385391235352 -0.33641377091407776
vn -0.11310535669326782 0.4614218473434448 0.8799416422843933
vn -0.11310535669326782 0.4614218473434448 0.8799416422843933
vn 0.41400182247161865 0.9043039679527283 0.10410045832395554
vn 0.41400182247161865 0.9043039679527283 0.10410045832395554
vn 0.5888022184371948 0.6049022674560547 0.5361019372940063
vn 0.007299846038222313 0.7050851583480835 0.7090850472450256
vn 0.007299846038222313 0.7050851583480835 0.7090850472450256
vn 0.603300929069519 0.1771002858877182 0.7776012420654297
vn 0.603300929069519 0.1771002858877182 0.7776012420654297
vn -0.3291912078857422 0.8705767393112183 0.3656902313232422
vn -0.3291912078857422 0.8705767393112183 0.3656902313232422
vn 0.002300080144777894 0.9653336405754089 -0.2610090970993042
vn 0.20600351691246033 0.93721604347229 -0.2814048230648041
vn -0.13370442390441895 0.22970761358737946 0.9640319347381592
vn -0.13370442390441895 0.22970761358737946 0.9640319347381592
vn 0.9363255500793457 -0.07600206881761551 0.3428093492984772
vn 0.9363255500793457 -0.07600206881761551 0.3428093492984772
vn 0.9958020448684692 -0.08880017697811127 0.022200044244527817
vn 0.7824716567993164 0.618177592754364 0.07479728758335114
vn 0.7824716567993164 0.618177592754364 0.07479728758335114
vn 0.9751951098442078 -0.07759961485862732 0.20729896426200867
vn 0.7674649357795715 0.47847816348075867 0.4266805052757263
vn 0.9828487038612366 0.17599080502986908 0.055097125470638275
vn 0.3380143940448761 0.8798374533653259 -0.3341142237186432
vn 0.3380143940448761 0.8798374533653259 -0.3341142237186432
vn 0.13269685208797455 0.3895907700061798 -0.9113783836364746
vn 0.13269685208797455 0.3895907700061798 -0.9113783836364746
vn 0.31659209728240967 0.718682050704956 -0.6190845370292664
vn 0.31659209728240967 0.718682050704956 -0.6190845370292664
vn 0.31659209728240967 0.718682050704956 -0.6190845370292664
vn 0.56021648645401 0.8105238676071167 -0.17090503871440887
vn 0.56021648645401 0.8105238676071167 -0.17090503871440887
vn -0.5984905362129211 0.7153886556625366 0.3605942726135254
vn -0.7372932434082031 0.5727947950363159 0.35819676518440247
vn -0.8807854056358337 -0.12939785420894623 0.45549246668815613
vn -0.8807854056358337 -0.12939785420894623 0.45549246668815613
vn -0.8107906579971313 -0.27009686827659607 0.5192939639091492
vn -0.8107906579971313 -0.27009686827659607 0.5192939639091492
vn 0.10719742625951767 -0.7794813513755798 0.6171852350234985
vn 0.10719742625951767 -0.7794813513755798 0.6171852350234985
vn 0.6702888011932373 -0.3589940071105957 0.649489164352417
vn 0.6702888011932373 -0.3589940071105957 0.649489164352417
vn 0.8928815722465515 0.0008999814162962139 0.450290709733963
vn -0.9521536827087402 -0.10080568492412567 0.2885162830352783
vn -0.9521536827087402 -0.10080568492412567 0.2885162830352783
vn -0.9494025707244873 -0.17980048060417175 0.25750067830085754
vn -0.9494025707244873 -0.17980048060417175 0.25750067830085754
vn -0.9494842886924744 -0.08809854090213776 0.3011949956417084
vn -0.9494842886924744 -0.08809854090213776 0.3011949956417084
vn -0.9602105021476746 -0.0809008777141571 0.267302930355072
vn -0.9602105021476746 -0.0809008777141571 0.267302930355072
vn 0.5608188509941101 0.8269277811050415 -0.04090137034654617
vn 0.5608188509941101 0.8269277811050415 -0.04090137034654617
vn 0.4478214681148529 0.8873425126075745 -0.10990526527166367
vn 0.6632364392280579 0.7482410669326782 0.015900874510407448
vn 0.6632364392280579 0.7482410669326782 0.015900874510407448
vn 0.033299945294857025 0.8962985277175903 0.4421992599964142
vn 0.033299945294857025 0.8962985277175903 0.4421992599964142
vn 0.37918931245803833 0.8891748785972595 -0.25609275698661804
vn -0.5431268811225891 -0.10110499709844589 -0.8335412740707397
vn -0.5431268811225891 -0.10110499709844589 -0.8335412740707397
vn 0.3515012562274933 0.8305030465126038 -0.4321015775203705
vn 0.8707065582275391 0.04430033266544342 -0.489803671836853
vn 0.9816641807556152 -0.1489945650100708 0.11889566481113434
vn -0.7825263142585754 -0.22710762917995453 -0.5797194838523865
vn -0.7825263142585754 -0.22710762917995453 -0.5797194838523865
vn -0.9770408272743225 -0.15810659527778625 0.14280596375465393
vn -0.9770408272743225 -0.15810659527778625 0.14280596375465393
vn -0.9602051377296448 0.2742014527320862 0.053100284188985825
vn -0.9602051377296448 0.2742014527320862 0.053100284188985825
vn 0.8924570679664612 0.4511288106441498 0.0018001149874180555
vn 0.33279159665107727 0.2612933814525604 -0.9060770869255066
vn 0.33279159665107727 0.2612933814525604 -0.9060770869255066
vn -0.6117631196975708 0.06269621849060059 -0.788552463054657
vn -0.6117631196975708 0.06269621849060059 -0.788552463054657
vn -0.9478786587715149 0.3184928297996521 -0.009399788454174995
vn -0.8538392186164856 0.4651213586330414 0.23371075093746185
vn -0.8538392186164856 0.4651213586330414 0.23371075093746185
vn -0.4769968092441559 0.8586942553520203 -0.1873987466096878
vn -0.7071799635887146 0.6037829518318176 -0.3678896129131317
vn -0.646006166934967 0.6573062539100647 -0.3881036937236786
vn -0.646006166934967 0.6573062539100647 -0.3881036937236786
vn 0.37418362498283386 -0.09119600802659988 -0.9228596687316895
vn 0.37418362498283386 -0.09119600802659988 -0.9228596687316895
vn 0.37418362498283386 -0.09119600802659988 -0.9228596687316895
vn -0.9918473958969116 0.12710608541965485 0.009100435301661491
vn -0.7721748352050781 0.3415888845920563 0.5357825756072998
vn -0.8488031625747681 0.4865017831325531 0.2070007622241974
vn -0.8488031625747681 0.4865017831325531 0.2070007622241974
vn -0.7887567281723022 0.26158565282821655 0.5562694668769836
vn -0.9951249957084656 0.08090202510356903 0.056401416659355164
vn -0.9951249957084656 0.08090202510356903 0.056401416659355164
vn -0.9685818552970886 0.058998897671699524 0.24159549176692963
vn -0.9685818552970886 0.058998897671699524 0.24159549176692963
vn -0.17499388754367828 0.02819901518523693 0.984165608882904
vn -0.08869560807943344 0.9954507946968079 0.0347982794046402
vn 0.17469774186611176 0.16149790585041046 0.9712873697280884
vn 0.17469774186611176 0.16149790585041046 0.9712873697280884
vn -0.5376309156417847 -0.08920513093471527 0.8384482264518738
vn 0.1313985288143158 -0.10179886221885681 0.9860889911651611
vn 0.6365982890129089 -0.11349968612194061 0.7627978920936584
vn -0.16129863262176514 -0.014999873004853725 0.9867916703224182
vn 0.023800503462553024 0.05820123478770256 0.998021125793457
vn 0.022299498319625854 0.03669917583465576 0.9990776181221008
vn 0.03219940513372421 0.135297492146492 0.9902817010879517
vn 0.8189103007316589 0.5022063255310059 0.2778034806251526
vn 0.8189103007316589 0.5022063255310059 0.2778034806251526
vn 0.7370762825012207 0.6079804301261902 0.2950904965400696
vn 0.7370762825012207 0.6079804301261902 0.2950904965400696
vn 0.7370762825012207 0.6079804301261902 0.2950904965400696
vn 0.7938167452812195 0.4053085446357727 0.4534095525741577
vn 0.8915194869041443 0.06420139968395233 -0.4484097957611084
vn 0.5477004647254944 0.6517006158828735 0.5247004628181458
vn 0.5477004647254944 0.6517006158828735 0.5247004628181458
vn 0.5477004647254944 0.6517006158828735 0.5247004628181458
vn 0.10960135608911514 0.9367116093635559 -0.33250412344932556
vn -0.03290071710944176 0.8794190883636475 -0.47491031885147095
vn 0.2886054813861847 0.9460179209709167 -0.14750279486179352
vn -0.41009336709976196 -0.5800905823707581 0.7037886381149292
vn -0.41009336709976196 -0.5800905823707581 0.7037886381149292
vn -0.0005000130622647703 -0.758719801902771 0.6514170169830322
vn -0.0005000130622647703 -0.758719801902771 0.6514170169830322
vn 0.24551281332969666 -0.6531341075897217 0.7163374423980713
vn 0.24551281332969666 -0.6531341075897217 0.7163374423980713
vn 0.24551281332969666 -0.6531341075897217 0.7163374423980713
vn 0.4778100252151489 -0.05690119042992592 0.8766184449195862
vn 0.570391833782196 -0.13979800045490265 0.8093884587287903
vn -0.9571728110313416 -0.22849351167678833 0.177794948220253
vn -0.9571728110313416 -0.22849351167678833 0.177794948220253
vn 0.6719020009040833 0.7383022904396057 0.05880017951130867
vn 0.6719020009040833 0.7383022904396057 0.05880017951130867
vn -0.07279916852712631 0.9804887771606445 0.18259792029857635
vn -0.07279916852712631 0.9804887771606445 0.18259792029857635
vn 0.8044954538345337 0.3331981301307678 -0.4916972517967224
vn -0.6794676780700684 0.7058664560317993 -0.2001904845237732
vn 0.6038126945495605 -0.1284026950597763 -0.7867165803909302
vn 0.6038126945495605 -0.1284026950597763 -0.7867165803909302
vn 0.9821171164512634 0.1794031262397766 -0.05710099637508392
vn 0.9506649374961853 0.21209219098091125 0.22639165818691254
vn 0.5813990831375122 0.5709990859031677 -0.5795990824699402
vn 0.5813990831375122 0.5709990859031677 -0.5795990824699402
vn 0.3228928744792938 0.7604832649230957 -0.5633875727653503
vn 0.9779069423675537 0.17200122773647308 -0.11880084127187729
vn 0.9779069423675537 0.17200122773647308 -0.11880084127187729
vn 0.7087369561195374 0.02480129338800907 -0.7050367593765259
vn 0.948335587978363 -0.1207045316696167 0.2934110164642334
vn 0.948335587978363 -0.1207045316696167 0.2934110164642334
vn 0.845849871635437 -0.1082063764333725 0.5223308205604553
vn 0.845849871635437 -0.1082063764333725 0.5223308205604553
vn 0.9885251522064209 -0.1509038507938385 -0.006800173316150904
vn 0.8399821519851685 -0.46279019117355347 0.2832939922809601
vn 0.8399821519851685 -0.46279019117355347 0.2832939922809601
vn 0.8750283718109131 -0.24290788173675537 0.41871359944343567
vn 0.8750283718109131 -0.24290788173675537 0.41871359944343567
vn -0.9676983952522278 0.15769973397254944 -0.19669967889785767
vn -0.6261793971061707 0.07989736646413803 -0.7755745053291321
vn -0.6261793971061707 0.07989736646413803 -0.7755745053291321
vn -0.9438726305961609 0.279391884803772 -0.17619489133358002
vn 0.012999526225030422 -0.13859495520591736 -0.9902638792991638
vn -0.742424488067627 -0.16210535168647766 -0.6500213742256165
vn -0.742424488067627 -0.16210535168647766 -0.6500213742256165
vn -0.8927074670791626 0.42490354180336 -0.15010124444961548
vn 0.8249005079269409 0.4296002984046936 0.36740022897720337
vn -0.5460093021392822 0.7009119391441345 0.458907812833786
vn -0.5800053477287292 0.58730548620224 0.5645052194595337
vn -0.5800053477287292 0.58730548620224 0.5645052194595337
vn 0.340512752532959 -0.10870406776666641 -0.9339349865913391
vn 0.340512752532959 -0.10870406776666641 -0.9339349865913391
vn -0.3614044189453125 0.7700093984603882 -0.5258064270019531
vn -0.22140218317508698 0.851508378982544 -0.4753047227859497
vn -0.3832816779613495 0.7928621172904968 0.4737773537635803
vn -0.3832816779613495 0.7928621172904968 0.4737773537635803
vn -0.3832816779613495 0.7928621172904968 0.4737773537635803
vn -0.9831779599189758 -0.05709872022271156 0.17349611222743988
vn -0.8032804727554321 -0.0042998953722417355 -0.5955855250358582
vn -0.8032804727554321 -0.0042998953722417355 -0.5955855250358582
vn -0.1601003259420395 0.10020020604133606 -0.9820020198822021
vn -0.1601003259420395 0.10020020604133606 -0.9820020198822021
vn -0.9877203702926636 0.06200127676129341 0.14340294897556305
vn -0.9877203702926636 0.06200127676129341 0.14340294897556305
vn -0.9877203702926636 0.06200127676129341 0.14340294897556305
vn -0.8679694533348083 0.10549628734588623 0.48528292775154114
vn 0.4308035969734192 -0.00830006878823042 0.9024075269699097
vn 0.4308035969734192 -0.00830006878823042 0.9024075269699097
vn -0.22719456255435944 -0.011899715289473534 0.9737766981124878
vn -0.1997029334306717 0.975714385509491 -0.09000132977962494
vn -0.226099893450737 0.9507995247840881 0.21179988980293274
vn -0.226099893450737 0.9507995247840881 0.21179988980293274
vn -0.5225062966346741 0.24820299446582794 0.8157098293304443
vn -0.5317932367324829 0.7312907576560974 0.42709460854530334
vn -0.5317932367324829 0.7312907576560974 0.42709460854530334
vn 0.08229769766330719 0.768378496170044 0.6346822381019592
vn 0.08229769766330719 0.768378496170044 0.6346822381019592
vn 0.08229769766330719 0.768378496170044 0.6346822381019592
vn 0.20049357414245605 0.4871843755245209 0.8499727845191956
vn 0.20049357414245605 0.4871843755245209 0.8499727845191956
vn -0.032499779015779495 0.05959959328174591 0.9976931810379028
vn -0.055397555232048035 -0.020399101078510284 0.9982559680938721
vn -0.002300044521689415 0.9356180429458618 0.3530067801475525
vn -0.002300044521689415 0.9356180429458618 0.3530067801475525
vn 0.2289971113204956 0.877488911151886 0.4213946759700775
vn 0.2289971113204956 0.877488911151886 0.4213946759700775
vn -0.2960994839668274 0.4269992709159851 0.8543985486030579
vn -0.20830002427101135 0.11140001565217972 0.971700131893158
vn -0.022800084203481674 0.212000772356987 0.9770035743713379
vn 0.9841664433479309 -0.08359714597463608 0.15629465878009796
vn 0.6603879928588867 0.5673896670341492 0.491891086101532
vn 0.6603879928588867 0.5673896670341492 0.491891086101532
vn 0.6603879928588867 0.5673896670341492 0.491891086101532
vn 0.7361965775489807 0.009799954481422901 0.6766968369483948
vn 0.7361965775489807 0.009799954481422901 0.6766968369483948
vn 0.966678261756897 0.09799779206514359 0.23649466037750244
vn 0.966678261756897 0.09799779206514359 0.23649466037750244
vn -0.11490101367235184 0.9794086217880249 -0.16600145399570465
vn -0.6788043975830078 0.15670102834701538 -0.7174046635627747
vn -0.6788043975830078 0.15670102834701538 -0.7174046635627747
vn -0.15760396420955658 0.986024796962738 -0.05400136113166809
vn -0.15760396420955658 0.986024796962738 -0.05400136113166809
vn -0.15760396420955658 0.986024796962738 -0.05400136113166809
vn -0.15760396420955658 0.986024796962738 -0.05400136113166809
vn 0.4781089127063751 0.8774163722991943 -0.03940073400735855
vn -0.5837127566337585 0.7783170342445374 0.2313050627708435
vn -0.5837127566337585 0.7783170342445374 0.2313050627708435
vn -0.8169708251953125 0.5757794976234436 0.03219885379076004
vn -0.8169708251953125 0.5757794976234436 0.03219885379076004
vn -0.5700153112411499 -0.15890425443649292 0.8061216473579407
vn -0.5618025064468384 -0.19850090146064758 0.8031035661697388
vn 0.14759613573551178 -0.7517803907394409 0.6426832675933838
vn 0.14759613573551178 -0.7517803907394409 0.6426832675933838
vn 0.060600604861974716 -0.8107080459594727 0.5823057889938354
vn 0.060600604861974716 -0.8107080459594727 0.5823057889938354
vn 0.5481688380241394 -0.3075824975967407 0.7777557969093323
vn -0.9471180438995361 -0.16350311040878296 0.27610528469085693
vn -0.9440234303474426 -0.12170301377773285 0.30660760402679443
vn -0.9275780320167542 -0.2652937173843384 0.2630937695503235
vn -0.912679135799408 -0.09369785338640213 0.3977908790111542
vn -0.8985263109207153 -0.026600778102874756 0.4381128251552582
vn 0.3054145276546478 0.9504451751708984 -0.05810276418924332
vn 0.23859986662864685 0.9647994041442871 -0.11059993505477905
vn 0.7506698369979858 0.6133753657341003 -0.24549013376235962
vn 0.7506698369979858 0.6133753657341003 -0.24549013376235962
vn 0.41239866614341736 0.9095970988273621 -0.0505998358130455
vn 0.00509996060281992 0.7691940665245056 0.6389950513839722
vn 0.00509996060281992 0.7691940665245056 0.6389950513839722
vn 0.8021963834762573 0.5311976075172424 -0.2725987732410431
vn 0.8021963834762573 0.5311976075172424 -0.2725987732410431
vn 0.09660454839468002 0.84043949842453 -0.5332251191139221
vn 0.09660454839468002 0.84043949842453 -0.5332251191139221
vn -0.6939223408699036 0.4952159821987152 -0.5227168798446655
vn -0.6939223408699036 0.4952159821987152 -0.5227168798446655
vn 0.8068164587020874 0.4880099594593048 -0.3330067992210388
vn 0.8068164587020874 0.4880099594593048 -0.3330067992210388
vn 0.9601550102233887 -0.01949908770620823 -0.27878695726394653
vn 0.8483386039733887 -0.1332060694694519 0.5124233365058899
vn 0.8483386039733887 -0.1332060694694519 0.5124233365058899
vn 0.9664401412010193 -0.19780820608139038 0.16390679776668549
vn -0.9803755879402161 -0.17059573531150818 0.09879754483699799
vn -0.9803755879402161 -0.17059573531150818 0.09879754483699799
vn -0.9775632619857788 -0.16519379615783691 0.13069510459899902
vn -0.9775632619857788 -0.16519379615783691 0.13069510459899902
vn -0.9775632619857788 -0.16519379615783691 0.13069510459899902
vn -0.8147656321525574 0.5697759985923767 -0.10729546844959259
vn -0.8147656321525574 0.5697759985923767 -0.10729546844959259
vn 0.9282572269439697 0.36452245712280273 -0.07390455156564713
vn 0.13490131497383118 0.11460112035274506 -0.9842095375061035
vn 0.13490131497383118 0.11460112035274506 -0.9842095375061035
vn -0.9666829705238342 0.2544955015182495 0.027499515563249588
vn -0.8274769186973572 0.39598894119262695 0.39808887243270874
vn -0.8274769186973572 0.39598894119262695 0.39808887243270874
vn 0.06180152669548988 0.6063149571418762 -0.792819619178772
vn 0.06180152669548988 0.6063149571418762 -0.792819619178772
vn -0.7267683148384094 0.05869743973016739 -0.6843701601028442
vn -0.7267683148384094 0.05869743973016739 -0.6843701601028442
vn -0.24709908664226532 0.9335965514183044 -0.25949904322624207
vn -0.6799175143241882 -0.04140106961131096 0.7321189045906067
vn -0.7179242968559265 0.6740228533744812 -0.1740058958530426
vn -0.551087498664856 0.7771822810173035 -0.3037930727005005
vn -0.551087498664856 0.7771822810173035 -0.3037930727005005
vn 0.382000207901001 0.1838001012802124 -0.9057005047798157
vn 0.382000207901001 0.1838001012802124 -0.9057005047798157
vn -0.9931660294532776 0.1091962605714798 -0.04119859263300896
vn -0.7976218461990356 0.6014164686203003 -0.045801255851984024
vn -0.7976218461990356 0.6014164686203003 -0.045801255851984024
vn -0.6795747876167297 0.07489722222089767 0.7297729253768921
vn -0.9732736349105835 -0.12569659948349 0.19219480454921722
vn -0.9732736349105835 -0.12569659948349 0.19219480454921722
vn -0.4250982105731964 0.896996259689331 -0.12119949609041214
vn 0.007500044070184231 0.10630062222480774 0.9943058490753174
vn 0.02879934385418892 0.003999908920377493 0.9995772242546082
vn 0.012599806301295757 -0.11149828881025314 0.9936847686767578
vn 0.5413104295730591 -0.11930229514837265 0.8323160409927368
vn -0.049098193645477295 0.14869451522827148 0.9876636266708374
vn 0.0248994380235672 -0.25249427556991577 0.9672780632972717
vn 0.0288994237780571 -0.22949542105197906 0.9728806018829346
vn 0.42710307240486145 0.23360168933868408 0.8735063076019287
vn 0.42710307240486145 0.23360168933868408 0.8735063076019287
vn 0.42710307240486145 0.23360168933868408 0.8735063076019287
vn 0.20559866726398468 0.4287972152233124 0.8796943426132202
vn 0.8551047444343567 0.30410170555114746 0.41990235447883606
vn 0.8708906173706055 0.17829807102680206 -0.45799508690834045
vn 0.6583869457244873 -0.06479872018098831 0.7498851418495178
vn 0.6583869457244873 -0.06479872018098831 0.7498851418495178
vn 0.6583869457244873 -0.06479872018098831 0.7498851418495178
vn -0.09110105037689209 0.9471109509468079 -0.30770355463027954
vn 0.06020006537437439 0.9877011179924011 -0.1443001627922058
vn -0.172499418258667 0.886197030544281 -0.42999857664108276
vn 0.21360279619693756 0.9729127287864685 -0.08840116113424301
vn -0.25068873167037964 -0.4633791744709015 0.8499618172645569
vn 0.1781994104385376 -0.6043979525566101 0.7764974236488342
vn 0.1781994104385376 -0.6043979525566101 0.7764974236488342
vn -0.11569774150848389 -0.7690849900245667 0.6285877227783203
vn -0.19829298555850983 -0.0812971219420433 0.9767654538154602
vn -0.19829298555850983 -0.0812971219420433 0.9767654538154602
vn -0.1768922209739685 -0.14589357376098633 0.9733572006225586
vn -0.1768922209739685 -0.14589357376098633 0.9733572006225586
vn 0.24618685245513916 -0.1995893269777298 0.9484493136405945
vn 0.24618685245513916 -0.1995893269777298 0.9484493136405945
vn -0.9106956720352173 -0.41189804673194885 0.031199850142002106
vn -0.9106956720352173 -0.41189804673194885 0.031199850142002106
vn 0.6200088262557983 0.4954070746898651 -0.6084086298942566
vn 0.6200088262557983 0.4954070746898651 -0.6084086298942566
vn 0.7918871641159058 0.30509504675865173 -0.5289914011955261
vn 0.6010127663612366 0.7989169359207153 0.022700482979416847
vn 0.6010127663612366 0.7989169359207153 0.022700482979416847
vn -0.1354948878288269 0.9904626607894897 0.02499905787408352
vn -0.1354948878288269 0.9904626607894897 0.02499905787408352
vn 0.3186999559402466 0.8123998641967773 -0.4882999360561371
vn 0.3186999559402466 0.8123998641967773 -0.4882999360561371
vn 0.3186999559402466 0.8123998641967773 -0.4882999360561371
vn 0.7266920208930969 0.6251931190490723 0.28469687700271606
vn 0.7266920208930969 0.6251931190490723 0.28469687700271606
vn 0.9194245934486389 0.32070857286453247 -0.22760608792304993
vn 0.9194245934486389 0.32070857286453247 -0.22760608792304993
vn 0.9194245934486389 0.32070857286453247 -0.22760608792304993
vn 0.3010927438735962 0.6778836846351624 -0.6706838607788086
vn 0.6115171313285828 0.7197201251983643 -0.328709214925766
vn 0.6115171313285828 0.7197201251983643 -0.328709214925766
vn 0.6614313125610352 -0.031701501458883286 -0.7493354678153992
vn 0.9085130095481873 -0.019400278106331825 -0.41740596294403076
vn 0.7399827241897583 -0.12299712747335434 0.6612845659255981
vn 0.9878162145614624 -0.047800783067941666 0.14810243248939514
vn 0.5790002346038818 -0.4512001872062683 0.6791002750396729
vn 0.6615736484527588 -0.5148795247077942 0.5451782941818237
vn 0.6615736484527588 -0.5148795247077942 0.5451782941818237
vn 0.6615736484527588 -0.5148795247077942 0.5451782941818237
vn 0.7187992334365845 -0.1333998441696167 0.6822992563247681
vn -0.8771619200706482 0.3364853858947754 -0.34258511662483215
vn -0.7892311215400696 0.5501217246055603 -0.2729107439517975
vn -0.7892311215400696 0.5501217246055603 -0.2729107439517975
vn 0.1860986351966858 -0.15269887447357178 -0.9705928564071655
vn 0.1860986351966858 -0.15269887447357178 -0.9705928564071655
vn -0.649206280708313 0.7201069593429565 -0.2449023723602295
vn -0.649206280708313 0.7201069593429565 -0.2449023723602295
vn -0.7334215641021729 -0.10750316083431244 -0.6712197065353394
vn -0.7334215641021729 -0.10750316083431244 -0.6712197065353394
vn -0.7334215641021729 -0.10750316083431244 -0.6712197065353394
vn -0.998669445514679 -0.04429864510893822 0.026399189606308937
vn -0.5354074835777283 0.8252115845680237 -0.17990252375602722
vn -0.5354074835777283 0.8252115845680237 -0.17990252375602722
vn 0.08080203831195831 0.8916225433349609 0.44551125168800354
vn 0.08080203831195831 0.8916225433349609 0.44551125168800354
vn -0.18469344079494476 0.7509732842445374 0.633977472782135
vn -0.18469344079494476 0.7509732842445374 0.633977472782135
vn -0.18469344079494476 0.7509732842445374 0.633977472782135
vn 0.321185827255249 -0.05069775879383087 -0.9456581473350525
vn 0.321185827255249 -0.05069775879383087 -0.9456581473350525
vn 0.8452406525611877 0.12720613181591034 -0.5190249681472778
vn -0.26450222730636597 0.8726073503494263 -0.41060346364974976
vn -0.15600867569446564 0.8732485771179199 -0.4616256654262543
vn -0.024600261822342873 -0.054500579833984375 0.9982106685638428
vn -0.024600261822342873 -0.054500579833984375 0.9982106685638428
vn -0.024600261822342873 -0.054500579833984375 0.9982106685638428
vn -0.024600261822342873 -0.054500579833984375 0.9982106685638428
vn -0.932894229888916 -0.22539860010147095 0.2808982729911804
vn -0.9034849405288696 0.04059932380914688 -0.4266928732395172
vn -0.9034849405288696 0.04059932380914688 -0.4266928732395172
vn -0.32478225231170654 0.2297874242067337 -0.9174498319625854
vn -0.756904661655426 0.6535040140151978 0.005300032440572977
vn -0.756904661655426 0.6535040140151978 0.005300032440572977
vn -0.7311055660247803 -0.046100351959466934 0.6807051301002502
vn -0.9442987442016602 0.07339990139007568 0.3207995891571045
vn -0.9442987442016602 0.07339990139007568 0.3207995891571045
vn -0.37310993671417236 0.886123538017273 0.27490729093551636
vn -0.37310993671417236 0.886123538017273 0.27490729093551636
vn -0.29140129685401917 0.8035036325454712 0.5191023349761963
vn -0.17021043598651886 0.5374329090118408 0.8259506225585938
vn -0.17021043598651886 0.5374329090118408 0.8259506225585938
vn -0.2849954068660736 0.12159804254770279 0.9507846832275391
vn 0.1061985194683075 0.4676934778690338 0.8774877786636353
vn -0.031200896948575974 0.11540332436561584 0.9928286075592041
vn 0.02950146235525608 0.02510124444961548 0.9992495179176331
vn 0.02830023318529129 -0.22080181539058685 0.9749080538749695
vn 0.5118337273597717 -0.06320416182279587 0.8567564487457275
vn 0.5118337273597717 -0.06320416182279587 0.8567564487457275
vn 0.9754489660263062 0.04039788246154785 0.21648867428302765
vn 0.9754489660263062 0.04039788246154785 0.21648867428302765
vn -0.8663765788078308 0.4552876949310303 0.20519444346427917
vn -0.605787456035614 0.179196298122406 -0.7751840353012085
vn -0.605787456035614 0.179196298122406 -0.7751840353012085
vn -0.7735913395881653 0.6335929036140442 0.01079987920820713
vn -0.7735913395881653 0.6335929036140442 0.01079987920820713
vn -0.7383927702903748 0.672793447971344 -0.046099551022052765
vn -0.7383927702903748 0.672793447971344 -0.046099551022052765
vn -0.10009904205799103 -0.15009856224060059 0.9835906624794006
vn -0.19720283150672913 -0.15820227563381195 0.9675138592720032
vn 0.24850475788116455 -0.840816080570221 0.48090919852256775
vn 0.2708970308303833 -0.7316919565200806 0.6254931688308716
vn 0.2708970308303833 -0.7316919565200806 0.6254931688308716
vn 0.2708970308303833 -0.7316919565200806 0.6254931688308716
vn -0.10179699957370758 -0.8645745515823364 0.4920855164527893
vn -0.10179699957370758 -0.8645745515823364 0.4920855164527893
vn 0.12109638005495071 -0.31399059295654297 0.9416717886924744
vn 0.12109638005495071 -0.31399059295654297 0.9416717886924744
vn -0.9249939322471619 -0.17989882826805115 0.33469778299331665
vn -0.9374123811721802 -0.20620273053646088 0.2806037366390228
vn -0.902205228805542 -0.2012011557817459 0.3815022110939026
vn -0.82902592420578 -0.487815260887146 0.27340856194496155
vn -0.7112118005752563 -0.11970198899507523 0.6927115321159363
vn 0.1537964642047882 0.9855773448944092 -0.07059837877750397
vn 0.13689729571342468 0.9843806028366089 -0.11069782078266144
vn 0.7064293622970581 0.5395224690437317 -0.45811906456947327
vn 0.7064293622970581 0.5395224690437317 -0.45811906456947327
vn 0.7064293622970581 0.5395224690437317 -0.45811906456947327
vn 0.9456714391708374 0.1894942820072174 -0.26419204473495483
vn 0.5493066906929016 0.3841046690940857 0.7421090006828308
vn 0.5493066906929016 0.3841046690940857 0.7421090006828308
vn 0.9741231203079224 0.12560297548770905 -0.1879044622182846
vn 0.5942709445953369 0.7108652591705322 -0.37618160247802734
vn 0.5942709445953369 0.7108652591705322 -0.37618160247802734
vn 0.5942709445953369 0.7108652591705322 -0.37618160247802734
vn 0.9783598780632019 0.1568935662508011 0.1348944753408432
vn 0.9866414666175842 0.09750409424304962 0.1305054873228073
vn 0.6285749077796936 -0.11849527060985565 0.7686693072319031
vn 0.9137001037597656 -0.04580000415444374 0.4038000702857971
vn 0.9137001037597656 -0.04580000415444374 0.4038000702857971
vn -0.21020916104316711 0.37121617794036865 -0.9044394493103027
vn -0.21020916104316711 0.37121617794036865 -0.9044394493103027
vn -0.21020916104316711 0.37121617794036865 -0.9044394493103027
vn -0.21020916104316711 0.37121617794036865 -0.9044394493103027
vn -0.9800406098365784 -0.08790363371372223 0.17830736935138702
vn -0.9800406098365784 -0.08790363371372223 0.17830736935138702
vn -0.9230524301528931 -0.055003125220537186 -0.3807216286659241
vn -0.4370839595794678 0.8938671946525574 -0.0997963398694992
vn 0.8336207270622253 0.21180526912212372 -0.5101127028465271
vn 0.8336207270622253 0.21180526912212372 -0.5101127028465271
vn -0.9467699527740479 0.2906907796859741 0.13829562067985535
vn -0.13800399005413055 0.8036232590675354 0.5789167284965515
vn -0.13800399005413055 0.8036232590675354 0.5789167284965515
vn -0.01949966326355934 0.9915828108787537 -0.12799778580665588
vn -0.01949966326355934 0.9915828108787537 -0.12799778580665588
vn -0.2231961339712143 0.5290908813476562 -0.8186858892440796
vn -0.2231961339712143 0.5290908813476562 -0.8186858892440796
vn -0.2231961339712143 0.5290908813476562 -0.8186858892440796
vn -0.4901335537433624 -0.4970340430736542 0.716049075126648
vn -0.4901335537433624 -0.4970340430736542 0.716049075126648
vn -0.4901335537433624 -0.4970340430736542 0.716049075126648
vn -0.7012607455253601 0.704860508441925 -0.10679401457309723
vn -0.7012607455253601 0.704860508441925 -0.10679401457309723
vn -0.37099701166152954 0.8933928608894348 -0.25339797139167786
vn 0.21999892592430115 0.3003985285758972 -0.9280954599380493
vn 0.21999892592430115 0.3003985285758972 -0.9280954599380493
vn -0.9984230399131775 -0.026100603863596916 0.04970115050673485
vn -0.7702151536941528 0.5791113972663879 0.26720523834228516
vn -0.7702151536941528 0.5791113972663879 0.26720523834228516
vn -0.7702151536941528 0.5791113972663879 0.26720523834228516
vn -0.670093834400177 0.551694929599762 0.49659544229507446
vn -0.670093834400177 0.551694929599762 0.49659544229507446
vn -0.670093834400177 0.551694929599762 0.49659544229507446
vn 0.07030098140239716 0.054900769144296646 0.996013879776001
vn -0.08289714902639389 0.33638840913772583 0.9380676746368408
vn -0.08289714902639389 0.33638840913772583 0.9380676746368408
vn 0.4094126522541046 -0.13750424981117249 0.9019278883934021
vn 0.03660193085670471 -0.1212063878774643 0.9919523000717163
vn 0.8072087168693542 0.34740376472473145 -0.47720515727996826
vn 0.8072087168693542 0.34740376472473145 -0.47720515727996826
vn 0.23039430379867554 -0.5851855874061584 0.7774807810783386
vn 0.23039430379867554 -0.5851855874061584 0.7774807810783386
vn 0.23039430379867554 -0.5851855874061584 0.7774807810783386
vn 0.8148245215415955 -0.2841085195541382 0.5053151845932007
vn 0.8148245215415955 -0.2841085195541382 0.5053151845932007
vn -0.13840603828430176 0.9389409422874451 -0.31501373648643494
vn -0.0664997473359108 0.9798962473869324 -0.18809927999973297
vn 0.05180225893855095 0.992243230342865 -0.11300492286682129
vn -0.040800537914037704 0.9991132020950317 0.010400136932730675
vn -0.040800537914037704 0.9991132020950317 0.010400136932730675
vn 0.05099878087639809 -0.43768957257270813 0.8976786136627197
vn -0.01979953423142433 -0.5177878141403198 0.8552799224853516
vn -0.01979953423142433 -0.5177878141403198 0.8552799224853516
vn -0.01979953423142433 -0.5177878141403198 0.8552799224853516
vn -0.31350746750831604 -0.7801186442375183 0.5414129495620728
vn -0.32309916615486145 -0.21679943799972534 0.9211975336074829
vn -0.7161726951599121 -0.6141765713691711 0.33148735761642456
vn 0.9402914643287659 0.036599669605493546 -0.33839693665504456
vn 0.9402914643287659 0.036599669605493546 -0.33839693665504456
vn 0.6438011527061462 0.3894006907939911 -0.6587011814117432
vn 0.6438011527061462 0.3894006907939911 -0.6587011814117432
vn 0.6438011527061462 0.3894006907939911 -0.6587011814117432
vn 0.35819676518440247 0.5727947950363159 -0.7372932434082031
vn 0.35819676518440247 0.5727947950363159 -0.7372932434082031
vn 0.7380058169364929 0.23700188100337982 -0.6318050026893616
vn 0.7380058169364929 0.23700188100337982 -0.6318050026893616
vn 0.6136937737464905 0.19769799709320068 -0.7643922567367554
vn 0.1548035889863968 0.6307145953178406 -0.760417640209198
vn 0.8910782337188721 0.19839516282081604 0.4081900119781494
vn 0.8910782337188721 0.19839516282081604 0.4081900119781494
vn 0.8060857057571411 0.1945965439081192 -0.5588900446891785
vn 0.9761396646499634 0.20130816102027893 0.08140330016613007
vn 0.9443873763084412 0.08219890296459198 0.318395733833313
vn 0.9443873763084412 0.08219890296459198 0.318395733833313
vn 0.19830112159252167 -0.5650032162666321 0.8009045124053955
vn 0.5434879064559937 -0.21849513053894043 0.8104819655418396
vn 0.8737244606018066 0.08050224930047989 0.47971341013908386
vn 0.4640170931816101 -0.09850362688302994 0.8803324103355408
vn -0.7379175424575806 0.41640985012054443 -0.531112551689148
vn -0.6362797617912292 0.6158803701400757 -0.46458521485328674
vn -0.6362797617912292 0.6158803701400757 -0.46458521485328674
vn -0.45880255103111267 0.7929044961929321 -0.4010022282600403
vn -0.6744813323020935 -0.24859313666820526 -0.6951808333396912
vn -0.6744813323020935 -0.24859313666820526 -0.6951808333396912
vn 0.5062128305435181 -0.2554064691066742 -0.8237208724021912
vn 0.5062128305435181 -0.2554064691066742 -0.8237208724021912
vn -0.39200741052627563 0.8814166188240051 -0.2635049819946289
vn -0.9988210201263428 -0.01940040849149227 -0.044500935822725296
vn -0.9988210201263428 -0.01940040849149227 -0.044500935822725296
vn -0.9849847555160522 0.0300995334982872 0.16999736428260803
vn -0.9849847555160522 0.0300995334982872 0.16999736428260803
vn -0.8712026476860046 -0.2934008836746216 -0.3936011791229248
vn -0.8712026476860046 -0.2934008836746216 -0.3936011791229248
vn -0.3544800579547882 0.9134486317634583 -0.19988875091075897
vn 0.7934160232543945 0.5971120595932007 0.11810238659381866
vn 0.8553169965744019 0.4776094853878021 -0.2008039951324463
vn -0.19360141456127167 0.9344068765640259 -0.29900220036506653
vn -0.9433759450912476 0.08559782058000565 -0.3204917907714844
vn -0.9433759450912476 0.08559782058000565 -0.3204917907714844
vn -0.9322547316551208 -0.27198681235313416 0.23858842253684998
vn -0.4539913535118103 0.28739452362060547 -0.8433839082717896
vn -0.7392351031303406 0.6106290221214294 0.2840135097503662
vn -0.7392351031303406 0.6106290221214294 0.2840135097503662
vn -0.7392351031303406 0.6106290221214294 0.2840135097503662
vn -0.6881840825080872 -0.014899655245244503 0.7253832221031189
vn -0.6881840825080872 -0.014899655245244503 0.7253832221031189
vn -0.2126162052154541 0.5680432915687561 0.7950606346130371
vn -0.2126162052154541 0.5680432915687561 0.7950606346130371
vn -0.42599350214004517 0.37579429149627686 0.82298743724823
vn 0.9900866746902466 0.12699829041957855 0.059999190270900726
vn -0.7731835842132568 0.36189231276512146 0.5207889676094055
vn -0.3861037492752075 0.3487033545970917 -0.8540082573890686
vn -0.3861037492752075 0.3487033545970917 -0.8540082573890686
vn -0.7649956345558167 0.6424962878227234 0.04449974745512009
vn -0.6646156907081604 0.7469176650047302 -0.02000047080218792
vn -0.6646156907081604 0.7469176650047302 -0.02000047080218792
vn -0.6646156907081604 0.7469176650047302 -0.02000047080218792
vn -0.3378186523914337 0.9408519864082336 -0.02600143663585186
vn 0.24609676003456116 -0.12159840762615204 0.9615873694419861
vn 0.12059678137302399 -0.13059651851654053 0.9840736985206604
vn 0.46750500798225403 -0.7545080780982971 0.4606049358844757
vn 0.46750500798225403 -0.7545080780982971 0.4606049358844757
vn 0.17429380118846893 -0.9076677560806274 0.38178643584251404
vn 0.17429380118846893 -0.9076677560806274 0.38178643584251404
vn 0.47251254320144653 -0.6936184167861938 0.5437144041061401
vn 0.47251254320144653 -0.6936184167861938 0.5437144041061401
vn -0.274798721075058 -0.8479960560798645 0.4531978964805603
vn -0.1546977460384369 -0.23589657247066498 0.9593860507011414
vn -0.6802734136581421 -0.18559274077415466 0.7090722918510437
vn -0.4253983199596405 -0.23819905519485474 0.8730965256690979
vn -0.7453063726425171 -0.22220191359519958 0.6286054253578186
vn -0.7943975329399109 -0.22869928181171417 0.562698245048523
vn -0.5815157294273376 -0.5126138925552368 0.6317170858383179
vn 0.023698840290308 0.9950512647628784 -0.09649527072906494
vn -0.005900107324123383 0.8340151309967041 -0.5517100095748901
vn -0.005900107324123383 0.8340151309967041 -0.5517100095748901
vn -0.005900107324123383 0.8340151309967041 -0.5517100095748901
vn 0.6030880212783813 -0.5656887292861938 -0.5623887777328491
vn 0.6030880212783813 -0.5656887292861938 -0.5623887777328491
vn 0.6030880212783813 -0.5656887292861938 -0.5623887777328491
vn 0.6040180921554565 0.7945238351821899 -0.062401872128248215
vn 0.6040180921554565 0.7945238351821899 -0.062401872128248215
vn 0.6895873546600342 0.36069339513778687 -0.6279885172843933
vn 0.6895873546600342 0.36069339513778687 -0.6279885172843933
vn 0.6895873546600342 0.36069339513778687 -0.6279885172843933
vn 0.9569014310836792 0.2691003978252411 -0.10920016467571259
vn 0.9569014310836792 0.2691003978252411 -0.10920016467571259
vn 0.9516915678977966 0.08129928261041641 -0.29609736800193787
vn 0.736495316028595 0.2470984309911728 -0.6296960115432739
vn 0.6214174032211304 0.671218752861023 -0.4041113257408142
vn 0.6214174032211304 0.671218752861023 -0.4041113257408142
vn 0.6214174032211304 0.671218752861023 -0.4041113257408142
vn 0.9640054106712341 0.16020089387893677 0.21220119297504425
vn 0.9554318189620972 0.16920563578605652 0.24190805852413177
vn 0.9554318189620972 0.16920563578605652 0.24190805852413177
vn 0.80042564868927 0.06480207294225693 0.5959190726280212
vn 0.4888072609901428 -0.41490617394447327 0.767411470413208
vn 0.4888072609901428 -0.41490617394447327 0.767411470413208
vn -0.756496787071228 0.3102986514568329 -0.5756974816322327
vn 0.7175249457359314 0.6651231050491333 -0.2068071961402893
vn 0.7175249457359314 0.6651231050491333 -0.2068071961402893
vn -0.977566659450531 0.07239753752946854 0.19779324531555176
vn -0.9036228060722351 -0.14170357584953308 -0.4042102098464966
vn -0.9414190649986267 -0.11560233682394028 -0.3168064057826996
vn -0.9414190649986267 -0.11560233682394028 -0.3168064057826996
vn -0.2706063687801361 0.954222559928894 -0.12740300595760345
vn -0.17520780861377716 0.9811437726020813 -0.08160363882780075
vn -0.17520780861377716 0.9811437726020813 -0.08160363882780075
vn -0.49079975485801697 -0.7111996412277222 0.5032997727394104
vn -0.49079975485801697 -0.7111996412277222 0.5032997727394104
vn -0.5305280685424805 0.8421445488929749 -0.09660511463880539
vn -0.5305280685424805 0.8421445488929749 -0.09660511463880539
vn -0.23220621049404144 0.9588257074356079 -0.16350437700748444
vn 0.09560111165046692 0.5077058672904968 -0.8562098741531372
vn -0.6934760212898254 -0.21039272844791412 0.6890761852264404
vn -0.6934760212898254 -0.21039272844791412 0.6890761852264404
vn -0.02190009504556656 -0.09740042686462402 0.9950043559074402
vn -0.26078882813453674 0.5465765595436096 0.7957659363746643
vn -0.26078882813453674 0.5465765595436096 0.7957659363746643
vn 0.6788341403007507 0.5414272546768188 -0.4960249364376068
vn 0.6788341403007507 0.5414272546768188 -0.4960249364376068
vn 0.4977925717830658 -0.7999880909919739 0.3349950313568115
vn 0.4977925717830658 -0.7999880909919739 0.3349950313568115
vn 0.9698739051818848 -0.11149699985980988 0.2165941596031189
vn 0.9698739051818848 -0.11149699985980988 0.2165941596031189
vn -0.1336006075143814 0.9729043841362 -0.1887008547782898
vn -0.08510370552539825 0.9899430871009827 -0.11300491541624069
vn 0.28590893745422363 -0.35761117935180664 0.8890277743339539
vn -0.2195896953344345 -0.35308343172073364 0.909457266330719
vn -0.2195896953344345 -0.35308343172073364 0.909457266330719
vn -0.5365035533905029 -0.7381049394607544 0.40910273790359497
vn -0.550023078918457 -0.5372225046157837 0.6394268274307251
vn -0.9138305187225342 -0.2111070454120636 0.34691157937049866
vn 0.9938673973083496 -0.057098131626844406 -0.09469689428806305
vn 0.9938673973083496 -0.057098131626844406 -0.09469689428806305
vn -0.4104837477207184 0.7203714847564697 0.5590778589248657
vn -0.4104837477207184 0.7203714847564697 0.5590778589248657
vn 0.4670967161655426 0.2466982752084732 -0.849094033241272
vn 0.4670967161655426 0.2466982752084732 -0.849094033241272
vn 0.688798189163208 0.2108994424343109 -0.693598210811615
vn 0.2918113172054291 0.18740727007389069 -0.9379364252090454
vn 0.2918113172054291 0.18740727007389069 -0.9379364252090454
vn 0.7786876559257507 0.2619958519935608 -0.5700909495353699
vn 0.6817046999931335 0.3889026939868927 -0.6197043061256409
vn 0.7222097516059875 0.4756064713001251 -0.5022068023681641
vn 0.3987959027290344 0.009499901905655861 -0.9169905781745911
vn 0.3987959027290344 0.009499901905655861 -0.9169905781745911
vn 0.9818253517150879 -0.17390447854995728 0.07600195705890656
vn 0.9818253517150879 -0.17390447854995728 0.07600195705890656
vn 0.9043784141540527 -0.029799290001392365 -0.42568984627723694
vn 0.9243242144584656 0.37940993905067444 -0.040901068598032
vn 0.933062732219696 0.33528661727905273 0.1302947998046875
vn 0.933062732219696 0.33528661727905273 0.1302947998046875
vn 0.8430008292198181 0.1450001448392868 0.5180005431175232
vn -0.0490998774766922 -0.4353989362716675 0.8988977074623108
vn 0.3827000856399536 -0.31310009956359863 0.8692001700401306
vn 0.3193108141422272 -0.2133072316646576 0.9233312606811523
vn 0.2659001350402832 -0.21200011670589447 0.9404004812240601
vn 0.2659001350402832 -0.21200011670589447 0.9404004812240601
vn 0.8297039270401001 0.12980063259601593 0.5429025888442993
vn -0.42699193954467773 0.842984139919281 -0.32719382643699646
vn -0.42699193954467773 0.842984139919281 -0.32719382643699646
vn -0.6424058675765991 0.4286039173603058 -0.6353057622909546
vn -0.5161880254745483 0.5750866532325745 -0.634685218334198
vn -0.5161880254745483 0.5750866532325745 -0.634685218334198
vn -0.4678264856338501 0.7026398181915283 -0.5361303091049194
vn -0.828412652015686 0.4583069980144501 -0.32200491428375244
vn -0.828412652015686 0.4583069980144501 -0.32200491428375244
vn -0.9835265874862671 0.17990486323833466 -0.017600474879145622
vn -0.9835265874862671 0.17990486323833466 -0.017600474879145622
vn -0.6891310214996338 -0.17320778965950012 -0.7036316394805908
vn -0.6891310214996338 -0.17320778965950012 -0.7036316394805908
vn -0.6891310214996338 -0.17320778965950012 -0.7036316394805908
vn 0.6582919359207153 0.1996975690126419 -0.7257910966873169
vn 0.6582919359207153 0.1996975690126419 -0.7257910966873169
vn 0.6582919359207153 0.1996975690126419 -0.7257910966873169
vn -0.8678122162818909 0.4005056321620941 -0.29410412907600403
vn -0.8678122162818909 0.4005056321620941 -0.29410412907600403
vn -0.9231577515602112 0.2904866933822632 0.251788467168808
vn -0.9231577515602112 0.2904866933822632 0.251788467168808
vn -0.9231577515602112 0.2904866933822632 0.251788467168808
vn -0.941216230392456 0.30370524525642395 0.14790254831314087
vn -0.8115857243537903 0.4207925796508789 -0.4052928388118744
vn -0.8115857243537903 0.4207925796508789 -0.4052928388118744
vn -0.9301735758781433 0.2695923447608948 -0.24919293820858002
vn -0.9301735758781433 0.2695923447608948 -0.24919293820858002
vn -0.5163835287094116 0.4979841411113739 -0.6966778039932251
vn -0.9937368631362915 -0.024600911885499954 0.10900403559207916
vn 0.8589423894882202 0.47232329845428467 -0.19780975580215454
vn 0.3598973751068115 0.8978934288024902 -0.2534981667995453
vn 0.3598973751068115 0.8978934288024902 -0.2534981667995453
vn 0.3598973751068115 0.8978934288024902 -0.2534981667995453
vn -0.2715843915939331 0.9614447355270386 -0.043197520077228546
vn -0.21020323038101196 0.9761150479316711 -0.054900847375392914
vn 0.37738746404647827 -0.6349788904190063 0.674077570438385
vn 0.5702201128005981 -0.6585232019424438 0.49111732840538025
vn 0.5702201128005981 -0.6585232019424438 0.49111732840538025
vn -0.10679642111063004 -0.8101728558540344 0.5763806700706482
vn -0.10679642111063004 -0.8101728558540344 0.5763806700706482
vn -0.10679642111063004 -0.8101728558540344 0.5763806700706482
vn -0.10679642111063004 -0.8101728558540344 0.5763806700706482
vn 0.7518099546432495 -0.5003066062927246 0.42950570583343506
vn 0.7518099546432495 -0.5003066062927246 0.42950570583343506
vn -0.4143959581851959 -0.4431956708431244 0.7948922514915466
vn -0.4143959581851959 -0.4431956708431244 0.7948922514915466
vn -0.3791942000389099 -0.7148889899253845 0.5874909162521362
vn -0.5267965793609619 -0.20939865708351135 0.8237947225570679
vn -0.28791147470474243 -0.4291170835494995 0.8561341166496277
vn -0.15430106222629547 0.9828067421913147 -0.1014006957411766
vn -0.63481205701828 0.4540086090564728 -0.6252118349075317
vn -0.63481205701828 0.4540086090564728 -0.6252118349075317
vn -0.63481205701828 0.4540086090564728 -0.6252118349075317
vn -0.63481205701828 0.4540086090564728 -0.6252118349075317
vn 0.5270988941192627 -0.8035982847213745 -0.2763994038105011
vn 0.5270988941192627 -0.8035982847213745 -0.2763994038105011
vn 0.6267257928848267 0.7191296219825745 0.30011236667633057
vn 0.6267257928848267 0.7191296219825745 0.30011236667633057
vn -0.11180106550455093 0.9439089894294739 -0.31070294976234436
vn -0.11180106550455093 0.9439089894294739 -0.31070294976234436
vn 0.7160173058509827 -0.16370394825935364 -0.6786164045333862
vn 0.7160173058509827 -0.16370394825935364 -0.6786164045333862
vn 0.9758244752883911 0.12820321321487427 -0.17700444161891937
vn 0.9482978582382202 0.29369935393333435 0.12029972672462463
vn 0.9482978582382202 0.29369935393333435 0.12029972672462463
vn 0.9482978582382202 0.29369935393333435 0.12029972672462463
vn 0.8760805726051331 0.2923935055732727 0.38339149951934814
vn -0.7409082055091858 0.32250356674194336 -0.589106559753418
vn -0.33710941672325134 0.8746244311332703 0.3484097421169281
vn -0.40459999442100525 0.9106000065803528 0.08429999649524689
vn -0.8697177171707153 -0.12480252981185913 -0.4775097072124481
vn -0.9120011925697327 -0.17390021681785583 -0.3715004622936249
vn -0.9120011925697327 -0.17390021681785583 -0.3715004622936249
vn -0.9558761715888977 -0.11099723726511002 0.2719932496547699
vn -0.35750746726989746 -0.9228193163871765 0.14350299537181854
vn -0.35750746726989746 -0.9228193163871765 0.14350299537181854
vn -0.96484375 -0.23021043837070465 0.12680575251579285
vn -0.16689766943454742 0.9834862947463989 -0.06999902427196503
vn 0.16149814426898956 0.7507913112640381 -0.6404926180839539
vn 0.16149814426898956 0.7507913112640381 -0.6404926180839539
vn 0.9457792639732361 -0.3069932758808136 0.10609767585992813
vn 0.9457792639732361 -0.3069932758808136 0.10609767585992813
vn 0.9368661642074585 0.34938740730285645 -0.014499476179480553
vn 0.31770142912864685 -0.30380135774612427 0.8982040286064148
vn 0.4666265845298767 -0.6503371000289917 0.5994341373443604
vn -0.49311935901641846 -0.5855230093002319 0.6434252858161926
vn -0.49311935901641846 -0.5855230093002319 0.6434252858161926
vn -0.7067785859107971 -0.5967819690704346 0.37988850474357605
vn -0.2701061964035034 -0.20330466330051422 0.9411215782165527
vn -0.3792928457260132 -0.32959380745887756 0.8645837306976318
vn -0.8488876819610596 -0.15899768471717834 0.5040926933288574
vn -0.2928125560283661 -0.8885380625724792 -0.35321512818336487
vn -0.2928125560283661 -0.8885380625724792 -0.35321512818336487
vn -0.2928125560283661 -0.8885380625724792 -0.35321512818336487
vn 0.9959431886672974 -0.059502582997083664 -0.0675029307603836
vn 0.9959431886672974 -0.059502582997083664 -0.0675029307603836
vn -0.15409694612026215 0.9269816279411316 0.3419932425022125
vn -0.05970137566328049 0.03720085695385933 -0.9975229501724243
vn 0.5362982153892517 -0.32559892535209656 -0.7786973714828491
vn 0.3518916964530945 -0.4573892056941986 -0.8166807293891907
vn 0.7642813920974731 -0.2543938159942627 -0.592585563659668
vn 0.3108889162540436 -0.5909789800643921 -0.7443735003471375
vn 0.812376856803894 -0.10989686846733093 -0.5726836919784546
vn 0.9017688035964966 0.3893865644931793 -0.1875935196876526
vn 0.9017688035964966 0.3893865644931793 -0.1875935196876526
vn 0.5615897178649902 -0.575189471244812 -0.5947890877723694
vn 0.5762708783149719 0.0004999747616238892 -0.8172587156295776
vn 0.5762708783149719 0.0004999747616238892 -0.8172587156295776
vn 0.5762708783149719 0.0004999747616238892 -0.8172587156295776
vn 0.8508226871490479 0.4744126796722412 0.22590602934360504
vn 0.7923781871795654 0.205194354057312 0.5744842290878296
vn 0.8160803318023682 0.12799692153930664 0.563586413860321
vn -0.13590487837791443 -0.2520090341567993 0.9581343531608582
vn 0.32779577374458313 -0.19649747014045715 0.9240880608558655
vn 0.309298574924469 -0.05959972366690636 0.949095606803894
vn 0.309298574924469 -0.05959972366690636 0.949095606803894
vn -0.8023120164871216 0.24830372631549835 -0.5428081750869751
vn -0.4394913613796234 0.4858904480934143 -0.7554851770401001
vn -0.4394913613796234 0.4858904480934143 -0.7554851770401001
vn -0.6153150200843811 0.3546086549758911 -0.704017162322998
vn -0.3208913803100586 0.6213833093643188 -0.7147808074951172
vn -0.9697936177253723 0.18359878659248352 -0.16059894859790802
vn -0.9697936177253723 0.18359878659248352 -0.16059894859790802
vn -0.9622964262962341 -0.020899923518300056 -0.27119898796081543
vn -0.9622964262962341 -0.020899923518300056 -0.27119898796081543
vn -0.27420759201049805 0.6320175528526306 -0.724820077419281
vn -0.27420759201049805 0.6320175528526306 -0.724820077419281
vn -0.7845100164413452 0.6201079487800598 0.00320004066452384
vn -0.7845100164413452 0.6201079487800598 0.00320004066452384
vn -0.95526123046875 0.01489939633756876 -0.29538801312446594
vn -0.7903980612754822 0.10799973458051682 -0.6029984354972839
vn -0.9281639456748962 -0.2693895399570465 -0.25679001212120056
vn -0.9281639456748962 -0.2693895399570465 -0.25679001212120056
vn 0.42239394783973694 -0.9046870470046997 -0.05589919909834862
vn 0.42239394783973694 -0.9046870470046997 -0.05589919909834862
vn -0.8305081725120544 0.5210051536560059 -0.19700193405151367
vn -0.8305081725120544 0.5210051536560059 -0.19700193405151367
vn -0.8305081725120544 0.5210051536560059 -0.19700193405151367
vn -0.4269102215766907 0.7528179883956909 -0.5010119676589966
vn -0.8840827345848083 0.4646909236907959 -0.04959903284907341
vn -0.8840827345848083 0.4646909236907959 -0.04959903284907341
vn 0.3512001633644104 0.8642003536224365 -0.3603001534938812
vn 0.3512001633644104 0.8642003536224365 -0.3603001534938812
vn 0.3512001633644104 0.8642003536224365 -0.3603001534938812
vn 0.963221549987793 -0.267005980014801 -0.03020067699253559
vn 0.963221549987793 -0.267005980014801 -0.03020067699253559
vn 0.7224093675613403 -0.47980621457099915 0.49790647625923157
vn 0.43740761280059814 -0.24930433928966522 0.8640150427818298
vn 0.37950852513313293 -0.5859131813049316 0.7160161137580872
vn -0.4110104739665985 -0.5357136726379395 0.7376187443733215
vn -0.4110104739665985 -0.5357136726379395 0.7376187443733215
vn 0.6939022541046143 -0.3602011799812317 0.6235020160675049
vn 0.6939022541046143 -0.3602011799812317 0.6235020160675049
vn 0.7811051607131958 -0.3169021010398865 0.5380035638809204
vn -0.5787187218666077 -0.46391499042510986 0.670721709728241
vn -0.5787187218666077 -0.46391499042510986 0.670721709728241
vn -0.532304584980011 -0.453703910112381 0.7147060632705688
vn -0.532304584980011 -0.453703910112381 0.7147060632705688
vn -0.2196069359779358 -0.2016063630580902 0.9545301198959351
vn -0.3174850046634674 -0.9044573307037354 -0.28488656878471375
vn -0.3174850046634674 -0.9044573307037354 -0.28488656878471375
vn 0.5063091516494751 -0.7983145117759705 -0.32610589265823364
vn 0.5063091516494751 -0.7983145117759705 -0.32610589265823364
vn 0.6369980573654175 0.7202978134155273 0.2745991349220276
vn 0.6369980573654175 0.7202978134155273 0.2745991349220276
vn -0.21018995344638824 0.8725582957267761 0.4409789443016052
vn -0.782185435295105 0.6226884126663208 -0.021099606528878212
vn -0.782185435295105 0.6226884126663208 -0.021099606528878212
vn -0.782185435295105 0.6226884126663208 -0.021099606528878212
vn -0.6636759638786316 0.5079816579818726 -0.5490801334381104
vn -0.6636759638786316 0.5079816579818726 -0.5490801334381104
vn -0.6636759638786316 0.5079816579818726 -0.5490801334381104
vn -0.07780423015356064 -0.5671308636665344 -0.8199446201324463
vn 0.8303908109664917 0.03479961305856705 -0.5560938119888306
vn 0.9665770530700684 0.21319495141506195 -0.14239661395549774
vn 0.48078539967536926 0.7981757521629333 -0.36298897862434387
vn 0.48078539967536926 0.7981757521629333 -0.36298897862434387
vn 0.48078539967536926 0.7981757521629333 -0.36298897862434387
vn 0.8512991070747375 0.3600996136665344 0.3815995752811432
vn -0.7485036253929138 0.2746013104915619 -0.603602945804596
vn -0.7048171162605286 0.6338154077529907 -0.31860771775245667
vn -0.7048171162605286 0.6338154077529907 -0.31860771775245667
vn -0.8768857717514038 -0.032599471509456635 -0.4795922338962555
vn -0.8768857717514038 -0.032599471509456635 -0.4795922338962555
vn -0.9776803851127625 0.034199316054582596 0.20729584991931915
vn -0.876920759677887 -0.010900258086621761 0.4805113971233368
vn -0.35391879081726074 -0.9335496425628662 -0.05680302157998085
vn -0.35391879081726074 -0.9335496425628662 -0.05680302157998085
vn -0.9183974862098694 -0.3940989077091217 0.035099904984235764
vn -0.9056030511856079 0.42410141229629517 0.004600015468895435
vn -0.9056030511856079 0.42410141229629517 0.004600015468895435
vn 0.9498184323310852 0.31200605630874634 0.02230043150484562
vn 0.44848915934562683 0.8871785402297974 -0.10849737375974655
vn 0.44848915934562683 0.8871785402297974 -0.10849737375974655
vn -0.6320982575416565 -0.3731989860534668 0.6790981292724609
vn -0.8067106604576111 -0.40830540657043457 0.4272056519985199
vn -0.8067106604576111 -0.40830540657043457 0.4272056519985199
vn -0.28850212693214417 -0.29250213503837585 0.9117067456245422
vn -0.28850212693214417 -0.29250213503837585 0.9117067456245422
vn -0.6859606504440308 -0.04479742795228958 0.7262583374977112
vn -0.9116703271865845 -0.409086674451828 -0.038798738270998
vn 0.9923094511032104 -0.08030077069997787 -0.09420090168714523
vn 0.9923094511032104 -0.08030077069997787 -0.09420090168714523
vn -0.8726907968521118 0.4290955066680908 0.23299755156040192
vn -0.8726907968521118 0.4290955066680908 0.23299755156040192
vn -0.47068682312965393 -0.2508929669857025 -0.8458762764930725
vn 0.2714111804962158 -0.40921685099601746 -0.8711358308792114
vn 0.2714111804962158 -0.40921685099601746 -0.8711358308792114
vn 0.2714111804962158 -0.40921685099601746 -0.8711358308792114
vn 0.9236889481544495 0.35319575667381287 0.14849822223186493
vn 0.6401981711387634 -0.00429998803883791 -0.768197774887085
vn 0.6401981711387634 -0.00429998803883791 -0.768197774887085
vn 0.7791402339935303 -0.033901751041412354 -0.6259322762489319
vn 0.7791402339935303 -0.033901751041412354 -0.6259322762489319
vn 0.5186159610748291 0.017600540071725845 -0.8548262715339661
vn 0.5186159610748291 0.017600540071725845 -0.8548262715339661
vn 0.8561734557151794 -0.06499798595905304 -0.5125840902328491
vn 0.8561734557151794 -0.06499798595905304 -0.5125840902328491
vn 0.8561734557151794 -0.06499798595905304 -0.5125840902328491
vn 0.4418211579322815 -0.27021294832229614 -0.8554409742355347
vn 0.4418211579322815 -0.27021294832229614 -0.8554409742355347
vn 0.987973690032959 -0.016899550333619118 -0.15369591116905212
vn 0.987973690032959 -0.016899550333619118 -0.15369591116905212
vn 0.7393984198570251 0.5768987536430359 -0.347099244594574
vn 0.7393984198570251 0.5768987536430359 -0.347099244594574
vn 0.9795646071434021 0.07149741798639297 0.18799321353435516
vn 0.9667797088623047 0.10859771817922592 0.23139514029026031
vn 0.7682706713676453 0.19909240305423737 0.6083768010139465
vn 0.4033099412918091 0.02840070053935051 0.9146226048469543
vn 0.4033099412918091 0.02840070053935051 0.9146226048469543
vn 0.280593603849411 -0.16929613053798676 0.9447783827781677
vn 0.280593603849411 -0.16929613053798676 0.9447783827781677
vn 0.6731101870536804 -0.2914043962955475 0.679710328578949
vn 0.6731101870536804 -0.2914043962955475 0.679710328578949
vn -0.7654061317443848 0.22400179505348206 -0.6033048033714294
vn -0.8124000430107117 0.31280001997947693 -0.4921000301837921
vn -0.3348100781440735 0.10490316152572632 -0.9364281892776489
vn -0.3348100781440735 0.10490316152572632 -0.9364281892776489
vn -0.3348100781440735 0.10490316152572632 -0.9364281892776489
vn -0.42600712180137634 -0.3174053132534027 -0.8472141623497009
vn -0.42600712180137634 -0.3174053132534027 -0.8472141623497009
vn -0.42600712180137634 -0.3174053132534027 -0.8472141623497009
vn -0.5695981383323669 -0.3605988323688507 -0.7385976314544678
vn -0.5695981383323669 -0.3605988323688507 -0.7385976314544678
vn -0.49129730463027954 0.3555980622768402 -0.7950956225395203
vn -0.49129730463027954 0.3555980622768402 -0.7950956225395203
vn -0.9846323728561401 -0.174305722117424 0.010800355114042759
vn -0.9846323728561401 -0.174305722117424 0.010800355114042759
vn -0.9105789661407471 -0.024799427017569542 0.4125904440879822
vn -0.8634153604507446 0.2677047550678253 -0.42760762572288513
vn 0.4417934715747833 -0.876287043094635 -0.19219717383384705
vn 0.4417934715747833 -0.876287043094635 -0.19219717383384705
vn 0.9798200726509094 -0.18330375850200653 -0.07970163226127625
vn 0.9798200726509094 -0.18330375850200653 -0.07970163226127625
vn -0.42118462920188904 0.8726681470870972 -0.24709098041057587
vn -0.42118462920188904 0.8726681470870972 -0.24709098041057587
vn -0.4208828806877136 0.9059631824493408 -0.0456981398165226
vn 0.9211089015007019 0.3893037736415863 0.0011000105878338218
vn 0.7987185120582581 -0.2660061717033386 0.5397124886512756
vn 0.6530832648277283 -0.36159074306488037 0.665382981300354
vn 0.5599071383476257 -0.1807023137807846 0.8086103200912476
vn 0.02360023371875286 -0.4430043399333954 0.8962088227272034
vn 0.02360023371875286 -0.4430043399333954 0.8962088227272034
vn -0.5928031206130981 -0.35900184512138367 0.720903754234314
vn 0.6980617046356201 -0.27538490295410156 0.660963773727417
vn -0.8511947393417358 -0.3282979428768158 0.40949746966362
vn -0.5779407620429993 -0.1658117026090622 0.7990564107894897
vn -0.4379166066646576 -0.19490739703178406 0.877633273601532
vn -0.4379166066646576 -0.19490739703178406 0.877633273601532
vn -0.37378156185150146 -0.06889659911394119 0.924954354763031
vn -0.34228619933128357 -0.9162631034851074 -0.2080916166305542
vn -0.34228619933128357 -0.9162631034851074 -0.2080916166305542
vn -0.9042007923126221 -0.42680037021636963 -0.01620001345872879
vn 0.6302060484886169 0.7472071647644043 0.21100200712680817
vn 0.6302060484886169 0.7472071647644043 0.21100200712680817
vn -0.21110627055168152 0.8976266980171204 0.3869115114212036
vn -0.867906391620636 0.3986029326915741 0.2964021861553192
vn -0.867906391620636 0.3986029326915741 0.2964021861553192
vn -0.7750614881515503 0.030098503455519676 -0.6311686635017395
vn -0.6174951195716858 -0.39189693331718445 -0.681994616985321
vn -0.2623133957386017 -0.35211795568466187 -0.8984457850456238
vn -0.2623133957386017 -0.35211795568466187 -0.8984457850456238
vn 0.8843026161193848 0.22340066730976105 -0.4100012183189392
vn 0.37469398975372314 -0.13889776170253754 -0.9166852235794067
vn 0.37469398975372314 -0.13889776170253754 -0.9166852235794067
vn 0.9183938503265381 0.38629743456840515 -0.08559942990541458
vn 0.4753901958465576 0.62518709897995 -0.6189872622489929
vn 0.6518036127090454 0.5080028772354126 -0.5631031394004822
vn 0.9306564927101135 0.03429839760065079 0.3642829954624176
vn -0.7368909120559692 -0.4054950177669525 -0.5408933758735657
vn -0.7368909120559692 -0.4054950177669525 -0.5408933758735657
vn -0.9769551753997803 0.11390643566846848 -0.18051019310951233
vn -0.9769551753997803 0.11390643566846848 -0.18051019310951233
vn -0.9665185809135437 0.2187042236328125 0.13420258462429047
vn -0.9665185809135437 0.2187042236328125 0.13420258462429047
vn -0.8922140598297119 0.1293020397424698 0.4327068030834198
vn -0.7493841052055359 0.038999173790216446 0.6609860062599182
vn -0.8928126096725464 -0.4441062808036804 0.07520106434822083
vn -0.8929014801979065 0.4124006927013397 0.18070030212402344
vn -0.8929014801979065 0.4124006927013397 0.18070030212402344
vn -0.3591941297054291 0.9202849864959717 0.15509746968746185
vn 0.4463191330432892 0.8933382630348206 0.05240224674344063
vn 0.4463191330432892 0.8933382630348206 0.05240224674344063
vn -0.7519155740737915 -0.20180417597293854 0.6276130080223083
vn -0.8087571263313293 -0.2341165393590927 0.5395380854606628
vn -0.8087571263313293 -0.2341165393590927 0.5395380854606628
vn -0.7912034392356873 -0.227401003241539 -0.5677024722099304
vn 0.756505012512207 0.5562037229537964 0.34400227665901184
vn 0.5020089149475098 0.7063125371932983 -0.49910885095596313
vn 0.581365168094635 0.6779593825340271 -0.44987308979034424
vn 0.6074734926223755 0.7071691155433655 -0.3617841899394989
vn 0.5111314058303833 0.6558403372764587 -0.5555341243743896
vn 0.6232228875160217 0.7529276609420776 -0.21140776574611664
vn 0.6232228875160217 0.7529276609420776 -0.21140776574611664
vn 0.8400783538818359 0.5175866484642029 0.16239582002162933
vn 0.2780097424983978 0.1848064810037613 -0.9426330924034119
vn 0.2780097424983978 0.1848064810037613 -0.9426330924034119
vn 0.956567645072937 0.21909257769584656 0.19229349493980408
vn 0.8451046943664551 0.362201988697052 0.3932022154331207
vn 0.8457008600234985 -0.16410017013549805 0.5078004598617554
vn 0.5056105256080627 -0.2035042643547058 0.8384175300598145
vn 0.5056105256080627 -0.2035042643547058 0.8384175300598145
vn 0.5056105256080627 -0.2035042643547058 0.8384175300598145
vn 0.3863062858581543 -0.08850143849849701 0.918114960193634
vn 0.3863062858581543 -0.08850143849849701 0.918114960193634
vn 0.7083137035369873 0.01090021152049303 0.7058136463165283
vn -0.8358866572380066 0.4582926630973816 -0.3020951747894287
vn -0.8602854609489441 -0.25989559292793274 -0.4385925829410553
vn -0.8602854609489441 -0.25989559292793274 -0.4385925829410553
vn -0.4953959882259369 -0.593295156955719 -0.6344949007034302
vn -0.4953959882259369 -0.593295156955719 -0.6344949007034302
vn -0.13579773902893066 -0.695488452911377 -0.7055882811546326
vn -0.6023992300033569 -0.3603995144367218 -0.7121990323066711
vn -0.6023992300033569 -0.3603995144367218 -0.7121990323066711
vn -0.6231025457382202 -0.47680196166038513 -0.6200025677680969
vn -0.6231025457382202 -0.47680196166038513 -0.6200025677680969
vn -0.916554868221283 0.004799764137715101 0.3998802900314331
vn -0.8775901794433594 -0.43849506974220276 0.19379782676696777
vn -0.9204785823822021 0.38449105620384216 0.06989837437868118
vn -0.9204785823822021 0.38449105620384216 0.06989837437868118
vn 0.48338401317596436 0.8593716025352478 0.16679449379444122
vn 0.48338401317596436 0.8593716025352478 0.16679449379444122
vn 0.6831921935081482 0.058499328792095184 0.7278916835784912
vn 0.7152686715126038 -0.13609401881694794 0.6854699850082397
vn 0.3455961346626282 0.07489915937185287 0.935389518737793
vn 0.5655285716056824 -0.06400323659181595 0.822241485118866
vn -0.17160649597644806 -0.04500170424580574 0.984137237071991
vn -0.17160649597644806 -0.04500170424580574 0.984137237071991
vn -0.6195012927055359 0.05730012059211731 0.7829015851020813
vn -0.7821118235588074 -0.5054076313972473 0.36450546979904175
vn -0.6093724966049194 -0.14579342305660248 0.7793648838996887
vn -0.5974770784378052 -0.10659591108560562 0.7947694659233093
vn -0.5974770784378052 -0.10659591108560562 0.7947694659233093
vn -0.48831507563591003 0.008400258608162403 0.8726269602775574
vn -0.8640264868736267 0.4070124626159668 0.29630908370018005
vn -0.8640264868736267 0.4070124626159668 0.29630908370018005
vn -0.25720056891441345 0.9125019907951355 0.3181006908416748
vn -0.9700706005096436 0.14389565587043762 -0.19559408724308014
vn -0.9700706005096436 0.14389565587043762 -0.19559408724308014
vn -0.8455779552459717 -0.06329834461212158 -0.5300861597061157
vn -0.8455779552459717 -0.06329834461212158 -0.5300861597061157
vn -0.5995264649391174 0.2390105426311493 -0.76383376121521
vn -0.5995264649391174 0.2390105426311493 -0.76383376121521
vn -0.5995264649391174 0.2390105426311493 -0.76383376121521
vn 0.9214937686920166 0.38709738850593567 -0.031699784100055695
vn 0.24150900542736053 0.44561660289764404 -0.8620321154594421
vn 0.24150900542736053 0.44561660289764404 -0.8620321154594421
vn -0.18251045048236847 0.8471485376358032 -0.49902859330177307
vn -0.18251045048236847 0.8471485376358032 -0.49902859330177307
vn -0.18251045048236847 0.8471485376358032 -0.49902859330177307
vn -0.18251045048236847 0.8471485376358032 -0.49902859330177307
vn -0.18251045048236847 0.8471485376358032 -0.49902859330177307
vn 0.6635999083518982 0.48519986867904663 -0.569399893283844
vn 0.6635999083518982 0.48519986867904663 -0.569399893283844
vn 0.6389789581298828 0.4510851502418518 -0.6230794787406921
vn 0.7509241104125977 0.32511043548583984 0.57481849193573
vn -0.8212023377418518 -0.42810118198394775 -0.37730103731155396
vn -0.8212023377418518 -0.42810118198394775 -0.37730103731155396
vn -0.5153940916061401 -0.265796959400177 -0.8146907091140747
vn -0.5153940916061401 -0.265796959400177 -0.8146907091140747
vn -0.9843454360961914 0.17240795493125916 -0.03660168871283531
vn -0.9843454360961914 0.17240795493125916 -0.03660168871283531
vn -0.8983162641525269 0.2645047903060913 0.3508063554763794
vn -0.8135800361633301 0.12889684736728668 0.5669860243797302
vn -0.7016330361366272 -0.035901688039302826 0.7116334438323975
vn -0.6322922706604004 -0.2588967978954315 0.7301910519599915
vn -0.6322922706604004 -0.2588967978954315 0.7301910519599915
vn 0.4983891248703003 0.599686861038208 -0.6260863542556763
vn 0.4983891248703003 0.599686861038208 -0.6260863542556763
vn 0.7340903282165527 0.4365942180156708 0.5200931429862976
vn 0.6091673374176025 0.49377351999282837 -0.6205666661262512
vn 0.6245284080505371 0.6186281442642212 -0.4767216742038727
vn 0.6827053427696228 0.6840053796768188 -0.2570020258426666
vn 0.5320903062820435 0.8466845750808716 0.0022999581415206194
vn 0.5320903062820435 0.8466845750808716 0.0022999581415206194
vn 0.5993345379829407 0.7919456362724304 0.1167067289352417
vn 0.12219888716936111 0.6102944612503052 0.7826929092407227
vn 0.12219888716936111 0.6102944612503052 0.7826929092407227
vn 0.43980997800827026 -0.4357098937034607 -0.7853178381919861
vn 0.43980997800827026 -0.4357098937034607 -0.7853178381919861
vn -0.014500121586024761 -0.32440271973609924 -0.945807933807373
vn 0.5990977883338928 0.7383972406387329 0.3095988631248474
vn 0.4720957577228546 0.7143936157226562 0.516495406627655
vn 0.6485911011695862 0.05299927294254303 0.759289562702179
vn 0.6485911011695862 0.05299927294254303 0.759289562702179
vn 0.5769084095954895 -0.40730592608451843 0.7080103158950806
vn 0.6498153209686279 0.09590226411819458 0.7540178298950195
vn -0.9964418411254883 -0.05530232563614845 -0.06360267847776413
vn -0.9964418411254883 -0.05530232563614845 -0.06360267847776413
vn -0.9964418411254883 -0.05530232563614845 -0.06360267847776413
vn -0.9563798904418945 -0.2320951223373413 -0.1773962676525116
vn -0.9563798904418945 -0.2320951223373413 -0.1773962676525116
vn -0.9563798904418945 -0.2320951223373413 -0.1773962676525116
vn -0.49269524216651917 -0.216297909617424 -0.8428918123245239
vn -0.49269524216651917 -0.216297909617424 -0.8428918123245239
vn -0.6318769454956055 0.5635794401168823 -0.5320805907249451
vn -0.6495029330253601 0.5625025033950806 -0.5116022825241089
vn -0.7222992777824402 0.599899411201477 -0.34409967064857483
vn -0.999241828918457 0.008000335656106472 0.038101598620414734
vn -0.999241828918457 0.008000335656106472 0.038101598620414734
vn -0.999241828918457 0.008000335656106472 0.038101598620414734
vn -0.9303320646286011 0.2770095467567444 0.24030828475952148
vn -0.8851311802864075 0.40891438722610474 0.22210782766342163
vn -0.8851311802864075 0.40891438722610474 0.22210782766342163
vn 0.4351953864097595 0.05099945887923241 0.8988904356956482
vn 0.5678859949111938 -0.09349769353866577 0.8177797794342041
vn 0.704707682132721 -0.09200100600719452 0.703507661819458
vn -0.04840055853128433 -0.1411016285419464 0.9888113737106323
vn -0.04840055853128433 -0.1411016285419464 0.9888113737106323
vn -0.04840055853128433 -0.1411016285419464 0.9888113737106323
vn -0.6170857548713684 -0.3775912821292877 0.690384030342102
vn -0.6170857548713684 -0.3775912821292877 0.690384030342102
vn -0.9139809012413025 -0.0606987327337265 0.4011916220188141
vn -0.9139809012413025 -0.0606987327337265 0.4011916220188141
vn -0.6213010549545288 -0.029900051653385162 0.7830013632774353
vn -0.6352899074554443 0.12979795038700104 0.7612879276275635
vn -0.4266924262046814 -0.17099696397781372 0.8880842328071594
vn -0.6244055032730103 0.03520030900835991 0.7803069353103638
vn -0.8952314853668213 0.28370997309684753 -0.34361207485198975
vn -0.5175034403800964 0.565703809261322 -0.6420043110847473
vn -0.5175034403800964 0.565703809261322 -0.6420043110847473
vn 0.7234123349189758 0.5426092147827148 -0.4269072711467743
vn 0.7234123349189758 0.5426092147827148 -0.4269072711467743
vn -0.7141024470329285 0.41590139269828796 0.5631018877029419
vn -0.7141024470329285 0.41590139269828796 0.5631018877029419
vn 0.5608301758766174 -0.277214914560318 -0.7801419496536255
vn 0.11659560352563858 -0.5402796864509583 -0.8333685994148254
vn -0.23640060424804688 -0.3398008644580841 -0.9103023409843445
vn 0.6100867986679077 -0.20859549939632416 -0.7643835544586182
vn 0.41018426418304443 0.6534749269485474 0.6361755728721619
vn -0.7943121194839478 0.5203078985214233 -0.31360477209091187
vn -0.7129189968109131 0.5076135396957397 -0.4838128983974457
vn -0.8421974778175354 0.274099200963974 0.46429863572120667
vn -0.6144989132881165 -0.4483991861343384 0.6490988731384277
vn -0.6144989132881165 -0.4483991861343384 0.6490988731384277
vn -0.785198986530304 0.30819958448410034 0.537099301815033
vn -0.962056577205658 0.2114904522895813 0.17239220440387726
vn -0.9718731045722961 0.15269578993320465 -0.17929503321647644
vn -0.278798907995224 0.4415982663631439 -0.8527966737747192
vn -0.390200138092041 0.4764001667499542 0.7879002690315247
vn -0.390200138092041 0.4764001667499542 0.7879002690315247
vn 0.7335929274559021 0.5850943326950073 0.34569665789604187
vn 0.7335929274559021 0.5850943326950073 0.34569665789604187
vn 0.7746551036834717 -0.1657904088497162 -0.6102646589279175
vn 0.9274680614471436 -0.036798734217882156 -0.37208718061447144
vn 0.784970760345459 0.6193768978118896 0.013899480924010277
vn 0.784970760345459 0.6193768978118896 0.013899480924010277
vn 0.7233926057815552 0.6605932116508484 0.2007979452610016
vn -0.892003059387207 0.4506015181541443 -0.03590012341737747
vn -0.892003059387207 0.4506015181541443 -0.03590012341737747
vn 0.5202018618583679 -0.07200025022029877 -0.8510030508041382
vn 0.5202018618583679 -0.07200025022029877 -0.8510030508041382
vn 0.7201906442642212 0.1929975003004074 -0.6663913726806641
vn 0.0336994044482708 0.017299694940447807 -0.9992823600769043
vn 0.0336994044482708 0.017299694940447807 -0.9992823600769043
vn -0.5605983734130859 0.1711995154619217 -0.810197651386261
vn -0.5605983734130859 0.1711995154619217 -0.810197651386261
vn -0.3182137608528137 0.10360448807477951 -0.9423407912254333
vn 0.5813796520233154 0.6459774374961853 0.4946827292442322
vn 0.5191177725791931 0.6271214485168457 0.5807198882102966
vn 0.3830939531326294 0.6047903895378113 0.6981889009475708
vn 0.6029927730560303 0.07309912890195847 0.7943904995918274
vn 0.6029927730560303 0.07309912890195847 0.7943904995918274
vn 0.7537974715232849 -0.3291988968849182 0.5686981081962585
vn -0.983017086982727 0.02500043623149395 -0.1818031519651413
vn -0.983017086982727 0.02500043623149395 -0.1818031519651413
vn -0.7366037368774414 0.6479032635688782 -0.1940009891986847
vn -0.7773298621177673 0.3920150399208069 -0.4920189082622528
vn -0.7773298621177673 0.3920150399208069 -0.4920189082622528
vn -0.5418170094490051 0.5959187150001526 -0.5927186012268066
vn -0.7985251545906067 0.4748149514198303 -0.3700116276741028
vn -0.7985251545906067 0.4748149514198303 -0.3700116276741028
vn -0.6636182069778442 0.4816131889820099 -0.5724156498908997
vn -0.646373987197876 0.7515698075294495 -0.1316947042942047
vn -0.9321945905685425 -0.3257980942726135 0.1576990783214569
vn -0.9321945905685425 -0.3257980942726135 0.1576990783214569
vn -0.9321945905685425 -0.3257980942726135 0.1576990783214569
vn 0.587285041809082 -0.5436860918998718 0.599584698677063
vn 0.6638996005058289 -0.6373996138572693 0.391099750995636
vn 0.7094361782073975 -0.38711977005004883 0.588930070400238
vn -0.47410550713539124 -0.220502570271492 0.8524098992347717
vn -0.47410550713539124 -0.220502570271492 0.8524098992347717
vn -0.5579882264137268 -0.1614965945482254 0.8139828443527222
vn -0.5579882264137268 -0.1614965945482254 0.8139828443527222
vn -0.7704221606254578 -0.1420040875673294 0.6215178966522217
vn -0.7704221606254578 -0.1420040875673294 0.6215178966522217
vn -0.7704221606254578 -0.1420040875673294 0.6215178966522217
vn -0.5538857579231262 -0.6905822157859802 0.46508800983428955
vn -0.5538857579231262 -0.6905822157859802 0.46508800983428955
vn -0.7019078135490417 -0.47860532999038696 0.5275058746337891
vn -0.7019078135490417 -0.47860532999038696 0.5275058746337891
vn -0.5812998414039612 -0.6092997789382935 0.5392998456954956
vn -0.5812998414039612 -0.6092997789382935 0.5392998456954956
vn -0.9051059484481812 -0.23140153288841248 0.35670235753059387
vn -0.9051059484481812 -0.23140153288841248 0.35670235753059387
vn -0.849094033241272 0.23029837012290955 -0.47539666295051575
vn -0.849094033241272 0.23029837012290955 -0.47539666295051575
vn -0.12360373884439468 0.48821479082107544 -0.8639261722564697
vn 0.9692519307136536 0.1537923663854599 -0.1920904815196991
vn -0.9670773148536682 0.2022952437400818 0.15439638495445251
vn 0.7459566593170166 0.10439394414424896 -0.657761812210083
vn -0.38901546597480774 -0.3615143597126007 -0.8473336696624756
vn -0.5788094997406006 0.07160116732120514 -0.8123133182525635
vn 0.7414956092834473 -0.10989934206008911 -0.6618960499763489
vn 0.45100751519203186 0.5776095986366272 0.6804112792015076
vn -0.7111255526542664 0.6664239764213562 0.22400805354118347
vn -0.6875993013381958 0.7228991985321045 -0.067999929189682
vn -0.4242863655090332 0.4567853510379791 -0.7818748950958252
vn -0.6802637577056885 0.11949362605810165 -0.7231614589691162
vn -0.6802637577056885 0.11949362605810165 -0.7231614589691162
vn 0.16770429909229279 -0.4947127103805542 0.8527219295501709
vn 0.16770429909229279 -0.4947127103805542 0.8527219295501709
vn 0.16770429909229279 -0.4947127103805542 0.8527219295501709
vn 0.16770429909229279 -0.4947127103805542 0.8527219295501709
vn -0.7152788043022156 -0.4192875325679779 0.5590834021568298
vn -0.7152788043022156 -0.4192875325679779 0.5590834021568298
vn -0.9046849012374878 0.31179478764533997 -0.2903951406478882
vn -0.9046849012374878 0.31179478764533997 -0.2903951406478882
vn -0.6169924139976501 0.7270910739898682 0.3010962903499603
vn -0.6169924139976501 0.7270910739898682 0.3010962903499603
vn -0.6169924139976501 0.7270910739898682 0.3010962903499603
vn 0.1507975459098816 0.9148850440979004 -0.37449386715888977
vn 0.1507975459098816 0.9148850440979004 -0.37449386715888977
vn 0.8664038181304932 -0.40650179982185364 -0.2900012731552124
vn 0.9378228187561035 0.2589062750339508 -0.23120561242103577
vn 0.9879341721534729 -0.07850271463394165 0.13350461423397064
vn 0.9879341721534729 -0.07850271463394165 0.13350461423397064
vn 0.872873067855835 0.007799759041517973 0.4878849387168884
vn 0.872873067855835 0.007799759041517973 0.4878849387168884
vn 0.45121604204177856 0.5235186219215393 -0.7227256894111633
vn 0.45121604204177856 0.5235186219215393 -0.7227256894111633
vn 0.6743986010551453 0.5974988341331482 -0.433799147605896
vn 0.7135931253433228 0.5694946050643921 -0.40799611806869507
vn -0.23108528554439545 0.3764760494232178 -0.8971428871154785
vn -0.6786736845970154 0.32508739829063416 -0.6585744619369507
vn 0.6170220971107483 0.38341373205184937 0.6872246265411377
vn 0.7651541829109192 0.2193155288696289 0.6053428649902344
vn 0.4026011526584625 0.5199015140533447 0.7534021735191345
vn 0.33341026306152344 0.5323163866996765 0.7781239748001099
vn 0.6507762670516968 0.06739754229784012 0.7562723755836487
vn 0.6507762670516968 0.06739754229784012 0.7562723755836487
vn -0.9092898368835449 -0.40949541330337524 0.07419916242361069
vn -0.9092898368835449 -0.40949541330337524 0.07419916242361069
vn -0.6143810153007507 0.7436769604682922 0.26359182596206665
vn -0.6143810153007507 0.7436769604682922 0.26359182596206665
vn -0.9619165062904358 0.1603027582168579 -0.2214037925004959
vn -0.9619165062904358 0.1603027582168579 -0.2214037925004959
vn -0.8855515718460083 0.014100821688771248 -0.46432703733444214
vn -0.8855515718460083 0.014100821688771248 -0.46432703733444214
vn -0.694373607635498 -0.22939127683639526 -0.6820740699768066
vn -0.694373607635498 -0.22939127683639526 -0.6820740699768066
vn -0.9130959510803223 0.03769983351230621 0.40599820017814636
vn -0.9130959510803223 0.03769983351230621 0.40599820017814636
vn 0.6514763832092285 0.012099561281502247 0.758572518825531
vn 0.6514763832092285 0.012099561281502247 0.758572518825531
vn 0.6037202477455139 -0.30601027607917786 0.7361246943473816
vn 0.6037202477455139 -0.30601027607917786 0.7361246943473816
vn 0.059103209525346756 0.3551193177700043 0.9329507350921631
vn 0.059103209525346756 0.3551193177700043 0.9329507350921631
vn -0.3005051612854004 0.3649062514305115 0.8812151551246643
vn -0.3005051612854004 0.3649062514305115 0.8812151551246643
vn -0.4938753843307495 0.4817759692668915 0.723863959312439
vn -0.6972916126251221 -0.35919567942619324 0.6202925443649292
vn -0.6972916126251221 -0.35919567942619324 0.6202925443649292
vn -0.6972916126251221 -0.35919567942619324 0.6202925443649292
vn -0.692486047744751 -0.3482930064201355 0.6317872405052185
vn -0.692486047744751 -0.3482930064201355 0.6317872405052185
vn -0.8716350793838501 -0.17560707032680511 0.45761844515800476
vn -0.8716350793838501 -0.17560707032680511 0.45761844515800476
vn 0.998272180557251 0.05869835987687111 0.0026999248657375574
vn 0.998272180557251 0.05869835987687111 0.0026999248657375574
vn 0.6568632125854492 0.5960665941238403 -0.46177414059638977
vn -0.6906972527503967 0.37699851393699646 -0.6170975565910339
vn -0.8035311698913574 -0.012900501489639282 -0.5951230525970459
vn -0.7477239370346069 0.41441330313682556 -0.5188166499137878
vn 0.7639736533164978 0.5071825385093689 -0.3988862633705139
vn 0.6711758375167847 0.14249487221240997 0.7274738550186157
vn -0.6508092880249023 0.7584108710289001 -0.035500507801771164
vn -0.6508092880249023 0.7584108710289001 -0.035500507801771164
vn -0.6508092880249023 0.7584108710289001 -0.035500507801771164
vn -0.7651833295822144 0.6333861947059631 0.11539748311042786
vn -0.9273850917816162 0.3696940541267395 0.05729907751083374
vn -0.9273850917816162 0.3696940541267395 0.05729907751083374
vn -0.5058940649032593 0.45619460940361023 0.7320913672447205
vn -0.537287712097168 0.4042907655239105 0.7401830554008484
vn -0.7399348020553589 -0.07090333849191666 0.6689314842224121
vn -0.7399348020553589 -0.07090333849191666 0.6689314842224121
vn 0.7013955116271973 0.7093954682350159 -0.06929955631494522
vn 0.7013955116271973 0.7093954682350159 -0.06929955631494522
vn 0.9587140083312988 -0.0222003236413002 0.2835041284561157
vn 0.9587140083312988 -0.0222003236413002 0.2835041284561157
vn 0.9587140083312988 -0.0222003236413002 0.2835041284561157
vn 0.763713538646698 -0.28260499238967896 0.5804102420806885
vn 0.763713538646698 -0.28260499238967896 0.5804102420806885
vn 0.763713538646698 -0.28260499238967896 0.5804102420806885
vn 0.30618807673454285 0.21719153225421906 -0.9268639087677002
vn 0.30618807673454285 0.21719153225421906 -0.9268639087677002
vn 0.7087082862854004 0.4198049306869507 -0.5670065879821777
vn 0.7256036996841431 0.3798019289970398 -0.5738029479980469
vn 0.7655258178710938 0.3630122244358063 -0.5312178730964661
vn -0.4039783477783203 -0.0866953507065773 -0.9106511473655701
vn -0.7669870257377625 0.03709936887025833 -0.64058917760849
vn 0.7666448950767517 -0.22771331667900085 0.6003351807594299
vn 0.7666448950767517 -0.22771331667900085 0.6003351807594299
vn 0.48471367359161377 0.370510458946228 0.7923223376274109
vn 0.48471367359161377 0.370510458946228 0.7923223376274109
vn 0.8442105054855347 0.14110174775123596 0.5171064138412476
vn 0.8442105054855347 0.14110174775123596 0.5171064138412476
vn 0.515227735042572 0.43332332372665405 0.739439845085144
vn 0.37519344687461853 0.5857897400856018 0.7183873653411865
vn -0.5902348160743713 0.6301371455192566 0.5045297145843506
vn -0.7614876627922058 0.5711907148361206 0.306395024061203
vn -0.7614876627922058 0.5711907148361206 0.306395024061203
vn -0.8372875452041626 -0.17649737000465393 -0.5174922943115234
vn -0.8313027620315552 -0.11590038239955902 -0.5436018109321594
vn -0.9961664080619812 -0.02909901924431324 -0.08249721676111221
vn -0.9961664080619812 -0.02909901924431324 -0.08249721676111221
vn -0.9961664080619812 -0.02909901924431324 -0.08249721676111221
vn -0.9961664080619812 -0.02909901924431324 -0.08249721676111221
vn -0.9961664080619812 -0.02909901924431324 -0.08249721676111221
vn -0.6232996582984924 0.5967996716499329 0.5052996873855591
vn 0.20109054446220398 0.4793774485588074 0.8542597889900208
vn -0.3272920846939087 0.32169222831726074 0.8884784579277039
vn -0.3272920846939087 0.32169222831726074 0.8884784579277039
vn -0.48830464482307434 0.4101039171218872 0.7703073024749756
vn -0.5404192209243774 0.3509124517440796 0.7647271156311035
vn -0.5791023373603821 0.5167021155357361 0.6306024789810181
vn 0.7552935481071472 0.6340945363044739 -0.1656985729932785
vn 0.682609498500824 0.7268101572990417 0.07610105723142624
vn 0.682609498500824 0.7268101572990417 0.07610105723142624
vn 0.7761664390563965 0.0892961323261261 0.6241729855537415
vn 0.7761664390563965 0.0892961323261261 0.6241729855537415
vn 0.7544002532958984 0.4760001599788666 -0.45200014114379883
vn -0.7323808073997498 -0.15429595112800598 -0.6631826162338257
vn -0.7804048657417297 0.49540311098098755 -0.3815023899078369
vn -0.8206033706665039 0.12790054082870483 -0.5570023059844971
vn 0.6532989740371704 0.2792995572090149 0.7036989331245422
vn 0.6532989740371704 0.2792995572090149 0.7036989331245422
vn 0.6532989740371704 0.2792995572090149 0.7036989331245422
vn 0.8521002531051636 0.37510010600090027 0.3650001287460327
vn 0.8521002531051636 0.37510010600090027 0.3650001287460327
vn 0.8521002531051636 0.37510010600090027 0.3650001287460327
vn -0.7118122577667236 0.5370092988014221 0.45270782709121704
vn -0.8400804400444031 0.509688138961792 0.18569567799568176
vn -0.8400804400444031 0.509688138961792 0.18569567799568176
vn -0.9544456005096436 0.24021148681640625 -0.1770084649324417
vn -0.9544456005096436 0.24021148681640625 -0.1770084649324417
vn -0.7209400534629822 0.5950331091880798 -0.3552197217941284
vn -0.7209400534629822 0.5950331091880798 -0.3552197217941284
vn -0.7209400534629822 0.5950331091880798 -0.3552197217941284
vn -0.928943932056427 -0.33611589670181274 0.1552073359489441
vn -0.928943932056427 -0.33611589670181274 0.1552073359489441
vn -0.928943932056427 -0.33611589670181274 0.1552073359489441
vn -0.6363985538482666 0.3198992908000946 0.7018983960151672
vn -0.5118939876556396 0.38709545135498047 0.7668909430503845
vn 0.8803017735481262 0.466700941324234 0.08520016819238663
vn 0.8803017735481262 0.466700941324234 0.08520016819238663
vn 0.729804515838623 0.6331039071083069 0.2580015957355499
vn 0.578100323677063 0.7345003485679626 0.3554001748561859
vn 0.6110082268714905 0.5573074817657471 0.5622075796127319
vn 0.7596977353096008 0.010099968872964382 0.6501980423927307
vn 0.7596977353096008 0.010099968872964382 0.6501980423927307
vn 0.7503158450126648 -0.1475031077861786 -0.6444136500358582
vn 0.15520350635051727 -0.5042113661766052 -0.8495191335678101
vn 0.15520350635051727 -0.5042113661766052 -0.8495191335678101
vn 0.7433896660804749 0.16419771313667297 -0.6483910083770752
vn 0.7563100457191467 0.2430032342672348 -0.6074080467224121
vn 0.8163663148880005 0.2685889005661011 -0.5112789273262024
vn -0.45518338680267334 -0.6480763554573059 -0.6105777025222778
vn -0.833126962184906 -0.030900999903678894 -0.5522179007530212
vn -0.7983371019363403 -0.11240522563457489 -0.5916274785995483
vn 0.0923994854092598 0.7460958361625671 0.6593962907791138
vn 0.23239435255527496 0.8237800002098083 0.5170873999595642
vn 0.5313953757286072 -0.09399918466806412 0.841892659664154
vn 0.5313953757286072 -0.09399918466806412 0.841892659664154
vn 0.5313953757286072 -0.09399918466806412 0.841892659664154
vn 0.9868454337120056 0.15370707213878632 0.05010230466723442
vn 0.9868454337120056 0.15370707213878632 0.05010230466723442
vn 0.40781161189079285 0.35501009225845337 0.841223955154419
vn -0.7641345858573914 0.5207235217094421 0.3807172179222107
vn -0.6587147116661072 0.6378142237663269 -0.3991089165210724
vn -0.6587147116661072 0.6378142237663269 -0.3991089165210724
vn -0.7045734524726868 0.7074733376502991 -0.05529791861772537
vn -0.7045734524726868 0.7074733376502991 -0.05529791861772537
vn -0.9734683036804199 0.09689684957265854 -0.20729325711727142
vn -0.9734683036804199 0.09689684957265854 -0.20729325711727142
vn -0.9734683036804199 0.09689684957265854 -0.20729325711727142
vn -0.6650893688201904 0.5057919025421143 0.5493912100791931
vn -0.34602081775665283 0.24021445214748383 0.9069545865058899
vn -0.34602081775665283 0.24021445214748383 0.9069545865058899
vn -0.4918889105319977 0.4127907156944275 0.766582727432251
vn -0.5606138706207275 0.4673115611076355 0.6836169362068176
vn 0.9008002877235413 0.3354000747203827 -0.27580007910728455
vn -0.7812774777412415 -0.49838563799858093 -0.37578919529914856
vn -0.9149987101554871 0.266399621963501 -0.3029995560646057
vn -0.9149987101554871 0.266399621963501 -0.3029995560646057
vn -0.9409302473068237 0.007800250314176083 -0.3385108709335327
vn -0.9409302473068237 0.007800250314176083 -0.3385108709335327
vn 0.19749140739440918 0.7420676946640015 0.6405721306800842
vn 0.424701064825058 0.859602153301239 0.2841007113456726
vn -0.6849169731140137 0.515612781047821 0.5148127675056458
vn -0.9289588332176208 -0.24848897755146027 0.27438783645629883
vn -0.9289588332176208 -0.24848897755146027 0.27438783645629883
vn -0.7774996161460876 0.6256996989250183 -0.0631999671459198
vn -0.7774996161460876 0.6256996989250183 -0.0631999671459198
vn -0.9563876390457153 -0.2473968118429184 0.15529800951480865
vn -0.9563876390457153 -0.2473968118429184 0.15529800951480865
vn -0.7883180975914001 0.08750201016664505 0.6090139746665955
vn -0.7883180975914001 0.08750201016664505 0.6090139746665955
vn -0.534187376499176 0.4611891210079193 0.7084832787513733
vn 0.9938395619392395 -0.09700386226177216 -0.05360213294625282
vn 0.9938395619392395 -0.09700386226177216 -0.05360213294625282
vn 0.9938395619392395 -0.09700386226177216 -0.05360213294625282
vn 0.965930163860321 -0.08930278569459915 0.2429075837135315
vn 0.965930163860321 -0.08930278569459915 0.2429075837135315
vn 0.5800283551216125 0.6328309774398804 0.5129250884056091
vn 0.4086824357509613 0.7567675113677979 0.5101781487464905
vn 0.774937093257904 -0.4232202470302582 -0.46942242980003357
vn 0.6446787714958191 -0.6330791711807251 -0.4284859001636505
vn 0.23229914903640747 -0.7626972198486328 -0.6035977602005005
vn 0.23229914903640747 -0.7626972198486328 -0.6035977602005005
vn 0.7461272478103638 -0.14940544962882996 -0.6488236784934998
vn 0.8071815371513367 -0.05759868025779724 -0.5874865055084229
vn 0.7752072811126709 -0.29630279541015625 -0.5579052567481995
vn 0.7752072811126709 -0.29630279541015625 -0.5579052567481995
vn -0.8415066003799438 -0.10720083862543106 -0.5295041799545288
vn -0.8415066003799438 -0.10720083862543106 -0.5295041799545288
vn -0.6424133777618408 -0.40880849957466125 -0.6482134461402893
vn -0.6424133777618408 -0.40880849957466125 -0.6482134461402893
vn -0.5557118654251099 -0.2901062071323395 -0.7791166305541992
vn -0.7400068640708923 -0.37730351090431213 -0.5568051934242249
vn 0.3707146942615509 0.635025143623352 0.6777268648147583
vn 0.2916066348552704 0.5609127879142761 0.774817705154419
vn 0.38930314779281616 0.7717062830924988 0.5029040575027466
vn 0.6601992845535278 -0.08109991252422333 0.7466992139816284
vn 0.6601992845535278 -0.08109991252422333 0.7466992139816284
vn 0.6601992845535278 -0.08109991252422333 0.7466992139816284
vn 0.11609756201505661 0.49398961663246155 0.8616819381713867
vn 0.11609756201505661 0.49398961663246155 0.8616819381713867
vn 0.11609756201505661 0.49398961663246155 0.8616819381713867
vn 0.11609756201505661 0.49398961663246155 0.8616819381713867
vn -0.8791980743408203 -0.17639963328838348 0.4425990581512451
vn -0.8791980743408203 -0.17639963328838348 0.4425990581512451
vn -0.5227891206741333 0.8493822813034058 -0.07239849120378494
vn -0.5227891206741333 0.8493822813034058 -0.07239849120378494
vn -0.9098321795463562 0.4061143696308136 0.08530301600694656
vn -0.9098321795463562 0.4061143696308136 0.08530301600694656
vn -0.6011082530021667 0.507906973361969 0.6170084476470947
vn -0.4692089855670929 -0.034400660544633865 0.8824169039726257
vn -0.4692089855670929 -0.034400660544633865 0.8824169039726257
vn -0.4692089855670929 -0.034400660544633865 0.8824169039726257
vn -0.4692089855670929 -0.034400660544633865 0.8824169039726257
vn -0.680761992931366 0.02249874547123909 0.7321591377258301
vn -0.680761992931366 0.02249874547123909 0.7321591377258301
vn 0.9220761656761169 -0.21619440615177155 0.3209916949272156
vn 0.9220761656761169 -0.21619440615177155 0.3209916949272156
vn -0.40810030698776245 -0.11860008537769318 -0.9052006602287292
vn -0.40810030698776245 -0.11860008537769318 -0.9052006602287292
vn -0.9027557969093323 -0.05049752816557884 -0.4271790683269501
vn -0.9027557969093323 -0.05049752816557884 -0.4271790683269501
vn -0.6539372801780701 -0.27231550216674805 -0.7058401703834534
vn -0.9799814224243164 0.17049676179885864 -0.10279805213212967
vn -0.8019708395004272 -0.45608341693878174 -0.3857859671115875
vn -0.8019708395004272 -0.45608341693878174 -0.3857859671115875
vn 0.44429612159729004 0.5885948538780212 0.6753941178321838
vn 0.6889281868934631 0.3314135670661926 0.6446263790130615
vn 0.6889281868934631 0.3314135670661926 0.6446263790130615
vn 0.6889281868934631 0.3314135670661926 0.6446263790130615
vn -0.2831878066062927 0.6027740836143494 0.7459678649902344
vn -0.2831878066062927 0.6027740836143494 0.7459678649902344
vn -0.7741470336914062 -0.16861023008823395 0.6101370453834534
vn -0.7741470336914062 -0.16861023008823395 0.6101370453834534
vn -0.927173376083374 -0.11609666049480438 0.3561897873878479
vn -0.927173376083374 -0.11609666049480438 0.3561897873878479
vn -0.700765073299408 0.6726664900779724 0.23758816719055176
vn -0.33899423480033875 0.9407840967178345 -0.002899950835853815
vn -0.33899423480033875 0.9407840967178345 -0.002899950835853815
vn -0.7089890837669373 -0.1535976380109787 0.6882894039154053
vn -0.7089890837669373 -0.1535976380109787 0.6882894039154053
vn -0.6972807049751282 -0.057598404586315155 0.7144802212715149
vn -0.6972807049751282 -0.057598404586315155 0.7144802212715149
vn 0.9536176919937134 -0.2790051996707916 0.11300209164619446
vn 0.9536176919937134 -0.2790051996707916 0.11300209164619446
vn 0.9547079801559448 -0.2870023846626282 -0.0785006582736969
vn 0.9547079801559448 -0.2870023846626282 -0.0785006582736969
vn 0.9199638366699219 -0.2651895582675934 0.28868865966796875
vn 0.9199638366699219 -0.2651895582675934 0.28868865966796875
vn 0.772612452507019 -0.2858045995235443 0.56690913438797
vn 0.772612452507019 -0.2858045995235443 0.56690913438797
vn 0.8876240253448486 -0.17430472373962402 -0.42631152272224426
vn 0.7977907061576843 -0.3504959046840668 -0.4905942678451538
vn 0.829411506652832 0.04640064388513565 -0.5567077398300171
vn 0.4949270486831665 0.012300672009587288 -0.8688474893569946
vn 0.4949270486831665 0.012300672009587288 -0.8688474893569946
vn 0.4949270486831665 0.012300672009587288 -0.8688474893569946
vn 0.46661239862442017 -0.40571078658103943 -0.7859209179878235
vn 0.46661239862442017 -0.40571078658103943 -0.7859209179878235
vn -0.5932048559188843 0.6155049800872803 -0.5189042091369629
vn -0.5351007580757141 0.7159010767936707 -0.4485006630420685
vn -0.5351007580757141 0.7159010767936707 -0.4485006630420685
vn -0.8929935097694397 -0.35449743270874023 -0.2772979736328125
vn -0.8929935097694397 -0.35449743270874023 -0.2772979736328125
vn -0.8360484838485718 -0.2252861112356186 -0.5002691745758057
vn -0.8360484838485718 -0.2252861112356186 -0.5002691745758057
vn -0.8178495168685913 -0.07180435210466385 -0.5709345936775208
vn -0.8178495168685913 -0.07180435210466385 -0.5709345936775208
vn -0.7154008150100708 0.1572001874446869 -0.6808008551597595
vn -0.7154008150100708 0.1572001874446869 -0.6808008551597595
vn -0.7154008150100708 0.1572001874446869 -0.6808008551597595
vn 0.3730817139148712 0.47217682003974915 0.7986607551574707
vn 0.3730817139148712 0.47217682003974915 0.7986607551574707
vn 0.5499977469444275 -0.321998655796051 0.7705968022346497
vn 0.5499977469444275 -0.321998655796051 0.7705968022346497
vn 0.7752357721328735 -0.06490299850702286 0.6283289790153503
vn 0.7752357721328735 -0.06490299850702286 0.6283289790153503
vn -0.22890084981918335 0.5657020807266235 0.7922029495239258
vn -0.22890084981918335 0.5657020807266235 0.7922029495239258
vn -0.7743114829063416 -0.2230033129453659 0.592208743095398
vn -0.7743114829063416 -0.2230033129453659 0.592208743095398
vn -0.40871235728263855 0.859726071357727 0.3063092827796936
vn -0.40871235728263855 0.859726071357727 0.3063092827796936
vn -0.9325153231620789 -0.3598059415817261 0.030900508165359497
vn -0.9344020485877991 -0.02100004442036152 0.3556007742881775
vn -0.9344020485877991 -0.02100004442036152 0.3556007742881775
vn -0.9344020485877991 -0.02100004442036152 0.3556007742881775
vn -0.7455352544784546 0.0068003213964402676 0.6664314866065979
vn -0.7455352544784546 0.0068003213964402676 0.6664314866065979
vn 0.8081814050674438 -0.3434920907020569 -0.4783889949321747
vn 0.8081814050674438 -0.3434920907020569 -0.4783889949321747
vn 0.8847669959068298 -0.2883892357349396 0.36608633399009705
vn 0.8847669959068298 -0.2883892357349396 0.36608633399009705
vn -0.034001510590314865 0.8086358904838562 -0.5873260498046875
vn -0.034001510590314865 0.8086358904838562 -0.5873260498046875
vn -0.5019684433937073 0.5537651777267456 -0.6643582582473755
vn -0.40910741686820984 0.7684139609336853 -0.49210891127586365
vn -0.9099365472793579 -0.4063163101673126 0.08320333808660507
vn 0.269006609916687 -0.0442010834813118 0.9621236324310303
vn 0.8743263483047485 -0.24980753660202026 0.4161125421524048
vn 0.8743263483047485 -0.24980753660202026 0.4161125421524048
vn -0.6468790173530579 -0.08989708870649338 0.7572754621505737
vn -0.6468790173530579 -0.08989708870649338 0.7572754621505737
vn -0.5706237554550171 0.7444310784339905 0.34671446681022644
vn -0.6803708076477051 0.5758752822875977 0.4532805383205414
vn 0.99837726354599 0.02669939212501049 -0.05029885470867157
vn 0.974130392074585 -0.10210318863391876 0.20160630345344543
vn 0.9812418818473816 0.17750756442546844 0.07520321011543274
vn 0.8308107256889343 0.04770061746239662 0.5545071363449097
vn 0.7949821949005127 -0.3411923348903656 0.501588761806488
vn 0.7949821949005127 -0.3411923348903656 0.501588761806488
vn 0.5207017064094543 0.6202020645141602 -0.5867019891738892
vn 0.7619264125823975 0.09320323169231415 -0.6409222483634949
vn 0.49562957882881165 -0.2841169536113739 -0.8207489848136902
vn 0.2989118993282318 0.8621343374252319 -0.40911629796028137
vn 0.2989118993282318 0.8621343374252319 -0.40911629796028137
vn 0.7651087641716003 -0.13860158622264862 -0.6288071274757385
vn 0.7651087641716003 -0.13860158622264862 -0.6288071274757385
vn 0.7651087641716003 -0.13860158622264862 -0.6288071274757385
vn -0.40948808193206787 0.6598808169364929 -0.6299816966056824
vn -0.20149599015712738 0.892882227897644 -0.4026919901371002
vn -0.9814120531082153 0.09420115500688553 0.16720205545425415
vn -0.9427183866500854 0.08640168607234955 0.3222062885761261
vn -0.9987506866455078 0.045297764241695404 0.02109895832836628
vn -0.9657596945762634 -0.09249614179134369 -0.24238988757133484
vn -0.3104914426803589 0.6339825391769409 -0.7082805037498474
vn -0.3104914426803589 0.6339825391769409 -0.7082805037498474
vn -0.7063315510749817 0.46432074904441833 0.5343238711357117
vn -0.7063315510749817 0.46432074904441833 0.5343238711357117
vn -0.7063315510749817 0.46432074904441833 0.5343238711357117
vn -0.6917974352836609 0.5346980094909668 0.485298216342926
vn -0.6917974352836609 0.5346980094909668 0.485298216342926
vn 0.6846249103546143 -0.49501803517341614 0.5350195169448853
vn 0.6846249103546143 -0.49501803517341614 0.5350195169448853
vn -0.30380821228027344 0.7474202513694763 0.5908160209655762
vn -0.3683895170688629 0.8528757095336914 0.36998945474624634
vn -0.9258679747581482 -0.2458915114402771 0.28689008951187134
vn -0.7025907635688782 -0.24389679729938507 0.6684912443161011
vn -0.7025907635688782 -0.24389679729938507 0.6684912443161011
vn -0.6806343197822571 0.6361321210861206 0.3634183704853058
vn 0.8665949106216431 -0.19199888408184052 0.46059730648994446
vn -0.44809475541114807 0.630992591381073 -0.6332926154136658
vn -0.008099891245365143 0.7805895209312439 -0.6249915957450867
vn -0.008099891245365143 0.7805895209312439 -0.6249915957450867
vn -0.49979642033576965 0.18799863755702972 -0.8454939126968384
vn -0.49979642033576965 0.18799863755702972 -0.8454939126968384
vn -0.49979642033576965 0.18799863755702972 -0.8454939126968384
vn -0.8003135323524475 -0.07470126450061798 0.5949100852012634
vn -0.8003135323524475 -0.07470126450061798 0.5949100852012634
vn -0.8003135323524475 -0.07470126450061798 0.5949100852012634
vn 0.3783171772956848 -0.2030092030763626 0.9031409621238708
vn 0.6403336524963379 -0.36921942234039307 0.6735354065895081
vn 0.6403336524963379 -0.36921942234039307 0.6735354065895081
vn 0.6403336524963379 -0.36921942234039307 0.6735354065895081
vn -0.5841122269630432 0.5488114953041077 0.5980125069618225
vn -0.7672072649002075 -0.4219039976596832 0.4831045866012573
vn -0.7672072649002075 -0.4219039976596832 0.4831045866012573
vn 0.9989385604858398 -0.00650025112554431 -0.04560176283121109
vn 0.9994369149208069 -0.010400383733212948 0.031901177018880844
vn 0.9975830316543579 0.06899882107973099 0.008199860341846943
vn 0.7500057220458984 -0.4456034004688263 0.4888037145137787
vn 0.8927789926528931 0.03799910470843315 0.44888946413993835
vn 0.421705037355423 0.5785068869590759 -0.6982082724571228
vn 0.3692038953304291 0.39010411500930786 -0.8435088992118835
vn 0.7076160907745361 0.07300166040658951 -0.7028159499168396
vn 0.7076160907745361 0.07300166040658951 -0.7028159499168396
vn -0.16619911789894104 0.6739965081214905 -0.7197962403297424
vn -0.8717117309570312 -0.39410531520843506 -0.29120394587516785
vn -0.966012179851532 -0.12310154736042023 -0.22730286419391632
vn -0.8678943514823914 -0.48409682512283325 -0.11139927059412003
vn -0.8678943514823914 -0.48409682512283325 -0.11139927059412003
vn -0.9971185326576233 -0.06910128146409988 0.031300581991672516
vn -0.9801355004310608 -0.19250696897506714 0.04770172759890556
vn -0.4610283076763153 0.6776416301727295 -0.572935163974762
vn 0.20110148191452026 0.6212045550346375 -0.7574055194854736
vn 0.20110148191452026 0.6212045550346375 -0.7574055194854736
vn -0.8349906206130981 0.4472949802875519 0.3204963803291321
vn -0.8325172066688538 0.5354110598564148 0.14230294525623322
vn 0.4456206262111664 -0.37141716480255127 0.8145376443862915
vn -0.4363139271736145 0.7357234954833984 0.518016517162323
vn -0.80778968334198 -0.5767926573753357 0.12159845232963562
vn -0.80778968334198 -0.5767926573753357 0.12159845232963562
vn -0.5738255977630615 -0.2041091024875641 0.7931353449821472
vn -0.5738255977630615 -0.2041091024875641 0.7931353449821472
vn 0.9450797438621521 -0.28119397163391113 0.1665964275598526
vn 0.23539698123931885 0.6667914390563965 -0.7070908546447754
vn 0.23539698123931885 0.6667914390563965 -0.7070908546447754
vn -0.3107967674732208 0.6457932591438293 -0.6973927021026611
vn -0.9770225286483765 -0.14930343627929688 -0.1521034985780716
vn -0.11739850044250488 0.18559764325618744 -0.9755875468254089
vn -0.11739850044250488 0.18559764325618744 -0.9755875468254089
vn -0.8506355285644531 -0.3039126992225647 0.42901790142059326
vn -0.8506355285644531 -0.3039126992225647 0.42901790142059326
vn -0.37041521072387695 -0.2860117554664612 0.8837363123893738
vn -0.37041521072387695 -0.2860117554664612 0.8837363123893738
vn 0.7487379908561707 -0.2789141535758972 0.6013305187225342
vn 0.7487379908561707 -0.2789141535758972 0.6013305187225342
vn 0.19650618731975555 -0.2929092049598694 0.935729444026947
vn -0.36879169940948486 -0.7636827826499939 0.5298880934715271
vn -0.36879169940948486 -0.7636827826499939 0.5298880934715271
vn 0.9960928559303284 0.02599981427192688 -0.08439939469099045
vn 0.9800122976303101 0.15690197050571442 0.12230152636766434
vn 0.8130283951759338 0.34511202573776245 -0.4689163565635681
vn 0.8130283951759338 0.34511202573776245 -0.4689163565635681
vn 0.8130283951759338 0.34511202573776245 -0.4689163565635681
vn 0.7856976985931396 -0.4056987762451172 0.4669986069202423
vn 0.789302408695221 -0.4173012673854828 0.4504013657569885
vn 0.39200639724731445 0.6517106890678406 -0.6493105888366699
vn 0.3310012221336365 0.7075026035308838 -0.6244023442268372
vn 0.11359789967536926 0.6730875372886658 -0.7307864427566528
vn 0.11359789967536926 0.6730875372886658 -0.7307864427566528
vn -0.9560089111328125 -0.2924027442932129 0.023400219157338142
vn -0.9560089111328125 -0.2924027442932129 0.023400219157338142
vn -0.9110480546951294 -0.41142168641090393 0.026901420205831528
vn -0.9110480546951294 -0.41142168641090393 0.026901420205831528
vn -0.9164372682571411 0.3804154694080353 -0.12420505285263062
vn -0.9164372682571411 0.3804154694080353 -0.12420505285263062
vn -0.8275585770606995 -0.5430728197097778 0.14219287037849426
vn -0.972388744354248 -0.016299812123179436 0.232797309756279
vn -0.9209496974945068 -0.22421211004257202 0.31871721148490906
vn -0.6230044960975647 0.20080144703388214 -0.7560054063796997
vn -0.6230044960975647 0.20080144703388214 -0.7560054063796997
vn -0.29430535435676575 0.6601119637489319 -0.6911125779151917
vn -0.29430535435676575 0.6601119637489319 -0.6911125779151917
vn 0.5996111035346985 0.4843089282512665 -0.6371117830276489
vn -0.456412136554718 -0.6590175032615662 0.5978159308433533
vn 0.38781213760375977 -0.5287165641784668 0.7550235986709595
vn -0.8140280842781067 -0.45131558179855347 0.36561259627342224
vn 0.9812960028648376 0.10209959000349045 0.16319933533668518
vn 0.9907078742980957 -0.08800069987773895 -0.10370081663131714
vn 0.9512841701507568 0.21259644627571106 0.22329626977443695
vn -0.004000108223408461 -0.011400308459997177 -0.9999270439147949
vn -0.004000108223408461 -0.011400308459997177 -0.9999270439147949
vn -0.004000108223408461 -0.011400308459997177 -0.9999270439147949
vn -0.9611164927482605 0.13190226256847382 -0.24260415136814117
vn -0.9611164927482605 0.13190226256847382 -0.24260415136814117
vn -0.9611164927482605 0.13190226256847382 -0.24260415136814117
vn -0.9206355214118958 0.26161009073257446 0.2898111641407013
vn -0.9206355214118958 0.26161009073257446 0.2898111641407013
vn -0.1932017058134079 0.4640040695667267 -0.8645076155662537
vn -0.1932017058134079 0.4640040695667267 -0.8645076155662537
vn -0.6635096669197083 -0.27190396189689636 0.6970101594924927
vn -0.6635096669197083 -0.27190396189689636 0.6970101594924927
vn -0.1799028068780899 -0.5117079615592957 0.8401130437850952
vn 0.764790415763855 -0.4681941270828247 0.4425944685935974
vn 0.764790415763855 -0.4681941270828247 0.4425944685935974
vn 0.09449667483568192 -0.6279779076576233 0.7724728584289551
vn -0.6293274760246277 -0.3168138265609741 0.7096309065818787
vn 0.9866721034049988 -0.09529730677604675 0.1318962723016739
vn 0.9469681978225708 0.2784906327724457 0.16029460728168488
vn 0.955531895160675 -0.2698090076446533 0.11900397390127182
vn 0.8453512787818909 0.23938621580600739 0.477572500705719
vn 0.8214935660362244 -0.1795985847711563 0.5411957502365112
vn 0.5452331304550171 0.5222317576408386 -0.6557399034500122
vn 0.39459219574928284 0.2510950267314911 -0.8838825225830078
vn 0.39459219574928284 0.2510950267314911 -0.8838825225830078
vn -0.062096964567899704 0.6161698698997498 -0.7851616144180298
vn -0.062096964567899704 0.6161698698997498 -0.7851616144180298
vn -0.7513856887817383 -0.16849678754806519 0.6379878520965576
vn -0.8549392223358154 -0.18100830912590027 0.4861223101615906
vn -0.6594001054763794 0.24340003728866577 0.7113001346588135
vn -0.809451699256897 0.5375343561172485 0.23631508648395538
vn -0.809451699256897 0.5375343561172485 0.23631508648395538
vn -0.9847307205200195 -0.11160347610712051 0.13360415399074554
vn -0.9565218091011047 -0.28860658407211304 0.04210096225142479
vn -0.7259033918380737 0.5863027572631836 0.3596016764640808
vn -0.7259033918380737 0.5863027572631836 0.3596016764640808
vn -0.6467211842536926 0.7192234992980957 -0.25390830636024475
vn -0.6467211842536926 0.7192234992980957 -0.25390830636024475
vn -0.28098779916763306 -0.5918743014335632 -0.7554672360420227
vn 0.09030146151781082 0.9491153955459595 -0.30170488357543945
vn 0.09030146151781082 0.9491153955459595 -0.30170488357543945
vn 0.09030146151781082 0.9491153955459595 -0.30170488357543945
vn 0.43839436769485474 0.898488461971283 -0.022999703884124756
vn 0.43839436769485474 0.898488461971283 -0.022999703884124756
vn 0.3882952928543091 -0.5276935696601868 0.7554908394813538
vn -0.7808936834335327 0.37959691882133484 0.4960959851741791
vn 0.9679664373397827 -0.10319642722606659 0.22889205813407898
vn 0.9928895831108093 -0.09939895570278168 0.06549931317567825
vn 0.9268067479133606 0.2552018463611603 0.2755019962787628
vn 0.5285950899124146 0.011799890547990799 -0.8487921357154846
vn 0.5285950899124146 0.011799890547990799 -0.8487921357154846
vn 0.8464111685752869 0.21430282294750214 -0.4875064194202423
vn 0.8464111685752869 0.21430282294750214 -0.4875064194202423
vn 0.8464111685752869 0.21430282294750214 -0.4875064194202423
vn -0.7274684309959412 0.6474719047546387 0.22709015011787415
vn -0.7274684309959412 0.6474719047546387 0.22709015011787415
vn -0.26318737864494324 0.9448545575141907 -0.19489064812660217
vn -0.26318737864494324 0.9448545575141907 -0.19489064812660217
vn -0.26318737864494324 0.9448545575141907 -0.19489064812660217
vn -0.9070956110954285 0.4070979952812195 -0.1069994792342186
vn -0.9070956110954285 0.4070979952812195 -0.1069994792342186
vn 0.19359201192855835 -0.5725764036178589 -0.7966671586036682
vn -0.7878073453903198 -0.10500097274780273 -0.6069056391716003
vn -0.7878073453903198 -0.10500097274780273 -0.6069056391716003
vn -0.9060916304588318 -0.06539939343929291 0.4179961681365967
vn -0.6769912838935852 -0.647391676902771 0.3500955104827881
vn -0.6769912838935852 -0.647391676902771 0.3500955104827881
vn -0.1307029128074646 -0.6295139789581299 0.7659170627593994
vn 0.7867025136947632 -0.04200013354420662 0.6159019470214844
vn 0.7867025136947632 -0.04200013354420662 0.6159019470214844
vn 0.040098559111356735 -0.3957858085632324 0.9174671173095703
vn 0.9745968580245972 -0.09919968247413635 0.200799360871315
vn 0.9214842915534973 -0.1274978220462799 0.3668937385082245
vn 0.5464091300964355 0.8363140225410461 -0.04490074887871742
vn 0.5464091300964355 0.8363140225410461 -0.04490074887871742
vn 0.5678979158401489 0.7004974484443665 -0.4321984052658081
vn 0.5678979158401489 0.7004974484443665 -0.4321984052658081
vn 0.5678979158401489 0.7004974484443665 -0.4321984052658081
vn 0.8116060495376587 0.27580201625823975 0.5150038003921509
vn 0.6574050784111023 0.33190256357192993 0.6765052080154419
vn 0.6574050784111023 0.33190256357192993 0.6765052080154419
vn 0.04470086097717285 0.8719168305397034 -0.4876093864440918
vn 0.04470086097717285 0.8719168305397034 -0.4876093864440918
vn 0.04470086097717285 0.8719168305397034 -0.4876093864440918
vn 0.7937913537025452 0.4806947708129883 -0.37259596586227417
vn 0.7937913537025452 0.4806947708129883 -0.37259596586227417
vn -0.5556786060333252 0.6080765724182129 -0.5669781565666199
vn -0.5556786060333252 0.6080765724182129 -0.5669781565666199
vn -0.7562413215637207 -0.23291270434856415 0.6114333868026733
vn -0.7976780533790588 -0.4889865219593048 0.3529902398586273
vn -0.8771825432777405 0.41599172353744507 0.2397952377796173
vn -0.8771825432777405 0.41599172353744507 0.2397952377796173
vn -0.9601614475250244 -0.174592986702919 0.2181912362575531
vn -0.8446288704872131 0.49071675539016724 0.21400731801986694
vn -0.8446288704872131 0.49071675539016724 0.21400731801986694
vn -0.7644691467285156 0.6097753643989563 0.20919154584407806
vn -0.7644691467285156 0.6097753643989563 0.20919154584407806
vn 0.08490122854709625 0.9795141816139221 0.1826026439666748
vn -0.2594965696334839 0.9606872797012329 0.098698690533638
vn -0.29559358954429626 0.9526793360710144 -0.07089846581220627
vn -0.36309704184532166 -0.19789838790893555 -0.9104925990104675
vn -0.36309704184532166 -0.19789838790893555 -0.9104925990104675
vn -0.7964692711830139 -0.5432789921760559 0.26548975706100464
vn 0.36490321159362793 -0.3195028305053711 0.8745076656341553
vn 0.8704950213432312 0.48209723830223083 0.09909943491220474
vn 0.8704950213432312 0.48209723830223083 0.09909943491220474
vn 0.3739970028400421 0.908092737197876 0.18839851021766663
vn 0.3739970028400421 0.908092737197876 0.18839851021766663
vn 0.8362453579902649 0.009999346919357777 0.54826420545578
vn 0.7337874174118042 0.3423941433429718 -0.5867899060249329
vn 0.7337874174118042 0.3423941433429718 -0.5867899060249329
vn 0.39730721712112427 0.8932161927223206 0.21050381660461426
vn -0.8578218817710876 0.46621188521385193 0.21630550920963287
vn -0.8578218817710876 0.46621188521385193 0.21630550920963287
vn -0.8578218817710876 0.46621188521385193 0.21630550920963287
vn -0.05679798126220703 0.9025679230690002 0.42678484320640564
vn -0.05679798126220703 0.9025679230690002 0.42678484320640564
vn -0.7169944643974304 0.6945946216583252 -0.05879954621195793
vn -0.7169944643974304 0.6945946216583252 -0.05879954621195793
vn -0.7169944643974304 0.6945946216583252 -0.05879954621195793
vn -0.23059342801570892 0.9632725715637207 -0.13759608566761017
vn -0.8224709033966064 -0.48718273639678955 0.29358959197998047
vn -0.6513821482658386 -0.3566901981830597 0.6696816682815552
vn -0.6513821482658386 -0.3566901981830597 0.6696816682815552
vn -0.49281370639801025 -0.1646045744419098 0.8544237613677979
vn -0.49281370639801025 -0.1646045744419098 0.8544237613677979
vn 0.5170751214027405 0.7185654044151306 0.46507763862609863
vn 0.5170751214027405 0.7185654044151306 0.46507763862609863
vn 0.4305086135864258 0.2698054015636444 0.8613172173500061
vn 0.4305086135864258 0.2698054015636444 0.8613172173500061
vn 0.4305086135864258 0.2698054015636444 0.8613172173500061
vn 0.009800189174711704 -0.0408007875084877 0.9991192817687988
vn -0.6834062337875366 -0.5865053534507751 0.4347040057182312
vn 0.7217743992805481 0.6605765223503113 0.2065926492214203
vn 0.7217743992805481 0.6605765223503113 0.2065926492214203
vn -0.47920316457748413 0.8607057332992554 -0.171901136636734
vn 0.5303043723106384 0.08820072561502457 0.8432069420814514
vn 0.43908554315567017 0.8983704447746277 0.011599618010222912
vn 0.3618090748786926 0.7687193155288696 0.5274133086204529
vn -0.9562730193138123 -0.1059970036149025 0.27259230613708496
vn -0.9562730193138123 -0.1059970036149025 0.27259230613708496
vn -0.9470716714859009 0.29479119181632996 0.12709620594978333
vn -0.9470716714859009 0.29479119181632996 0.12709620594978333
vn -0.9307675361633301 -0.2650907337665558 0.25179120898246765
vn 0.14949309825897217 0.9870544672012329 0.058097321540117264
vn 0.14949309825897217 0.9870544672012329 0.058097321540117264
vn -0.16330936551094055 0.7928455471992493 -0.5871337056159973
vn -0.16330936551094055 0.7928455471992493 -0.5871337056159973
vn -0.16330936551094055 0.7928455471992493 -0.5871337056159973
vn -0.5742225050926208 0.6837269067764282 -0.45031771063804626
vn -0.5742225050926208 0.6837269067764282 -0.45031771063804626
vn -0.5742225050926208 0.6837269067764282 -0.45031771063804626
vn 0.041499510407447815 0.9709885716438293 -0.23549720644950867
vn 0.041499510407447815 0.9709885716438293 -0.23549720644950867
vn 0.041499510407447815 0.9709885716438293 -0.23549720644950867
vn -0.30220088362693787 0.9532027840614319 -0.008900025859475136
vn -0.4031965434551239 0.3211972415447235 0.8568926453590393
vn -0.4031965434551239 0.3211972415447235 0.8568926453590393
vn -0.4031965434551239 0.3211972415447235 0.8568926453590393
vn 0.06429751217365265 0.5907770991325378 0.8042688369750977
vn 0.06429751217365265 0.5907770991325378 0.8042688369750977
vn 0.06429751217365265 0.5907770991325378 0.8042688369750977
vn -0.1832922101020813 0.9819582104682922 -0.046498022973537445
vn 0.1571948081254959 0.9478687047958374 -0.2771908640861511
vn 0.32630255818367004 0.8355066180229187 0.4421035051345825
vn 0.32630255818367004 0.8355066180229187 0.4421035051345825
vn 0.1635955274105072 0.5039862394332886 0.8480768799781799
vn 0.1635955274105072 0.5039862394332886 0.8480768799781799
vn 0.1635955274105072 0.5039862394332886 0.8480768799781799
vn 0.10040366649627686 0.978435754776001 -0.1805066019296646
vn -0.850882351398468 0.4789900779724121 0.21579553186893463
vn -0.850882351398468 0.4789900779724121 0.21579553186893463
vn -0.850882351398468 0.4789900779724121 0.21579553186893463
vn -0.8047038316726685 0.5141024589538574 0.2969014048576355
vn -0.8047038316726685 0.5141024589538574 0.2969014048576355
vn -0.4725310206413269 0.8566561937332153 -0.2070135921239853
vn -0.7760792374610901 -0.32509133219718933 0.5403856039047241
vn -0.8493276834487915 -0.1020033210515976 0.5179168581962585
vn -0.5022938251495361 0.7080912590026855 0.4962938725948334
vn -0.5022938251495361 0.7080912590026855 0.4962938725948334
vn 0.1672997623682022 0.9841985702514648 0.05799991637468338
vn -0.056598205119371414 0.9564696550369263 0.2862909138202667
vn -0.056598205119371414 0.9564696550369263 0.2862909138202667
vn -0.061702314764261246 0.9939372539520264 -0.0910034105181694
vn -0.182196706533432 0.14519737660884857 0.9724825024604797
vn -0.182196706533432 0.14519737660884857 0.9724825024604797
vn 0.3634990453720093 0.8653977513313293 -0.34489908814430237
vn -0.3353825509548187 0.9143524765968323 -0.22688820958137512
vn -0.8550593256950378 -0.19839057326316833 0.47907719016075134
vn -0.8009569644927979 -0.2297876477241516 0.5528702735900879
vn -0.778762698173523 0.4420787990093231 -0.44507867097854614
vn -0.778762698173523 0.4420787990093231 -0.44507867097854614
vn -0.778762698173523 0.4420787990093231 -0.44507867097854614
vn -0.778762698173523 0.4420787990093231 -0.44507867097854614
vn -0.4743005335330963 0.8766010403633118 0.08130008727312088
vn -0.4743005335330963 0.8766010403633118 0.08130008727312088
vn -0.4743005335330963 0.8766010403633118 0.08130008727312088
vn -0.25989338755607605 0.9632754325866699 0.06749828159809113
vn 0.03570078685879707 0.6155135631561279 0.7873173356056213
vn 0.03570078685879707 0.6155135631561279 0.7873173356056213
vn 0.4983803927898407 0.8095681667327881 -0.31018781661987305
vn 0.3715938329696655 0.9271846413612366 0.047399215400218964
vn -0.3886972665786743 0.7984943985939026 0.45969676971435547
vn -0.3886972665786743 0.7984943985939026 0.45969676971435547
vn -0.1943008452653885 0.4044017493724823 0.8937038779258728
vn -0.6965862512588501 0.6547870635986328 0.29329419136047363
vn -0.6965862512588501 0.6547870635986328 0.29329419136047363
vn -0.6978850364685059 0.6731855869293213 0.2444947510957718
vn -0.6978850364685059 0.6731855869293213 0.2444947510957718
vn -0.6060006618499756 -0.16340017318725586 0.7785008549690247
vn 0.6515190601348877 0.6913201808929443 -0.3124091625213623
vn 0.6515190601348877 0.6913201808929443 -0.3124091625213623
vn 0.35109007358551025 0.8184768557548523 -0.45478716492652893
vn 0.35109007358551025 0.8184768557548523 -0.45478716492652893
vn 0.35109007358551025 0.8184768557548523 -0.45478716492652893
vn -0.3400956988334656 0.9157884120941162 0.21369729936122894
vn -0.44888898730278015 0.6593837738037109 0.6030852198600769
vn -0.44888898730278015 0.6593837738037109 0.6030852198600769
vn -0.44888898730278015 0.6593837738037109 0.6030852198600769
vn 0.062498196959495544 0.9244733452796936 0.3760891556739807
vn 0.062498196959495544 0.9244733452796936 0.3760891556739807
vn 0.0574013777077198 0.9966239333152771 -0.05870141088962555
vn -0.7072831392288208 -0.0345991775393486 0.7060831785202026
vn -0.1301058977842331 0.8439382314682007 0.5204235911369324
vn -0.1301058977842331 0.8439382314682007 0.5204235911369324
vn -0.29910963773727417 0.9264298677444458 -0.22860737144947052
vn -0.29910963773727417 0.9264298677444458 -0.22860737144947052
vn -0.0524994358420372 0.8844905495643616 0.46359503269195557
vn -0.0524994358420372 0.8844905495643616 0.46359503269195557
vn -0.0524994358420372 0.8844905495643616 0.46359503269195557
vn 0.393786758184433 0.4777839481830597 0.7852736115455627
vn 0.17809920012950897 0.9157958030700684 0.3599983751773834
vn -0.008199874311685562 0.7287887930870056 0.684689462184906
vn -0.2761981189250946 0.7593948245048523 0.5890960097312927
vn -0.2761981189250946 0.7593948245048523 0.5890960097312927
vn -0.2761981189250946 0.7593948245048523 0.5890960097312927
vn -0.05960080772638321 -0.1403018981218338 0.9883133769035339
vn -0.05960080772638321 -0.1403018981218338 0.9883133769035339
vn -0.03219979256391525 0.3726975917816162 0.9273940324783325
vn -0.03219979256391525 0.3726975917816162 0.9273940324783325
vn 0.2214917242527008 0.8735674023628235 0.4333838224411011
vn 0.2214917242527008 0.8735674023628235 0.4333838224411011
vn 0 -1 0
vn 0.9946983456611633 -0.09989983588457108 0.024399958550930023
vn 0 -1 0
vn 0.9781782031059265 -0.2076953798532486 -0.005499877035617828
vn 0 -1 0
vn 0.9964618682861328 -0.08349680155515671 -0.009599633514881134
vn 0 -1 0
vn 0.9717247486114502 -0.22930584847927094 -0.056301433593034744
vn 0.9717247486114502 -0.22930584847927094 -0.056301433593034744
vn 0 -1 0
vn 0.9734959602355957 -0.21629908680915833 -0.07429968565702438
vn 0 -1 0
vn 0.9582763314247131 -0.28359299898147583 -0.035799115896224976
vn 0.9582763314247131 -0.28359299898147583 -0.035799115896224976
vn 0 -1 0
vn 0.9951735138893127 -0.0953974649310112 -0.022999389097094536
vn 0 -1 0
vn 0.9533995389938354 -0.30099985003471375 -0.020699990913271904
vn 0 -1 0
vn 0.9581601023674011 -0.28468814492225647 -0.02969876490533352
vn 0 -1 0
vn 0.952197253704071 -0.3053991496562958 -0.0071999793872237206
vn 0 -1 0
vn 0.9651486277580261 -0.26141318678855896 -0.012300618924200535
vn 0.9651486277580261 -0.26141318678855896 -0.012300618924200535
vn 0 -1 0
vn 0.9742794632911682 -0.22349528968334198 0.0287993922829628
vn 0 -1 0
vn 0.9839829206466675 -0.17759691178798676 0.015399731695652008
vn 0.9839829206466675 -0.17759691178798676 0.015399731695652008
vn 0 -1 0
vn 0.9766020178794861 -0.212600439786911 0.032400067895650864
vn 0 -1 0
vn 0.9845800399780273 -0.1739964634180069 -0.01809963397681713
vn 0 -1 0
vn 0.9798683524131775 -0.19669364392757416 -0.03419889882206917
vn 0 -1 0
vn 0.981931746006012 -0.18910612165927887 -0.007000226993113756
vn 0.981931746006012 -0.18910612165927887 -0.007000226993113756
vn 0 -1 0
vn 0.9866753220558167 -0.1609959751367569 0.02349941059947014
vn 0 -1 0
vn 0.9865558743476868 -0.16319270431995392 0.008699610829353333
vn 0.9865558743476868 -0.16319270431995392 0.008699610829353333
vn 0 -1 0
vn 0.9757447838783264 -0.2177100032567978 -0.022901050746440887
vn 0 -1 0
vn 0.9688182473182678 -0.2461046278476715 0.028700539842247963
vn 0 -1 0
vn 0.9621319770812988 -0.2687089145183563 0.045801520347595215
vn 0.9621319770812988 -0.2687089145183563 0.045801520347595215
vn 0 -1 0
vn 0.9847704172134399 -0.16529501974582672 -0.05389838293194771
vn 0.9847704172134399 -0.16529501974582672 -0.05389838293194771
vn 0 -1 0
vn 0.9777969717979431 -0.20519936084747314 -0.04249987006187439
vn 0.9777969717979431 -0.20519936084747314 -0.04249987006187439
vn 0 -1 0
vn 0.986338198184967 -0.16210627555847168 -0.02930113486945629
vn 0 -1 0
vn 0.9634373188018799 -0.2669103443622589 -0.02340090461075306
vn 0.9634373188018799 -0.2669103443622589 -0.02340090461075306
vn 0 -1 0
vn 0.9994730353355408 0.012399666011333466 -0.02999919094145298
vn 0 -1 0
vn 0.9992749691009521 0.025799354538321495 -0.02799930050969124
vn 0.9992749691009521 0.025799354538321495 -0.02799930050969124
vn 0 -1 0
vn 0.9991744756698608 0.040498968213796616 -0.003199918195605278
vn 0 -1 0
vn 0.9948728084564209 -0.06449823826551437 -0.07789787650108337
vn 0 -1 0
vn 0.997019350528717 -0.038600750267505646 -0.0668012946844101
vn 0 -1 0
vn 0.9954149723052979 -0.08250124007463455 -0.04840072616934776
vn 0 -1 0
vn -0.04730196297168732 0.3372139632701874 -0.9402389526367188
vn -0.04730196297168732 0.3372139632701874 -0.9402389526367188
vn 0 -1 0
vn 0.214400976896286 0.38770177960395813 -0.8965041041374207
vn 0.214400976896286 0.38770177960395813 -0.8965041041374207
vn 0 -1 0
vn 0.19761022925376892 0.3241167664527893 -0.9251478910446167
vn 0 -1 0
vn -0.02379911206662655 0.3940853178501129 -0.9187657237052917
vn 0 -1 0
vn -0.09649701416492462 0.22239309549331665 -0.9701699614524841
vn -0.09649701416492462 0.22239309549331665 -0.9701699614524841
vn 0 -1 0
vn -0.042800888419151306 0.43040895462036133 -0.9016187191009521
vn -0.042800888419151306 0.43040895462036133 -0.9016187191009521
vn 0 -1 0
vn -0.1428997665643692 0.4705992341041565 -0.8706985712051392
vn 0 -1 0
vn 0.09170439094305038 0.31381502747535706 -0.9450452327728271
vn 0 -1 0
vn 0.14280301332473755 0.24860525131225586 -0.9580202102661133
vn 0 -1 0
vn 0.3049059808254242 0.11740230023860931 -0.9451185464859009
vn 0.3049059808254242 0.11740230023860931 -0.9451185464859009
vn 0 -1 0
vn -0.09630432724952698 0.10070452094078064 -0.9902445077896118
vn 0 -1 0
vn -0.12149588763713837 0.16449442505836487 -0.9788668751716614
vn -0.12149588763713837 0.16449442505836487 -0.9788668751716614
vn 0 -1 0
vn -0.09079782664775848 0.06899834424257278 -0.9934762120246887
vn -0.09079782664775848 0.06899834424257278 -0.9934762120246887
vn 0 -1 0
vn -0.016500556841492653 0.03820129111409187 -0.999133825302124
vn -0.016500556841492653 0.03820129111409187 -0.999133825302124
vn 0 -1 0
vn 0.16519463062286377 -0.11889614909887314 -0.9790682196617126
vn 0.16519463062286377 -0.11889614909887314 -0.9790682196617126
vn 0 -1 0
vn 0.8883275985717773 -0.2192068099975586 -0.40351250767707825
vn 0.8883275985717773 -0.2192068099975586 -0.40351250767707825
vn 0 -1 0
vn 0.22869808971881866 0.1609986573457718 -0.9600920081138611
vn 0 -1 0
vn 0.9971285462379456 -0.060001716017723083 -0.046201322227716446
vn 0 -1 0
vn 0.9812716841697693 -0.08029768615961075 -0.17509494721889496
vn 0.9812716841697693 -0.08029768615961075 -0.17509494721889496
vn 0 -1 0
vn -0.10140218585729599 -0.2790060043334961 0.9549205899238586
vn 0 -1 0
vn 0.04119862988591194 -0.16479451954364777 0.9854671955108643
vn 0 -1 0
vn 0.04559828341007233 -0.09979623556137085 0.9939625859260559
vn 0 -1 0
vn 0.028500180691480637 -0.09140057861804962 0.9954063296318054
vn 0 -1 0
vn -0.0017000880325213075 -0.07800403982400894 0.9969515800476074
vn 0 -1 0
vn -0.2864983379840851 -0.4340974688529968 0.8540949821472168
vn 0 -1 0
vn 0.0727970153093338 -0.11269538104534149 0.9909593462944031
vn 0.0727970153093338 -0.11269538104534149 0.9909593462944031
vn 0 -1 0
vn 0.02059982344508171 -0.43209630250930786 0.9015922546386719
vn 0 -1 0
vn 0.03640153259038925 -0.3948166072368622 0.918038547039032
vn 0.03640153259038925 -0.3948166072368622 0.918038547039032
vn 0 -1 0
vn 0.019500330090522766 -0.0835014134645462 0.9963168501853943
vn 0 -1 0
vn 0.02679968997836113 -0.08179905265569687 0.9962884783744812
vn 0.02679968997836113 -0.08179905265569687 0.9962884783744812
vn 0 -1 0
vn 0.03200113773345947 -0.08300294727087021 0.9960353970527649
vn 0 -1 0
vn -0.920266330242157 -0.32208821177482605 0.22219187021255493
vn -0.920266330242157 -0.32208821177482605 0.22219187021255493
vn 0 -1 0
vn -0.005599955562502146 -0.07599940150976181 0.9970921277999878
vn 0 -1 0
vn -0.00399994058534503 -0.06639900803565979 0.9977851510047913
vn -0.00399994058534503 -0.06639900803565979 0.9977851510047913
vn 0 -1 0
vn 0.012199833989143372 -0.06979905068874359 0.9974864721298218
vn 0 -1 0
vn 0.00170001364313066 -0.39330312609672546 0.919407308101654
vn 0.00170001364313066 -0.39330312609672546 0.919407308101654
vn 0 -1 0
vn 0.02279931865632534 -0.33379000425338745 0.9423717856407166
vn 0 -1 0
vn 0.04759928211569786 -0.3969939947128296 0.9165861010551453
vn 0.04759928211569786 -0.3969939947128296 0.9165861010551453
vn 0 -1 0
vn 0.980523407459259 -0.19290460646152496 -0.03690088167786598
vn 0 -1 0
vn 0.9821144938468933 -0.18800276517868042 -0.010300152003765106
vn 0.9821144938468933 -0.18800276517868042 -0.010300152003765106
vn 0 -1 0
vn 0.039500683546066284 -0.3664063513278961 0.9296160936355591
vn 0 -1 0
vn 0.045400768518447876 -0.3794064223766327 0.9241155982017517
vn 0.045400768518447876 -0.3794064223766327 0.9241155982017517
vn 0 -1 0
vn 0.05700104311108589 -0.36890676617622375 0.9277169704437256
vn 0 -1 0
vn 0.9822115302085876 -0.18320214748382568 0.041200485080480576
vn 0 -1 0
vn 0.9820026755332947 -0.17840048670768738 0.06200017035007477
vn 0 -1 0
vn 0.9627748727798462 -0.08939766883850098 0.25509336590766907
vn 0 -1 0
vn 0.2175934910774231 -0.38248854875564575 0.8979731202125549
vn 0.2175934910774231 -0.38248854875564575 0.8979731202125549
vn 0 -1 0
vn 0.8340815305709839 -0.1918957382440567 0.517188549041748
vn 0.8340815305709839 -0.1918957382440567 0.517188549041748
vn 0 -1 0
vn -0.9999723434448242 0.0013999613001942635 -0.00729979807510972
vn 0 -1 0
vn -0.9998087286949158 0.0015000130515545607 -0.019500169903039932
vn -0.9998087286949158 0.0015000130515545607 -0.019500169903039932
vn 0 -1 0
vn -0.9995496273040771 0.013500670902431011 -0.026801329106092453
vn -0.9995496273040771 0.013500670902431011 -0.026801329106092453
vn 0 -1 0
vn -0.9993481636047363 -0.028701383620500565 0.021901056170463562
vn 0 -1 0
vn -0.9798140525817871 -0.16100230813026428 0.1185017004609108
vn -0.9798140525817871 -0.16100230813026428 0.1185017004609108
vn 0 -1 0
vn -0.9972344636917114 -0.06920239329338074 0.0271009374409914
vn 0 -1 0
vn -0.9986002445220947 -0.0406000129878521 0.03390000760555267
vn 0 -1 0
vn -0.9999575614929199 0.008299647830426693 -0.003999830223619938
vn -0.9999575614929199 0.008299647830426693 -0.003999830223619938
vn 0 -1 0
vn -0.990948498249054 -0.1278933584690094 -0.0407978817820549
vn -0.990948498249054 -0.1278933584690094 -0.0407978817820549
vn 0 -1 0
vn -0.994256854057312 -0.10049564391374588 -0.03679840266704559
vn -0.994256854057312 -0.10049564391374588 -0.03679840266704559
vn 0 -1 0
vn -0.995484471321106 -0.06079905107617378 -0.07289885729551315
vn 0 -1 0
vn -0.9485876560211182 -0.31459590792655945 0.03479954972863197
vn -0.9485876560211182 -0.31459590792655945 0.03479954972863197
vn 0 -1 0
vn -0.8737879991531372 -0.4664936065673828 0.1373981237411499
vn -0.8737879991531372 -0.4664936065673828 0.1373981237411499
vn 0 -1 0
vn -0.969559907913208 -0.2231907695531845 -0.10069583356380463
vn -0.969559907913208 -0.2231907695531845 -0.10069583356380463
vn 0 -1 0
vn -0.9023361206054688 -0.4310172498226166 0.0037001483142375946
vn -0.9023361206054688 -0.4310172498226166 0.0037001483142375946
vn 0 -1 0
vn -0.9929807782173157 -0.11809772253036499 0.006499874871224165
vn -0.9929807782173157 -0.11809772253036499 0.006499874871224165
vn 0 -1 0
vn -0.9909871220588684 -0.13169828057289124 -0.02449968084692955
vn -0.9909871220588684 -0.13169828057289124 -0.02449968084692955
vn 0 -1 0
vn -0.9873872995376587 -0.1578979790210724 -0.011599850840866566
vn -0.9873872995376587 -0.1578979790210724 -0.011599850840866566
vn 0 -1 0
vn -0.9710595607757568 -0.2379901111125946 -0.020099163055419922
vn 0 -1 0
vn -0.9829128980636597 -0.1774023175239563 -0.04910064488649368
vn -0.9829128980636597 -0.1774023175239563 -0.04910064488649368
vn 0 -1 0
vn -0.982851505279541 -0.18279097974300385 0.02429880015552044
vn 0 -1 0
vn -0.9859423041343689 -0.16650715470314026 0.013900596648454666
vn -0.9859423041343689 -0.16650715470314026 0.013900596648454666
vn 0 -1 0
vn -0.9902949333190918 -0.1379992961883545 -0.016499916091561317
vn -0.9902949333190918 -0.1379992961883545 -0.016499916091561317
vn 0 -1 0
vn -0.9875006079673767 -0.14200009405612946 -0.06840004026889801
vn 0 -1 0
vn -0.9860067963600159 -0.16000109910964966 -0.04680032283067703
vn -0.9860067963600159 -0.16000109910964966 -0.04680032283067703
vn 0 -1 0
vn -0.9844635128974915 -0.17309358716011047 -0.029498906806111336
vn 0 -1 0
vn -0.9871273040771484 -0.15680433809757233 -0.03150087222456932
vn 0 -1 0
vn -0.8257794976234436 -0.06279844045639038 -0.5604861378669739
vn -0.8257794976234436 -0.06279844045639038 -0.5604861378669739
vn 0 -1 0
vn -0.41801029443740845 -0.26470649242401123 -0.8690213561058044
vn 0 -1 0
vn -0.9755821228027344 0.023299571126699448 -0.21839599311351776
vn -0.9755821228027344 0.023299571126699448 -0.21839599311351776
vn 0 -1 0
vn -0.9861583709716797 -0.13389435410499573 -0.09779587388038635
vn 0 -1 0
vn -0.593619167804718 -0.11120358854532242 -0.797025740146637
vn -0.593619167804718 -0.11120358854532242 -0.797025740146637
vn 0 -1 0
vn -0.2141919881105423 0.4429834187030792 -0.8705673813819885
vn 0 -1 0
vn -0.3650023937225342 0.3934025764465332 -0.8438054919242859
vn 0 -1 0
vn -0.5344741940498352 0.3051852881908417 -0.7881619930267334
vn -0.5344741940498352 0.3051852881908417 -0.7881619930267334
vn 0 -1 0
vn -0.9821951985359192 -0.16039921343326569 -0.09779952466487885
vn -0.9821951985359192 -0.16039921343326569 -0.09779952466487885
vn 0 -1 0
vn -0.9908225536346436 -0.1345030665397644 -0.013400305062532425
vn -0.9908225536346436 -0.1345030665397644 -0.013400305062532425
vn 0 -1 0
vn -0.9923194050788879 -0.12370242923498154 -0.0002000039239646867
vn -0.9923194050788879 -0.12370242923498154 -0.0002000039239646867
vn 0 -1 0
vn -0.9963567852973938 -0.06759706139564514 -0.05199774354696274
vn 0 -1 0
vn -0.9999306797981262 0.01100033801048994 0.004200128838419914
vn -0.17319780588150024 0.9704877138137817 -0.16779787838459015
vn -0.18649999797344208 0.9724000096321106 -0.14020000398159027
vn -0.8628765940666199 0.42888835072517395 -0.26739272475242615
vt 0.2188967764377594 -0.24564117193222046
vt 0.9859346151351929 -0.9578691124916077
vt 0.2188967764377594 -0.24564117193222046
vt 0.23278526961803436 -0.26143044233322144
vt 0.9859346151351929 -0.97791588306427
vt 0.23278526961803436 -0.26143044233322144
vt 0.21937914192676544 -0.25806570053100586
vt 0.97791588306427 -0.967298150062561
vt 0.22265923023223877 -0.2620469927787781
vt 0.2665170431137085 -0.1691771149635315
vt 0.23614542186260223 -0.24836373329162598
vt 0.20969383418560028 -0.24899429082870483
vt 0.2353992611169815 -0.27761220932006836
vt 0.2456444352865219 -0.2652941942214966
vt 0.23308661580085754 -0.2310502529144287
vt 0.5331499576568604 -0.8147535920143127
vt 0.20524263381958008 -0.23744022846221924
vt 0.21373997628688812 -0.2576955556869507
vt 0.2237241268157959 -0.27878057956695557
vt 0.2703891396522522 -0.15394526720046997
vt 0.25452443957328796 -0.25243014097213745
vt 0.24787864089012146 -0.2368561029434204
vt 0.5441755652427673 -0.8264263272285461
vt 0.21877984702587128 -0.22466421127319336
vt 0.5227583050727844 -0.8027327656745911
vt 0.19460366666316986 -0.24285000562667847
vt 0.22188477218151093 -0.2697184085845947
vt 0.2806311845779419 -0.16411441564559937
vt 0.19890497624874115 -0.24988186359405518
vt 0.22689098119735718 -0.29142141342163086
vt 0.2619735598564148 -0.140264093875885
vt 0.25156503915786743 -0.2803575396537781
vt 0.26045364141464233 -0.267258882522583
vt 0.5316797494888306 -0.8288193345069885
vt 0.5219765901565552 -0.8172369003295898
vt 0.20198509097099304 -0.22143512964248657
vt 0.5082029104232788 -0.7942871451377869
vt 0.6549443602561951 -0.4383814334869385
vt 0.18990930914878845 -0.2324773073196411
vt 0.2188299000263214 -0.2665121555328369
vt 0.29229259490966797 -0.16950267553329468
vt 0.20298555493354797 -0.2537190914154053
vt 0.28712478280067444 -0.18600821495056152
vt 0.28301066160202026 -0.1518077850341797
vt 0.27178463339805603 -0.14250528812408447
vt 0.24301797151565552 -0.2937753200531006
vt 0.2700836658477783 -0.2542402148246765
vt 0.2634592652320862 -0.23916685581207275
vt 0.556649923324585 -0.8360326886177063
vt 0.5426888465881348 -0.8399942517280579
vt 0.5112802982330322 -0.8065877556800842
vt 0.17875036597251892 -0.23995226621627808
vt 0.3503345847129822 -0.6103861927986145
vt 0.1832120418548584 -0.247003436088562
vt 0.35298535227775574 -0.5996270179748535
vt 0.18730174005031586 -0.24775105714797974
vt 0.2790040969848633 -0.19584763050079346
vt 0.3527699112892151 -0.5846202373504639
vt 0.06145329773426056 -0.1553044319152832
vt 0.21743576228618622 -0.30452829599380493
vt 0.25943833589553833 -0.13117122650146484
vt 0.7751911878585815 -0.17844927310943604
vt 0.2355952262878418 -0.3073006868362427
vt 0.0982094258069992 -0.17821431159973145
vt 0.2584802210330963 -0.2952764630317688
vt 0.11433206498622894 -0.1747957468032837
vt 0.2666575312614441 -0.28143733739852905
vt 0.13059164583683014 -0.17167627811431885
vt 0.27582836151123047 -0.2689427137374878
vt 0.5175100564956665 -0.832339346408844
vt 0.526881754398346 -0.8439192771911621
vt 0.5079530477523804 -0.8214844465255737
vt 0.6339707970619202 -0.4246240258216858
vt 0.9169735908508301 -0.3644835948944092
vt 0.18588563799858093 -0.21890830993652344
vt 0.6610726118087769 -0.4485815763473511
vt 0.49761906266212463 -0.7992680668830872
vt 0.6473428010940552 -0.4441157579421997
vt 0.17523962259292603 -0.2266155481338501
vt 0.6716314554214478 -0.44855862855911255
vt 0.3027030825614929 -0.17798501253128052
vt 0.2967066466808319 -0.1491016149520874
vt 0.2937435507774353 -0.20170354843139648
vt 0.34844619035720825 -0.5689610838890076
vt 0.37655219435691833 -0.5425882935523987
vt 0.2858257293701172 -0.13894051313400269
vt 0.2748821973800659 -0.12933343648910522
vt 0.7734385132789612 -0.1960432529449463
vt 0.0825725719332695 -0.18220335245132446
vt 0.25116637349128723 -0.30941224098205566
vt 0.2791084349155426 -0.24105244874954224
vt 0.14755110442638397 -0.1692267656326294
vt 0.2855692505836487 -0.2557588815689087
vt 0.2618439793586731 -0.577955424785614
vt 0.2707236409187317 -0.2273837924003601
vt 0.5601404905319214 -0.8413993716239929
vt 0.7174738049507141 -0.9065492749214172
vt 0.5370252728462219 -0.8557162284851074
vt 0.4977740943431854 -0.8113949298858643
vt 0.6358970403671265 -0.43882155418395996
vt 0.1634279489517212 -0.23456257581710815
vt 0.16701151430606842 -0.249661386013031
vt 0.36628711223602295 -0.6071804165840149
vt 0.36630308628082275 -0.5920262336730957
vt 0.30162668228149414 -0.19246476888656616
vt 0.36061525344848633 -0.5467142462730408
vt 0.30672842264175415 -0.16127079725265503
vt 0.36364179849624634 -0.5771910548210144
vt 0.39204391837120056 -0.5498330593109131
vt 0.05735829100012779 -0.1741706132888794
vt 0.22831909358501434 -0.3208078145980835
vt 0.7881450057029724 -0.19238883256912231
vt 0.06645126640796661 -0.18611514568328857
vt 0.24333840608596802 -0.32358813285827637
vt 0.09375960379838943 -0.1946951150894165
vt 0.10878860950469971 -0.1895616054534912
vt 0.12476985156536102 -0.18629586696624756
vt 0.14089426398277283 -0.18461227416992188
vt 0.5525947213172913 -0.8521970510482788
vt 0.7295571565628052 -0.9066789746284485
vt 0.5039124488830566 -0.8350653648376465
vt 0.9147241115570068 -0.3759162425994873
vt 0.5122169852256775 -0.8468510508537292
vt 0.5212934613227844 -0.858638346195221
vt 0.6194986701011658 -0.43473589420318604
vt 0.8990347981452942 -0.37514352798461914
vt 0.6519515514373779 -0.4574599862098694
vt 0.13514815270900726 -0.8540603518486023
vt 0.1695856899023056 -0.21212786436080933
vt 0.6646237373352051 -0.4626549482345581
vt 0.6392746567726135 -0.45270663499832153
vt 0.14663609862327576 -0.8473618626594543
vt 0.1619904339313507 -0.22072190046310425
vt 0.31462976336479187 -0.1847098469734192
vt 0.6299894452095032 -0.2971264123916626
vt 0.3173461854457855 -0.1701655387878418
vt 0.3004865348339081 -0.13464099168777466
vt 0.3109612464904785 -0.14557838439941406
vt 0.366625040769577 -0.5324276685714722
vt 0.3932298421859741 -0.5385626554489136
vt 0.2903696298599243 -0.1239396333694458
vt 0.04835077002644539 -0.16439849138259888
vt 0.785002589225769 -0.20586830377578735
vt 0.8428742289543152 -0.8762174248695374
vt 0.043127261102199554 -0.1496419906616211
vt 0.7948464155197144 -0.17844927310943604
vt 0.077009417116642 -0.19972991943359375
vt 0.29451891779899597 -0.24183237552642822
vt 0.2746739387512207 -0.5697628855705261
vt 0.28698840737342834 -0.22731852531433105
vt 0.15858031809329987 -0.1805199384689331
vt 0.30151262879371643 -0.2569126486778259
vt 0.2746739387512207 -0.5858003497123718
vt 0.2772946357727051 -0.213049054145813
vt 0.7196154594421387 -0.9211629629135132
vt 0.723723292350769 -0.9955570697784424
vt 0.5461166501045227 -0.8673160076141357
vt 0.7450054883956909 -0.9069141745567322
vt 0.5316832065582275 -0.8707892894744873
vt 0.6243634819984436 -0.44968652725219727
vt 0.1512647122144699 -0.24413591623306274
vt 0.14784283936023712 -0.2279539704322815
vt 0.16092875599861145 -0.844805121421814
vt 0.37938031554222107 -0.6006816029548645
vt 0.3797186613082886 -0.5834186673164368
vt 0.4040624797344208 -0.5617129802703857
vt 0.3113110661506653 -0.19985640048980713
vt 0.3516083061695099 -0.535711407661438
vt 0.4911794364452362 -0.8619982600212097
vt 0.3207662105560303 -0.15507972240447998
vt 0.38167238235473633 -0.5286621451377869
vt 0.40462055802345276 -0.5493116974830627
vt 0.28037121891975403 -0.11136966943740845
vt 0.7737830281257629 -0.20651477575302124
vt 0.8338324427604675 -0.8880369067192078
vt 0.04329821467399597 -0.18293488025665283
vt 0.5562385320663452 -0.800153911113739
vt 0.048860061913728714 -0.18953412771224976
vt 0.5559505224227905 -0.8082988858222961
vt 0.528598964214325 -0.7729344964027405
vt 0.796550989151001 -0.20420408248901367
vt 0.852823793888092 -0.8658634424209595
vt 0.5414904952049255 -0.7675482630729675
vt 0.8029735684394836 -0.19198006391525269
vt 0.058020759373903275 -0.2042134404182434
vt 0.08538208156824112 -0.20700770616531372
vt 0.1018863245844841 -0.2023215889930725
vt 0.1186358705163002 -0.19815069437026978
vt 0.13542349636554718 -0.19656896591186523
vt 0.15198920667171478 -0.19553446769714355
vt 0.7376348376274109 -0.919889509677887
vt 0.35028162598609924 -0.5123782157897949
vt 0.4980820417404175 -0.8486210107803345
vt 0.9169735908508301 -0.38806796073913574
vt 0.9050091505050659 -0.388552188873291
vt 0.33969855308532715 -0.5235030055046082
vt 0.5043721795082092 -0.8607272505760193
vt 0.5153763294219971 -0.8730965852737427
vt 0.6090871095657349 -0.44936978816986084
vt 0.6441589593887329 -0.4672524929046631
vt 0.973996102809906 -0.6353856325149536
vt 0.6546651721000671 -0.47170305252075195
vt 0.9599325060844421 -0.6274977326393127
vt 0.1509920358657837 -0.8594017624855042
vt 0.6305056214332581 -0.46224677562713623
vt 0.9839357137680054 -0.6468930244445801
vt 0.15370570123195648 -0.25939881801605225
vt 0.38183996081352234 -0.6136394143104553
vt 0.3226725161075592 -0.19263941049575806
vt 0.5004262328147888 -0.8756375908851624
vt 0.625119149684906 -0.2814178466796875
vt 0.3278731405735016 -0.177160382270813
vt 0.6410874128341675 -0.28998810052871704
vt 0.3307017982006073 -0.16290998458862305
vt 0.3153891861438751 -0.13118958473205566
vt 0.30509498715400696 -0.11988949775695801
vt 0.32696735858917236 -0.1424444317817688
vt 0.3702419400215149 -0.5174519419670105
vt 0.3565743565559387 -0.5220515131950378
vt 0.4074896574020386 -0.5354194045066833
vt 0.39651408791542053 -0.5244370102882385
vt 0.2959538698196411 -0.10940796136856079
vt 0.03773635998368263 -0.17633575201034546
vt 0.5565264225006104 -0.7920089364051819
vt 0.03351704776287079 -0.16203320026397705
vt 0.5554542541503906 -0.7767595052719116
vt 0.8298144340515137 -0.8741061091423035
vt 0.8403956294059753 -0.8634931445121765
vt 0.02930101379752159 -0.1479780077934265
vt 0.554297149181366 -0.761828601360321
vt 0.8087208271026611 -0.17917180061340332
vt 0.06814485788345337 -0.21211576461791992
vt 0.17637966573238373 -0.17669636011123657
vt 0.31075814366340637 -0.24205231666564941
vt 0.18149128556251526 -0.16207069158554077
vt 0.30322757363319397 -0.2273961901664734
vt 0.2946831285953522 -0.21311771869659424
vt 0.7365647554397583 -0.9863609075546265
vt 0.1694849729537964 -0.19138777256011963
vt 0.7315140962600708 -0.9339502453804016
vt 0.8871491551399231 -0.38275665044784546
vt 0.5488954782485962 -0.8765027523040771
vt 0.7524905204772949 -0.9197470545768738
vt 0.5407478213310242 -0.8825733661651611
vt 0.7601497173309326 -0.9065492749214172
vt 0.526578962802887 -0.8860107660293579
vt 0.5974034070968628 -0.4362480640411377
vt 0.8757779598236084 -0.37421369552612305
vt 0.6147893667221069 -0.4608837962150574
vt 0.13845178484916687 -0.8699972629547119
vt 0.6698349118232727 -0.4782661199569702
vt 0.13655725121498108 -0.24006974697113037
vt 0.177046999335289 -0.8448051810264587
vt 0.1394195556640625 -0.2551279067993164
vt 0.16543349623680115 -0.8617795705795288
vt 0.3921930491924286 -0.612235426902771
vt 0.5172693729400635 -0.7201418280601501
vt 0.3912806212902069 -0.5951383113861084
vt 0.5023742318153381 -0.7251996397972107
vt 0.38995006680488586 -0.5710436105728149
vt 0.41463276743888855 -0.560603678226471
vt 0.3349704146385193 -0.14899218082427979
vt 0.38528600335121155 -0.5132644176483154
vt 0.41746988892555237 -0.5462167859077454
vt 0.28532928228378296 -0.10149717330932617
vt 0.8266832232475281 -0.8966339826583862
vt 0.5664042234420776 -0.8005703687667847
vt 0.040741536766290665 -0.20402973890304565
vt 0.5627800226211548 -0.8179947137832642
vt 0.8190203905105591 -0.8850737810134888
vt 0.5294351577758789 -0.7600087523460388
vt 0.5179266333580017 -0.7688115239143372
vt 0.8512795567512512 -0.8526194095611572
vt 0.5420181751251221 -0.7533204555511475
vt 0.04724687710404396 -0.21760618686676025
vt 0.5765098333358765 -0.8247582912445068
vt 0.7162482738494873 -0.937031090259552
vt 0.7221186757087708 -0.9795843362808228
vt 0.08703579753637314 -0.6269243359565735
vt 0.5593100190162659 -0.8722836971282959
vt 0.745611846446991 -0.9327595829963684
vt 0.36122792959213257 -0.5064763426780701
vt 0.9146332144737244 -0.4018899202346802
vt 0.8884652853012085 -0.3965979814529419
vt 0.510715901851654 -0.8874912858009338
vt 0.594119131565094 -0.45007550716400146
vt 0.5994167923927307 -0.4616164565086365
vt 0.9714849591255188 -0.6499431729316711
vt 0.9582324028015137 -0.6402583718299866
vt 0.6573485732078552 -0.4865434169769287
vt 0.948002815246582 -0.6289796233177185
vt 0.15429823100566864 -0.8744229674339294
vt 0.6207855939865112 -0.47190821170806885
vt 0.9843308329582214 -0.6582760214805603
vt 0.1402275413274765 -0.2699472904205322
vt 0.3980007469654083 -0.6202808618545532
vt 0.5193752646446228 -0.7058554291725159
vt 0.39600130915641785 -0.5812934041023254
vt 0.4140731394290924 -0.5734853148460388
vt 0.48821303248405457 -0.7259333729743958
vt 0.501724362373352 -0.8925822973251343
vt 0.6403492093086243 -0.2755485773086548
vt 0.3415206968784332 -0.17026561498641968
vt 0.6537594795227051 -0.2836875915527344
vt 0.3429734706878662 -0.15553998947143555
vt 0.6652714610099792 -0.2931843400001526
vt 0.3201594054698944 -0.11685752868652344
vt 0.33120104670524597 -0.12851762771606445
vt 0.3117620050907135 -0.10480785369873047
vt 0.34360870718955994 -0.13973712921142578
vt 0.37478047609329224 -0.5019376277923584
vt 0.9144628047943115 -0.4144909977912903
vt 0.41119855642318726 -0.5205422043800354
vt 0.4220357835292816 -0.5312890410423279
vt 0.40010014176368713 -0.5090569853782654
vt 0.30292415618896484 -0.09665828943252563
vt 0.8085020184516907 -0.8969268202781677
vt 0.5675144791603088 -0.784354031085968
vt 0.5671818852424622 -0.7689507007598877
vt 0.8138031959533691 -0.870285153388977
vt 0.8241516947746277 -0.8600838780403137
vt 0.5045773983001709 -0.777633011341095
vt 0.8349364995956421 -0.8484653830528259
vt 0.553877592086792 -0.7459840774536133
vt 0.19407542049884796 -0.1738627552986145
vt 0.18629711866378784 -0.18778979778289795
vt 0.19814780354499817 -0.1570003628730774
vt 0.31063491106033325 -0.21212786436080933
vt 0.7485804557800293 -0.977061927318573
vt 0.7338622808456421 -0.9720510244369507
vt 0.07454117387533188 -0.6339126825332642
vt 0.14198856055736542 -0.4153470993041992
vt 0.7417595982551575 -0.9459937810897827
vt 0.14632709324359894 -0.6128706336021423
vt 0.15250200033187866 -0.4246240258216858
vt 0.7291504740715027 -0.950630784034729
vt 0.36677277088165283 -0.49136650562286377
vt 0.9015432000160217 -0.4048561453819275
vt 0.874155580997467 -0.39139485359191895
vt 0.08598875254392624 -0.6122467517852783
vt 0.5600906014442444 -0.8874832987785339
vt 0.5480366349220276 -0.89217609167099
vt 0.7663653492927551 -0.9192551970481873
vt 0.5346483588218689 -0.8961740732192993
vt 0.7742403745651245 -0.909102737903595
vt 0.5205159187316895 -0.8998619318008423
vt 0.19498200714588165 -0.3871431350708008
vt 0.5853954553604126 -0.43699896335601807
vt 0.6063253283500671 -0.4741302728652954
vt 0.9843308329582214 -0.6731837391853333
vt 0.13907809555530548 -0.8855009078979492
vt 0.672684907913208 -0.4920821189880371
vt 0.12705639004707336 -0.25241029262542725
vt 0.19221016764640808 -0.8454340696334839
vt 0.17884515225887299 -0.8525102734565735
vt 0.12312006950378418 -0.26669102907180786
vt 0.20528706908226013 -0.8490566611289978
vt 0.5143511295318604 -0.6916105151176453
vt 0.1707935333251953 -0.8783301711082458
vt 0.5114686489105225 -0.7324557900428772
vt 0.5276253819465637 -0.7127383351325989
vt 0.4093749225139618 -0.5876432061195374
vt 0.4965755045413971 -0.734528124332428
vt 0.4261414110660553 -0.5591046214103699
vt 0.40457722544670105 -0.5689610838890076
vt 0.422472208738327 -0.5724475383758545
vt 0.38901346921920776 -0.4976917505264282
vt 0.4302365481853485 -0.543594479560852
vt 0.5787357091903687 -0.8079833984375
vt 0.5666648149490356 -0.7537364959716797
vt 0.8022947907447815 -0.8823472857475281
vt 0.5178276896476746 -0.7538578510284424
vt 0.531308114528656 -0.7466455101966858
vt 0.4998794496059418 -0.7597845196723938
vt 0.8441535830497742 -0.8341701626777649
vt 0.5416632890701294 -0.7377625703811646
vt 0.14480385184288025 -0.5993223190307617
vt 0.7157036066055298 -0.9530578851699829
vt 0.722527265548706 -0.9634822010993958
vt 0.07180024683475494 -0.6196389198303223
vt 0.12643173336982727 -0.4143736958503723
vt 0.37040480971336365 -0.475443959236145
vt 0.887040913105011 -0.4112703800201416
vt 0.36076560616493225 -0.46486854553222656
vt 0.8735930323600769 -0.40504372119903564
vt 0.17873555421829224 -0.3682459592819214
vt 0.8637523055076599 -0.38733935356140137
vt 0.5083845257759094 -0.9031017422676086
vt 0.6405284404754639 -0.2617380619049072
vt 0.21021348237991333 -0.38474011421203613
vt 0.5803135633468628 -0.45081984996795654
vt 0.1804244965314865 -0.3815486431121826
vt 0.5823450684547424 -0.4246240258216858
vt 0.8636348843574524 -0.373019814491272
vt 0.5849194526672363 -0.46321189403533936
vt 0.5917395949363708 -0.4761018753051758
vt 0.9831123948097229 -0.6883379817008972
vt 0.9705055356025696 -0.6650813221931458
vt 0.9567006230354309 -0.6552411913871765
vt 0.6447395086288452 -0.4895244836807251
vt 0.9418938755989075 -0.6429815888404846
vt 0.658837080001831 -0.5000721216201782
vt 0.1620149165391922 -0.8894538283348083
vt 0.6945875287055969 -0.49745047092437744
vt 0.18259932100772858 -0.8674129843711853
vt 0.5290719866752625 -0.6966902613639832
vt 0.5256112813949585 -0.7270680069923401
vt 0.4174650013446808 -0.5860254764556885
vt 0.4823013246059418 -0.7313115000724792
vt 0.3525947034358978 -0.17667227983474731
vt 0.6544491648674011 -0.2690623998641968
vt 0.3544600307941437 -0.1625535488128662
vt 0.6657779812812805 -0.2777996063232422
vt 0.3568243682384491 -0.14965790510177612
vt 0.6777575016021729 -0.2863732576370239
vt 0.3357562720775604 -0.11388164758682251
vt 0.3273392617702484 -0.10112839937210083
vt 0.7834051847457886 -0.8937563300132751
vt 0.3470301330089569 -0.12546539306640625
vt 0.3790707588195801 -0.4863640069961548
vt 0.9005156755447388 -0.4190109372138977
vt 0.42599838972091675 -0.5166217088699341
vt 0.41474252939224243 -0.5050349235534668
vt 0.43697699904441833 -0.5277819633483887
vt 0.5968616008758545 -0.26024019718170166
vt 0.4037238657474518 -0.49348151683807373
vt 0.5793516635894775 -0.7607846856117249
vt 0.7978121042251587 -0.8684861063957214
vt 0.808770477771759 -0.8578302264213562
vt 0.8205173015594482 -0.8482484817504883
vt 0.8314849734306335 -0.8364293575286865
vt 0.5532571077346802 -0.7302554249763489
vt 0.5662699341773987 -0.7385149598121643
vt 0.1122656911611557 -0.6140244007110596
vt 0.21292975544929504 -0.16353166103363037
vt 0.20082040131092072 -0.18467354774475098
vt 0.6941143870353699 -0.42603743076324463
vt 0.1267538219690323 -0.6067456007003784
vt 0.21181164681911469 -0.1479780077934265
vt 0.7420048117637634 -0.9634822010993958
vt 0.15312328934669495 -0.40971899032592773
vt 0.15755927562713623 -0.6208019852638245
vt 0.1376560628414154 -0.40223228931427
vt 0.15499669313430786 -0.6365597248077393
vt 0.15840256214141846 -0.6070083975791931
vt 0.16471260786056519 -0.4182528257369995
vt 0.18021106719970703 -0.3549541234970093
vt 0.348337322473526 -0.4567239284515381
vt 0.861644446849823 -0.4004995822906494
vt 0.07333959639072418 -0.6051570177078247
vt 0.11033831536769867 -0.41394364833831787
vt 0.08605640381574631 -0.5970094799995422
vt 0.5601404905319214 -0.9028922319412231
vt 0.5463441610336304 -0.9071613550186157
vt 0.5315866470336914 -0.9111067056655884
vt 0.5183143019676208 -0.9146710634231567
vt 0.6415725350379944 -0.24886590242385864
vt 0.21020548045635223 -0.5826370716094971
vt 0.21606619656085968 -0.3906936049461365
vt 0.18533839285373688 -0.39310574531555176
vt 0.19112937152385712 -0.6046324968338013
vt 0.9696269631385803 -0.681643545627594
vt 0.670403003692627 -0.508224368095398
vt 0.6844822764396667 -0.500699520111084
vt 0.19286391139030457 -0.8595249056816101
vt 0.20731665194034576 -0.8673036098480225
vt 0.5290447473526001 -0.6817939281463623
vt 0.17681877315044403 -0.8929174542427063
vt 0.7099820375442505 -0.4947082996368408
vt 0.18363741040229797 -0.8824867010116577
vt 0.7150272727012634 -0.4845547676086426
vt 0.5210349559783936 -0.7401909232139587
vt 0.5058207511901855 -0.7453110218048096
vt 0.5421621799468994 -0.7053898572921753
vt 0.539857804775238 -0.7208410501480103
vt 0.4072117805480957 -0.5984442830085754
vt 0.4888661205768585 -0.7443965077400208
vt 0.43571269512176514 -0.5706088542938232
vt 0.43922972679138184 -0.557080864906311
vt 0.4302837550640106 -0.5837563872337341
vt 0.35864296555519104 -0.13669872283935547
vt 0.6873021721839905 -0.29347848892211914
vt 0.706081211566925 -0.8367863893508911
vt 0.39269688725471497 -0.48198485374450684
vt 0.4429653584957123 -0.5407119989395142
vt 0.5963113307952881 -0.25242453813552856
vt 0.9522559642791748 -0.5232543349266052
vt 0.5787611603736877 -0.745849072933197
vt 0.3296036422252655 -0.10339826345443726
vt 0.7851284742355347 -0.880748450756073
vt 0.5361568331718445 -0.734490156173706
vt 0.8283735513687134 -0.822078287601471
vt 0.10373243689537048 -0.6097668409347534
vt 0.21126405894756317 -0.1739063858985901
vt 0.6796193718910217 -0.4333374500274658
vt 0.12923961877822876 -0.5922688245773315
vt 0.1215645968914032 -0.3992767333984375
vt 0.15831135213375092 -0.5930014848709106
vt 0.3828863501548767 -0.46992814540863037
vt 0.3719828724861145 -0.4586604833602905
vt 0.3585389256477356 -0.4510476589202881
vt 0.17116911709308624 -0.3580749034881592
vt 0.3334912955760956 -0.4550551176071167
vt 0.1672106832265854 -0.3733522891998291
vt 0.5083515048027039 -0.9186831712722778
vt 0.6545071005821228 -0.2557622194290161
vt 0.22465835511684418 -0.5826810598373413
vt 0.22495783865451813 -0.3783745765686035
vt 0.5745741724967957 -0.4653654098510742
vt 0.1958274096250534 -0.5896982550621033
vt 0.20110954344272614 -0.39848220348358154
vt 0.17149575054645538 -0.3862675428390503
vt 0.18782393634319305 -0.619168221950531
vt 0.23696847259998322 -0.5780971646308899
vt 0.578339159488678 -0.4781304597854614
vt 0.9777166247367859 -0.7028737664222717
vt 0.24428382515907288 -0.5695154666900635
vt 0.9676339626312256 -0.6956515908241272
vt 0.9560102224349976 -0.6718748807907104
vt 0.6305521130561829 -0.49659764766693115
vt 0.941831648349762 -0.658464252948761
vt 0.6452459692955017 -0.506657063961029
vt 0.6577625870704651 -0.5155082941055298
vt 0.6942007541656494 -0.5116991996765137
vt 0.1967814415693283 -0.8749992251396179
vt 0.5309091210365295 -0.6716493368148804
vt 0.5451768040657043 -0.6949074864387512
vt 0.7305722832679749 -0.46018195152282715
vt 0.7074133157730103 -0.5082840919494629
vt 0.41966384649276733 -0.5992084741592407
vt 0.47674569487571716 -0.737933874130249
vt 0.8450517654418945 -0.8018852472305298
vt 0.36653974652290344 -0.16820502281188965
vt 0.6677943468093872 -0.2630826234817505
vt 0.6793844699859619 -0.27133113145828247
vt 0.6915162205696106 -0.2793756127357483
vt 0.35060787200927734 -0.11045914888381958
vt 0.3629433214664459 -0.12185359001159668
vt 0.689635157585144 -0.837525486946106
vt 0.44119352102279663 -0.5122382044792175
vt 0.4294244050979614 -0.5011712312698364
vt 0.41827428340911865 -0.4892914295196533
vt 0.45000502467155457 -0.5346809029579163
vt 0.5874180793762207 -0.2506837844848633
vt 0.40710240602493286 -0.4778796434402466
vt 0.7831991314888 -0.8657011389732361
vt 0.7943130135536194 -0.8539378643035889
vt 0.8052816390991211 -0.8433364629745483
vt 0.8170033097267151 -0.8320370316505432
vt 0.4795278012752533 -0.7522786855697632
vt 0.8373103737831116 -0.8123028874397278
vt 0.5536404848098755 -0.7149710655212402
vt 0.5660759210586548 -0.7231504321098328
vt 0.5784028768539429 -0.7309014201164246
vt 0.11503229290246964 -0.5999580025672913
vt 0.14438660442829132 -0.5851721167564392
vt 0.1652621328830719 -0.4049338102340698
vt 0.15117968618869781 -0.39759576320648193
vt 0.1331464797258377 -0.3856090307235718
vt 0.16512185335159302 -0.649190366268158
vt 0.1693369597196579 -0.6002384424209595
vt 0.17855361104011536 -0.41229093074798584
vt 0.34408578276634216 -0.447024941444397
vt 0.07396009564399719 -0.5882372260093689
vt 0.09287869185209274 -0.40927374362945557
vt 0.10581504553556442 -0.3958399295806885
vt 0.08703581988811493 -0.5813007950782776
vt 0.5585191249847412 -0.9184672236442566
vt 0.5431064367294312 -0.9219914078712463
vt 0.5289183259010315 -0.9259145259857178
vt 0.5164436101913452 -0.9300598502159119
vt 0.6553845405578613 -0.24215954542160034
vt 0.1978973001241684 -0.5737798810005188
vt 0.22182050347328186 -0.5718821883201599
vt 0.17433200776576996 -0.40049540996551514
vt 0.17786841094493866 -0.609363317489624
vt 0.1819748878479004 -0.5949675440788269
vt 0.24255433678627014 -0.5593953728675842
vt 0.9558896422386169 -0.6875490546226501
vt 0.6818892359733582 -0.5173848271369934
vt 0.6691442131996155 -0.5241888165473938
vt 0.19709287583827972 -0.883554220199585
vt 0.5463696718215942 -0.6779534220695496
vt 0.729150116443634 -0.4775022268295288
vt 0.7260861396789551 -0.4916607141494751
vt 0.7221372127532959 -0.5056678056716919
vt 0.5543747544288635 -0.7005740404129028
vt 0.7407408952713013 -0.454842209815979
vt 0.44494110345840454 -0.5819412469863892
vt 0.4500989317893982 -0.5684259533882141
vt 0.45115068554878235 -0.5553152561187744
vt 0.959536075592041 -0.5379298329353333
vt 0.4380186200141907 -0.5938882827758789
vt 0.701133668422699 -0.2872878313064575
vt 0.7020474076271057 -0.851310133934021
vt 0.34087085723876953 -0.10179775953292847
vt 0.770663857460022 -0.8889994621276855
vt 0.3949534296989441 -0.46630144119262695
vt 0.4534534513950348 -0.5213663578033447
vt 0.5793206095695496 -0.2579747438430786
vt 0.5936253666877747 -0.23991304636001587
vt 0.9656150341033936 -0.5247830152511597
vt 0.7714405655860901 -0.8779489994049072
vt 0.8139653205871582 -0.8171270489692688
vt 0.8252995610237122 -0.8070530891418457
vt 0.14774338901042938 -0.38870537281036377
vt 0.17158262431621552 -0.6361913681030273
vt 0.11771159619092941 -0.3843504786491394
vt 0.15804912149906158 -0.5785064697265625
vt 0.1709098517894745 -0.5861757397651672
vt 0.3838081359863281 -0.4518622159957886
vt 0.3696590065956116 -0.4438810348510742
vt 0.3549729287624359 -0.43862032890319824
vt 0.16427043080329895 -0.34665441513061523
vt 0.32920122146606445 -0.447471022605896
vt 0.15710397064685822 -0.36173534393310547
vt 0.1976456344127655 -0.6439318656921387
vt 0.15790033340454102 -0.3787018060684204
vt 0.18515512347221375 -0.6339371204376221
vt 0.6687062382698059 -0.2491341233253479
vt 0.1841667741537094 -0.5801737904548645
vt 0.20975136756896973 -0.5652764439582825
vt 0.6756101250648499 -0.17100322246551514
vt 0.16147056221961975 -0.39317750930786133
vt 0.17559941112995148 -0.6233811974525452
vt 0.23316916823387146 -0.5643947124481201
vt 0.6093674302101135 -0.4967919588088989
vt 0.9440451860427856 -0.6794762015342712
vt 0.6323912143707275 -0.513826847076416
vt 0.6450111269950867 -0.5221632719039917
vt 0.6570333242416382 -0.5311921834945679
vt 0.10489010810852051 -0.07371658086776733
vt 0.6940165758132935 -0.5272889137268066
vt 0.1090848296880722 -0.06458336114883423
vt 0.7040877938270569 -0.5199834108352661
vt 0.9747084379196167 -0.4007852077484131
vt 0.553531289100647 -0.6852831244468689
vt 0.742117702960968 -0.46994149684906006
vt 0.7171873450279236 -0.5192633271217346
vt 0.9614417552947998 -0.3966915011405945
vt 0.8347067832946777 -0.7976546883583069
vt 0.429336816072464 -0.601986825466156
vt 0.8429396748542786 -0.789426863193512
vt 0.6816467046737671 -0.2561286687850952
vt 0.6944240927696228 -0.26446378231048584
vt 0.7064250707626343 -0.27354371547698975
vt 0.3570909798145294 -0.09911328554153442
vt 0.7580426335334778 -0.8763119578361511
vt 0.36739489436149597 -0.1066707968711853
vt 0.3769688308238983 -0.1180153489112854
vt 0.6823499798774719 -0.8493490815162659
vt 0.45654037594795227 -0.5067262649536133
vt 0.44461697340011597 -0.4977036714553833
vt 0.43303635716438293 -0.48577356338500977
vt 0.42202237248420715 -0.4738485813140869
vt 0.5799258351325989 -0.23678278923034668
vt 0.5709956884384155 -0.24849295616149902
vt 0.4104189872741699 -0.46217548847198486
vt 0.769148588180542 -0.8624098896980286
vt 0.7810037732124329 -0.8501774072647095
vt 0.7904180288314819 -0.8373884558677673
vt 0.8020269274711609 -0.8263118267059326
vt 0.566421627998352 -0.7079923748970032
vt 0.5783939361572266 -0.7158604264259338
vt 0.14436890184879303 -0.37406229972839355
vt 0.18141159415245056 -0.6466800570487976
vt 0.12921303510665894 -0.37446129322052
vt 0.17239496111869812 -0.33326172828674316
vt 0.33998554944992065 -0.43689239025115967
vt 0.07448861002922058 -0.572667121887207
vt 0.07762991636991501 -0.4023709297180176
vt 0.09006299078464508 -0.3918823003768921
vt 0.10202225297689438 -0.3821932077407837
vt 0.08633967489004135 -0.5663093328475952
vt 0.5536644458770752 -0.933779239654541
vt 0.5399810671806335 -0.9368664622306824
vt 0.5266223549842834 -0.9406130313873291
vt 0.513232409954071 -0.9461787939071655
vt 0.6690840721130371 -0.23352545499801636
vt 0.7261279821395874 -0.03170669078826904
vt 0.18503700196743011 -0.5654461979866028
vt 0.1982368379831314 -0.5582203269004822
vt 0.21726639568805695 -0.5611268877983093
vt 0.684432327747345 -0.1584024429321289
vt 0.2318153828382492 -0.5511726140975952
vt 0.5934544205665588 -0.4890660047531128
vt 0.7020717859268188 -0.1584024429321289
vt 0.9482086896896362 -0.6935586333274841
vt 0.620719313621521 -0.5054904222488403
vt 0.6814144849777222 -0.5336535573005676
vt 0.6678486466407776 -0.5398221611976624
vt 0.5519943237304688 -0.66996830701828
vt 0.7416732907295227 -0.48513758182525635
vt 0.5510361790657043 -0.6544111967086792
vt 0.7400889992713928 -0.5007659792900085
vt 0.731795608997345 -0.5179964900016785
vt 0.9467003345489502 -0.3949548006057739
vt 0.566358208656311 -0.692838728427887
vt 0.45220860838890076 -0.5944008231163025
vt 0.45963364839553833 -0.5805338025093079
vt 0.46394962072372437 -0.5659881234169006
vt 0.9644975066184998 -0.5529829263687134
vt 0.9726631045341492 -0.5393456816673279
vt 0.44234123826026917 -0.6051520109176636
vt 0.8457585573196411 -0.7763766646385193
vt 0.7028879523277283 -0.8685004115104675
vt 0.7158669233322144 -0.28500425815582275
vt 0.690773069858551 -0.8587996959686279
vt 0.39570942521095276 -0.4557887315750122
vt 0.7426402568817139 -0.3737771511077881
vt 0.9811233878135681 -0.4839625358581543
vt 0.46795395016670227 -0.5164017081260681
vt 0.49944016337394714 -0.3003338575363159
vt 0.5644165277481079 -0.2600245475769043
vt 0.5913159251213074 -0.22607147693634033
vt 0.9799554347991943 -0.5251284837722778
vt 0.7992587089538574 -0.8104756474494934
vt 0.8120962977409363 -0.8012615442276001
vt 0.823956310749054 -0.7919111251831055
vt 0.1126120537519455 -0.3725477457046509
vt 0.1715223640203476 -0.5719178318977356
vt 0.3810671865940094 -0.4356232285499573
vt 0.3661486804485321 -0.4301588535308838
vt 0.35118749737739563 -0.42694926261901855
vt 0.1583070158958435 -0.33361589908599854
vt 0.14944404363632202 -0.3479570150375366
vt 0.6825249195098877 -0.24030190706253052
vt 0.21132934093475342 -0.5500115752220154
vt 0.2234937846660614 -0.5551856160163879
vt 0.5792462825775146 -0.4806615114212036
vt 0.6926470398902893 -0.17203426361083984
vt 0.6080058217048645 -0.5127680897712708
vt 0.6203553080558777 -0.5266823768615723
vt 0.8048960566520691 -0.399247407913208
vt 0.8390068411827087 -0.10467702150344849
vt 0.6322795152664185 -0.5279862880706787
vt 0.6446160078048706 -0.537659227848053
vt 0.6554383039474487 -0.5466550588607788
vt 0.10717260837554932 -0.0914468765258789
vt 0.6899901628494263 -0.5415608286857605
vt 0.11869440227746964 -0.08029580116271973
vt 0.1153920367360115 -0.06642025709152222
vt 0.9668131470680237 -0.4081369638442993
vt 0.5953397750854492 -0.504402220249176
vt 0.5658718347549438 -0.6775712370872498
vt 0.9515377283096313 -0.40396082401275635
vt 0.834564208984375 -0.7826781272888184
vt 0.6953456401824951 -0.24899721145629883
vt 0.7087711095809937 -0.25826990604400635
vt 0.7203067541122437 -0.2680172324180603
vt 0.37108686566352844 -0.0997086763381958
vt 0.7455552220344543 -0.8693400025367737
vt 0.3796931207180023 -0.10349142551422119
vt 0.734794557094574 -0.8733530640602112
vt 0.3895714581012726 -0.11260932683944702
vt 0.6750495433807373 -0.8614120483398438
vt 0.38929882645606995 -0.44396209716796875
vt 0.9939534068107605 -0.4839625358581543
vt 0.46863895654678345 -0.5032309889793396
vt 0.4580960273742676 -0.49327147006988525
vt 0.44758060574531555 -0.48277878761291504
vt 0.7557973265647888 -0.4920157194137573
vt 0.43726077675819397 -0.4695545434951782
vt 0.771571695804596 -0.4958404302597046
vt 0.4259963631629944 -0.4586799740791321
vt 0.7857760787010193 -0.49956488609313965
vt 0.5736982226371765 -0.22339165210723877
vt 0.5634371638298035 -0.23457229137420654
vt 0.5171352028846741 -0.2883197069168091
vt 0.5539681315422058 -0.2450883388519287
vt 0.4065016508102417 -0.4502922296524048
vt 0.7463472485542297 -0.36147427558898926
vt 0.7567844390869141 -0.8586401343345642
vt 0.7704606652259827 -0.8464921116828918
vt 0.7769162654876709 -0.8339647650718689
vt 0.7886892557144165 -0.822262704372406
vt 0.5785998106002808 -0.700643002986908
vt 0.13961417973041534 -0.36101043224334717
vt 0.18830043077468872 -0.6576402187347412
vt 0.12337907403707504 -0.3582576513290405
vt 0.16640113294124603 -0.31852591037750244
vt 0.33528441190719604 -0.4249837398529053
vt 0.06362991780042648 -0.3936457633972168
vt 0.07546480000019073 -0.5577161908149719
vt 0.07508960366249084 -0.3859512209892273
vt 0.08689063042402267 -0.3767538070678711
vt 0.09770883619785309 -0.3670710325241089
vt 0.0860697329044342 -0.5510473847389221
vt 0.5514581799507141 -0.9492788910865784
vt 0.5376387238502502 -0.951519787311554
vt 0.5241782665252686 -0.9535584449768066
vt 0.7214590907096863 -0.04601752758026123
vt 0.6840106248855591 -0.22677403688430786
vt 0.6798955798149109 -0.5491716265678406
vt 0.666260302066803 -0.5553063154220581
vt 0.23740987479686737 -0.548575222492218
vt 0.5799499750137329 -0.49618959426879883
vt 0.5651826858520508 -0.6623589396476746
vt 0.5528637766838074 -0.6401052474975586
vt 0.745373010635376 -0.5148879289627075
vt 0.3113507032394409 -0.42455434799194336
vt 0.5429939031600952 -0.6274083256721497
vt 0.7429323196411133 -0.5264624953269958
vt 0.9354166984558105 -0.40068674087524414
vt 0.5786072015762329 -0.6854937076568604
vt 0.45799699425697327 -0.6058471202850342
vt 0.8505812883377075 -0.7611554265022278
vt 0.4662238657474518 -0.5937134027481079
vt 0.4730583131313324 -0.5809279084205627
vt 0.9699245691299438 -0.5690442323684692
vt 0.9790766835212708 -0.5549811720848083
vt 0.9193115234375 -0.3550589084625244
vt 0.9879190325737 -0.5407071113586426
vt 0.8387845754623413 -0.7676287293434143
vt 0.7268922328948975 -0.82767254114151
vt 0.7289632558822632 -0.27770137786865234
vt 0.6856740117073059 -0.8710665106773376
vt 0.058612313121557236 -0.514469563961029
vt 0.39607080817222595 -0.45196741819381714
vt 0.7541349530220032 -0.36790287494659424
vt 0.9871447682380676 -0.49518883228302
vt 0.20972229540348053 -0.07952570915222168
vt 0.4773031771183014 -0.5127722024917603
vt 0.49583008885383606 -0.29875922203063965
vt 0.41742199659347534 -0.4473503828048706
vt 0.738200306892395 -0.3538397550582886
vt 0.5841455459594727 -0.21219640970230103
vt 0.9332539439201355 -0.34455275535583496
vt 0.9949765205383301 -0.5232543349266052
vt 0.5051332116127014 -0.28776371479034424
vt 0.7862805128097534 -0.807732105255127
vt 0.7983615398406982 -0.7971543669700623
vt 0.8106784820556641 -0.7859878540039062
vt 0.8247451782226562 -0.7753216624259949
vt 0.1082921177148819 -0.3570040464401245
vt 0.6130639910697937 -0.20409971475601196
vt 0.3899211585521698 -0.4292325973510742
vt 0.989142119884491 -0.516839325428009
vt 0.3777387738227844 -0.42131662368774414
vt 0.1898127943277359 -0.3072401285171509
vt 0.36270222067832947 -0.41632509231567383
vt 0.17855994403362274 -0.3116722106933594
vt 0.347819983959198 -0.41802263259887695
vt 0.1508152335882187 -0.3202474117279053
vt 0.14234712719917297 -0.3333379030227661
vt 0.13336895406246185 -0.34629809856414795
vt 0.6677134037017822 -0.2160138487815857
vt 0.7104495167732239 -0.04021996259689331
vt 0.6962277293205261 -0.2343575358390808
vt 0.22479651868343353 -0.5424599647521973
vt 0.5949577689170837 -0.5206542015075684
vt 0.8298400640487671 -0.4000178575515747
vt 0.6056406497955322 -0.5287281274795532
vt 0.8191794753074646 -0.4047062397003174
vt 0.6342308521270752 -0.540309488773346
vt 0.8393181562423706 -0.1220126748085022
vt 0.6439436078071594 -0.5545945167541504
vt 0.8454869985580444 -0.1381394863128662
vt 0.6527538895606995 -0.5612163543701172
vt 0.12453383207321167 -0.09567290544509888
vt 0.09766162186861038 -0.10633814334869385
vt 0.6881494522094727 -0.5586633086204529
vt 0.12996584177017212 -0.07268530130386353
vt 0.9710763692855835 -0.422110915184021
vt 0.9563634991645813 -0.41837847232818604
vt 0.25137829780578613 -0.5426537990570068
vt 0.5817856192588806 -0.5112705826759338
vt 0.5782455801963806 -0.6702840924263
vt 0.565227746963501 -0.6472421288490295
vt 0.29475802183151245 -0.425091028213501
vt 0.9395217895507812 -0.41611242294311523
vt 0.9259865880012512 -0.34170031547546387
vt 0.9955570697784424 -0.5292022228240967
vt 0.7097011804580688 -0.24149709939956665
vt 0.7214740514755249 -0.25238215923309326
vt 0.706081211566925 -0.8776631951332092
vt 0.7238568067550659 -0.293117880821228
vt 0.7412530183792114 -0.8328084349632263
vt 0.7139554023742676 -0.8227372765541077
vt 0.732029378414154 -0.2623974680900574
vt 0.6911749243736267 -0.8824930787086487
vt 0.7289695143699646 -0.8397619724273682
vt 0.7327020168304443 -0.8639684319496155
vt 0.7439283132553101 -0.8546045422554016
vt 0.39330047369003296 -0.09665828943252563
vt 0.7214274406433105 -0.8723718523979187
vt 0.4005678594112396 -0.1065828800201416
vt 0.669036328792572 -0.8741453289985657
vt 0.04919782280921936 -0.5107254981994629
vt 0.3935348689556122 -0.4384448528289795
vt 0.9771140813827515 -0.5102729201316833
vt 0.19901533424854279 -0.09118729829788208
vt 0.480412095785141 -0.4998832941055298
vt 0.4712769091129303 -0.48955583572387695
vt 0.45957323908805847 -0.48060691356658936
vt 0.44534367322921753 -0.4658886790275574
vt 0.7716494202613831 -0.48321032524108887
vt 0.7846134305000305 -0.4891479015350342
vt 0.426714152097702 -0.4440019130706787
vt 0.7981895804405212 -0.4950326681137085
vt 0.5669019222259521 -0.20983636379241943
vt 0.5568663477897644 -0.2209019660949707
vt 0.5316904187202454 -0.28871190547943115
vt 0.5457133054733276 -0.23165994882583618
vt 0.19049398601055145 -0.425284743309021
vt 0.511509895324707 -0.27323830127716064
vt 0.7484441995620728 -0.3465454578399658
vt 0.7593725919723511 -0.35573136806488037
vt 0.755953848361969 -0.8479233384132385
vt 0.7656459808349609 -0.8412435054779053
vt 0.7743003368377686 -0.8182441592216492
vt 0.11811468005180359 -0.3461626172065735
vt 0.1717604249715805 -0.3003089427947998
vt 0.8873976469039917 -0.7427361607551575
vt 0.157960444688797 -0.30471718311309814
vt 0.8791412711143494 -0.7550173997879028
vt 0.05959080532193184 -0.3781026601791382
vt 0.047183480113744736 -0.3882099390029907
vt 0.07640497386455536 -0.5414973497390747
vt 0.07233226299285889 -0.3722037076950073
vt 0.08269074559211731 -0.36135172843933105
vt 0.09273119270801544 -0.3537258505821228
vt 0.6264153122901917 -0.19744998216629028
vt 0.08596338331699371 -0.535585880279541
vt 0.550921618938446 -0.9649584889411926
vt 0.5341019034385681 -0.9655054807662964
vt 0.7230798602104187 -0.06079763174057007
vt 0.71007239818573 -0.05453908443450928
vt 0.6828312277793884 -0.2122933268547058
vt 0.6966313123703003 -0.2200554609298706
vt 0.8076750040054321 -0.4153825044631958
vt 0.7962406277656555 -0.4098662734031677
vt 0.8248800039291382 -0.12072110176086426
vt 0.6773533821105957 -0.5649932026863098
vt 0.6636683940887451 -0.5704492330551147
vt 0.13547219336032867 -0.08520370721817017
vt 0.11409065872430801 -0.10780149698257446
vt 0.23832112550735474 -0.5359988808631897
vt 0.5779220461845398 -0.6551027894020081
vt 0.554775059223175 -0.6228048205375671
vt 0.5659606456756592 -0.6318482756614685
vt 0.301775723695755 -0.4363800287246704
vt 0.8414263725280762 -0.7512256503105164
vt 0.4724261462688446 -0.6000673174858093
vt 0.852823793888092 -0.7446927428245544
vt 0.8780058026313782 -0.3622950315475464
vt 0.9775951504707336 -0.5817909836769104
vt 0.8953573703765869 -0.3652855157852173
vt 0.9843172430992126 -0.5721384882926941
vt 0.9113184213638306 -0.3543804883956909
vt 0.9943488836288452 -0.5550428032875061
vt 0.9172386527061462 -0.34116238355636597
vt 0.8280146718025208 -0.7592268586158752
vt 0.7337692379951477 -0.8171792030334473
vt 0.7209293246269226 -0.8118876218795776
vt 0.6809414625167847 -0.8774355053901672
vt 0.7289901375770569 -0.8506744503974915
vt 0.05660635605454445 -0.5234608054161072
vt 0.766928493976593 -0.3642622232437134
vt 0.19335618615150452 -0.08081096410751343
vt 0.20218566060066223 -0.06964904069900513
vt 0.4897085130214691 -0.2841570973396301
vt 0.9747084379196167 -0.4919813871383667
vt 0.4218197762966156 -0.42993080615997314
vt 0.7333648204803467 -0.3388000726699829
vt 0.8119158148765564 -0.5050686597824097
vt 0.5880268812179565 -0.1990349292755127
vt 0.9363070130348206 -0.3318958282470703
vt 0.5753976702690125 -0.19755703210830688
vt 0.1761285811662674 -0.43029987812042236
vt 0.5260686278343201 -0.2732350826263428
vt 0.2066534012556076 -0.4202604293823242
vt 0.4955994188785553 -0.27166032791137695
vt 0.7627924680709839 -0.8278563618659973
vt 0.7705212235450745 -0.8024769425392151
vt 0.7824791669845581 -0.789797306060791
vt 0.8006172776222229 -0.7888129353523254
vt 0.8158349990844727 -0.769259512424469
vt 0.10205605626106262 -0.3444734811782837
vt 0.6182348728179932 -0.18884307146072388
vt 0.04056042060256004 -0.505855143070221
vt 0.39282509684562683 -0.4233837127685547
vt 0.989142119884491 -0.5008019804954529
vt 0.031750619411468506 -0.4991980791091919
vt 0.38726577162742615 -0.4179617166519165
vt 0.3752090632915497 -0.4078325033187866
vt 0.907530665397644 -0.7213166952133179
vt 0.18509982526302338 -0.2963244915008545
vt 0.3592313826084137 -0.40778470039367676
vt 0.8963123559951782 -0.7307602763175964
vt 0.13529062271118164 -0.3225208520889282
vt 0.9716755151748657 -0.2770795226097107
vt 0.14338093996047974 -0.309265673160553
vt 0.8698804378509521 -0.7680416107177734
vt 0.12675917148590088 -0.3335226774215698
vt 0.9582411646842957 -0.2791205048561096
vt 0.05677168071269989 -0.3603278398513794
vt 0.699704647064209 -0.05198568105697632
vt 0.05436454713344574 -0.35022056102752686
vt 0.6687263250350952 -0.2053852677345276
vt 0.6988643407821655 -0.04104781150817871
vt 0.710069477558136 -0.22742217779159546
vt 0.2659705579280853 -0.5361388921737671
vt 0.5816338062286377 -0.527361273765564
vt 0.8440032005310059 -0.39896416664123535
vt 0.8330491185188293 -0.4134211540222168
vt 0.8216388821601868 -0.421380877494812
vt 0.8298525810241699 -0.13444817066192627
vt 0.6474834680557251 -0.5737800002098083
vt 0.8485845923423767 -0.1595315933227539
vt 0.14081934094429016 -0.10000449419021606
vt 0.13014738261699677 -0.1108199954032898
vt 0.10406751185655594 -0.11957985162734985
vt 0.4731301963329315 -0.35696470737457275
vt 0.6387239694595337 -0.6400015950202942
vt 0.08653543889522552 -0.1192774772644043
vt 0.6876066327095032 -0.5749936103820801
vt 0.14006873965263367 -0.06458336114883423
vt 0.9615116119384766 -0.43287575244903564
vt 0.14603017270565033 -0.07513749599456787
vt 0.27943381667137146 -0.4229745864868164
vt 0.9464603066444397 -0.42943108081817627
vt 0.25182288885116577 -0.5291634202003479
vt 0.31790417432785034 -0.43240582942962646
vt 0.5465219020843506 -0.6138260960578918
vt 0.5782868266105652 -0.6399481296539307
vt 0.2853946387767792 -0.4368230104446411
vt 0.9244404435157776 -0.32909393310546875
vt 0.7222042679786682 -0.2382914423942566
vt 0.24992723762989044 -0.8655245900154114
vt 0.7027800679206848 -0.8198274970054626
vt 0.731499433517456 -0.24699479341506958
vt 0.7480588555335999 -0.822577178478241
vt 0.7418224215507507 -0.8426865935325623
vt 0.7077814340591431 -0.40384507179260254
vt 0.7090403437614441 -0.8075412511825562
vt 0.4003461003303528 -0.10098689794540405
vt 0.6659876108169556 -0.8766939043998718
vt 0.7172529697418213 -0.861363410949707
vt 0.04749125614762306 -0.5197733640670776
vt 0.1841984987258911 -0.09221923351287842
vt 0.1901118904352188 -0.10632789134979248
vt 0.486545205116272 -0.4849734306335449
vt 0.47274303436279297 -0.47601383924484253
vt 0.4592316150665283 -0.46993398666381836
vt 0.44286614656448364 -0.45215344429016113
vt 0.78480064868927 -0.47684144973754883
vt 0.7977651953697205 -0.4819890260696411
vt 0.811389148235321 -0.48807287216186523
vt 0.5514017939567566 -0.2064862847328186
vt 0.5612010955810547 -0.19535505771636963
vt 0.5382120609283447 -0.2179284691810608
vt 0.5465089678764343 -0.28752565383911133
vt 0.16176100075244904 -0.43504631519317627
vt 0.5405935645103455 -0.27321529388427734
vt 0.201152041554451 -0.4357811212539673
vt 0.18568122386932373 -0.44067978858947754
vt 0.7630554437637329 -0.34132516384124756
vt 0.7496852874755859 -0.33070874214172363
vt 0.7731373310089111 -0.351672887802124
vt 0.7527068853378296 -0.8363618850708008
vt 0.7585529685020447 -0.8130365014076233
vt 0.8028729557991028 -0.7804715633392334
vt 0.11164285242557526 -0.33262789249420166
vt 0.89485764503479 -0.7546897530555725
vt 0.9026934504508972 -0.7424351572990417
vt 0.886641263961792 -0.7666370272636414
vt 0.07143785059452057 -0.36391007900238037
vt 0.044369541108608246 -0.3708919286727905
vt 0.7090805768966675 -0.066314697265625
vt 0.032997652888298035 -0.38793277740478516
vt 0.08157762885093689 -0.5288674235343933
vt 0.5500507354736328 -0.9731046557426453
vt 0.7261279821395874 -0.07821518182754517
vt 0.07798171788454056 -0.3509645462036133
vt 0.641542911529541 -0.19661611318588257
vt 0.08636797964572906 -0.3402925729751587
vt 0.6342605948448181 -0.1864680051803589
vt 0.695553719997406 -0.20645809173583984
vt 0.6812945604324341 -0.19961017370224
vt 0.7092024683952332 -0.21316814422607422
vt 0.7956176996231079 -0.424214243888855
vt 0.8094146251678467 -0.11651569604873657
vt 0.8089216351509094 -0.42994916439056396
vt 0.8143119215965271 -0.13053572177886963
vt 0.7758246064186096 -0.38853979110717773
vt 0.8332049250602722 -0.1523115634918213
vt 0.6749810576438904 -0.581143856048584
vt 0.6583806872367859 -0.5867403149604797
vt 0.6988643407821655 -0.030667603015899658
vt 0.8512200713157654 -0.1751447319984436
vt 0.15165159106254578 -0.08867073059082031
vt 0.12039344757795334 -0.11970674991607666
vt 0.4578745663166046 -0.3554586172103882
vt 0.5671359896659851 -0.6157369017601013
vt 0.5556584596633911 -0.6067723631858826
vt 0.5786038041114807 -0.624485194683075
vt 0.30813249945640564 -0.4495582580566406
vt 0.47674569487571716 -0.2971264123916626
vt 0.5329164266586304 -0.6024818420410156
vt 0.29161837697029114 -0.4484301209449768
vt 0.46227097511291504 -0.2995767593383789
vt 0.8275606632232666 -0.7435601949691772
vt 0.8785672783851624 -0.33532118797302246
vt 0.8401169776916504 -0.7365522980690002
vt 0.8851085901260376 -0.35070109367370605
vt 0.8998025059700012 -0.35253632068634033
vt 0.9074885249137878 -0.33954960107803345
vt 0.9131495356559753 -0.3268932104110718
vt 0.8147533535957336 -0.7519133687019348
vt 0.8736637234687805 -0.3206065893173218
vt 0.7300008535385132 -0.801603376865387
vt 0.7433487176895142 -0.8072202205657959
vt 0.7171223163604736 -0.7962388396263123
vt 0.05517134442925453 -0.5340903997421265
vt 0.7807685136795044 -0.3619581460952759
vt 0.17804904282093048 -0.08038109540939331
vt 0.18789216876029968 -0.06946903467178345
vt 0.9715552926063538 -0.4784489870071411
vt 0.21813613176345825 -0.4187875986099243
vt 0.4847644865512848 -0.26986265182495117
vt 0.9604278802871704 -0.48702359199523926
vt 0.45812955498695374 -0.45868760347366333
vt 0.8258957266807556 -0.49516308307647705
vt 0.5941728353500366 -0.18433713912963867
vt 0.9386241436004639 -0.3166482448577881
vt 0.9694584012031555 -0.09826207160949707
vt 0.5837128758430481 -0.18446481227874756
vt 0.570512056350708 -0.18304628133773804
vt 0.17054522037506104 -0.44583988189697266
vt 0.21829810738563538 -0.43193793296813965
vt 0.7319470047950745 -0.32595860958099365
vt 0.8265514969825745 -0.5099089741706848
vt 0.7547857165336609 -0.7972269058227539
vt 0.40339037775993347 -0.21934473514556885
vt 0.7678064107894897 -0.7853142023086548
vt 0.7886715531349182 -0.7823123335838318
vt 0.8018487691879272 -0.7621695399284363
vt 0.8692401647567749 -0.30628108978271484
vt 0.09622775763273239 -0.3293290138244629
vt 0.025795837864279747 -0.5032224059104919
vt 0.3843833804130554 -0.40974968671798706
vt 0.9209829568862915 -0.7290412783622742
vt 0.03579387813806534 -0.515426754951477
vt 0.010743098333477974 -0.5076608061790466
vt 0.9101078510284424 -0.7326048016548157
vt 0.1203722432255745 -0.3201335668563843
vt 0.9696975350379944 -0.2899515628814697
vt 0.12674283981323242 -0.31215810775756836
vt 0.8632481694221497 -0.7832152247428894
vt 0.98272705078125 -0.2874774932861328
vt 0.876975953578949 -0.7803756594657898
vt 0.06549788266420364 -0.34961116313934326
vt 0.6555240154266357 -0.19940662384033203
vt 0.05883320793509483 -0.33450305461883545
vt 0.6653135418891907 -0.19001144170761108
vt 0.7221993803977966 -0.223688542842865
vt 0.26576128602027893 -0.5225182175636292
vt 0.28078359365463257 -0.5418266654014587
vt 0.8408517241477966 -0.4082781672477722
vt 0.8359662890434265 -0.4283478260040283
vt 0.8230345249176025 -0.4357072114944458
vt 0.8187048435211182 -0.1462661623954773
vt 0.8376386761665344 -0.16715079545974731
vt 0.14527451992034912 -0.11627703905105591
vt 0.15629057586193085 -0.10467946529388428
vt 0.13550539314746857 -0.12392246723175049
vt 0.4422490894794464 -0.35705649852752686
vt 0.46056076884269714 -0.3454098701477051
vt 0.09142696112394333 -0.13375502824783325
vt 0.07636367529630661 -0.13399726152420044
vt 0.6868976354598999 -0.5925268530845642
vt 0.15621782839298248 -0.06576144695281982
vt 0.9659026861190796 -0.4481014013290405
vt 0.2638985514640808 -0.4181385040283203
vt 0.9516702890396118 -0.44361913204193115
vt 0.16198775172233582 -0.07837545871734619
vt 0.2695796489715576 -0.4338186979293823
vt 0.323588103055954 -0.45064079761505127
vt 0.5467419028282166 -0.5967256426811218
vt 0.2742581069469452 -0.44980764389038086
vt 0.44585204124450684 -0.30330580472946167
vt 0.9231105446815491 -0.3148094415664673
vt 0.2572302222251892 -0.8555343747138977
vt 0.7312867641448975 -0.23268812894821167
vt 0.23694808781147003 -0.85759037733078
vt 0.6996662616729736 -0.8040648698806763
vt 0.7062783241271973 -0.3920455574989319
vt 0.6965994834899902 -0.404599666595459
vt 0.705790102481842 -0.7917817234992981
vt 0.04376208037137985 -0.5305116176605225
vt 0.16777744889259338 -0.09134185314178467
vt 0.17743468284606934 -0.10123318433761597
vt 0.48574596643447876 -0.46841955184936523
vt 0.47212910652160645 -0.46305084228515625
vt 0.43816450238227844 -0.44096505641937256
vt 0.7612559795379639 -0.10467702150344849
vt 0.7968800067901611 -0.4686514139175415
vt 0.45695021748542786 -0.44714605808258057
vt 0.7585777640342712 -0.11875241994857788
vt 0.8106404542922974 -0.47375619411468506
vt 0.8248392343521118 -0.4800208806991577
vt 0.5348102450370789 -0.202459454536438
vt 0.5619644522666931 -0.2868080735206604
vt 0.547012209892273 -0.19203221797943115
vt 0.5568247437477112 -0.1808517575263977
vt 0.14804652333259583 -0.44102048873901367
vt 0.5548355579376221 -0.2725069522857666
vt 0.15643928945064545 -0.4506911039352417
vt 0.1959618180990219 -0.451446533203125
vt 0.21098051965236664 -0.4468890428543091
vt 0.1814032644033432 -0.45699942111968994
vt 0.7773247361183167 -0.3373568654060364
vt 0.7679671049118042 -0.3269912600517273
vt 0.7416322231292725 -0.32083261013031006
vt 0.8139708042144775 -0.5180305242538452
vt 0.7866289019584656 -0.34823471307754517
vt 0.7738476395606995 -0.7811510562896729
vt 0.7887449860572815 -0.7676399350166321
vt 0.8664557337760925 -0.29178476333618164
vt 0.10588830709457397 -0.31776857376098633
vt 0.9668903946876526 -0.30271363258361816
vt 0.9022548198699951 -0.768176257610321
vt 0.00864560715854168 -0.5301290154457092
vt 0.9118080735206604 -0.7551440596580505
vt 0.01857595331966877 -0.5156777501106262
vt 0.9200277328491211 -0.7420534491539001
vt 0.8913270831108093 -0.7805997133255005
vt 0.0721033588051796 -0.3369472026824951
vt 0.6498755216598511 -0.1869538426399231
vt 0.08103809505701065 -0.3254227638244629
vt 0.03705037757754326 -0.32602959871292114
vt 0.6926631927490234 -0.19430559873580933
vt 0.021282289177179337 -0.327706515789032
vt 0.6081510782241821 -0.06939452886581421
vt 0.7097258567810059 -0.2002912163734436
vt 0.04835302010178566 -0.32756054401397705
vt 0.678360104560852 -0.18872487545013428
vt 0.6198602318763733 -0.0744485855102539
vt 0.7226654291152954 -0.2070903778076172
vt 0.2800557315349579 -0.5289769172668457
vt 0.28627920150756836 -0.5563512444496155
vt 0.8437983393669128 -0.42438429594039917
vt 0.7932559251785278 -0.11539465188980103
vt 0.7969738841056824 -0.4387199878692627
vt 0.7985539436340332 -0.12800192832946777
vt 0.8099246621131897 -0.4444941282272339
vt 0.8036127686500549 -0.14296269416809082
vt 0.767156183719635 -0.3979499340057373
vt 0.8223640322685242 -0.16231769323349
vt 0.7774478793144226 -0.40866518020629883
vt 0.8272713422775269 -0.17278540134429932
vt 0.6698557734489441 -0.5973576307296753
vt 0.6840794682502747 -0.029666244983673096
vt 0.836363673210144 -0.18556416034698486
vt 0.44617709517478943 -0.34886622428894043
vt 0.4666043817996979 -0.3465002179145813
vt 0.6292262673377991 -0.6290649175643921
vt 0.10375279188156128 -0.13693636655807495
vt 0.6224445700645447 -0.6439332365989685
vt 0.5680230259895325 -0.5993730425834656
vt 0.5571419596672058 -0.590333878993988
vt 0.46445778012275696 -0.3077632188796997
vt 0.5214269161224365 -0.5946195125579834
vt 0.475839227437973 -0.3023843765258789
vt 0.5342550873756409 -0.5856701135635376
vt 0.6387239694595337 -0.5890078544616699
vt 0.4477868974208832 -0.3112369179725647
vt 0.8940222859382629 -0.3378504514694214
vt 0.8886137008666992 -0.3237205743789673
vt 0.9019637703895569 -0.3234536051750183
vt 0.9103776812553406 -0.3111577033996582
vt 0.8017935752868652 -0.7463416457176208
vt 0.8842611908912659 -0.31069087982177734
vt 0.24732711911201477 -0.8520563244819641
vt 0.7273460626602173 -0.7862080931663513
vt 0.7401520609855652 -0.7919777035713196
vt 0.7149472236633301 -0.7800775766372681
vt 0.05400453507900238 -0.5449076890945435
vt 0.7950214147567749 -0.35941076278686523
vt 0.17225059866905212 -0.06826376914978027
vt 0.9687691926956177 -0.4634948968887329
vt 0.1835678666830063 -0.11761194467544556
vt 0.22961890697479248 -0.41731488704681396
vt 0.9587582349777222 -0.4760075807571411
vt 0.1967533975839615 -0.12427061796188354
vt 0.5001018047332764 -0.4728583097457886
vt 0.4710961580276489 -0.4497612714767456
vt 0.7493623495101929 -0.12871098518371582
vt 0.299776554107666 -0.6315245628356934
vt 0.7213167548179626 -0.32658159732818604
vt 0.8415016531944275 -0.5025035738945007
vt 0.2948780953884125 -0.6173267364501953
vt 0.5296692848205566 -0.2369859218597412
vt 0.8403320908546448 -0.4870119094848633
vt 0.5927174091339111 -0.17150068283081055
vt 0.9372949004173279 -0.30653464794158936
vt 0.9731045961380005 -0.11065846681594849
vt 0.5799218416213989 -0.17133843898773193
vt 0.5665597915649414 -0.1700860857963562
vt 0.16603298485279083 -0.46157336235046387
vt 0.22734074294567108 -0.44447553157806396
vt 0.7568089365959167 -0.31595873832702637
vt 0.8148276209831238 -0.5340481996536255
vt 0.8282114863395691 -0.5260579586029053
vt 0.39931026101112366 -0.20681273937225342
vt 0.7545256018638611 -0.780741274356842
vt 0.4158034324645996 -0.21060270071029663
vt 0.7595726847648621 -0.7766727805137634
vt 0.8671315312385559 -0.2621539235115051
vt 0.77424556016922 -0.7712013125419617
vt 0.8676792979240417 -0.27732259035110474
vt 0.8808896541595459 -0.29681962728500366
vt 0.09248719364404678 -0.3138667345046997
vt 0.9621618986129761 -0.31626248359680176
vt 0.0277328509837389 -0.5284733176231384
vt 0.8642528653144836 -0.7972105145454407
vt 0.9815101027488708 -0.30044424533843994
vt 0.8830779194831848 -0.7938554286956787
vt 0.05511622503399849 -0.31660640239715576
vt 0.7355313897132874 -0.21746611595153809
vt 0.27930715680122375 -0.5150743126869202
vt 0.2980901300907135 -0.5473634004592896
vt 0.2950413227081299 -0.5329724550247192
vt 0.28582999110221863 -0.5735390782356262
vt 0.8392647504806519 -0.44101691246032715
vt 0.8232315182685852 -0.45010459423065186
vt 0.8094974160194397 -0.1558161973953247
vt 0.6565069556236267 -0.5998690128326416
vt 0.6478849053382874 -0.5989935994148254
vt 0.6837593913078308 -0.03953862190246582
vt 0.1600104123353958 -0.12181657552719116
vt 0.14980001747608185 -0.1297297477722168
vt 0.42652180790901184 -0.3588435649871826
vt 0.17067080736160278 -0.11024713516235352
vt 0.4307057857513428 -0.3514162302017212
vt 0.4658954441547394 -0.32947731018066406
vt 0.6339427828788757 -0.6141899824142456
vt 0.45010504126548767 -0.3327932357788086
vt 0.08765402436256409 -0.145971417427063
vt 0.6785094141960144 -0.6088219285011292
vt 0.24703934788703918 -0.4166053533554077
vt 0.9558918476104736 -0.4593496322631836
vt 0.2537517845630646 -0.4312049150466919
vt 0.2590774595737457 -0.446191668510437
vt 0.25061777234077454 -0.889011025428772
vt 0.5473726391792297 -0.5805292129516602
vt 0.9482465982437134 -0.7184455990791321
vt 0.44066286087036133 -0.31931746006011963
vt 0.9218243360519409 -0.3003014326095581
vt 0.257346510887146 -0.8398568034172058
vt 0.7445679903030396 -0.22391772270202637
vt 0.23745082318782806 -0.8481112122535706
vt 0.22348067164421082 -0.8495171070098877
vt 0.6953809261322021 -0.39098966121673584
vt 0.6833184957504272 -0.4046570062637329
vt 0.7044513821601868 -0.7752089500427246
vt 0.0374157652258873 -0.5443601608276367
vt 0.49717217683792114 -0.4575967788696289
vt 0.48385289311408997 -0.4535374641418457
vt 0.23629525303840637 -0.43015873432159424
vt 0.7666182518005371 -0.12263411283493042
vt 0.810214638710022 -0.45928263664245605
vt 0.4716678857803345 -0.43872880935668945
vt 0.7568710446357727 -0.13692349195480347
vt 0.8236847519874573 -0.4650832414627075
vt 0.735734224319458 -0.31983041763305664
vt 0.8419562578201294 -0.5181912183761597
vt 0.5296692848205566 -0.2518952488899231
vt 0.8387664556503296 -0.47157883644104004
vt 0.6044013500213623 -0.17068922519683838
vt 0.9655174016952515 -0.11462420225143433
vt 0.5350366234779358 -0.1872681975364685
vt 0.5764442682266235 -0.28472185134887695
vt 0.13372910022735596 -0.4442559480667114
vt 0.5692707896232605 -0.2717180848121643
vt 0.5429018139839172 -0.17799526453018188
vt 0.5526521801948547 -0.16787374019622803
vt 0.1418963521718979 -0.45524680614471436
vt 0.14856703579425812 -0.7614103555679321
vt 0.15098147094249725 -0.46594250202178955
vt 0.20125117897987366 -0.45551496744155884
vt 0.2181750237941742 -0.45285069942474365
vt 0.17503654956817627 -0.47334110736846924
vt 0.7922073602676392 -0.3342221975326538
vt 0.7824866771697998 -0.32320111989974976
vt 0.7715911269187927 -0.3134821653366089
vt 0.816084623336792 -0.5491523146629333
vt 0.8011564612388611 -0.34611785411834717
vt 0.8796638250350952 -0.2818719148635864
vt 0.8642662763595581 -0.8137149810791016
vt 0.9771342277526855 -0.31513512134552
vt 0.01011559460312128 -0.5582676529884338
vt 0.9076894521713257 -0.7805895209312439
vt 0.018164195120334625 -0.5433245301246643
vt 0.9189748764038086 -0.7683672308921814
vt 0.8966136574745178 -0.7942764163017273
vt 0.0674138218164444 -0.321195125579834
vt 0.07798175513744354 -0.3106616735458374
vt 0.9570672512054443 -0.33021843433380127
vt 0.04405622184276581 -0.31355375051498413
vt 0.03360620141029358 -0.3129543662071228
vt 0.7061383128166199 -0.3279249668121338
vt 0.6077936887741089 -0.08320558071136475
vt 0.6210827827453613 -0.08963543176651001
vt 0.7362675070762634 -0.19983065128326416
vt 0.2936827838420868 -0.5201938152313232
vt 0.2989058494567871 -0.5620726943016052
vt 0.7826451659202576 -0.12613749504089355
vt 0.7770673632621765 -0.11300396919250488
vt 0.7972288727760315 -0.4534480571746826
vt 0.7880984544754028 -0.14141476154327393
vt 0.7943373918533325 -0.15616226196289062
vt 0.6924744844436646 -0.7509166598320007
vt 0.7546955943107605 -0.4025375247001648
vt 0.8157904744148254 -0.16805124282836914
vt 0.765968382358551 -0.4148310422897339
vt 0.6685027480125427 -0.027697205543518066
vt 0.7754659652709961 -0.4271641969680786
vt 0.8226693272590637 -0.19208109378814697
vt 0.6637161374092102 -0.6113801598548889
vt 0.6740639209747314 -0.04106307029724121
vt 0.43514421582221985 -0.3351401090621948
vt 0.6148447394371033 -0.6319451928138733
vt 0.6210911870002747 -0.6167738437652588
vt 0.09981732815504074 -0.15446031093597412
vt 0.3307918906211853 -0.835357666015625
vt 0.6050966382026672 -0.6459407806396484
vt 0.07260211557149887 -0.14583206176757812
vt 0.3574942946434021 -0.8357393741607666
vt 0.6922376751899719 -0.6064741611480713
vt 0.2616446018218994 -0.4590151309967041
vt 0.43007007241249084 -0.31001847982406616
vt 0.568658709526062 -0.583152174949646
vt 0.24502402544021606 -0.896191418170929
vt 0.5571863055229187 -0.5744528770446777
vt 0.47002506256103516 -0.31572210788726807
vt 0.6363037824630737 -0.6014748215675354
vt 0.4558471739292145 -0.31912004947662354
vt 0.5366998910903931 -0.5730623602867126
vt 0.9542655348777771 -0.7298833131790161
vt 0.8957798480987549 -0.3037090301513672
vt 0.9073405861854553 -0.2957848310470581
vt 0.24502630531787872 -0.8379740118980408
vt 0.7385305762290955 -0.7778310179710388
vt 0.7272998094558716 -0.7710147500038147
vt 0.6706098914146423 -0.41494977474212646
vt 0.7160606384277344 -0.7642174959182739
vt 0.043469734489917755 -0.5588129162788391
vt 0.17420552670955658 -0.12743639945983887
vt 0.18806901574134827 -0.13324886560440063
vt 0.2010737508535385 -0.14188909530639648
vt 0.3769485056400299 -0.372721791267395
vt 0.5133029818534851 -0.4607943296432495
vt 0.48166975378990173 -0.43898022174835205
vt 0.7420156598091125 -0.1428159475326538
vt 0.3164728879928589 -0.6349228620529175
vt 0.7254590392112732 -0.31038743257522583
vt 0.3116258978843689 -0.6207078695297241
vt 0.3066953122615814 -0.6069085597991943
vt 0.5152356624603271 -0.24460291862487793
vt 0.5891932249069214 -0.15968424081802368
vt 0.5914895534515381 -0.40496182441711426
vt 0.6023743748664856 -0.15972697734832764
vt 0.936794102191925 -0.29203999042510986
vt 0.9709054827690125 -0.12549984455108643
vt 0.5759782791137695 -0.15984952449798584
vt 0.578323483467102 -0.4022364616394043
vt 0.562073826789856 -0.15923839807510376
vt 0.5646049976348877 -0.40103721618652344
vt 0.16005951166152954 -0.47648632526397705
vt 0.19217416644096375 -0.4693436622619629
vt 0.24395383894443512 -0.44385039806365967
vt 0.23461343348026276 -0.4524422883987427
vt 0.8293800950050354 -0.5412473678588867
vt 0.7495743036270142 -0.31333643198013306
vt 0.8433696627616882 -0.5334486365318298
vt 0.05690712109208107 -0.5570257902145386
vt 0.8091368675231934 -0.3598511219024658
vt 0.4127471446990967 -0.19738143682479858
vt 0.8791638016700745 -0.2547369599342346
vt 0.8812962770462036 -0.26786088943481445
vt 0.893447995185852 -0.2884405851364136
vt 0.969181478023529 -0.3277636766433716
vt 0.8762364387512207 -0.8074843287467957
vt 0.8908884525299072 -0.8068677186965942
vt 0.02164917252957821 -0.31130945682525635
vt 0.5938490629196167 -0.07790166139602661
vt 0.710418164730072 -0.3385714888572693
vt 0.007114890497177839 -0.6323291659355164
vt 0.06470722705125809 -0.3060241937637329
vt 0.016524411737918854 -0.6451389193534851
vt 0.05199950188398361 -0.3016824722290039
vt 0.6929135918617249 -0.30434322357177734
vt 0.7499867081642151 -0.21014535427093506
vt 0.29335817694664 -0.5068812966346741
vt 0.3086719512939453 -0.5382688045501709
vt 0.6556167006492615 -0.7310765981674194
vt 0.31086742877960205 -0.5527186989784241
vt 0.6470879316329956 -0.7432469725608826
vt 0.3070918917655945 -0.5234320759773254
vt 0.6630763411521912 -0.718614399433136
vt 0.2880917489528656 -0.5884383320808411
vt 0.5288524031639099 -0.26665520668029785
vt 0.8374450206756592 -0.4562894105911255
vt 0.2997150123119354 -0.5773274898529053
vt 0.6832048296928406 -0.7618106603622437
vt 0.8006924390792847 -0.16285490989685059
vt 0.3526157736778259 -0.7936137318611145
vt 0.6496796011924744 -0.6128321290016174
vt 0.6810270547866821 -0.05320864915847778
vt 0.1640845239162445 -0.13556039333343506
vt 0.4107900857925415 -0.3606290817260742
vt 0.41504600644111633 -0.35296928882598877
vt 0.4198700785636902 -0.3375626802444458
vt 0.6278745532035828 -0.6024555563926697
vt 0.08292194455862045 -0.1608080267906189
vt 0.3417820632457733 -0.8351492881774902
vt 0.3556559085845947 -0.8157299757003784
vt 0.6727336645126343 -0.6229424476623535
vt 0.35738426446914673 -0.8300544619560242
vt 0.687225341796875 -0.6209366917610168
vt 0.24964994192123413 -0.455944299697876
vt 0.23615524172782898 -0.8857005834579468
vt 0.9628961086273193 -0.7157036066055298
vt 0.5278491377830505 -0.5679210424423218
vt 0.620097279548645 -0.5894867181777954
vt 0.9594588875770569 -0.7382835745811462
vt 0.4246770739555359 -0.3217747211456299
vt 0.920884370803833 -0.28606104850769043
vt 0.25621497631073 -0.8252911567687988
vt 0.7587063908576965 -0.21757149696350098
vt 0.2301311194896698 -0.8394601345062256
vt 0.679877758026123 -0.39189791679382324
vt 0.6678526401519775 -0.402362585067749
vt 0.029889870434999466 -0.558438241481781
vt 0.5075504779815674 -0.4452551007270813
vt 0.4930851459503174 -0.4424818754196167
vt 0.7723257541656494 -0.13972216844558716
vt 0.7470216751098633 -0.15491479635238647
vt 0.32184937596321106 -0.6486963629722595
vt 0.7392038702964783 -0.30357426404953003
vt 0.30252569913864136 -0.5926334261894226
vt 0.515670120716095 -0.2594190835952759
vt 0.6158636808395386 -0.1620294451713562
vt 0.9592412114143372 -0.12809228897094727
vt 0.5287072658538818 -0.1762564778327942
vt 0.5876338481903076 -0.2916666269302368
vt 0.9677345156669617 -0.6202808618545532
vt 0.10996868461370468 -0.7614103555679321
vt 0.11962772905826569 -0.44489604234695435
vt 0.5833669900894165 -0.26986265182495117
vt 0.12433682382106781 -0.7660707831382751
vt 0.12842418253421783 -0.4596397876739502
vt 0.5385798811912537 -0.16583681106567383
vt 0.547734797000885 -0.15735989809036255
vt 0.5506407022476196 -0.4015626907348633
vt 0.13573536276817322 -0.46925878524780273
vt 0.13778425753116608 -0.7712395787239075
vt 0.1445399969816208 -0.47869575023651123
vt 0.1519874781370163 -0.7751461863517761
vt 0.21018733084201813 -0.4676554203033447
vt 0.22660887241363525 -0.4669337272644043
vt 0.17101676762104034 -0.49160611629486084
vt 0.1844426393508911 -0.4846113920211792
vt 0.7977095246315002 -0.319526731967926
vt 0.8072584867477417 -0.3315170407295227
vt 0.7865277528762817 -0.3087936043739319
vt 0.8164345622062683 -0.564790666103363
vt 0.8296756744384766 -0.5567477345466614
vt 0.8158623576164246 -0.3434363603591919
vt 0.39800071716308594 -0.19514167308807373
vt 0.748093843460083 -0.771136462688446
vt 0.8936256766319275 -0.2745457887649536
vt 0.8731147050857544 -0.8243497014045715
vt 0.9803909659385681 -0.32880735397338867
vt 0.019986778497695923 -0.5709483623504639
vt 0.9129348993301392 -0.7926315069198608
vt 0.0114282900467515 -0.5843986868858337
vt 0.9067128896713257 -0.8051490783691406
vt 0.005499952472746372 -0.619682252407074
vt 0.07674429565668106 -0.2963244915008545
vt 0.353257417678833 -0.03170669078826904
vt 0.9619082808494568 -0.3397393226623535
vt 0.04116278886795044 -0.29934656620025635
vt 0.6949165463447571 -0.31737029552459717
vt 0.6959434151649475 -0.3314375877380371
vt 0.5926127433776855 -0.0907638669013977
vt 0.7124962210655212 -0.3460434675216675
vt 0.6085396409034729 -0.09932953119277954
vt 0.28830575942993164 -0.601941704750061
vt 0.6197671294212341 -0.10506778955459595
vt 0.7504281401634216 -0.19295883178710938
vt 0.3079342842102051 -0.5121842622756958
vt 0.3114646077156067 -0.5673894286155701
vt 0.6378725171089172 -0.7544607520103455
vt 0.7782187461853027 -0.1553477644920349
vt 0.6793451309204102 -0.7766140103340149
vt 0.7845236659049988 -0.1647646427154541
vt 0.7514120936393738 -0.41868531703948975
vt 0.6795960664749146 -0.7535437345504761
vt 0.7432290315628052 -0.3969188928604126
vt 0.6533915996551514 -0.027697205543518066
vt 0.7619948387145996 -0.4309101104736328
vt 0.6589950323104858 -0.0411829948425293
vt 0.35395175218582153 -0.8004797697067261
vt 0.6573313474655151 -0.625092089176178
vt 0.33797430992126465 -0.7885910272598267
vt 0.6632528305053711 -0.05496084690093994
vt 0.32948464155197144 -0.8488216996192932
vt 0.6007692813873291 -0.6331033110618591
vt 0.6078227162361145 -0.6184329390525818
vt 0.6126593351364136 -0.60323566198349
vt 0.3587019145488739 -0.8453548550605774
vt 0.7024807333946228 -0.6160600185394287
vt 0.24455001950263977 -0.46785902976989746
vt 0.4104401469230652 -0.3105705976486206
vt 0.5686087608337402 -0.5671462416648865
vt 0.23021231591701508 -0.8984799981117249
vt 0.5556396842002869 -0.5591844916343689
vt 0.9683647751808167 -0.731070339679718
vt 0.9073866605758667 -0.2803083658218384
vt 0.23939216136932373 -0.825016438961029
vt 0.21602517366409302 -0.8429039716720581
vt 0.6903043985366821 -0.3803306818008423
vt 0.39231517910957336 -0.1822548508644104
vt 0.7397597432136536 -0.7627766132354736
vt 0.3845304250717163 -0.1708804965019226
vt 0.7316205501556396 -0.7568469047546387
vt 0.9330111145973206 -0.16102838516235352
vt 0.6556092500686646 -0.4113098382949829
vt 0.7201722264289856 -0.7510529160499573
vt 0.03491676598787308 -0.5718091130256653
vt 0.04860427975654602 -0.5714298486709595
vt 0.17812322080135345 -0.14040642976760864
vt 0.3957003951072693 -0.36191463470458984
vt 0.19188253581523895 -0.1463797688484192
vt 0.3806207776069641 -0.36466801166534424
vt 0.3669380247592926 -0.3837285041809082
vt 0.5222451686859131 -0.44589781761169434
vt 0.4911419749259949 -0.4277513027191162
vt 0.7319992184638977 -0.15546387434005737
vt 0.7621815204620361 -0.1543816328048706
vt 0.32800716161727905 -0.6234794855117798
vt 0.6071916818618774 -0.8072294592857361
vt 0.3339192867279053 -0.6369659304618835
vt 0.5996934175491333 -0.8210479021072388
vt 0.32286393642425537 -0.6095939874649048
vt 0.6146571040153503 -0.7934975624084473
vt 0.31834980845451355 -0.5960333943367004
vt 0.6226209402084351 -0.7805865406990051
vt 0.5990976095199585 -0.1495763063430786
vt 0.6020857691764832 -0.40010982751846313
vt 0.5882866382598877 -0.39446091651916504
vt 0.613006591796875 -0.14918214082717896
vt 0.6160792708396912 -0.40625476837158203
vt 0.9351778626441956 -0.27651751041412354
vt 0.9673481583595276 -0.14125537872314453
vt 0.5742679834365845 -0.3902852535247803
vt 0.5909888744354248 -0.2826816439628601
vt 0.9570907950401306 -0.6124486923217773
vt 0.5595426559448242 -0.3894813060760498
vt 0.15161632001399994 -0.48978304862976074
vt 0.20077387988567352 -0.4810267686843872
vt 0.7642425894737244 -0.3081655502319336
vt 0.8440032005310059 -0.5490086674690247
vt 0.32570576667785645 -0.663127601146698
vt 0.7536662817001343 -0.2983158230781555
vt 0.06137590482831001 -0.5668402910232544
vt 0.8243356347084045 -0.3550450801849365
vt 0.8930160403251648 -0.2604283094406128
vt 0.4089440703392029 -0.1831800937652588
vt 0.8928504586219788 -0.2484215497970581
vt 0.8811991214752197 -0.836847722530365
vt 0.9781748056411743 -0.3436833620071411
vt 0.8857951164245605 -0.8206175565719604
vt 0.004442973528057337 -0.5996681451797485
vt 0.9009189605712891 -0.8192599415779114
vt 0.6976683139801025 -0.34384918212890625
vt 0.016912834718823433 -0.6320715546607971
vt 0.027577444911003113 -0.6445811986923218
vt 0.6816843748092651 -0.30901169776916504
vt 0.26104211807250977 -0.8118569254875183
vt 0.28653207421302795 -0.6197673678398132
vt 0.7638159394264221 -0.20376545190811157
vt 0.3080613613128662 -0.499165415763855
vt 0.6608905792236328 -0.7450070381164551
vt 0.6694605350494385 -0.7333246469497681
vt 0.71857750415802 -0.38853979110717773
vt 0.6524664163589478 -0.7563605904579163
vt 0.3211989402770996 -0.5155314207077026
vt 0.6759315729141235 -0.7235310077667236
vt 0.3139176368713379 -0.5822311639785767
vt 0.6305125951766968 -0.7674818634986877
vt 0.6744065880775452 -0.767793595790863
vt 0.7398191094398499 -0.40689408779144287
vt 0.3513794243335724 -0.7826958894729614
vt 0.6390809416770935 -0.6236759424209595
vt 0.3996216058731079 -0.35444045066833496
vt 0.4042474627494812 -0.3403451442718506
vt 0.40818148851394653 -0.3238949775695801
vt 0.346154123544693 -0.8494842052459717
vt 0.36790764331817627 -0.8222121596336365
vt 0.3663044273853302 -0.8072658777236938
vt 0.3688164949417114 -0.8369970917701721
vt 0.22096458077430725 -0.8857153654098511
vt 0.9779828786849976 -0.7157367467880249
vt 0.3394443094730377 -0.891007661819458
vt 0.6034610867500305 -0.5901996493339539
vt 0.9746087193489075 -0.7445710897445679
vt 0.9195672869682312 -0.27206647396087646
vt 0.24879439175128937 -0.8113721609115601
vt 0.22410008311271667 -0.8287984728813171
vt 0.6202808618545532 -0.6584903001785278
vt 0.7017298936843872 -0.37430310249328613
vt 0.6645542979240417 -0.387981653213501
vt 0.6757888793945312 -0.3772578239440918
vt 0.6524900794029236 -0.39766180515289307
vt 0.36578884720802307 -0.36899030208587646
vt 0.5295180678367615 -0.45848190784454346
vt 0.505914568901062 -0.05509328842163086
vt 0.5161910057067871 -0.4321802854537964
vt 0.5 -0.04293280839920044
vt 0.5017820596694946 -0.4309021234512329
vt 0.7209559082984924 -0.16133975982666016
vt 0.751650869846344 -0.16684603691101074
vt 0.7371002435684204 -0.1679663062095642
vt 0.33910319209098816 -0.650567889213562
vt 0.5909032821655273 -0.8341635465621948
vt 0.626713216304779 -0.14884346723556519
vt 0.629855215549469 -0.4120561480522156
vt 0.6282431483268738 -0.15509283542633057
vt 0.9518609642982483 -0.1409304141998291
vt 0.5248609185218811 -0.16232669353485107
vt 0.966248631477356 -0.6060124039649963
vt 0.09748456627130508 -0.7687981724739075
vt 0.5976763367652893 -0.27051234245300293
vt 0.11466261744499207 -0.7757638096809387
vt 0.1262502670288086 -0.7795132398605347
vt 0.533509373664856 -0.15433311462402344
vt 0.5369484424591064 -0.4034740924835205
vt 0.5448138117790222 -0.39067721366882324
vt 0.12944334745407104 -0.47679662704467773
vt 0.14003105461597443 -0.7829807996749878
vt 0.1360478699207306 -0.4924253225326538
vt 0.21644152700901031 -0.4789924621582031
vt 0.37978309392929077 -0.3071795701980591
vt 0.23162910342216492 -0.47727763652801514
vt 0.39431124925613403 -0.3133869171142578
vt 0.1582663506269455 -0.5001319646835327
vt 0.17792508006095886 -0.5012437701225281
vt 0.33455896377563477 -0.2971264123916626
vt 0.19046233594417572 -0.49336564540863037
vt 0.3495374321937561 -0.3053025007247925
vt 0.813714861869812 -0.316831111907959
vt 0.8026867508888245 -0.3036003112792969
vt 0.8137453198432922 -0.5811281800270081
vt 0.8228766322135925 -0.32922494411468506
vt 0.8287177681922913 -0.5722098350524902
vt 0.779029905796051 -0.30220985412597656
vt 0.843524694442749 -0.564662516117096
vt 0.831224799156189 -0.3416382074356079
vt 0.9067321419715881 -0.2670193910598755
vt 0.026789402589201927 -0.5842962861061096
vt 0.017524052411317825 -0.5965370535850525
vt 0.9105743169784546 -0.8169271349906921
vt 0.35500895977020264 -0.0479772686958313
vt 0.9689726829528809 -0.353607714176178
vt 0.6831062436103821 -0.3233550786972046
vt 0.6842117309570312 -0.3386729955673218
vt 0.5801756381988525 -0.08751839399337769
vt 0.6050453186035156 -0.6547613739967346
vt 0.700034499168396 -0.35918092727661133
vt 0.5945691466331482 -0.10738366842269897
vt 0.2730461359024048 -0.5963405966758728
vt 0.6088278889656067 -0.11558479070663452
vt 0.2781714200973511 -0.6105825901031494
vt 0.7638159394264221 -0.1894775629043579
vt 0.32199692726135254 -0.5053191184997559
vt 0.6212990880012512 -0.7549954056739807
vt 0.6853148341178894 -0.717307448387146
vt 0.645630955696106 -0.7693340182304382
vt 0.6742900013923645 -0.7910909056663513
vt 0.7680791020393372 -0.16541516780853271
vt 0.668883204460144 -0.7821667194366455
vt 0.7372496724128723 -0.4218806028366089
vt 0.6403276920318604 -0.028905808925628662
vt 0.7466616034507751 -0.43228089809417725
vt 0.6676457524299622 -0.7573365569114685
vt 0.6757312417030334 -0.7452859878540039
vt 0.7286911606788635 -0.39611101150512695
vt 0.319760799407959 -0.777721643447876
vt 0.6451260447502136 -0.039698898792266846
vt 0.7515043020248413 -0.44084441661834717
vt 0.32763591408729553 -0.7799313068389893
vt 0.6494337916374207 -0.05311816930770874
vt 0.3649052083492279 -0.7920428514480591
vt 0.3374966084957123 -0.7727183699607849
vt 0.32682400941848755 -0.8630013465881348
vt 0.5978283882141113 -0.6198158860206604
vt 0.33173859119415283 -0.8783652782440186
vt 0.5985451936721802 -0.6039521098136902
vt 0.33351948857307434 -0.8544313311576843
vt 0.35965609550476074 -0.8593375086784363
vt 0.3688569962978363 -0.8517813682556152
vt 0.5685204267501831 -0.5514049530029297
vt 0.21400587260723114 -0.9009361863136292
vt 0.36961430311203003 -0.8948703408241272
vt 0.555905818939209 -0.542732298374176
vt 0.35229238867759705 -0.885583758354187
vt 0.9861161112785339 -0.7305940389633179
vt 0.23155377805233002 -0.8126704692840576
vt 0.9445017576217651 -0.9787177443504333
vt 0.6870495080947876 -0.36760807037353516
vt 0.3897641599178314 -0.16562354564666748
vt 0.9393845796585083 -0.165749192237854
vt 0.6403276920318604 -0.14717626571655273
vt 0.6436815857887268 -0.4182090759277344
vt 0.7359592318534851 -0.7453737854957581
vt 0.9445813298225403 -0.15396058559417725
vt 0.6409633159637451 -0.405603289604187
vt 0.04439125582575798 -0.5845864415168762
vt 0.41179409623146057 -0.03170669078826904
vt 0.057848211377859116 -0.582196056842804
vt 0.834122359752655 -0.36632323265075684
vt 0.38444292545318604 -0.35682475566864014
vt 0.3695458471775055 -0.36039745807647705
vt 0.3547211289405823 -0.37846052646636963
vt 0.5370692014694214 -0.4457554817199707
vt 0.5122470855712891 -0.06813061237335205
vt 0.5314379334449768 -0.43272626399993896
vt 0.7228372097015381 -0.16758447885513306
vt 0.615008533000946 -0.8203274011611938
vt 0.6224741339683533 -0.8068127036094666
vt 0.6075750589370728 -0.8343374133110046
vt 0.630255937576294 -0.793958842754364
vt 0.6384419798851013 -0.782368540763855
vt 0.613054096698761 -0.3928639888763428
vt 0.5990505814552307 -0.3855322599411011
vt 0.11241540312767029 -0.8737700581550598
vt 0.5837105512619019 -0.3759819269180298
vt 0.6269897818565369 -0.39965200424194336
vt 0.9322981238365173 -0.26376211643218994
vt 0.9652885794639587 -0.15489894151687622
vt 0.09719070792198181 -0.8780224919319153
vt 0.5680777430534363 -0.37623393535614014
vt 0.5156888365745544 -0.17171728610992432
vt 0.9772457480430603 -0.6099644303321838
vt 0.6048969030380249 -0.28247570991516113
vt 0.9529415965080261 -0.6038423180580139
vt 0.08177284896373749 -0.8792855739593506
vt 0.5529656410217285 -0.3769592046737671
vt 0.14262787997722626 -0.5023043751716614
vt 0.20496432483196259 -0.4893147945404053
vt 0.36453768610954285 -0.31069350242614746
vt 0.16514699161052704 -0.50910484790802
vt 0.3299020528793335 -0.6776183247566223
vt 0.7679604887962341 -0.29239678382873535
vt 0.3429022431373596 -0.6644453406333923
vt 0.5815390944480896 -0.8465337157249451
vt 0.7547728419303894 -0.2805122137069702
vt 0.6002883911132812 -0.30882012844085693
vt 0.8397170305252075 -0.3539842367172241
vt 0.9049615859985352 -0.2518792152404785
vt 0.4051271378993988 -0.16768985986709595
vt 0.9079552888870239 -0.2424701452255249
vt 0.8954309225082397 -0.8328074812889099
vt 0.01210025418549776 -0.6105878949165344
vt 0.9083749651908875 -0.8307361006736755
vt 0.01848248951137066 -0.622089684009552
vt 0.3630453646183014 -0.03872489929199219
vt 0.8932101726531982 -0.8472199440002441
vt 0.9809681177139282 -0.3585718870162964
vt 0.6868483424186707 -0.3540083169937134
vt 0.5836235284805298 -0.10266923904418945
vt 0.030557435005903244 -0.6302177309989929
vt 0.04104490205645561 -0.6421782970428467
vt 0.669244110584259 -0.31597113609313965
vt 0.25058794021606445 -0.7993341088294983
vt 0.2709304094314575 -0.623353123664856
vt 0.3215457797050476 -0.49144744873046875
vt 0.6812628507614136 -0.7394378185272217
vt 0.7166321277618408 -0.40483319759368896
vt 0.6609256863594055 -0.7703997492790222
vt 0.33812040090560913 -0.5102456212043762
vt 0.6898866295814514 -0.7328638434410095
vt 0.7261655926704407 -0.4133032560348511
vt 0.3630918264389038 -0.7766963839530945
vt 0.3492843210697174 -0.7672713398933411
vt 0.3884269893169403 -0.34297502040863037
vt 0.39211052656173706 -0.3270547389984131
vt 0.3445517420768738 -0.8639925122261047
vt 0.38085150718688965 -0.8287838101387024
vt 0.38143569231033325 -0.8436278700828552
vt 0.2081185281276703 -0.8857005834579468
vt 0.36596059799194336 -0.8795416355133057
vt 0.9907459020614624 -0.7157036066055298
vt 0.3410232961177826 -0.8772146105766296
vt 0.9176637530326843 -0.25682151317596436
vt 0.2394620031118393 -0.7981578707695007
vt 0.2186281979084015 -0.8117881417274475
vt 0.6202808618545532 -0.6756100654602051
vt 0.9395958781242371 -0.966744601726532
vt 0.6617981791496277 -0.37209856510162354
vt 0.6500171422958374 -0.38199305534362793
vt 0.6733380556106567 -0.36211252212524414
vt 0.6382900476455688 -0.39126384258270264
vt 0.3543500304222107 -0.36380910873413086
vt 0.5146418213844299 -0.047400474548339844
vt 0.710058867931366 -0.1722872257232666
vt 0.5207793712615967 -0.060191214084625244
vt 0.6644288301467896 -0.7974132895469666
vt 0.7575591802597046 -0.1673559546470642
vt 0.6595739126205444 -0.8134186863899231
vt 0.7398091554641724 -0.17015546560287476
vt 0.6622185111045837 -0.8292510509490967
vt 0.7256417274475098 -0.17420274019241333
vt 0.598775327205658 -0.8465988039970398
vt 0.7426170110702515 -0.2710670828819275
vt 0.5198622345924377 -0.15056359767913818
vt 0.5239636301994324 -0.4072176218032837
vt 0.5110512375831604 -0.15998762845993042
vt 0.10258286446332932 -0.7826672792434692
vt 0.9639489650726318 -0.5930088758468628
vt 0.1089165136218071 -0.7922741770744324
vt 0.9759519100189209 -0.5966631770133972
vt 0.08783769607543945 -0.7799122333526611
vt 0.6122621297836304 -0.27322232723236084
vt 0.9490484595298767 -0.5914134383201599
vt 0.116485096514225 -0.7900111079216003
vt 0.9808441996574402 -0.5914134383201599
vt 0.11365240067243576 -0.4782407283782959
vt 0.12937583029270172 -0.7934852838516235
vt 0.994755208492279 -0.5958868265151978
vt 0.5308592319488525 -0.3937258720397949
vt 0.06651046872138977 -0.8787984251976013
vt 0.5384396314620972 -0.3774164915084839
vt 0.1199965700507164 -0.4924929141998291
vt 0.12684985995292664 -0.5036357045173645
vt 0.378558486700058 -0.3176844120025635
vt 0.149497851729393 -0.5128132700920105
vt 0.3344704508781433 -0.3095911741256714
vt 0.17475566267967224 -0.5170856714248657
vt 0.32429060339927673 -0.2992625832557678
vt 0.4783494770526886 -0.16642111539840698
vt 0.348908007144928 -0.31570684909820557
vt 0.8210477828979492 -0.3039815425872803
vt 0.560720682144165 -0.30434322357177734
vt 0.8294929265975952 -0.3166038393974304
vt 0.826675534248352 -0.5873932242393494
vt 0.8945211172103882 -0.20892035961151123
vt 0.5741055011749268 -0.3103805184364319
vt 0.8370042443275452 -0.3298991918563843
vt 0.23518382012844086 -0.18467503786087036
vt 0.7939960360527039 -0.29649925231933594
vt 0.8423202633857727 -0.5802809596061707
vt 0.7822036743164062 -0.2862175703048706
vt 0.5880733132362366 -0.3159130811691284
vt 0.8438908457756042 -0.3437371253967285
vt 0.035182688385248184 -0.5983113646507263
vt 0.39872878789901733 -0.042095720767974854
vt 0.02611164003610611 -0.6070334315299988
vt 0.3910798132419586 -0.053184568881988525
vt 0.9209829568862915 -0.8287761807441711
vt 0.35610082745552063 -0.06169438362121582
vt 0.9741755127906799 -0.3658132553100586
vt 0.365946501493454 -0.05121427774429321
vt 0.6706058382987976 -0.33139151334762573
vt 0.6720700263977051 -0.34682655334472656
vt 0.34844619035720825 -0.9706990718841553
vt 0.5768612027168274 -0.10312485694885254
vt 0.6090093851089478 -0.6699310541152954
vt 0.9474447965621948 -0.9651259779930115
vt 0.5822834372520447 -0.11704164743423462
vt 0.25712358951568604 -0.5954228043556213
vt 0.5958235859870911 -0.12477320432662964
vt 0.2645130157470703 -0.6090499758720398
vt 0.33483457565307617 -0.4971069097518921
vt 0.6143884658813477 -0.741378664970398
vt 0.6548038125038147 -0.7843075394630432
vt 0.6291014552116394 -0.7425078749656677
vt 0.6988182067871094 -0.7250127792358398
vt 0.318776935338974 -0.7525407671928406
vt 0.7265055775642395 -0.42935729026794434
vt 0.7409358620643616 -0.43165087699890137
vt 0.32610058784484863 -0.7662605047225952
vt 0.7395564913749695 -0.44226527214050293
vt 0.3388219475746155 -0.7553585767745972
vt 0.33468151092529297 -0.8670880198478699
vt 0.36649012565612793 -0.8663502931594849
vt 0.35362508893013 -0.8717921376228333
vt 0.3815872073173523 -0.8584710955619812
vt 0.38166558742523193 -0.8890276551246643
vt 0.5694730877876282 -0.5368861556053162
vt 0.22267785668373108 -0.8008964657783508
vt 0.9289137721061707 -0.9759476780891418
vt 0.9576579332351685 -0.16639870405197144
vt 0.3986009359359741 -0.1527484655380249
vt 0.9495852589607239 -0.1794537901878357
vt 0.0540178082883358 -0.5971364378929138
vt 0.8429446816444397 -0.378254771232605
vt 0.6141406297683716 -0.31280791759490967
vt 0.8487013578414917 -0.36651289463043213
vt 0.37277230620384216 -0.34667861461639404
vt 0.35738199949264526 -0.35150641202926636
vt 0.5470837354660034 -0.4332296848297119
vt 0.34247317910194397 -0.37250882387161255
vt 0.5511821508407593 -0.4466085433959961
vt 0.7461748123168945 -0.10023283958435059
vt 0.5256258845329285 -0.07510757446289062
vt 0.5406810641288757 -0.4203590154647827
vt 0.6597059965133667 -0.8435325622558594
vt 0.7107405662536621 -0.17921292781829834
vt 0.6288444399833679 -0.8181023597717285
vt 0.6218079328536987 -0.8318858742713928
vt 0.6359849572181702 -0.8043714165687561
vt 0.6137882471084595 -0.8460745811462402
vt 0.6499572992324829 -0.800237238407135
vt 0.624362587928772 -0.3847910165786743
vt 0.6105279326438904 -0.37798750400543213
vt 0.12429973483085632 -0.8662722706794739
vt 0.5971482992172241 -0.37070631980895996
vt 0.9466067552566528 -0.8509571552276611
vt 0.10351847112178802 -0.8615437150001526
vt 0.9288580417633057 -0.24996906518936157
vt 0.9671674370765686 -0.1711544394493103
vt 0.08829958736896515 -0.8632153272628784
vt 0.10356074571609497 -0.4696894884109497
vt 0.5032706260681152 -0.17128980159759521
vt 0.9879369139671326 -0.601699709892273
vt 0.07367029041051865 -0.8641768097877502
vt 0.13336996734142303 -0.5138496160507202
vt 0.36277303099632263 -0.32247358560562134
vt 0.15629050135612488 -0.5218406319618225
vt 0.47798365354537964 -0.1849423050880432
vt 0.521650493144989 -0.21877098083496094
vt 0.8135772943496704 -0.5951905250549316
vt 0.813858687877655 -0.29051780700683594
vt 0.878483772277832 -0.2147594690322876
vt 0.34844619035720825 -0.6780157089233398
vt 0.7683612704277039 -0.27361345291137695
vt 0.7564045786857605 -0.2634706497192383
vt 0.602392315864563 -0.3211348056793213
vt 0.4119472801685333 -0.15618860721588135
vt 0.9158865213394165 -0.24009066820144653
vt 0.9058265089988708 -0.844581127166748
vt 0.382943719625473 -0.0667601227760315
vt 0.920143187046051 -0.8423550724983215
vt 0.0325649231672287 -0.6139019727706909
vt 0.37996476888656616 -0.03901022672653198
vt 0.3590865433216095 -0.07677334547042847
vt 0.9057559370994568 -0.861644446849823
vt 0.98272705078125 -0.37731361389160156
vt 0.36287984251976013 -0.9706990718841553
vt 0.5701872110366821 -0.11190354824066162
vt 0.9710111618041992 -0.9578691124916077
vt 0.043009042739868164 -0.6277074813842773
vt 0.6549877524375916 -0.3105814456939697
vt 0.6565514802932739 -0.3248109817504883
vt 0.24134089052677155 -0.7868503332138062
vt 0.25648200511932373 -0.6235595941543579
vt 0.3345526456832886 -0.48278796672821045
vt 0.3248800039291382 -0.7395538687705994
vt 0.6940219402313232 -0.7487520575523376
vt 0.7140999436378479 -0.42414337396621704
vt 0.3487791419029236 -0.7423328161239624
vt 0.6227619051933289 -0.7273130416870117
vt 0.7116943001747131 -0.7275968194007874
vt 0.3624165654182434 -0.7615398168563843
vt 0.3496870994567871 -0.7535787224769592
vt 0.6291014552116394 -0.7124962210655212
vt 0.3761967718601227 -0.3313405513763428
vt 0.38124319911003113 -0.8732437491416931
vt 0.22875753045082092 -0.7868006229400635
vt 0.2454655021429062 -0.6331108212471008
vt 0.3577166199684143 -0.9827271103858948
vt 0.9325107932090759 -0.9573996663093567
vt 0.9589547514915466 -0.9532257318496704
vt 0.2076263725757599 -0.8023846745491028
vt 0.9246890544891357 -0.960847795009613
vt 0.6597076654434204 -0.3563108444213867
vt 0.647778332233429 -0.3662915825843811
vt 0.635927677154541 -0.37593692541122437
vt 0.03934626653790474 -0.598620593547821
vt 0.3967544138431549 -0.03489220142364502
vt 0.34220099449157715 -0.35769331455230713
vt 0.5299679040908813 -0.052103281021118164
vt 0.6640850901603699 -0.8578535914421082
vt 0.6988643407821655 -0.18390172719955444
vt 0.5348559617996216 -0.06480228900909424
vt 0.6529451012611389 -0.8289852142333984
vt 0.6095060706138611 -0.853476881980896
vt 0.11796686798334122 -0.8583816289901733
vt 0.9345610737800598 -0.8488144874572754
vt 0.07696501910686493 -0.4604719877243042
vt 0.506659984588623 -0.14717626571655273
vt 0.5113899111747742 -0.41121387481689453
vt 0.06926656514406204 -0.44887590408325195
vt 0.5181540250778198 -0.39867496490478516
vt 0.08654315024614334 -0.4722599983215332
vt 0.49839627742767334 -0.155620276927948
vt 0.10451580584049225 -0.4938391447067261
vt 0.522925078868866 -0.38403284549713135
vt 0.05375439673662186 -0.41724729537963867
vt 0.06274964660406113 -0.8626286387443542
vt 0.11018695682287216 -0.5031247735023499
vt 0.11722662299871445 -0.5134037733078003
vt 0.13959015905857086 -0.5239850878715515
vt 0.4783494770526886 -0.20186203718185425
vt 0.32056519389152527 -0.31418758630752563
vt 0.33369961380958557 -0.3217322826385498
vt 0.4648077189922333 -0.18014585971832275
vt 0.3470766544342041 -0.32860124111175537
vt 0.8294020891189575 -0.2916555404663086
vt 0.5479369759559631 -0.3090662360191345
vt 0.8355926871299744 -0.304329514503479
vt 0.5607717633247375 -0.31803441047668457
vt 0.23431457579135895 -0.19948619604110718
vt 0.8402001261711121 -0.5952487587928772
vt 0.8251522183418274 -0.6013194918632507
vt 0.8932809829711914 -0.2225247621536255
vt 0.575221836566925 -0.32468175888061523
vt 0.24780313670635223 -0.19138175249099731
vt 0.7987502813339233 -0.2829247713088989
vt 0.26104211807250977 -0.18245857954025269
vt 0.7869583368301392 -0.27182942628860474
vt 0.5925450921058655 -0.8544342517852783
vt 0.7467222809791565 -0.2609999179840088
vt 0.5902221202850342 -0.3298252820968628
vt 0.38085609674453735 -0.05302727222442627
vt 0.3704223930835724 -0.06571626663208008
vt 0.6581340432167053 -0.3405250310897827
vt 0.24106627702713013 -0.5954228043556213
vt 0.5823207497596741 -0.13356417417526245
vt 0.5681148171424866 -0.1249116063117981
vt 0.2492254376411438 -0.6080856323242188
vt 0.34844619035720825 -0.48886048793792725
vt 0.3487493097782135 -0.7293424606323242
vt 0.6090545654296875 -0.7265658974647522
vt 0.3355640769004822 -0.7401362657546997
vt 0.7083902359008789 -0.7404317259788513
vt 0.320261150598526 -0.7572854161262512
vt 0.7294812202453613 -0.4417908191680908
vt 0.32875603437423706 -0.7498653531074524
vt 0.21272894740104675 -0.7904871106147766
vt 0.9643416404724121 -0.17287588119506836
vt 0.4066952168941498 -0.14221519231796265
vt 0.9605715870857239 -0.18852567672729492
vt 0.048199135810136795 -0.612151563167572
vt 0.06137590482831001 -0.6094996929168701
vt 0.6282479763031006 -0.3158160448074341
vt 0.857634961605072 -0.3789173364639282
vt 0.6166288256645203 -0.3256359100341797
vt 0.3601677417755127 -0.3366668224334717
vt 0.34469473361968994 -0.34340202808380127
vt 0.5622755289077759 -0.4342231750488281
vt 0.737160325050354 -0.11243665218353271
vt 0.5300926566123962 -0.09148967266082764
vt 0.5584448575973511 -0.4212292432785034
vt 0.33037009835243225 -0.3657747507095337
vt 0.7337952852249146 -0.09737056493759155
vt 0.5387797951698303 -0.08132880926132202
vt 0.6540018916130066 -0.8574761748313904
vt 0.6442549228668213 -0.816124439239502
vt 0.6464548110961914 -0.8432174324989319
vt 0.6376734375953674 -0.8302239179611206
vt 0.630437970161438 -0.8440436720848083
vt 0.6234356760978699 -0.8579408526420593
vt 0.6220786571502686 -0.3698476552963257
vt 0.11510134488344193 -0.550665020942688
vt 0.6076450347900391 -0.3635050058364868
vt 0.9474447965621948 -0.8623465299606323
vt 0.11991257965564728 -0.5561310648918152
vt 0.9396785497665405 -0.8612932562828064
vt 0.9571051001548767 -0.8641795516014099
vt 0.11143961548805237 -0.8470029830932617
vt 0.5045166611671448 -0.5624045133590698
vt 0.09383624792098999 -0.850788950920105
vt 0.5096225738525391 -0.547310471534729
vt 0.9850093722343445 -0.26665520668029785
vt 0.414114773273468 -0.14304262399673462
vt 0.9267374277114868 -0.23579472303390503
vt 0.07983174175024033 -0.8505873680114746
vt 0.09581586718559265 -0.48333609104156494
vt 0.05538793280720711 -0.8758049011230469
vt 0.06481052190065384 -0.42614269256591797
vt 0.5288164019584656 -0.3703044056892395
vt 0.06521467119455338 -0.8513050079345703
vt 0.12320227175951004 -0.5240561962127686
vt 0.4776347577571869 -0.21824979782104492
vt 0.46651363372802734 -0.19536882638931274
vt 0.312568724155426 -0.30676889419555664
vt 0.46374717354774475 -0.17041027545928955
vt 0.8239206671714783 -0.28017592430114746
vt 0.5125207304954529 -0.22257769107818604
vt 0.8806854486465454 -0.230243980884552
vt 0.7788203358650208 -0.26333796977996826
vt 0.7691883444786072 -0.2557731866836548
vt 0.5890565514564514 -0.8695063591003418
vt 0.7586507201194763 -0.25125861167907715
vt 0.6048288941383362 -0.335659384727478
vt 0.36965036392211914 -0.0798189640045166
vt 0.9155311584472656 -0.8588219285011292
vt 0.5532911419868469 -0.11700713634490967
vt 0.9715009331703186 -0.9473865628242493
vt 0.058016497641801834 -0.6243734955787659
vt 0.6425317525863647 -0.319515585899353
vt 0.6442444920539856 -0.33477896451950073
vt 0.2402697205543518 -0.6220620274543762
vt 0.34762057662010193 -0.4721224308013916
vt 0.36282792687416077 -0.7291558384895325
vt 0.36296820640563965 -0.7459095120429993
vt 0.3497973084449768 -0.7384722828865051
vt 0.6144853234291077 -0.7153722047805786
vt 0.21754345297813416 -0.77829509973526
vt 0.23151524364948273 -0.6311419606208801
vt 0.9207248091697693 -0.9431388974189758
vt 0.9546615481376648 -0.9416313171386719
vt 0.1984199583530426 -0.793351411819458
vt 0.9107404351234436 -0.9564927220344543
vt 0.6459359526634216 -0.35050129890441895
vt 0.633927583694458 -0.3606032133102417
vt 0.32936757802963257 -0.3505098819732666
vt 0.5388606786727905 -0.05207318067550659
vt 0.6609819531440735 -0.8656103610992432
vt 0.5463649034500122 -0.06685525178909302
vt 0.6212164163589478 -0.8662390112876892
vt 0.6038914322853088 -0.8667800426483154
vt 0.12752753496170044 -0.8457881212234497
vt 0.9274324774742126 -0.8639283776283264
vt 0.9386241436004639 -0.24118858575820923
vt 0.971025288105011 -0.17935311794281006
vt 0.06430156528949738 -0.4626142978668213
vt 0.506415069103241 -0.40425461530685425
vt 0.0722828358411789 -0.47406357526779175
vt 0.05837051570415497 -0.45217275619506836
vt 0.5112773180007935 -0.39064502716064453
vt 0.08109871298074722 -0.48629820346832275
vt 0.08985523879528046 -0.4978119134902954
vt 0.0973762646317482 -0.5064879655838013
vt 0.05450105667114258 -0.44265663623809814
vt 0.514672577381134 -0.3763763904571533
vt 0.040805112570524216 -0.42478787899017334
vt 0.05309931933879852 -0.852077066898346
vt 0.0525735579431057 -0.43060266971588135
vt 0.10175896435976028 -0.5147799849510193
vt 0.10614170134067535 -0.5230720043182373
vt 0.4771961569786072 -0.2353852391242981
vt 0.4640520215034485 -0.21015602350234985
vt 0.3068050444126129 -0.3201075792312622
vt 0.31872180104255676 -0.32778167724609375
vt 0.33166638016700745 -0.33553361892700195
vt 0.2984001636505127 -0.3140295743942261
vt 0.4510911703109741 -0.17909687757492065
vt 0.45523566007614136 -0.1935502290725708
vt 0.521650493144989 -0.2052987813949585
vt 0.8184854388237 -0.271697998046875
vt 0.8367170691490173 -0.2787662148475647
vt 0.5345138311386108 -0.3113057613372803
vt 0.8415557742118835 -0.29049164056777954
vt 0.5445452928543091 -0.3221888542175293
vt 0.5624337792396545 -0.33491814136505127
vt 0.8705757260322571 -0.17012149095535278
vt 0.24622392654418945 -0.20606744289398193
vt 0.49050939083099365 -0.21035081148147583
vt 0.23297658562660217 -0.21292972564697266
vt 0.4871700704097748 -0.22843092679977417
vt 0.8371992111206055 -0.6087220311164856
vt 0.5003647804260254 -0.23818576335906982
vt 0.8241981863975525 -0.615012526512146
vt 0.8945211172103882 -0.23618406057357788
vt 0.5780146718025208 -0.3383232355117798
vt 0.8820887207984924 -0.18153303861618042
vt 0.26104211807250977 -0.19854474067687988
vt 0.4950758218765259 -0.19044798612594604
vt 0.8029543161392212 -0.26761603355407715
vt 0.7926430702209473 -0.2603745460510254
vt 0.5921720862388611 -0.3444410562515259
vt 0.8929175734519958 -0.19207239151000977
vt 0.22601529955863953 -0.5969640612602234
vt 0.5685212016105652 -0.14023971557617188
vt 0.23222558200359344 -0.607815146446228
vt 0.5538506507873535 -0.1325567364692688
vt 0.20328199863433838 -0.7797476649284363
vt 0.4158034324645996 -0.13354432582855225
vt 0.9332887530326843 -0.22896718978881836
vt 0.9731045961380005 -0.19448667764663696
vt 0.6304744482040405 -0.3299233317375183
vt 0.6186279058456421 -0.34088611602783203
vt 0.7238383293151855 -0.10980409383773804
vt 0.5737723112106323 -0.42293453216552734
vt 0.7281323075294495 -0.12359505891799927
vt 0.5411695837974548 -0.10146945714950562
vt 0.5693610310554504 -0.40778470039367676
vt 0.7060219049453735 -0.8886763453483582
vt 0.7320252656936646 -0.13953256607055664
vt 0.31636103987693787 -0.35737717151641846
vt 0.7205055952072144 -0.08905833959579468
vt 0.5477533340454102 -0.05204308032989502
vt 0.657878577709198 -0.8733672499656677
vt 0.5503337383270264 -0.07964098453521729
vt 0.639596700668335 -0.8574029803276062
vt 0.6322012543678284 -0.8725519180297852
vt 0.6198795437812805 -0.35542958974838257
vt 0.11991257965564728 -0.5408954620361328
vt 0.6034701466560364 -0.3531109094619751
vt 0.9027315974235535 -0.20009976625442505
vt 0.9715009331703186 -0.8600406646728516
vt 0.9340861439704895 -0.8773084282875061
vt 0.9555127620697021 -0.8795391321182251
vt 0.12210536748170853 -0.8322246670722961
vt 0.5060595273971558 -0.5802092552185059
vt 0.494414359331131 -0.5565012097358704
vt 0.9757888913154602 -0.2613030672073364
vt 0.08929388970136642 -0.8349332213401794
vt 0.9955570697784424 -0.252627968788147
vt 0.07516586035490036 -0.8363679051399231
vt 0.028716491535305977 -0.4166053533554077
vt 0.06087519973516464 -0.8378115296363831
vt 0.6026397347450256 -0.5521217584609985
vt 0.46472930908203125 -0.22684168815612793
vt 0.8305565118789673 -0.26777446269989014
vt 0.5048704743385315 -0.20325011014938354
vt 0.4960189163684845 -0.22091174125671387
vt 0.7838050723075867 -0.2517296075820923
vt 0.5809535980224609 -0.8822970390319824
vt 0.7724211812019348 -0.24580729007720947
vt 0.5952003598213196 -0.8818714022636414
vt 0.537977933883667 -0.11389416456222534
vt 0.9681880474090576 -0.9334775805473328
vt 0.5394208431243896 -0.1261972188949585
vt 0.6322810649871826 -0.34542781114578247
vt 0.2120445817708969 -0.7702310085296631
vt 0.22283673286437988 -0.6233494877815247
vt 0.18729674816131592 -0.7972402572631836
vt 0.9095613956451416 -0.9440341591835022
vt 0.1885513812303543 -0.7839160561561584
vt 0.31688961386680603 -0.34195947647094727
vt 0.7250325083732605 -0.1006540060043335
vt 0.5538008809089661 -0.09039467573165894
vt 0.6914727091789246 -0.894478440284729
vt 0.5585275292396545 -0.06674444675445557
vt 0.6469027996063232 -0.871455192565918
vt 0.6279172301292419 -0.8799598217010498
vt 0.6116251349449158 -0.8795541524887085
vt 0.49294763803482056 -0.07131993770599365
vt 0.918781578540802 -0.19959014654159546
vt 0.9684803485870361 -0.8733725547790527
vt 0.1378469467163086 -0.8332838416099548
vt 0.920234739780426 -0.8797491192817688
vt 0.49413439631462097 -0.5721622705459595
vt 0.9767723679542542 -0.2538471817970276
vt 0.05960766598582268 -0.4744236469268799
vt 0.0518011674284935 -0.46243155002593994
vt 0.06728755682706833 -0.48798680305480957
vt 0.04580986872315407 -0.4511343240737915
vt 0.07498049736022949 -0.5017868876457214
vt 0.08649295568466187 -0.5149333477020264
vt 0.47438982129096985 -0.2546807527542114
vt 0.04121590405702591 -0.4396246671676636
vt 0.02609352394938469 -0.43368959426879883
vt 0.6194790005683899 -0.5521217584609985
vt 0.787225604057312 -0.6411094069480896
vt 0.46435821056365967 -0.24437719583511353
vt 0.450591117143631 -0.21941441297531128
vt 0.4469297528266907 -0.20594316720962524
vt 0.29087626934051514 -0.3247213363647461
vt 0.3034857213497162 -0.3336430788040161
vt 0.2807788550853729 -0.31901228427886963
vt 0.4419408440589905 -0.19363409280776978
vt 0.8223595023155212 -0.2575077414512634
vt 0.5218021869659424 -0.31164276599884033
vt 0.8485283851623535 -0.27631229162216187
vt 0.8434435725212097 -0.26491379737854004
vt 0.5294682383537292 -0.3236202001571655
vt 0.552513837814331 -0.33371037244796753
vt 0.8703967332839966 -0.15701329708099365
vt 0.88657146692276 -0.16661351919174194
vt 0.9458410143852234 -0.2549583911895752
vt 0.48843610286712646 -0.24019336700439453
vt 0.8329932689666748 -0.6234883069992065
vt 0.5168177485466003 -0.18887358903884888
vt 0.8068416714668274 -0.26308202743530273
vt 0.896754801273346 -0.1799333095550537
vt 0.7992805242538452 -0.2498282790184021
vt 0.4808751046657562 -0.06939452886581421
vt 0.9101221561431885 -0.18955063819885254
vt 0.9205646514892578 -0.9246712327003479
vt 0.9554853439331055 -0.924818754196167
vt 0.21293050050735474 -0.6013351082801819
vt 0.48512914776802063 -0.6736611723899841
vt 0.5554345846176147 -0.14477068185806274
vt 0.2148909866809845 -0.6112610101699829
vt 0.4857945740222931 -0.6598320603370667
vt 0.5407532453536987 -0.1397523283958435
vt 0.19412106275558472 -0.7705851793289185
vt 0.20774459838867188 -0.6251484155654907
vt 0.5087710022926331 -0.6740062832832336
vt 0.17468680441379547 -0.8027695417404175
vt 0.9089548587799072 -0.9293909668922424
vt 0.7127986550331116 -0.12041550874710083
vt 0.7108334898948669 -0.10497444868087769
vt 0.7171564102172852 -0.13387638330459595
vt 0.703915536403656 -0.9042596817016602
vt 0.7157096862792969 -0.14699643850326538
vt 0.3025781214237213 -0.348605751991272
vt 0.7075644731521606 -0.07992535829544067
vt 0.7114347219467163 -0.09167981147766113
vt 0.5622494220733643 -0.05211305618286133
vt 0.6528610587120056 -0.8864350318908691
vt 0.564469039440155 -0.08077895641326904
vt 0.6794967651367188 -0.8962894678115845
vt 0.6318989396095276 -0.8899450302124023
vt 0.5040788650512695 -0.08288300037384033
vt 0.9681174159049988 -0.8888271450996399
vt 0.9281379580497742 -0.8928890824317932
vt 0.954771876335144 -0.8946069478988647
vt 0.13130785524845123 -0.8185957670211792
vt 0.508247435092926 -0.5961834192276001
vt 0.49535614252090454 -0.5876604914665222
vt 0.4687270224094391 -0.07522028684616089
vt 0.48264211416244507 -0.5645483732223511
vt 0.9103304743766785 -0.176119863986969
vt 0.4815569519996643 -0.5513049960136414
vt 0.8994526267051697 -0.16631847620010376
vt 0.962249755859375 -0.25470632314682007
vt 0.9847483038902283 -0.24338531494140625
vt 0.08359916508197784 -0.8219260573387146
vt 0.06952378153800964 -0.8220716118812561
vt 0.050938986241817474 -0.8410705924034119
vt 0.6112397313117981 -0.5585366487503052
vt 0.7914850115776062 -0.6319230198860168
vt 0.452322781085968 -0.23661398887634277
vt 0.8364205360412598 -0.2542351484298706
vt 0.5374630689620972 -0.3335661292076111
vt 0.8612734079360962 -0.14481276273727417
vt 0.5713667273521423 -0.8954722881317139
vt 0.7891157269477844 -0.24318522214889526
vt 0.5858226418495178 -0.8950217366218567
vt 0.602029025554657 -0.8944212794303894
vt 0.5252829790115356 -0.10535359382629395
vt 0.9688271284103394 -0.9185121655464172
vt 0.5261862874031067 -0.11782974004745483
vt 0.48456573486328125 -0.6443469524383545
vt 0.5254568457603455 -0.13297158479690552
vt 0.17483805119991302 -0.7896934747695923
vt 0.17753225564956665 -0.7752199769020081
vt 0.5096225738525391 -0.6590223908424377
vt 0.6892312169075012 -0.9079605937004089
vt 0.5721980929374695 -0.06686365604400635
vt 0.6639194488525391 -0.8970665335655212
vt 0.5703393816947937 -0.04293280839920044
vt 0.642160177230835 -0.8862907886505127
vt 0.617340624332428 -0.8929446935653687
vt 0.4930397868156433 -0.08354002237319946
vt 0.14848430454730988 -0.8213799595832825
vt 0.9138563871383667 -0.8955782055854797
vt 0.4801027774810791 -0.08579492568969727
vt 0.48412206768989563 -0.5798655152320862
vt 0.9681582450866699 -0.2439005970954895
vt 0.09407295286655426 -0.8252794146537781
vt 0.24769942462444305 -0.17925113439559937
vt 0.9930214285850525 -0.2425583004951477
vt 0.05626140534877777 -0.8221060633659363
vt 0.04703357815742493 -0.47044456005096436
vt 0.8059810996055603 -0.6810939311981201
vt 0.056250642985105515 -0.48659491539001465
vt 0.8132498860359192 -0.6987981200218201
vt 0.039514265954494476 -0.45691585540771484
vt 0.7999410629272461 -0.6663170456886292
vt 0.0629877969622612 -0.5021846890449524
vt 0.4782980978488922 -0.27936047315597534
vt 0.8175414204597473 -0.7156106233596802
vt 0.035586532205343246 -0.4447108507156372
vt 0.7963998317718506 -0.65357905626297
vt 0.06969274580478668 -0.5158382654190063
vt 0.4733843505382538 -0.27141475677490234
vt 0.042860984802246094 -0.8270178437232971
vt 0.7746189832687378 -0.6325355768203735
vt 0.4608552157878876 -0.26117587089538574
vt 0.4496890604496002 -0.25164520740509033
vt 0.43761613965034485 -0.22845041751861572
vt 0.2615063190460205 -0.3244190216064453
vt 0.4341364800930023 -0.2118634581565857
vt 0.27536192536354065 -0.33262693881988525
vt 0.6821644306182861 -0.06217777729034424
vt 0.28810954093933105 -0.3407179117202759
vt 0.693890392780304 -0.07167726755142212
vt 0.8139818906784058 -0.24696499109268188
vt 0.8277683258056641 -0.24307632446289062
vt 0.5165871381759644 -0.3242025375366211
vt 0.8560312986373901 -0.12022662162780762
vt 0.9179968237876892 -0.03972536325454712
vt 0.5100000500679016 -0.3102613091468811
vt 0.857634961605072 -0.2617419958114624
vt 0.9052807092666626 -0.04753309488296509
vt 0.8498511910438538 -0.2520478367805481
vt 0.8909000754356384 -0.05050325393676758
vt 0.5237555503845215 -0.33879828453063965
vt 0.8603805303573608 -0.12833303213119507
vt 0.8874861598014832 -0.14511537551879883
vt 0.947223961353302 -0.2375572919845581
vt 0.8753184080123901 -0.1388217806816101
vt 0.8048755526542664 -0.23785394430160522
vt 0.9226738214492798 -0.908300518989563
vt 0.9553098082542419 -0.9095301032066345
vt 0.16136234998703003 -0.8113000988960266
vt 0.9103065133094788 -0.9126587510108948
vt 0.20090165734291077 -0.6113668084144592
vt 0.49602898955345154 -0.6692250370979309
vt 0.49592775106430054 -0.653623104095459
vt 0.1593930423259735 -0.7966077327728271
vt 0.6989491581916809 -0.11415243148803711
vt 0.7017307877540588 -0.1271769404411316
vt 0.6984160542488098 -0.10081684589385986
vt 0.7028176784515381 -0.14220571517944336
vt 0.7116943001747131 -0.9184110164642334
vt 0.7001622319221497 -0.9190108180046082
vt 0.6954112648963928 -0.08499044179916382
vt 0.5774626731872559 -0.057129621505737305
vt 0.6739939451217651 -0.9114875197410583
vt 0.5847230553627014 -0.0441744327545166
vt 0.6376756429672241 -0.9029379487037659
vt 0.6263249516487122 -0.9055402874946594
vt 0.5131163597106934 -0.0956239104270935
vt 0.9680045247077942 -0.903293788433075
vt 0.5032532215118408 -0.09600728750228882
vt 0.14179518818855286 -0.8055347204208374
vt 0.509229302406311 -0.6126708388328552
vt 0.49650347232818604 -0.6036191582679749
vt 0.48458507657051086 -0.5955135822296143
vt 0.48945021629333496 -0.09895014762878418
vt 0.9542511105537415 -0.2457801103591919
vt 0.9743003845214844 -0.23150092363357544
vt 0.23738019168376923 -0.17458593845367432
vt 0.9878267645835876 -0.23194575309753418
vt 0.07716856896877289 -0.8079621195793152
vt 0.08958310633897781 -0.8088656067848206
vt 0.25035905838012695 -0.1652064323425293
vt 0.06510419398546219 -0.812922477722168
vt 0.7687224745750427 -0.6442047357559204
vt 0.7802237868309021 -0.6548816561698914
vt 0.4375269114971161 -0.2436063289642334
vt 0.84147709608078 -0.24074792861938477
vt 0.8764575123786926 -0.05004525184631348
vt 0.526724100112915 -0.34426426887512207
vt 0.8645575642585754 -0.12960690259933472
vt 0.5786023139953613 -0.9082942008972168
vt 0.7917758226394653 -0.22895747423171997
vt 0.5946616530418396 -0.9078176021575928
vt 0.6105644106864929 -0.9066779613494873
vt 0.5140909552574158 -0.10765564441680908
vt 0.4831409156322479 -0.6281728148460388
vt 0.5115379691123962 -0.12376904487609863
vt 0.49523791670799255 -0.6368430852890015
vt 0.1625591665506363 -0.783396303653717
vt 0.5085194706916809 -0.6427260041236877
vt 0.6850106716156006 -0.9221656918525696
vt 0.5858850479125977 -0.06650590896606445
vt 0.6585487723350525 -0.9105104804039001
vt 0.9605181813240051 -0.23122918605804443
vt 0.048119209706783295 -0.8101835250854492
vt 0.7933129668235779 -0.6801179647445679
vt 0.7987147569656372 -0.6953657269477844
vt 0.8027150630950928 -0.7118997573852539
vt 0.7888044714927673 -0.6684136390686035
vt 0.46854087710380554 -0.28720176219940186
vt 0.8050163388252258 -0.7258918881416321
vt 0.4621850252151489 -0.27642178535461426
vt 0.7591262459754944 -0.6423718333244324
vt 0.8431058526039124 -0.7202319502830505
vt 0.4528641998767853 -0.264568567276001
vt 0.43633005023002625 -0.25546789169311523
vt 0.4246845245361328 -0.2363976240158081
vt 0.24821212887763977 -0.333459734916687
vt 0.4231191575527191 -0.22277289628982544
vt 0.6555378437042236 -0.06217777729034424
vt 0.26132890582084656 -0.3385336399078369
vt 0.6683933734893799 -0.0661466121673584
vt 0.6802221536636353 -0.07640320062637329
vt 0.8182534575462341 -0.2313743233680725
vt 0.8313949108123779 -0.2283748984336853
vt 0.8621012568473816 -0.0447155237197876
vt 0.8673250675201416 -0.11431622505187988
vt 0.9298195242881775 -0.040400564670562744
vt 0.9203412532806396 -0.05114412307739258
vt 0.4202721416950226 -0.10003536939620972
vt 0.8953189849853516 -0.06378161907196045
vt 0.41701871156692505 -0.08534777164459229
vt 0.8812829852104187 -0.06259787082672119
vt 0.8859630823135376 -0.12866860628128052
vt 0.8730594515800476 -0.12407505512237549
vt 0.5760202407836914 -0.922685444355011
vt 0.805923342704773 -0.2239147424697876
vt 0.1515149474143982 -0.793365478515625
vt 0.5089446902275085 -0.6279891133308411
vt 0.6849772930145264 -0.12040150165557861
vt 0.6837838888168335 -0.10606598854064941
vt 0.6863461136817932 -0.1364174485206604
vt 0.6809417009353638 -0.09382295608520508
vt 0.6877885460853577 -0.14877992868423462
vt 0.7078781127929688 -0.9325587749481201
vt 0.6939152479171753 -0.9347881078720093
vt 0.5912803411483765 -0.05654942989349365
vt 0.6708784699440002 -0.9247714877128601
vt 0.5993639230728149 -0.043815433979034424
vt 0.6319271922111511 -0.9174650311470032
vt 0.6193990111351013 -0.9195072054862976
vt 0.48450154066085815 -0.611674964427948
vt 0.4997444450855255 -0.11188173294067383
vt 0.49598008394241333 -0.6202723979949951
vt 0.9135704040527344 -0.12818753719329834
vt 0.9701772928237915 -0.21490323543548584
vt 0.9274280071258545 -0.13703423738479614
vt 0.9811862111091614 -0.21644848585128784
vt 0.2345210462808609 -0.15662163496017456
vt 0.9398877620697021 -0.13235431909561157
vt 0.9955570697784424 -0.211326003074646
vt 0.06068464741110802 -0.8037734627723694
vt 0.08415431529283524 -0.7939007878303528
vt 0.2516779601573944 -0.1514343023300171
vt 0.03331037983298302 -0.8187849521636963
vt 0.4695288836956024 -0.15519499778747559
vt 0.7621427178382874 -0.6315070390701294
vt 0.836938202381134 -0.7148316502571106
vt 0.9012811183929443 -0.09422880411148071
vt 0.7680993676185608 -0.6538266539573669
vt 0.8373939394950867 -0.7279483079910278
vt 0.7758280634880066 -0.6663782000541687
vt 0.42420828342437744 -0.2461920976638794
vt 0.4166053235530853 -0.0698818564414978
vt 0.8671506643295288 -0.06007683277130127
vt 0.4257725477218628 -0.11552757024765015
vt 0.9106301069259644 -0.06353330612182617
vt 0.9006619453430176 -0.1320400834083557
vt 0.9561585783958435 -0.2201387882232666
vt 0.5887867212295532 -0.9205783605575562
vt 0.6045929789543152 -0.9194085597991943
vt 0.6792596578598022 -0.936418890953064
vt 0.5944003462791443 -0.06708705425262451
vt 0.6558175086975098 -0.9199444651603699
vt 0.07037278264760971 -0.794079065322876
vt 0.2522214949131012 -0.1401265263557434
vt 0.04567407816648483 -0.796087920665741
vt 0.7814825773239136 -0.6797264218330383
vt 0.7861037254333496 -0.694043755531311
vt 0.7890073657035828 -0.7106687426567078
vt 0.4559689164161682 -0.287533164024353
vt 0.7999306321144104 -0.7264298796653748
vt 0.44720259308815 -0.2782971262931824
vt 0.03876401111483574 -0.8043126463890076
vt 0.9165346622467041 -0.09287369251251221
vt 0.7542061805725098 -0.6518405079841614
vt 0.8514958620071411 -0.7265456318855286
vt 0.8540146946907043 -0.7129358649253845
vt 0.43651753664016724 -0.2704468369483948
vt 0.4215009808540344 -0.2592387795448303
vt 0.40982064604759216 -0.23238688707351685
vt 0.6379221081733704 -0.0689275860786438
vt 0.6530701518058777 -0.07613003253936768
vt 0.6692118048667908 -0.08355206251144409
vt 0.3130303919315338 -0.3821249008178711
vt 0.8214528560638428 -0.21869081258773804
vt 0.8496163487434387 -0.03972536325454712
vt 0.3275974988937378 -0.38818323612213135
vt 0.41912558674812317 -0.05176657438278198
vt 0.8512914776802063 -0.05536454916000366
vt 0.43346697092056274 -0.13187766075134277
vt 0.9271451830863953 -0.0629739761352539
vt 0.43264979124069214 -0.10339128971099854
vt 0.4280514419078827 -0.0894545316696167
vt 0.42490941286087036 -0.07942169904708862
vt 0.4360373020172119 -0.14729434251785278
vt 0.8860599994659424 -0.12223213911056519
vt 0.9426335096359253 -0.05515080690383911
vt 0.8986397385597229 -0.12238997220993042
vt 0.5837381482124329 -0.9340670704841614
vt 0.8091659545898438 -0.21313077211380005
vt 0.6742271184921265 -0.1279515027999878
vt 0.6699948906898499 -0.11358863115310669
vt 0.6684205532073975 -0.09820282459259033
vt 0.22555892169475555 -0.3428330421447754
vt 0.67449951171875 -0.14163798093795776
vt 0.7000589966773987 -0.9453765153884888
vt 0.24020710587501526 -0.3485046625137329
vt 0.6854315400123596 -0.9498463273048401
vt 0.6034415364265442 -0.055025696754455566
vt 0.6417412757873535 -0.9214009642601013
vt 0.6642360091209412 -0.9378381967544556
vt 0.6530861258506775 -0.9293784499168396
vt 0.6239364147186279 -0.9323001503944397
vt 0.6148615479469299 -0.9327539801597595
vt 0.9283549785614014 -0.12593519687652588
vt 0.2395341694355011 -0.14627081155776978
vt 0.9402279257774353 -0.12186592817306519
vt 0.05595333129167557 -0.7873167991638184
vt 0.2522214949131012 -0.1241183876991272
vt 0.041010864078998566 -0.8069285750389099
vt 0.9135609269142151 -0.09673196077346802
vt 0.7624090313911438 -0.6638485789299011
vt 0.8590612411499023 -0.7230434417724609
vt 0.8489367365837097 -0.7002580165863037
vt 0.7692357897758484 -0.6767044067382812
vt 0.40847888588905334 -0.24899345636367798
vt 0.42649805545806885 -0.06657028198242188
vt 0.4397968053817749 -0.1164630651473999
vt 0.5984058380126953 -0.9319131374359131
vt 0.25494787096977234 -0.3480522632598877
vt 0.6703349947929382 -0.9486203193664551
vt 0.6402965784072876 -0.9288040995597839
vt 0.911341667175293 -0.11022305488586426
vt 0.9234606623649597 -0.11639529466629028
vt 0.24039795994758606 -0.1304168701171875
vt 0.03774997964501381 -0.7912037968635559
vt 0.9269424080848694 -0.08661454916000366
vt 0.042116928845644 -0.7825226187705994
vt 0.2466849535703659 -0.11045724153518677
vt 0.7744297385215759 -0.6910150647163391
vt 0.7768866419792175 -0.7054978013038635
vt 0.44184717535972595 -0.29276204109191895
vt 0.7889423966407776 -0.7315080761909485
vt 0.43295541405677795 -0.2840348482131958
vt 0.4538800120353699 -0.15181678533554077
vt 0.8987627029418945 -0.10375827550888062
vt 0.7430533170700073 -0.6452680230140686
vt 0.8648980855941772 -0.7325429916381836
vt 0.7477056980133057 -0.6602343916893005
vt 0.7344352006912231 -0.6339109539985657
vt 0.8683290481567383 -0.7194847464561462
vt 0.463722288608551 -0.13839232921600342
vt 0.8318948149681091 -0.696931004524231
vt 0.8662860989570618 -0.7051344513893127
vt 0.4198327362537384 -0.2753257751464844
vt 0.40577027201652527 -0.2659822106361389
vt 0.3960614800453186 -0.24020612239837646
vt 0.3945610821247101 -0.22577065229415894
vt 0.6382806301116943 -0.0859975814819336
vt 0.6540700793266296 -0.0916680097579956
vt 0.3150842487812042 -0.39761149883270264
vt 0.4282718896865845 -0.03815650939941406
vt 0.429312139749527 -0.05814403295516968
vt 0.4426249563694 -0.14568543434143066
vt 0.8861569166183472 -0.11579567193984985
vt 0.4439166486263275 -0.12944567203521729
vt 0.4438072741031647 -0.09156948328018188
vt 0.8090928196907043 -0.6502377390861511
vt 0.4470318853855133 -0.1052330732345581
vt 0.43632423877716064 -0.07703477144241333
vt 0.2977941930294037 -0.3905283212661743
vt 0.5905441641807556 -0.944514274597168
vt 0.8134152293205261 -0.2049109935760498
vt 0.6609298586845398 -0.1221761703491211
vt 0.6652203798294067 -0.13628089427947998
vt 0.6572871208190918 -0.10706198215484619
vt 0.22849950194358826 -0.36074864864349365
vt 0.3367078900337219 -0.08235758543014526
vt 0.2441437691450119 -0.3644835948944092
vt 0.3219546675682068 -0.08393323421478271
vt 0.24179717898368835 -0.3821249008178711
vt 0.2759183943271637 -0.3428330421447754
vt 0.649426281452179 -0.9403208494186401
vt 0.26785722374916077 -0.35088956356048584
vt 0.656980037689209 -0.9514541029930115
vt 0.2561599314212799 -0.38597846031188965
vt 0.6343260407447815 -0.9444699287414551
vt 0.2681295871734619 -0.39372265338897705
vt 0.6209202408790588 -0.946132481098175
vt 0.282283216714859 -0.39169323444366455
vt 0.6063380241394043 -0.9433786869049072
vt 0.22896720468997955 -0.13667505979537964
vt 0.9340447783470154 -0.11120820045471191
vt 0.24156872928142548 -0.11648440361022949
vt 0.7808362245559692 -0.7197098135948181
vt 0.924137532711029 -0.10240060091018677
vt 0.7555181384086609 -0.671475350856781
vt 0.8430606722831726 -0.6860101819038391
vt 0.8593267202377319 -0.69314044713974
vt 0.7661663889884949 -0.6863743662834167
vt 0.3916749954223633 -0.2571340799331665
vt 0.435287207365036 -0.05036956071853638
vt 0.4420807361602783 -0.06411224603652954
vt 0.44903433322906494 -0.1372813582420349
vt 0.4567708969116211 -0.12281113862991333
vt 0.8265863060951233 -0.6799015998840332
vt 0.21373163163661957 -0.356719970703125
vt 0.3501361310482025 -0.1849592924118042
vt 0.35085180401802063 -0.08339041471481323
vt 0.6625126004219055 -0.1460970640182495
vt 0.2629588544368744 -0.3615696430206299
vt 0.303506463766098 -0.08944141864776611
vt 0.23024514317512512 -0.12131410837173462
vt 0.9367936849594116 -0.09628880023956299
vt 0.039600301533937454 -0.7776637077331543
vt 0.23541122674942017 -0.10676878690719604
vt 0.9402279257774353 -0.08222454786300659
vt 0.04294585436582565 -0.7702310085296631
vt 0.2446502149105072 -0.10387510061264038
vt 0.7726278901100159 -0.7040016651153564
vt 0.7659897208213806 -0.7187253832817078
vt 0.43141788244247437 -0.2991868257522583
vt 0.7783589363098145 -0.7349451184272766
vt 0.41832536458969116 -0.2913755178451538
vt 0.7796716094017029 -0.7470628619194031
vt 0.7278826832771301 -0.6456997394561768
vt 0.8773103356361389 -0.7219862341880798
vt 0.7373817563056946 -0.6590735912322998
vt 0.7427709102630615 -0.6721190810203552
vt 0.8771384358406067 -0.7065667510032654
vt 0.8728291392326355 -0.6915035843849182
vt 0.4043950140476227 -0.2816787362098694
vt 0.3874737620353699 -0.2751513719558716
vt 0.37836867570877075 -0.2490660548210144
vt 0.3818485140800476 -0.23335832357406616
vt 0.3834149241447449 -0.21751999855041504
vt 0.6429573893547058 -0.10049110651016235
vt 0.2241497039794922 -0.08354032039642334
vt 0.3058205842971802 -0.4003880023956299
vt 0.22632849216461182 -0.06456571817398071
vt 0.44425609707832336 -0.039121806621551514
vt 0.4527728259563446 -0.07832789421081543
vt 0.8124538660049438 -0.6387565732002258
vt 0.4489937424659729 -0.09210032224655151
vt 0.8174549341201782 -0.648577094078064
vt 0.4562094509601593 -0.1062285304069519
vt 0.8259816765785217 -0.6623227000236511
vt 0.23821933567523956 -0.08435273170471191
vt 0.2910546362400055 -0.40536344051361084
vt 0.3704366087913513 -0.20679038763046265
vt 0.6464213132858276 -0.11628693342208862
vt 0.36014336347579956 -0.19587856531143188
vt 0.654843807220459 -0.13154608011245728
vt 0.3443160057067871 -0.06912118196487427
vt 0.3514048159122467 -0.20123881101608276
vt 0.33204275369644165 -0.06844228506088257
vt 0.3431457579135895 -0.21012574434280396
vt 0.3087240755558014 -0.0780712366104126
vt 0.24267403781414032 -0.398410439491272
vt 0.27948516607284546 -0.35881733894348145
vt 0.2866479456424713 -0.08891457319259644
vt 0.25377821922302246 -0.4007633924484253
vt 0.27562111616134644 -0.08702003955841064
vt 0.25298207998275757 -0.08801102638244629
vt 0.27566689252853394 -0.4046764373779297
vt 0.01435338519513607 -0.2280905842781067
vt 0.7705515623092651 -0.7349865436553955
vt 0.7521123886108398 -0.6857204437255859
vt 0.8529692888259888 -0.6779060363769531
vt 0.8416557312011719 -0.6672394275665283
vt 0.8627054691314697 -0.6793398261070251
vt 0.7592526078224182 -0.701562762260437
vt 0.3745116591453552 -0.265865683555603
vt 0.21854285895824432 -0.07100534439086914
vt 0.31338998675346375 -0.4057544469833374
vt 0.435253381729126 -0.0333104133605957
vt 0.4501078128814697 -0.05200600624084473
vt 0.4568396806716919 -0.06356579065322876
vt 0.8079189658164978 -0.6277578473091125
vt 0.3177734315395355 -0.06751179695129395
vt 0.294428288936615 -0.07652449607849121
vt 0.2616578936576843 -0.08779805898666382
vt 0.26679930090904236 -0.4069828987121582
vt 0.011432794854044914 -0.24595272541046143
vt 0.7551451325416565 -0.7244974374771118
vt 0.02881828509271145 -0.2249578833580017
vt 0.42618948221206665 -0.3019375801086426
vt 0.7721065878868103 -0.7485803961753845
vt 0.005244845524430275 -0.36769115924835205
vt 0.05115918815135956 -0.22964274883270264
vt 0.4050336182117462 -0.2922757863998413
vt 0.7129086852073669 -0.6454783082008362
vt 0.888878583908081 -0.7098286747932434
vt 0.7210060954093933 -0.6584530472755432
vt 0.7285116910934448 -0.670902669429779
vt 0.7358518242835999 -0.6841294169425964
vt 0.8904393315315247 -0.6983737349510193
vt 0.8804036378860474 -0.6745538115501404
vt 0.01879529468715191 -0.36769115924835205
vt 0.39387816190719604 -0.2863362431526184
vt 0.08671746402978897 -0.23552250862121582
vt 0.3710125684738159 -0.2771189212799072
vt 0.3192337453365326 -0.2714812755584717
vt 0.3638286590576172 -0.25568366050720215
vt 0.36647722125053406 -0.2402666211128235
vt 0.37006866931915283 -0.22236335277557373
vt 0.23178866505622864 -0.0752413272857666
vt 0.2337147742509842 -0.05425781011581421
vt 0.4580175280570984 -0.0400693416595459
vt 0.8258171677589417 -0.6469165086746216
vt 0.8346381187438965 -0.6554847359657288
vt 0.028499139472842216 -0.7718347311019897
vt 0.46208319067955017 -0.06955331563949585
vt 0.7461447715759277 -0.0767471194267273
vt 0.8239030838012695 -0.6274977326393127
vt 0.8715606927871704 -0.747778594493866
vt 0.24709253013134003 -0.07442766427993774
vt 0.35409092903137207 -0.21486157178878784
vt 0.32628071308135986 -0.0559956431388855
vt 0.34344062209129333 -0.22450315952301025
vt 0.3033873736858368 -0.06468826532363892
vt 0.2802566885948181 -0.07579904794692993
vt 0.2640378177165985 -0.07506304979324341
vt 0.751736044883728 -0.7109382748603821
vt 0.018957186490297318 -0.23906153440475464
vt 0.7580569982528687 -0.7376571297645569
vt 0.03938908129930496 -0.22636288404464722
vt 0.41529181599617004 -0.29830431938171387
vt 0.7436838150024414 -0.697823166847229
vt 0.893286943435669 -0.6838780641555786
vt 0.8534315228462219 -0.6645860075950623
vt 0.8681216835975647 -0.6643442511558533
vt 0.022886034101247787 -0.3805210590362549
vt 0.07153721153736115 -0.23489123582839966
vt 0.3835783004760742 -0.286090612411499
vt 0.10039197653532028 -0.23620474338531494
vt 0.33008018136024475 -0.2690608501434326
vt 0.3614918291568756 -0.2669559121131897
vt 0.2427200973033905 -0.06153249740600586
vt 0.22840403020381927 -0.04343307018280029
vt 0.46233245730400085 -0.05098086595535278
vt 0.7345700860023499 -0.06693905591964722
vt 0.8320875763893127 -0.6343290209770203
vt 0.7326582074165344 -0.043734729290008545
vt 0.7549954056739807 -0.9766572713851929
vt 0.8448387980461121 -0.6554340124130249
vt 0.027119407430291176 -0.7860438227653503
vt 0.22350843250751495 -0.030102908611297607
vt 0.4695288836956024 -0.06091564893722534
vt 0.3123893439769745 -0.052479684352874756
vt 0.2881939113140106 -0.06276464462280273
vt 0.011015115305781364 -0.25937747955322266
vt 0.7416430115699768 -0.7207514047622681
vt 0.024462535977363586 -0.25575315952301025
vt 0.03247184678912163 -0.2395235300064087
vt 0.04354505240917206 -0.2345868945121765
vt 0.00871304888278246 -0.3766639828681946
vt 0.057203494012355804 -0.2305433750152588
vt 0.7034399509429932 -0.657472550868988
vt 0.6971432566642761 -0.6438090801239014
vt 0.9035407304763794 -0.704339861869812
vt 0.7118926644325256 -0.6704055666923523
vt 0.7195296883583069 -0.6832672953605652
vt 0.7270196676254272 -0.6956982016563416
vt 0.9083613753318787 -0.6922433972358704
vt 0.883811891078949 -0.6593688130378723
vt 0.8962210416793823 -0.667394757270813
vt 0.0789688229560852 -0.24712151288986206
vt 0.0943618193268776 -0.24569642543792725
vt 0.24500465393066406 -0.4839625358581543
vt 0.31637126207351685 -0.2855064868927002
vt 0.3516537547111511 -0.24785608053207397
vt 0.10713823139667511 -0.2286304235458374
vt 0.33160683512687683 -0.27935999631881714
vt 0.35501760244369507 -0.23097014427185059
vt 0.24011357128620148 -0.04682791233062744
vt 0.7301373481750488 -0.051812171936035156
vt 0.8422942757606506 -0.6463897824287415
vt 0.7536007165908813 -0.06812065839767456
vt 0.8632481694221497 -0.7381561398506165
vt 0.017267365008592606 -0.7737788558006287
vt 0.748979389667511 -0.08277767896652222
vt 0.8776818513870239 -0.7381561398506165
vt 0.2574843764305115 -0.06131786108016968
vt 0.32183539867401123 -0.043379366397857666
vt 0.34143421053886414 -0.23870849609375
vt 0.2973146438598633 -0.05018162727355957
vt 0.2732127606868744 -0.06209981441497803
vt 0.7351157665252686 -0.7080938816070557
vt 0.9072690606117249 -0.6748401522636414
vt 0.7676458954811096 -0.9723475575447083
vt 0.857120156288147 -0.6538415551185608
vt 0.7815600633621216 -0.9710928201675415
vt 0.8709033727645874 -0.6506485342979431
vt 0.06404531002044678 -0.24633806943893433
vt 0.10621628910303116 -0.24396634101867676
vt 0.25316837430000305 -0.048256635665893555
vt 0.022382695227861404 -0.7987960577011108
vt 0.23523281514644623 -0.03290450572967529
vt 0.7440242767333984 -0.053291916847229004
vt 0.7580960988998413 -0.9616991281509399
vt 0.012839664705097675 -0.7863746285438538
vt 0.7616780996322632 -0.08945256471633911
vt 0.028499139472842216 -0.8728165030479431
vt 0.3079240322113037 -0.03649252653121948
vt 0.28222545981407166 -0.04924607276916504
vt 0.005244845524430275 -0.27251338958740234
vt 0.4176364541053772 -0.399600625038147
vt 0.7253950834274292 -0.7177354693412781
vt 0.017601253464818 -0.2706836462020874
vt 0.4320254325866699 -0.40171003341674805
vt 0.03869251161813736 -0.2561289072036743
vt 0.04770101234316826 -0.24281102418899536
vt 0.6964427828788757 -0.6683700084686279
vt 0.6936939358711243 -0.6531910300254822
vt 0.6887587904930115 -0.6369993090629578
vt 0.9151155948638916 -0.7135277986526489
vt 0.7040054202079773 -0.6820899248123169
vt 0.710821807384491 -0.6956004500389099
vt 0.4065002202987671 -0.3917163610458374
vt 0.7165486216545105 -0.7066593170166016
vt 0.918572723865509 -0.6804073452949524
vt 0.9477764368057251 -0.8289194107055664
vt 0.7968027591705322 -0.9700787663459778
vt 0.8856704235076904 -0.6452081203460693
vt 0.899351179599762 -0.6511003375053406
vt 0.9119259715080261 -0.6584415435791016
vt 0.08852651715278625 -0.25701916217803955
vt 0.06740906834602356 -0.2621082067489624
vt 0.10262029618024826 -0.2570381760597229
vt 0.11590063571929932 -0.2249578833580017
vt 0.2554636001586914 -0.49518883228302
vt 0.33160683512687683 -0.2899094820022583
vt 0.11733295023441315 -0.23770660161972046
vt 0.26104211807250977 -0.4839625358581543
vt 0.3442959189414978 -0.2607317566871643
vt 0.8688613176345825 -0.08312535285949707
vt 0.01979367807507515 -0.812184751033783
vt 0.2478691190481186 -0.03513294458389282
vt 0.7635407447814941 -0.07793205976486206
vt 0.8520220518112183 -0.21934473514556885
vt 0.7585799098014832 -0.05500131845474243
vt 0.7663484811782837 -0.9465159773826599
vt 0.2673461437225342 -0.04869133234024048
vt 0.02006414160132408 -0.8824930787086487
vt 0.31626996397972107 -0.030102908611297607
vt 0.33962559700012207 -0.2540966868400574
vt 0.8599387407302856 -0.09537661075592041
vt 0.024543102830648422 -0.8562483191490173
vt 0.2913140058517456 -0.0351179838180542
vt 0.030401675030589104 -0.26944589614868164
vt 0.44686752557754517 -0.4035477638244629
vt 0.925563395023346 -0.7059772610664368
vt 0.9709020256996155 -0.8375882506370544
vt 0.9199968576431274 -0.6648584604263306
vt 0.9370805621147156 -0.816260039806366
vt 0.9201858043670654 -0.6932323575019836
vt 0.7725458145141602 -0.959246814250946
vt 0.7867310643196106 -0.9591308236122131
vt 0.8722514510154724 -0.6399407982826233
vt 0.0532514750957489 -0.2583785653114319
vt 0.03425047546625137 -0.0325084924697876
vt 0.08178473263978958 -0.2689286470413208
vt 0.5 -0.3839012384414673
vt 0.11830883473157883 -0.2521481513977051
vt 0.856256365776062 -0.08586692810058594
vt 0.020466158166527748 -0.8262327313423157
vt 0.26161009073257446 -0.034884870052337646
vt 0.008415263146162033 -0.8040935397148132
vt 0.7802266478538513 -0.09350240230560303
vt 0.7681373357772827 -0.06643801927566528
vt 0.7681534290313721 -0.07964670658111572
vt 0.8456069231033325 -0.2149345874786377
vt 0.01657237857580185 -0.8674014210700989
vt 0.8451066017150879 -0.0934111475944519
vt 0.021780062466859818 -0.8405770659446716
vt 0.27572017908096313 -0.0350341796875
vt 0.42273440957069397 -0.40927791595458984
vt 0.9450392127037048 -0.4915863275527954
vt 0.4052307605743408 -0.40624499320983887
vt 0.9450392127037048 -0.5078386664390564
vt 0.4403892457485199 -0.4143378734588623
vt 0.9417741298675537 -0.4749690294265747
vt 0.04325449839234352 -0.2708888053894043
vt 0.4605647921562195 -0.4000997543334961
vt 0.6869953870773315 -0.6653733849525452
vt 0.6913453340530396 -0.6793955564498901
vt 0.6825788617134094 -0.6493821740150452
vt 0.6783024072647095 -0.6316263675689697
vt 0.9280557632446289 -0.7199903130531311
vt 0.9851327538490295 -0.8357744812965393
vt 0.389169305562973 -0.38292670249938965
vt 0.6987911462783813 -0.6927676200866699
vt 0.9458178281784058 -0.8153623938560486
vt 0.9290016889572144 -0.6957252025604248
vt 0.9648247361183167 -0.8277814984321594
vt 0.7944425940513611 -0.9655583500862122
vt 0.8794087767601013 -0.6300346851348877
vt 0.8060638308525085 -0.9771320223808289
vt 0.8947494029998779 -0.6362540125846863
vt 0.8206009864807129 -0.9842311143875122
vt 0.912090003490448 -0.6407762169837952
vt 0.8345592617988586 -0.9899439811706543
vt 0.927493155002594 -0.7990705370903015
vt 0.9290016889572144 -0.6473096013069153
vt 0.024866657331585884 -0.033392488956451416
vt 0.09657790511846542 -0.26930487155914307
vt 0.05728311464190483 -0.27276504039764404
vt 0.4755217730998993 -0.39632463455200195
vt 0.06979025900363922 -0.2786714434623718
vt 0.486544668674469 -0.38292670249938965
vt 0.11267878860235214 -0.26600003242492676
vt 0.8423593044281006 -0.08208590745925903
vt 0.0060467179864645 -0.820878803730011
vt 0.797313928604126 -0.09826207160949707
vt 0.7790694832801819 -0.07819771766662598
vt 0.8520220518112183 -0.2049109935760498
vt 0.7801008224487305 -0.9465175867080688
vt 0.7295213341712952 -0.5972285866737366
vt 0.7741845846176147 -0.9314721822738647
vt 0.7747554779052734 -0.053313255310058594
vt 0.010320804081857204 -0.8510557413101196
vt 0.829010009765625 -0.0937269926071167
vt 0.38804715871810913 -0.4014463424682617
vt 0.9436749219894409 -0.52403324842453
vt 0.45312488079071045 -0.4150015115737915
vt 0.944839596748352 -0.4633127450942993
vt 0.6680867075920105 -0.6315070390701294
vt 0.9787875413894653 -0.8283261656761169
vt 0.9421939849853516 -0.8019745945930481
vt 0.9598385095596313 -0.8168306946754456
vt 0.78758305311203 -0.951494038105011
vt 0.029200635850429535 -0.04502350091934204
vt 0.037249356508255005 -0.04677426815032959
vt 0.4994671940803528 -0.39225542545318604
vt 0.007955970242619514 -0.8356065154075623
vt 0.8125706911087036 -0.09735292196273804
vt 0.7904396057128906 -0.08721089363098145
vt 0.7838417291641235 -0.06379115581512451
vt 0.9287048578262329 -0.49845659732818604
vt 0.9294324517250061 -0.48442816734313965
vt 0.9295862317085266 -0.5148348808288574
vt 0.9348057508468628 -0.4631427526473999
vt 0.4674183130264282 -0.412125825881958
vt 0.9427013397216797 -0.45072972774505615
vt 0.669668972492218 -0.6644250750541687
vt 0.6778132915496826 -0.6792565584182739
vt 0.6843816637992859 -0.6908747553825378
vt 0.6689241528511047 -0.6467365026473999
vt 0.9802709221839905 -0.8186463713645935
vt 0.37891730666160583 -0.3979140520095825
vt 0.6933314800262451 -0.6999340653419495
vt 0.9319044351577759 -0.5328497886657715
vt 0.9558007121086121 -0.8037924766540527
vt 0.9700546264648438 -0.8177385330200195
vt 0.8094565868377686 -0.9605779647827148
vt 0.7980355024337769 -0.9467938542366028
vt 0.8213657140731812 -0.9697673916816711
vt 0.8360946178436279 -0.9763815402984619
vt 0.31717315316200256 -0.6899162530899048
vt 0.9366037249565125 -0.7882075905799866
vt 0.015677422285079956 -0.040604591369628906
vt 0.09596665948629379 -0.2834944725036621
vt 0.8286676406860352 -0.06464189291000366
vt 0.10791076719760895 -0.2784625291824341
vt 0.8302104473114014 -0.07883632183074951
vt 0.041951365768909454 -0.05440133810043335
vt 0.4882395267486572 -0.3946123719215393
vt 0.8057242631912231 -0.08574920892715454
vt 0.794673502445221 -0.07529240846633911
vt 0.7857776284217834 -0.9337101578712463
vt 0.7278053164482117 -0.5819888114929199
vt 0.7897739410400391 -0.053233325481414795
vt 0.8205521702766418 -0.08191025257110596
vt 0.9263795018196106 -0.47348594665527344
vt 0.9493783712387085 -0.7904679775238037
vt 0.6603255867958069 -0.6555849313735962
vt 0.971320390701294 -0.805770754814148
vt 0.3221369981765747 -0.6995764374732971
vt 0.8503938913345337 -0.9851734042167664
vt 0.9241904616355896 -0.7837560176849365
vt 0.021166536957025528 -0.05204200744628906
vt 0.7280194759368896 -0.5411272048950195
vt 0.829128086566925 -0.05234062671661377
vt 0.03442143648862839 -0.06024402379989624
vt 0.05759859457612038 -0.06069028377532959
vt 0.4805981516838074 -0.41151130199432373
vt 0.9363000988960266 -0.4389072060585022
vt 0.7989472150802612 -0.062286555767059326
vt 0.7361951470375061 -0.5842068195343018
vt 0.7819605469703674 -0.9190051555633545
vt 0.9142622947692871 -0.5051056146621704
vt 0.9165984988212585 -0.4900219440460205
vt 0.9157158136367798 -0.5234524011611938
vt 0.9231677055358887 -0.46015042066574097
vt 0.9293409585952759 -0.450603723526001
vt 0.6634956002235413 -0.6809641122817993
vt 0.6697791218757629 -0.6914625763893127
vt 0.6788364052772522 -0.6973350048065186
vt 0.9198207855224609 -0.5408954620361328
vt 0.964264452457428 -0.7921443581581116
vt 0.8129982948303223 -0.9407355785369873
vt 0.8251700401306152 -0.9514893293380737
vt 0.7569366097450256 -0.5915733575820923
vt 0.8013049960136414 -0.9309694170951843
vt 0.8371936082839966 -0.9630307555198669
vt 0.8503502607345581 -0.9724703431129456
vt 0.9436128735542297 -0.7777495384216309
vt 0.33053991198539734 -0.6914750933647156
vt 0.9287890791893005 -0.7745829224586487
vt 0.8163136839866638 -0.055491864681243896
vt 0.8190916180610657 -0.06871777772903442
vt 0.045087628066539764 -0.06842756271362305
vt 0.8087042570114136 -0.07236981391906738
vt 0.7474942803382874 -0.580745279788971
vt 0.7942019104957581 -0.9189058542251587
vt 0.7261279821395874 -0.5707359910011292
vt 0.8012042045593262 -0.05038386583328247
vt 0.913299024105072 -0.469510555267334
vt 0.6559129357337952 -0.6701846718788147
vt 0.97737056016922 -0.7936939597129822
vt 0.9592909216880798 -0.7793610095977783
vt 0.8654572367668152 -0.9795909523963928
vt 0.3347053825855255 -0.707676887512207
vt 0.8659669756889343 -0.9855844378471375
vt 0.7270967364311218 -0.5537455677986145
vt 0.8179699778556824 -0.043734729290008545
vt 0.021975794807076454 -0.06778156757354736
vt 0.7423776388168335 -0.5336736440658569
vt 0.05671266093850136 -0.07527780532836914
vt 0.9218920469284058 -0.43669772148132324
vt 0.03376587852835655 -0.07529616355895996
vt 0.7371025085449219 -0.5654825568199158
vt 0.7874481678009033 -0.9030819535255432
vt 0.9048699736595154 -0.5128486156463623
vt 0.9042582511901855 -0.48388171195983887
vt 0.6476616859436035 -0.23618406057357788
vt 0.6653218269348145 -0.7076581716537476
vt 0.9043558239936829 -0.5346683263778687
vt 0.9103277921676636 -0.4553896188735962
vt 0.9142941832542419 -0.44991159439086914
vt 0.6515630483627319 -0.6857621073722839
vt 0.660595178604126 -0.6959229111671448
vt 0.6436190605163574 -0.6764494180679321
vt 0.9723988175392151 -0.7806981205940247
vt 0.779263436794281 -0.5981156826019287
vt 0.8193041086196899 -0.9382997751235962
vt 0.7654888033866882 -0.593366265296936
vt 0.8068397045135498 -0.9310513734817505
vt 0.463113933801651 -0.6262359619140625
vt 0.8403061628341675 -0.9461162090301514
vt 0.7550931572914124 -0.5856134295463562
vt 0.8522080779075623 -0.9574247002601624
vt 0.865973174571991 -0.9658352732658386
vt 0.47645723819732666 -0.9426335096359253
vt 0.9555711150169373 -0.7675646543502808
vt 0.3397623300552368 -0.6836287975311279
vt 0.9372145533561707 -0.7646753191947937
vt 0.3450288772583008 -0.6964909434318542
vt 0.7407654523849487 -0.5483288168907166
vt 0.04530438035726547 -0.08263826370239258
vt 0.748140275478363 -0.5732985138893127
vt 0.8975352048873901 -0.4976741075515747
vt 0.8947260975837708 -0.5191915035247803
vt 0.8976980447769165 -0.4697284698486328
vt 0.4910968840122223 -0.9456774592399597
vt 0.6335482597351074 -0.6846917271614075
vt 0.9692538380622864 -0.7680467963218689
vt 0.46195217967033386 -0.6130639910697937
vt 0.7938824892044067 -0.6002340316772461
vt 0.8335471749305725 -0.9438853859901428
vt 0.32573041319847107 -0.9564417004585266
vt 0.8816749453544617 -0.9721642732620239
vt 0.34758996963500977 -0.7128117084503174
vt 0.8802481889724731 -0.9831898212432861
vt 0.009140098467469215 -0.0742330551147461
vt 0.7550085783004761 -0.5422029495239258
vt 0.021455826237797737 -0.08273059129714966
vt 0.058970291167497635 -0.08954650163650513
vt 0.9079649448394775 -0.43494248390197754
vt 0.03308088704943657 -0.08992308378219604
vt 0.7472920417785645 -0.5547819137573242
vt 0.888559877872467 -0.5079088807106018
vt 0.8900494575500488 -0.48232948780059814
vt 0.8842887282371521 -0.5306394696235657
vt 0.8916208744049072 -0.4573526382446289
vt 0.8995351195335388 -0.445583701133728
vt 0.6488955616950989 -0.701622724533081
vt 0.5044053196907043 -0.9426335096359253
vt 0.6413570046424866 -0.6916353106498718
vt 0.6541948318481445 -0.22450703382492065
vt 0.655116081237793 -0.7093226313591003
vt 0.7723844647407532 -0.5826629400253296
vt 0.7862151265144348 -0.5862461924552917
vt 0.7593388557434082 -0.5787357091903687
vt 0.4530329704284668 -0.6154801845550537
vt 0.8007020354270935 -0.5902148485183716
vt 0.8560523986816406 -0.9414108991622925
vt 0.8675360083580017 -0.9502869248390198
vt 0.340827077627182 -0.9559247493743896
vt 0.8802849054336548 -0.95671546459198
vt 0.3342653810977936 -0.9214121699333191
vt 0.9468931555747986 -0.7547968029975891
vt 0.4850172698497772 -0.9546604752540588
vt 0.3413468599319458 -0.9360509514808655
vt 0.35321280360221863 -0.6836288571357727
vt 0.9316341876983643 -0.7508730292320251
vt 0.3345041573047638 -0.9433256387710571
vt 0.3588705062866211 -0.6979995965957642
vt 0.0463615320622921 -0.0972180962562561
vt 0.7530561685562134 -0.5659245848655701
vt 0.8811379075050354 -0.4936809539794922
vt 0.8788004517555237 -0.5175994634628296
vt 0.8829015493392944 -0.4688684940338135
vt 0.6375082731246948 -0.2244458794593811
vt 0.8896153569221497 -0.5392459034919739
vt 0.5056130886077881 -0.9601224660873413
vt 0.6250921487808228 -0.6902694702148438
vt 0.8582433462142944 -0.5888761878013611
vt 0.44776833057403564 -0.6255339980125427
vt 0.842803418636322 -0.9308406710624695
vt 0.32242777943611145 -0.9500876069068909
vt 0.35881030559539795 -0.7140999436378479
vt 0.890511691570282 -0.9776093363761902
vt 0.3280462622642517 -0.9160630702972412
vt 0.9530314207077026 -0.7576513886451721
vt 0.4950229823589325 -0.9605108499526978
vt 0.47594383358955383 -0.9583225250244141
vt 0.96354079246521 -0.7615726590156555
vt 0.7602571845054626 -0.5542246699333191
vt 0.00612167501822114 -0.08641493320465088
vt 0.766428530216217 -0.5358964800834656
vt 0.017956441268324852 -0.09459185600280762
vt 0.05897028371691704 -0.10618126392364502
vt 0.891828715801239 -0.43006575107574463
vt 0.029718199744820595 -0.10526686906814575
vt 0.8719091415405273 -0.5040270686149597
vt 0.8732492327690125 -0.4803227186203003
vt 0.8697777390480042 -0.5262812972068787
vt 0.8818235397338867 -0.5511711835861206
vt 0.6291014552116394 -0.20972228050231934
vt 0.867906928062439 -0.5489142537117004
vt 0.8728713989257812 -0.5396395921707153
vt 0.87521892786026 -0.4559241533279419
vt 0.7076849341392517 -0.9522559642791748
vt 0.8826737999916077 -0.44627130031585693
vt 0.6440930366516113 -0.7183941602706909
vt 0.6579689383506775 -0.20972228050231934
vt 0.8819053769111633 -0.5679001212120056
vt 0.6347141265869141 -0.7038292288780212
vt 0.868956446647644 -0.5777850151062012
vt 0.6441156268119812 -0.21051079034805298
vt 0.8727166652679443 -0.5603170394897461
vt 0.7654460668563843 -0.569149911403656
vt 0.780041515827179 -0.5730075836181641
vt 0.4374576508998871 -0.6192989945411682
vt 0.7946454882621765 -0.5739906430244446
vt 0.8583100438117981 -0.9273586273193359
vt 0.35528773069381714 -0.9620518088340759
vt 0.8765732645988464 -0.9406644701957703
vt 0.34805741906166077 -0.9589882493019104
vt 0.8784290552139282 -0.9486899971961975
vt 0.3493363559246063 -0.9469221830368042
vt 0.3425126075744629 -0.9114769697189331
vt 0.3498835861682892 -0.923267126083374
vt 0.4844527542591095 -0.9673128724098206
vt 0.9764976501464844 -0.7646130919456482
vt 0.7677746415138245 -0.5429885983467102
vt 0.04526248574256897 -0.10801202058792114
vt 0.8640881180763245 -0.49242889881134033
vt 0.9173674583435059 -0.5489142537117004
vt 0.8622497916221619 -0.5105919241905212
vt 0.89980149269104 -0.5522612929344177
vt 0.862859845161438 -0.46621787548065186
vt 0.4974048137664795 -0.9725670218467712
vt 0.8512200713157654 -0.5996490716934204
vt 0.8725061416625977 -0.5925466418266296
vt 0.431842178106308 -0.6266958713531494
vt 0.6336446404457092 -0.9522560238838196
vt 0.8450347781181335 -0.9150739312171936
vt 0.3344111740589142 -0.9006104469299316
vt 0.8737607002258301 -0.6069585084915161
vt 0.318776935338974 -0.8993324041366577
vt 0.8593325018882751 -0.6170732975006104
vt 0.9724981188774109 -0.7549281120300293
vt 0.3564199209213257 -0.936173677444458
vt 0.7766112089157104 -0.5422609448432922
vt 0.004442973528057337 -0.09797823429107666
vt 0.7760154008865356 -0.5273173451423645
vt 0.009991033934056759 -0.10889756679534912
vt 0.7835776209831238 -0.5181339383125305
vt 0.7051923871040344 -0.9676017761230469
vt 0.8794276714324951 -0.43172168731689453
vt 0.044163454324007034 -0.1188058853149414
vt 0.7006286978721619 -0.9810752272605896
vt 0.879395067691803 -0.4182090759277344
vt 0.029892487451434135 -0.11842525005340576
vt 0.7770707011222839 -0.5587095618247986
vt 0.8538908958435059 -0.4799313545227051
vt 0.9327364563941956 -0.5534462928771973
vt 0.8897571563720703 -0.562230110168457
vt 0.868208110332489 -0.45026087760925293
vt 0.8843701481819153 -0.5820650458335876
vt 0.8624663949012756 -0.6034712195396423
vt 0.42714691162109375 -0.6130639910697937
vt 0.7913094162940979 -0.5653809905052185
vt 0.3723228871822357 -0.9658878445625305
vt 0.8767123818397522 -0.9228426814079285
vt 0.8612067699432373 -0.9137193560600281
vt 0.3501918613910675 -0.8993324041366577
vt 0.8873372673988342 -0.5962931513786316
vt 0.09734518826007843 -0.4385368824005127
vt 0.36205267906188965 -0.9107171297073364
vt 0.9038300514221191 -0.6014373898506165
vt 0.04293283820152283 -0.4791513681411743
vt 0.10618039220571518 -0.43103909492492676
vt 0.36723482608795166 -0.9236612915992737
vt 0.4877879023551941 -0.9819252490997314
vt 0.8538956642150879 -0.6108726859092712
vt 0.9851327538490295 -0.750184178352356
vt 0.3636833131313324 -0.9492860436439514
vt 0.01678142137825489 -0.11940735578536987
vt 0.674129068851471 -0.9899439811706543
vt 0.7907812595367432 -0.5096225142478943
vt 0.6930166482925415 -0.9589038491249084
vt 0.8765670657157898 -0.4426611661911011
vt 0.9466428756713867 -0.07198971509933472
vt 0.9063779711723328 -0.5598788857460022
vt 0.9217009544372559 -0.5640113353729248
vt 0.8456069231033325 -0.4653148651123047
vt 0.9486685395240784 -0.5640743374824524
vt 0.8516108989715576 -0.4514038562774658
vt 0.9594728350639343 -0.5687723755836487
vt 0.9670738577842712 -0.08703583478927612
vt 0.8964683413505554 -0.5710293650627136
vt 0.42302030324935913 -0.6176775097846985
vt 0.6315070390701294 -0.9642194509506226
vt 0.797188401222229 -0.5597003698348999
vt 0.6451025605201721 -0.9618956446647644
vt 0.8492055535316467 -0.9014328122138977
vt 0.3699277341365814 -0.9384146332740784
vt 0.7886195778846741 -0.5491442084312439
vt 0.7881420850753784 -0.5329733490943909
vt 0.6604148149490356 -0.9849469065666199
vt 0.7990983128547668 -0.5231225490570068
vt 0.6894252300262451 -0.9725838899612427
vt 0.03015722520649433 -0.1327425241470337
vt 0.6869511604309082 -0.9851129055023193
vt 0.9364725947380066 -0.5696738362312317
vt 0.8602404594421387 -0.4434584379196167
vt 0.9582175612449646 -0.07671403884887695
vt 0.9006472826004028 -0.5859417915344238
vt 0.3785267174243927 -0.9505149126052856
vt 0.8741061091423035 -0.9111919403076172
vt 0.8629291653633118 -0.9007464051246643
vt 0.03626713901758194 -0.48957574367523193
vt 0.11189384758472443 -0.44216644763946533
vt 0.3620780110359192 -0.6651856899261475
vt 0.9124916791915894 -0.6124979853630066
vt 0.02769726887345314 -0.4791513681411743
vt 0.3773185908794403 -0.9283050298690796
vt 0.926770806312561 -0.6127349138259888
vt 0.6739105582237244 -0.9773091077804565
vt 0.6772475838661194 -0.9653864502906799
vt 0.9511269330978394 -0.05486708879470825
vt 0.9112582206726074 -0.5753034949302673
vt 0.9246047139167786 -0.578012228012085
vt 0.9509029984474182 -0.5785078406333923
vt 0.9745493531227112 -0.08082634210586548
vt 0.9635493159294128 -0.06830441951751709
vt 0.6465018391609192 -0.9750354886054993
vt 0.8007020950317383 -0.5405433773994446
vt 0.38866162300109863 -0.9630071520805359
vt 0.8885161876678467 -0.9082533121109009
vt 0.8642610311508179 -0.8927451372146606
vt 0.08783769607543945 -0.4541662931442261
vt 0.9102559685707092 -0.5857031345367432
vt 0.09972043335437775 -0.4566988945007324
vt 0.3773135542869568 -0.6764118671417236
vt 0.9078060984611511 -0.5977023243904114
vt 0.38427191972732544 -0.9380600452423096
vt 0.6593566536903381 -0.9691577553749084
vt 0.8523705005645752 -0.888181209564209
vt 0.9525583982467651 -0.03651785850524902
vt 0.9380699396133423 -0.585661768913269
vt 0.9862187504768372 -0.08063560724258423
vt 0.3918249011039734 -0.946616530418396
vt 0.8765347599983215 -0.8992541432380676
vt 0.36594974994659424 -0.6727976202964783
vt 0.9160200357437134 -0.6039518117904663
vt 0.11189384758472443 -0.45556509494781494
vt 0.3753415644168854 -0.6651856899261475
vt 0.39197373390197754 -0.925754189491272
vt 0.9387021064758301 -0.6015032529830933
vt 0.9939534068107605 -0.06638145446777344
vt 0.9686880707740784 -0.05466926097869873
vt 0.9243617653846741 -0.5942341685295105
vt 0.977891743183136 -0.0682491660118103
vt 0.4029735028743744 -0.9562534689903259
vt 0.890511691570282 -0.894936740398407
vt 0.9892646074295044 -0.03651785850524902
vt 0.8635189533233643 -0.8816912174224854
vt 0.9576795697212219 -0.04199260473251343
vt 0.8807762265205383 -0.8841828107833862
vt 0.9740442633628845 -0.041259169578552246
vt 0.40019065141677856 -0.9388962388038635
vt 0.9835277795791626 -0.053487420082092285
vt 0 -1
vt 0.5786117315292358 -0.6071538925170898
vt 0 -1
vt 0.5784009695053101 -0.5923008918762207
vt 0 -1
vt 0.578618049621582 -0.6082926392555237
vt 0 -1
vt 0.5783989429473877 -0.5906038284301758
vt 0.5783990621566772 -0.5906038284301758
vt 0 -1
vt 0.5784151554107666 -0.5778390765190125
vt 0 -1
vt 0.5786761045455933 -0.6244401335716248
vt 0.5786761045455933 -0.6244401931762695
vt 0 -1
vt 0.5786725282669067 -0.623107373714447
vt 0 -1
vt 0.5786762237548828 -0.6245365142822266
vt 0 -1
vt 0.5787513256072998 -0.6402548551559448
vt 0 -1
vt 0.5787481069564819 -0.6396985054016113
vt 0 -1
vt 0.5787743330001831 -0.654649019241333
vt 0.5787743330001831 -0.6546490788459778
vt 0 -1
vt 0.5787845253944397 -0.6556507349014282
vt 0 -1
vt 0.5789039731025696 -0.670698881149292
vt 0.5789040327072144 -0.670698881149292
vt 0 -1
vt 0.5788955688476562 -0.6699295043945312
vt 0 -1
vt 0.5789836645126343 -0.6852741837501526
vt 0 -1
vt 0.5789843201637268 -0.6857322454452515
vt 0 -1
vt 0.5790300369262695 -0.7004052400588989
vt 0.5790300965309143 -0.7004052400588989
vt 0 -1
vt 0.5790347456932068 -0.7009290456771851
vt 0 -1
vt 0.579144299030304 -0.7154359817504883
vt 0.5791443586349487 -0.7154359817504883
vt 0 -1
vt 0.5792312622070312 -0.7455253005027771
vt 0 -1
vt 0.5792331695556641 -0.7460892200469971
vt 0 -1
vt 0.5794017910957336 -0.760749340057373
vt 0.5794018507003784 -0.760749340057373
vt 0 -1
vt 0.5791796445846558 -0.7304401397705078
vt 0.5791797041893005 -0.730440080165863
vt 0 -1
vt 0.5791776776313782 -0.7313427925109863
vt 0.579177737236023 -0.7313427925109863
vt 0 -1
vt 0.5791486501693726 -0.716323733329773
vt 0 -1
vt 0.5794022679328918 -0.7608126997947693
vt 0.5794023275375366 -0.7608126401901245
vt 0 -1
vt 0.5794983506202698 -0.7917588949203491
vt 0 -1
vt 0.5794987678527832 -0.7919755578041077
vt 0.579498827457428 -0.7919755578041077
vt 0 -1
vt 0.5795130133628845 -0.794552206993103
vt 0 -1
vt 0.5794229507446289 -0.776079535484314
vt 0 -1
vt 0.5794224739074707 -0.7762546539306641
vt 0 -1
vt 0.5794085264205933 -0.7649535536766052
vt 0 -1
vt 0.10397180914878845 -0.2043105959892273
vt 0.10397181659936905 -0.2043105959892273
vt 0 -1
vt 0.12051312625408173 -0.20006710290908813
vt 0.12051313370466232 -0.20006710290908813
vt 0 -1
vt 0.13328053057193756 -0.20059537887573242
vt 0 -1
vt 0.11764614284038544 -0.20036321878433228
vt 0 -1
vt 0.10059672594070435 -0.2048918604850769
vt 0.10059674084186554 -0.20489180088043213
vt 0 -1
vt 0.17641045153141022 -0.19935381412506104
vt 0.1764104664325714 -0.1993538737297058
vt 0 -1
vt 0.17740409076213837 -0.19900351762771606
vt 0 -1
vt 0.16485595703125 -0.20015782117843628
vt 0 -1
vt 0.1583598107099533 -0.2010974884033203
vt 0 -1
vt 0.1490098536014557 -0.20035719871520996
vt 0.1490098536014557 -0.20035725831985474
vt 0 -1
vt 0.08348335325717926 -0.21045386791229248
vt 0 -1
vt 0.08812856674194336 -0.20931214094161987
vt 0.08812857419252396 -0.20931214094161987
vt 0 -1
vt 0.07140667736530304 -0.21424734592437744
vt 0.07140669226646423 -0.21424734592437744
vt 0 -1
vt 0.06643667817115784 -0.21538347005844116
vt 0.06643667817115784 -0.21538352966308594
vt 0 -1
vt 0.050331566482782364 -0.21878641843795776
vt 0.050331585109233856 -0.21878641843795776
vt 0 -1
vt 0.046809084713459015 -0.21743571758270264
vt 0.5793814659118652 -0.8226660490036011
vt 0 -1
vt 0.13917501270771027 -0.19979643821716309
vt 0 -1
vt 0.5795783400535583 -0.8074686527252197
vt 0 -1
vt 0.5795729756355286 -0.8083922266960144
vt 0.5795729756355286 -0.8083922863006592
vt 0 -1
vt 0.3687450587749481 -0.7429704666137695
vt 0 -1
vt 0.3696826994419098 -0.7503618001937866
vt 0 -1
vt 0.37228041887283325 -0.7671869397163391
vt 0 -1
vt 0.3728266656398773 -0.7707881927490234
vt 0 -1
vt 0.37452054023742676 -0.7826123237609863
vt 0 -1
vt 0.3674318492412567 -0.7324408888816833
vt 0 -1
vt 0.37073254585266113 -0.7569422721862793
vt 0.3707325756549835 -0.7569422721862793
vt 0 -1
vt 0.3812417984008789 -0.8284932374954224
vt 0 -1
vt 0.38131722807884216 -0.8290212154388428
vt 0.38131725788116455 -0.8290212154388428
vt 0 -1
vt 0.37994733452796936 -0.8198691010475159
vt 0 -1
vt 0.3790764808654785 -0.8139427900314331
vt 0.3790765106678009 -0.8139427900314331
vt 0 -1
vt 0.37902650237083435 -0.8136070370674133
vt 0 -1
vt 0.34136971831321716 -0.47089916467666626
vt 0.3676004111766815 -0.728545069694519
vt 0 -1
vt 0.3749382495880127 -0.7855254411697388
vt 0 -1
vt 0.3767089545726776 -0.7980467081069946
vt 0.376708984375 -0.7980467081069946
vt 0 -1
vt 0.3769640326499939 -0.7998224496841431
vt 0 -1
vt 0.38746222853660583 -0.8692938089370728
vt 0.3874622583389282 -0.8692938089370728
vt 0 -1
vt 0.3883388042449951 -0.8758378624916077
vt 0 -1
vt 0.3861592411994934 -0.8606006503105164
vt 0.3861592710018158 -0.8606006503105164
vt 0 -1
vt 0.5784167647361755 -0.5765762329101562
vt 0 -1
vt 0.5784076452255249 -0.5742871165275574
vt 0.5784076452255249 -0.5742871761322021
vt 0 -1
vt 0.3837297558784485 -0.8447872996330261
vt 0 -1
vt 0.38336068391799927 -0.842312753200531
vt 0.38336071372032166 -0.8423126935958862
vt 0 -1
vt 0.38542959094047546 -0.8559936285018921
vt 0 -1
vt 0.5783159136772156 -0.5607644319534302
vt 0 -1
vt 0.5782878398895264 -0.5582277774810791
vt 0 -1
vt 0.5781310796737671 -0.5461831092834473
vt 0 -1
vt 0.3895013928413391 -0.8833395838737488
vt 0.3895014226436615 -0.883339524269104
vt 0 -1
vt 0.39102423191070557 -0.8895079493522644
vt 0.5780060887336731 -0.543048620223999
vt 0 -1
vt 0.3081270456314087 -0.48831093311309814
vt 0 -1
vt 0.3109206259250641 -0.4868541359901428
vt 0.3109206557273865 -0.4868541359901428
vt 0 -1
vt 0.3208159804344177 -0.48170006275177
vt 0.3208159804344177 -0.4817001223564148
vt 0 -1
vt 0.3249845504760742 -0.47952771186828613
vt 0 -1
vt 0.33296632766723633 -0.47531598806381226
vt 0.33296632766723633 -0.47531604766845703
vt 0 -1
vt 0.27873528003692627 -0.5036557912826538
vt 0 -1
vt 0.2817915380001068 -0.5020543336868286
vt 0 -1
vt 0.29310280084609985 -0.49615687131881714
vt 0.29310280084609985 -0.4961569309234619
vt 0 -1
vt 0.2517370283603668 -0.5176985859870911
vt 0.2517370283603668 -0.5176986455917358
vt 0 -1
vt 0.25406143069267273 -0.5164865851402283
vt 0.2540614604949951 -0.5164865851402283
vt 0 -1
vt 0.26528000831604004 -0.5106654167175293
vt 0 -1
vt 0.21442288160324097 -0.5371478199958801
vt 0.21442289650440216 -0.5371478199958801
vt 0 -1
vt 0.225484699010849 -0.5312739610671997
vt 0.2254847139120102 -0.5312739610671997
vt 0 -1
vt 0.23841030895709991 -0.5246169567108154
vt 0.2384103238582611 -0.5246169567108154
vt 0 -1
vt 0.22713249921798706 -0.5304067730903625
vt 0.22713252902030945 -0.5304067730903625
vt 0 -1
vt 0.1867949664592743 -0.5515845417976379
vt 0.18679498136043549 -0.5515845417976379
vt 0 -1
vt 0.19879621267318726 -0.5453183650970459
vt 0.19879622757434845 -0.5453183650970459
vt 0 -1
vt 0.20050276815891266 -0.5444298982620239
vt 0.20050278306007385 -0.5444298982620239
vt 0 -1
vt 0.2119983583688736 -0.5384085178375244
vt 0 -1
vt 0.24066415429115295 -0.5234432220458984
vt 0.24066416919231415 -0.5234431624412537
vt 0 -1
vt 0.15853753685951233 -0.5663192868232727
vt 0 -1
vt 0.16054807603359222 -0.5652673244476318
vt 0.16054809093475342 -0.5652673244476318
vt 0 -1
vt 0.17194347083568573 -0.559329628944397
vt 0.17194348573684692 -0.559329628944397
vt 0 -1
vt 0.14488856494426727 -0.573440670967102
vt 0 -1
vt 0.1472901552915573 -0.5721933841705322
vt 0.1472901552915573 -0.572193443775177
vt 0 -1
vt 0.13070334494113922 -0.5808182954788208
vt 0 -1
vt 0.13361677527427673 -0.5792993903160095
vt 0 -1
vt 0.10241769254207611 -0.5955076217651367
vt 0.692703366279602 -0.4406805634498596
vt 0 -1
vt 0.6941372752189636 -0.433915376663208
vt 0 -1
vt 0.10395930707454681 -0.5947194695472717
vt 0.1039593294262886 -0.5947195291519165
vt 0 -1
vt 0.11665578931570053 -0.5881171822547913
vt 0 -1
vt 0.6955687403678894 -0.4270067811012268
vt 0.6955687403678894 -0.4270068407058716
vt 0 -1
vt 0.18482667207717896 -0.1963862180709839
vt 0 -1
vt 0.19090472161769867 -0.19284039735794067
vt 0 -1
vt 0.2004784494638443 -0.18667453527450562
vt 0.6957080364227295 -0.4250603914260864
vt 0 -1
vt 0.11900874972343445 -0.5868990421295166
vt 0.11900874972343445 -0.5868991017341614
vt 0 -1
vt 0.17362050712108612 -0.5584549903869629
vt 0.17362052202224731 -0.5584549903869629
vt 0 -1
vt 0.18538124859333038 -0.5523229241371155
vt 0.18538126349449158 -0.5523228645324707
vt 0 -1
vt 0.26788419485092163 -0.5093122720718384
vt 0 -1
vt 0.2961689829826355 -0.4945560097694397
vt 0.225491464138031 -0.2545287609100342
vt 0.225491464138031 -0.2545287609100342
vt 0.2254914790391922 -0.2545287013053894
usemtl material
f 2/2/2 5/5/5 8/8/8
f 18/18/18 9/9/9 12/12/12
f 9/9/9 19/19/19 13/13/13
f 11/11/11 14/14/14 21/21/21
f 11/11/11 22/22/22 15/15/15
f 12/12/12 17/17/17 26/26/26
f 18/18/18 27/27/27 9/9/9
f 18/18/18 12/12/12 29/29/29
f 13/13/13 19/19/19 30/30/30
f 13/13/13 32/32/32 14/14/14
f 21/21/21 14/14/14 33/33/33
f 11/11/11 21/21/21 22/22/22
f 36/36/36 17/17/17 24/24/24
f 26/26/26 17/17/17 39/39/39
f 12/12/12 26/26/26 29/29/29
f 18/18/18 40/40/40 27/27/27
f 18/18/18 29/29/29 42/42/42
f 13/13/13 30/30/30 46/46/46
f 13/13/13 46/46/46 32/32/32
f 14/14/14 32/32/32 33/33/33
f 47/47/47 21/21/21 33/33/33
f 48/48/48 22/22/22 21/21/21
f 36/36/36 39/39/39 17/17/17
f 26/26/26 39/39/39 52/52/52
f 26/26/26 54/54/54 29/29/29
f 18/18/18 42/42/42 40/40/40
f 56/56/56 42/42/42 29/29/29
f 63/63/63 46/46/46 30/30/30
f 32/32/32 46/46/46 65/65/65
f 67/67/67 33/33/33 32/32/32
f 48/48/48 21/21/21 47/47/47
f 47/47/47 33/33/33 69/69/69
f 70/70/70 35/35/35 34/34/34
f 71/71/71 34/34/34 50/50/50
f 51/51/51 35/35/35 72/72/72
f 36/36/36 75/75/75 39/39/39
f 79/79/79 52/52/52 39/39/39
f 26/26/26 52/52/52 54/54/54
f 54/54/54 56/56/56 29/29/29
f 86/86/86 45/45/45 44/44/44
f 61/61/61 45/45/45 87/87/87
f 63/63/63 90/90/90 46/46/46
f 65/65/65 46/46/46 90/90/90
f 67/67/67 32/32/32 65/65/65
f 69/69/69 33/33/33 67/67/67
f 48/48/48 47/47/47 91/91/91
f 47/47/47 69/69/69 93/93/93
f 70/70/70 72/72/72 35/35/35
f 70/70/70 34/34/34 71/71/71
f 71/71/71 50/50/50 98/98/98
f 99/99/99 51/51/51 72/72/72
f 79/79/79 39/39/39 75/75/75
f 99/99/99 77/77/77 51/51/51
f 101/101/101 52/52/52 79/79/79
f 86/86/86 44/44/44 82/82/82
f 86/86/86 87/87/87 45/45/45
f 63/63/63 114/114/114 90/90/90
f 91/91/91 47/47/47 93/93/93
f 96/96/96 119/119/119 50/50/50
f 70/70/70 121/121/121 72/72/72
f 70/70/70 71/71/71 123/123/123
f 119/119/119 98/98/98 50/50/50
f 71/71/71 98/98/98 124/124/124
f 133/133/133 101/101/101 79/79/79
f 105/105/105 134/134/134 81/81/81
f 136/136/136 107/107/107 81/81/81
f 86/86/86 82/82/82 137/137/137
f 82/82/82 107/107/107 138/138/138
f 86/86/86 141/141/141 87/87/87
f 63/63/63 111/111/111 114/114/114
f 91/91/91 93/93/93 148/148/148
f 70/70/70 123/123/123 121/121/121
f 71/71/71 124/124/124 123/123/123
f 119/119/119 157/157/157 98/98/98
f 98/98/98 159/159/159 124/124/124
f 133/133/133 162/162/162 101/101/101
f 103/103/103 164/164/164 104/104/104
f 165/165/165 108/108/108 104/104/104
f 105/105/105 167/167/167 134/134/134
f 136/136/136 81/81/81 134/134/134
f 136/136/136 170/170/170 107/107/107
f 137/137/137 82/82/82 138/138/138
f 86/86/86 137/137/137 141/141/141
f 138/138/138 107/107/107 170/170/170
f 87/87/87 141/141/141 173/173/173
f 181/181/181 112/112/112 143/143/143
f 146/146/146 112/112/112 184/184/184
f 147/147/147 186/186/186 115/115/115
f 187/187/187 116/116/116 115/115/115
f 117/117/117 116/116/116 188/188/188
f 118/118/118 117/117/117 189/189/189
f 91/91/91 148/148/148 150/150/150
f 118/118/118 190/190/190 151/151/151
f 123/123/123 193/193/193 121/121/121
f 123/123/123 124/124/124 197/197/197
f 157/157/157 159/159/159 98/98/98
f 198/198/198 124/124/124 159/159/159
f 125/125/125 199/199/199 160/160/160
f 131/131/131 200/200/200 127/127/127
f 202/202/202 130/130/130 127/127/127
f 205/205/205 131/131/131 160/160/160
f 162/162/162 161/161/161 101/101/101
f 165/165/165 104/104/104 164/164/164
f 209/209/209 134/134/134 167/167/167
f 136/136/136 134/134/134 212/212/212
f 214/214/214 170/170/170 136/136/136
f 215/215/215 137/137/137 138/138/138
f 216/216/216 141/141/141 137/137/137
f 217/217/217 138/138/138 170/170/170
f 139/139/139 171/171/171 218/218/218
f 220/220/220 140/140/140 172/172/172
f 140/140/140 221/221/221 171/171/171
f 173/173/173 141/141/141 222/222/222
f 176/176/176 142/142/142 223/223/223
f 184/184/184 112/112/112 181/181/181
f 231/231/231 146/146/146 184/184/184
f 185/185/185 232/232/232 147/147/147
f 147/147/147 232/232/232 186/186/186
f 187/187/187 115/115/115 186/186/186
f 187/187/187 188/188/188 116/116/116
f 117/117/117 188/188/188 189/189/189
f 118/118/118 189/189/189 190/190/190
f 236/236/236 150/150/150 148/148/148
f 151/151/151 190/190/190 239/239/239
f 240/240/240 191/191/191 155/155/155
f 123/123/123 197/197/197 193/193/193
f 198/198/198 197/197/197 124/124/124
f 244/244/244 159/159/159 157/157/157
f 246/246/246 198/198/198 159/159/159
f 125/125/125 247/247/247 199/199/199
f 160/160/160 199/199/199 249/249/249
f 205/205/205 200/200/200 131/131/131
f 202/202/202 127/127/127 200/200/200
f 202/202/202 251/251/251 130/130/130
f 205/205/205 160/160/160 249/249/249
f 252/252/252 161/161/161 162/162/162
f 207/207/207 161/161/161 254/254/254
f 258/258/258 165/165/165 164/164/164
f 214/214/214 136/136/136 212/212/212
f 214/214/214 262/262/262 170/170/170
f 216/216/216 137/137/137 215/215/215
f 215/215/215 138/138/138 217/217/217
f 216/216/216 222/222/222 141/141/141
f 262/262/262 217/217/217 170/170/170
f 263/263/263 218/218/218 171/171/171
f 219/219/219 139/139/139 218/218/218
f 220/220/220 221/221/221 140/140/140
f 220/220/220 172/172/172 264/264/264
f 263/263/263 171/171/171 221/221/221
f 173/173/173 222/222/222 265/265/265
f 225/225/225 223/223/223 142/142/142
f 178/178/178 268/268/268 185/185/185
f 185/185/185 275/275/275 232/232/232
f 236/236/236 148/148/148 234/234/234
f 237/237/237 150/150/150 236/236/236
f 240/240/240 281/281/281 191/191/191
f 241/241/241 195/195/195 284/284/284
f 191/191/191 281/281/281 243/243/243
f 244/244/244 246/246/246 159/159/159
f 285/285/285 198/198/198 246/246/246
f 247/247/247 286/286/286 199/199/199
f 199/199/199 287/287/287 249/249/249
f 290/290/290 251/251/251 202/202/202
f 205/205/205 249/249/249 293/293/293
f 252/252/252 254/254/254 161/161/161
f 207/207/207 254/254/254 295/295/295
f 255/255/255 204/204/204 292/292/292
f 256/256/256 258/258/258 164/164/164
f 258/258/258 298/298/298 165/165/165
f 261/261/261 264/264/264 172/172/172
f 303/303/303 214/214/214 212/212/212
f 214/214/214 305/305/305 262/262/262
f 216/216/216 215/215/215 307/307/307
f 308/308/308 215/215/215 217/217/217
f 216/216/216 309/309/309 222/222/222
f 262/262/262 310/310/310 217/217/217
f 263/263/263 311/311/311 218/218/218
f 220/220/220 313/313/313 221/221/221
f 220/220/220 264/264/264 314/314/314
f 263/263/263 221/221/221 315/315/315
f 316/316/316 265/265/265 222/222/222
f 268/268/268 275/275/275 185/185/185
f 270/270/270 320/320/320 227/227/227
f 321/321/321 228/228/228 227/227/227
f 323/323/323 273/273/273 228/228/228
f 237/237/237 236/236/236 328/328/328
f 240/240/240 333/333/333 281/281/281
f 283/283/283 338/338/338 195/195/195
f 284/284/284 195/195/195 338/338/338
f 241/241/241 284/284/284 339/339/339
f 244/244/244 344/344/344 246/246/246
f 346/346/346 285/285/285 246/246/246
f 348/348/348 286/286/286 247/247/247
f 199/199/199 286/286/286 287/287/287
f 349/349/349 249/249/249 287/287/287
f 290/290/290 352/352/352 251/251/251
f 349/349/349 293/293/293 249/249/249
f 353/353/353 254/254/254 252/252/252
f 254/254/254 356/356/356 295/295/295
f 255/255/255 292/292/292 359/359/359
f 261/261/261 364/364/364 264/264/264
f 303/303/303 305/305/305 214/214/214
f 262/262/262 305/305/305 310/310/310
f 308/308/308 307/307/307 215/215/215
f 216/216/216 307/307/307 309/309/309
f 308/308/308 217/217/217 310/310/310
f 316/316/316 222/222/222 309/309/309
f 263/263/263 367/367/367 311/311/311
f 220/220/220 314/314/314 313/313/313
f 313/313/313 315/315/315 221/221/221
f 264/264/264 368/368/368 314/314/314
f 263/263/263 315/315/315 367/367/367
f 371/371/371 320/320/320 270/270/270
f 321/321/321 227/227/227 320/320/320
f 323/323/323 228/228/228 321/321/321
f 373/373/373 274/274/274 271/271/271
f 274/274/274 376/376/376 324/324/324
f 278/278/278 330/330/330 379/379/379
f 240/240/240 336/336/336 333/333/333
f 284/284/284 338/338/338 383/383/383
f 284/284/284 385/385/385 339/339/339
f 346/346/346 246/246/246 344/344/344
f 346/346/346 388/388/388 285/285/285
f 391/391/391 286/286/286 348/348/348
f 348/348/348 247/247/247 393/393/393
f 287/287/287 286/286/286 395/395/395
f 396/396/396 349/349/349 287/287/287
f 399/399/399 289/289/289 288/288/288
f 290/290/290 402/402/402 352/352/352
f 353/353/353 356/356/356 254/254/254
f 255/255/255 405/405/405 355/355/355
f 403/403/403 359/359/359 292/292/292
f 255/255/255 359/359/359 405/405/405
f 264/264/264 364/364/364 368/368/368
f 303/303/303 412/412/412 305/305/305
f 414/414/414 310/310/310 305/305/305
f 416/416/416 307/307/307 308/308/308
f 417/417/417 309/309/309 307/307/307
f 308/308/308 310/310/310 419/419/419
f 417/417/417 316/316/316 309/309/309
f 367/367/367 420/420/420 311/311/311
f 313/313/313 314/314/314 422/422/422
f 423/423/423 315/315/315 313/313/313
f 368/368/368 424/424/424 314/314/314
f 426/426/426 367/367/367 315/315/315
f 427/427/427 319/319/319 370/370/370
f 371/371/371 428/428/428 320/320/320
f 321/321/321 320/320/320 429/429/429
f 323/323/323 321/321/321 430/430/430
f 373/373/373 271/271/271 372/372/372
f 373/373/373 376/376/376 274/274/274
f 324/324/324 376/376/376 432/432/432
f 370/370/370 324/324/324 433/433/433
f 325/325/325 326/326/326 436/436/436
f 440/440/440 379/379/379 330/330/330
f 284/284/284 383/383/383 385/385/385
f 449/449/449 339/339/339 385/385/385
f 387/387/387 339/339/339 449/449/449
f 346/346/346 344/344/344 455/455/455
f 346/346/346 456/456/456 388/388/388
f 391/391/391 395/395/395 286/286/286
f 396/396/396 287/287/287 395/395/395
f 398/398/398 399/399/399 288/288/288
f 401/401/401 289/289/289 399/399/399
f 463/463/463 352/352/352 402/402/402
f 405/405/405 465/465/465 355/355/355
f 468/468/468 359/359/359 403/403/403
f 359/359/359 470/470/470 405/405/405
f 360/360/360 407/407/407 472/472/472
f 360/360/360 473/473/473 363/363/363
f 474/474/474 361/361/361 406/406/406
f 475/475/475 407/407/407 361/361/361
f 368/368/368 364/364/364 479/479/479
f 414/414/414 481/481/481 310/310/310
f 417/417/417 307/307/307 416/416/416
f 416/416/416 308/308/308 419/419/419
f 419/419/419 310/310/310 481/481/481
f 367/367/367 484/484/484 420/420/420
f 424/424/424 422/422/422 314/314/314
f 423/423/423 313/313/313 422/422/422
f 423/423/423 426/426/426 315/315/315
f 485/485/485 424/424/424 368/368/368
f 426/426/426 484/484/484 367/367/367
f 427/427/427 370/370/370 488/488/488
f 371/371/371 490/490/490 428/428/428
f 428/428/428 429/429/429 320/320/320
f 321/321/321 429/429/429 430/430/430
f 323/323/323 430/430/430 431/431/431
f 374/374/374 473/473/473 372/372/372
f 373/373/373 372/372/372 472/472/472
f 373/373/373 491/491/491 376/376/376
f 475/475/475 432/432/432 376/376/376
f 433/433/433 324/324/324 432/432/432
f 370/370/370 433/433/433 488/488/488
f 325/325/325 494/494/494 435/435/435
f 325/325/325 436/436/436 494/494/494
f 344/344/344 454/454/454 455/455/455
f 346/346/346 455/455/455 456/456/456
f 505/505/505 388/388/388 456/456/456
f 391/391/391 509/509/509 395/395/395
f 396/396/396 395/395/395 515/515/515
f 398/398/398 519/519/519 399/399/399
f 521/521/521 401/401/401 399/399/399
f 464/464/464 352/352/352 463/463/463
f 463/463/463 402/402/402 523/523/523
f 462/462/462 519/519/519 398/398/398
f 525/525/525 465/465/465 405/405/405
f 527/527/527 406/406/406 467/467/467
f 468/468/468 470/470/470 359/359/359
f 470/470/470 525/525/525 405/405/405
f 491/491/491 472/472/472 407/407/407
f 360/360/360 472/472/472 473/473/473
f 363/363/363 473/473/473 477/477/477
f 475/475/475 361/361/361 474/474/474
f 474/474/474 406/406/406 527/527/527
f 475/475/475 491/491/491 407/407/407
f 478/478/478 479/479/479 364/364/364
f 485/485/485 368/368/368 479/479/479
f 408/408/408 530/530/530 480/480/480
f 537/537/537 416/416/416 419/419/419
f 538/538/538 419/419/419 481/481/481
f 420/420/420 484/484/484 499/499/499
f 424/424/424 540/540/540 422/422/422
f 423/423/423 422/422/422 541/541/541
f 423/423/423 542/542/542 426/426/426
f 485/485/485 543/543/543 424/424/424
f 426/426/426 545/545/545 484/484/484
f 490/490/490 546/546/546 428/428/428
f 428/428/428 547/547/547 429/429/429
f 430/430/430 429/429/429 548/548/548
f 430/430/430 549/549/549 431/431/431
f 477/477/477 473/473/473 374/374/374
f 372/372/372 473/473/473 472/472/472
f 373/373/373 472/472/472 491/491/491
f 475/475/475 376/376/376 491/491/491
f 431/431/431 549/549/549 492/492/492
f 475/475/475 552/552/552 432/432/432
f 433/433/433 432/432/432 553/553/553
f 554/554/554 488/488/488 433/433/433
f 441/441/441 558/558/558 443/443/443
f 443/443/443 559/559/559 497/497/497
f 445/445/445 498/498/498 561/561/561
f 454/454/454 453/453/453 568/568/568
f 569/569/569 455/455/455 454/454/454
f 455/455/455 570/570/570 456/456/456
f 515/515/515 395/395/395 509/509/509
f 462/462/462 518/518/518 579/579/579
f 521/521/521 399/399/399 519/519/519
f 522/522/522 523/523/523 402/402/402
f 464/464/464 463/463/463 580/580/580
f 463/463/463 523/523/523 581/581/581
f 524/524/524 464/464/464 580/580/580
f 462/462/462 579/579/579 519/519/519
f 527/527/527 467/467/467 583/583/583
f 475/475/475 474/474/474 552/552/552
f 587/587/587 474/474/474 527/527/527
f 480/480/480 589/589/589 478/478/478
f 590/590/590 479/479/479 478/478/478
f 591/591/591 485/485/485 479/479/479
f 593/593/593 480/480/480 530/530/530
f 596/596/596 416/416/416 537/537/537
f 537/537/537 419/419/419 538/538/538
f 598/598/598 499/499/499 484/484/484
f 599/599/599 540/540/540 424/424/424
f 540/540/540 541/541/541 422/422/422
f 423/423/423 541/541/541 542/542/542
f 426/426/426 542/542/542 545/545/545
f 598/598/598 484/484/484 545/545/545
f 603/603/603 546/546/546 490/490/490
f 428/428/428 546/546/546 547/547/547
f 548/548/548 429/429/429 547/547/547
f 430/430/430 548/548/548 549/549/549
f 549/549/549 604/604/604 492/492/492
f 605/605/605 551/551/551 492/492/492
f 552/552/552 553/553/553 432/432/432
f 554/554/554 433/433/433 553/553/553
f 441/441/441 557/557/557 558/558/558
f 443/443/443 558/558/558 606/606/606
f 608/608/608 497/497/497 559/559/559
f 609/609/609 498/498/498 556/556/556
f 610/610/610 561/561/561 498/498/498
f 500/500/500 499/499/499 611/611/611
f 612/612/612 501/501/501 500/500/500
f 563/563/563 501/501/501 613/613/613
f 502/502/502 616/616/616 504/504/504
f 512/512/512 504/504/504 618/618/618
f 566/566/566 497/497/497 608/608/608
f 569/569/569 454/454/454 568/568/568
f 569/569/569 570/570/570 455/455/455
f 628/628/628 521/521/521 519/519/519
f 522/522/522 630/630/630 523/523/523
f 580/580/580 463/463/463 581/581/581
f 631/631/631 581/581/581 523/523/523
f 524/524/524 580/580/580 633/633/633
f 635/635/635 529/529/529 524/524/524
f 628/628/628 519/519/519 579/579/579
f 586/586/586 529/529/529 639/639/639
f 552/552/552 474/474/474 587/587/587
f 593/593/593 589/589/589 480/480/480
f 590/590/590 478/478/478 589/589/589
f 590/590/590 591/591/591 479/479/479
f 593/593/593 530/530/530 642/642/642
f 645/645/645 536/536/536 535/535/535
f 536/536/536 646/646/646 594/594/594
f 647/647/647 596/596/596 537/537/537
f 537/537/537 538/538/538 649/649/649
f 598/598/598 611/611/611 499/499/499
f 599/599/599 652/652/652 540/540/540
f 540/540/540 653/653/653 541/541/541
f 654/654/654 542/542/542 541/541/541
f 545/545/545 542/542/542 655/655/655
f 598/598/598 545/545/545 658/658/658
f 603/603/603 659/659/659 546/546/546
f 547/547/547 546/546/546 660/660/660
f 661/661/661 548/548/548 547/547/547
f 548/548/548 662/662/662 549/549/549
f 549/549/549 662/662/662 604/604/604
f 605/605/605 492/492/492 604/604/604
f 605/605/605 641/641/641 551/551/551
f 552/552/552 663/663/663 553/553/553
f 554/554/554 553/553/553 664/664/664
f 667/667/667 608/608/608 559/559/559
f 610/610/610 498/498/498 609/609/609
f 610/610/610 577/577/577 561/561/561
f 612/612/612 500/500/500 611/611/611
f 613/613/613 501/501/501 612/612/612
f 563/563/563 613/613/613 669/669/669
f 563/563/563 669/669/669 615/615/615
f 618/618/618 504/504/504 616/616/616
f 566/566/566 608/608/608 673/673/673
f 675/675/675 569/569/569 568/568/568
f 569/569/569 676/676/676 570/570/570
f 620/620/620 572/572/572 679/679/679
f 573/573/573 621/621/621 681/681/681
f 573/573/573 682/682/682 622/622/622
f 683/683/683 574/574/574 622/622/622
f 577/577/577 576/576/576 561/561/561
f 621/621/621 577/577/577 610/610/610
f 522/522/522 629/629/629 630/630/630
f 630/630/630 631/631/631 523/523/523
f 580/580/580 581/581/581 690/690/690
f 631/631/631 691/691/691 581/581/581
f 580/580/580 690/690/690 633/633/633
f 635/635/635 524/524/524 633/633/633
f 639/639/639 529/529/529 635/635/635
f 586/586/586 695/695/695 585/585/585
f 586/586/586 639/639/639 696/696/696
f 552/552/552 587/587/587 663/663/663
f 593/593/593 699/699/699 589/589/589
f 590/590/590 589/589/589 700/700/700
f 590/590/590 701/701/701 591/591/591
f 593/593/593 642/642/642 704/704/704
f 645/645/645 535/535/535 644/644/644
f 645/645/645 646/646/646 536/536/536
f 646/646/646 707/707/707 594/594/594
f 647/647/647 537/537/537 649/649/649
f 709/709/709 611/611/611 598/598/598
f 599/599/599 712/712/712 652/652/652
f 652/652/652 653/653/653 540/540/540
f 654/654/654 541/541/541 653/653/653
f 654/654/654 655/655/655 542/542/542
f 545/545/545 655/655/655 658/658/658
f 715/715/715 656/656/656 601/601/601
f 709/709/709 598/598/598 658/658/658
f 659/659/659 660/660/660 546/546/546
f 661/661/661 547/547/547 660/660/660
f 661/661/661 662/662/662 548/548/548
f 662/662/662 717/717/717 604/604/604
f 605/605/605 604/604/604 718/718/718
f 605/605/605 719/719/719 641/641/641
f 663/663/663 664/664/664 553/553/553
f 720/720/720 608/608/608 667/667/667
f 610/610/610 609/609/609 721/721/721
f 612/612/612 611/611/611 722/722/722
f 613/613/613 612/612/612 723/723/723
f 669/669/669 613/613/613 724/724/724
f 566/566/566 673/673/673 672/672/672
f 720/720/720 673/673/673 608/608/608
f 675/675/675 676/676/676 569/569/569
f 676/676/676 677/677/677 570/570/570
f 620/620/620 679/679/679 727/727/727
f 626/626/626 574/574/574 683/683/683
f 621/621/621 721/721/721 681/681/681
f 573/573/573 681/681/681 682/682/682
f 622/622/622 682/682/682 728/728/728
f 621/621/621 610/610/610 721/721/721
f 626/626/626 683/683/683 685/685/685
f 689/689/689 733/733/733 629/629/629
f 629/629/629 736/736/736 630/630/630
f 737/737/737 631/631/631 630/630/630
f 691/691/691 690/690/690 581/581/581
f 738/738/738 691/691/691 631/631/631
f 740/740/740 633/633/633 690/690/690
f 586/586/586 696/696/696 695/695/695
f 693/693/693 585/585/585 695/695/695
f 587/587/587 698/698/698 663/663/663
f 593/593/593 704/704/704 699/699/699
f 699/699/699 700/700/700 589/589/589
f 590/590/590 700/700/700 701/701/701
f 620/620/620 727/727/727 644/644/644
f 645/645/645 644/644/644 748/748/748
f 645/645/645 749/749/749 646/646/646
f 646/646/646 750/750/750 707/707/707
f 647/647/647 649/649/649 751/751/751
f 651/651/651 708/708/708 756/756/756
f 709/709/709 757/757/757 611/611/611
f 652/652/652 712/712/712 759/759/759
f 760/760/760 653/653/653 652/652/652
f 654/654/654 653/653/653 761/761/761
f 654/654/654 763/763/763 655/655/655
f 765/765/765 658/658/658 655/655/655
f 715/715/715 767/767/767 656/656/656
f 656/656/656 768/768/768 657/657/657
f 709/709/709 658/658/658 771/771/771
f 774/774/774 660/660/660 659/659/659
f 661/661/661 660/660/660 775/775/775
f 661/661/661 776/776/776 662/662/662
f 776/776/776 717/717/717 662/662/662
f 604/604/604 717/717/717 718/718/718
f 605/605/605 718/718/718 719/719/719
f 747/747/747 641/641/641 719/719/719
f 663/663/663 777/777/777 664/664/664
f 780/780/780 720/720/720 667/667/667
f 722/722/722 611/611/611 757/757/757
f 612/612/612 722/722/722 723/723/723
f 613/613/613 723/723/723 724/724/724
f 669/669/669 724/724/724 782/782/782
f 726/726/726 778/778/778 616/616/616
f 672/672/672 673/673/673 786/786/786
f 720/720/720 787/787/787 673/673/673
f 675/675/675 789/789/789 676/676/676
f 790/790/790 677/677/677 676/676/676
f 727/727/727 679/679/679 793/793/793
f 689/689/689 732/732/732 733/733/733
f 733/733/733 736/736/736 629/629/629
f 737/737/737 630/630/630 736/736/736
f 737/737/737 738/738/738 631/631/631
f 794/794/794 690/690/690 691/691/691
f 795/795/795 691/691/691 738/738/738
f 740/740/740 690/690/690 794/794/794
f 695/695/695 696/696/696 800/800/800
f 663/663/663 698/698/698 777/777/777
f 698/698/698 745/745/745 805/805/805
f 699/699/699 704/704/704 806/806/806
f 699/699/699 808/808/808 700/700/700
f 809/809/809 701/701/701 700/700/700
f 727/727/727 748/748/748 644/644/644
f 645/645/645 748/748/748 749/749/749
f 646/646/646 749/749/749 750/750/750
f 816/816/816 707/707/707 750/750/750
f 751/751/751 649/649/649 753/753/753
f 817/817/817 756/756/756 708/708/708
f 823/823/823 759/759/759 712/712/712
f 760/760/760 652/652/652 759/759/759
f 760/760/760 761/761/761 653/653/653
f 654/654/654 761/761/761 763/763/763
f 765/765/765 655/655/655 763/763/763
f 765/765/765 825/825/825 658/658/658
f 715/715/715 827/827/827 767/767/767
f 656/656/656 767/767/767 768/768/768
f 770/770/770 657/657/657 768/768/768
f 771/771/771 658/658/658 825/825/825
f 774/774/774 659/659/659 773/773/773
f 774/774/774 775/775/775 660/660/660
f 661/661/661 775/775/775 776/776/776
f 776/776/776 831/831/831 717/717/717
f 832/832/832 718/718/718 717/717/717
f 718/718/718 833/833/833 719/719/719
f 747/747/747 719/719/719 834/834/834
f 780/780/780 667/667/667 778/778/778
f 780/780/780 835/835/835 720/720/720
f 722/722/722 757/757/757 837/837/837
f 723/723/723 722/722/722 839/839/839
f 723/723/723 841/841/841 724/724/724
f 782/782/782 724/724/724 843/843/843
f 845/845/845 726/726/726 725/725/725
f 846/846/846 778/778/778 726/726/726
f 672/672/672 786/786/786 785/785/785
f 787/787/787 786/786/786 673/673/673
f 720/720/720 835/835/835 787/787/787
f 790/790/790 676/676/676 789/789/789
f 790/790/790 791/791/791 677/677/677
f 849/849/849 727/727/727 793/793/793
f 732/732/732 744/744/744 851/851/851
f 732/732/732 853/853/853 733/733/733
f 733/733/733 855/855/855 736/736/736
f 737/737/737 736/736/736 855/855/855
f 857/857/857 738/738/738 737/737/737
f 795/795/795 794/794/794 691/691/691
f 795/795/795 738/738/738 859/859/859
f 862/862/862 740/740/740 794/794/794
f 865/865/865 746/746/746 743/743/743
f 867/867/867 744/744/744 797/797/797
f 798/798/798 868/868/868 745/745/745
f 871/871/871 804/804/804 746/746/746
f 698/698/698 805/805/805 777/777/777
f 745/745/745 868/868/868 805/805/805
f 699/699/699 806/806/806 808/808/808
f 808/808/808 809/809/809 700/700/700
f 811/811/811 813/813/813 703/703/703
f 814/814/814 747/747/747 834/834/834
f 849/849/849 748/748/748 727/727/727
f 874/874/874 749/749/749 748/748/748
f 749/749/749 875/875/875 750/750/750
f 707/707/707 816/816/816 877/877/877
f 816/816/816 750/750/750 880/880/880
f 817/817/817 888/888/888 756/756/756
f 823/823/823 893/893/893 759/759/759
f 760/760/760 759/759/759 894/894/894
f 760/760/760 895/895/895 761/761/761
f 765/765/765 899/899/899 825/825/825
f 901/901/901 767/767/767 827/827/827
f 767/767/767 902/902/902 768/768/768
f 904/904/904 770/770/770 768/768/768
f 774/774/774 773/773/773 909/909/909
f 774/774/774 910/910/910 775/775/775
f 775/775/775 911/911/911 776/776/776
f 911/911/911 831/831/831 776/776/776
f 832/832/832 717/717/717 831/831/831
f 832/832/832 833/833/833 718/718/718
f 833/833/833 834/834/834 719/719/719
f 780/780/780 778/778/778 846/846/846
f 780/780/780 912/912/912 835/835/835
f 757/757/757 890/890/890 837/837/837
f 722/722/722 837/837/837 839/839/839
f 723/723/723 839/839/839 841/841/841
f 843/843/843 724/724/724 841/841/841
f 845/845/845 725/725/725 844/844/844
f 845/845/845 846/846/846 726/726/726
f 786/786/786 920/920/920 785/785/785
f 787/787/787 921/921/921 786/786/786
f 787/787/787 835/835/835 922/922/922
f 790/790/790 789/789/789 925/925/925
f 926/926/926 791/791/791 790/790/790
f 849/849/849 793/793/793 930/930/930
f 867/867/867 851/851/851 744/744/744
f 732/732/732 851/851/851 853/853/853
f 857/857/857 737/737/737 855/855/855
f 857/857/857 859/859/859 738/738/738
f 934/934/934 794/794/794 795/795/795
f 935/935/935 795/795/795 859/859/859
f 860/860/860 936/936/936 741/741/741
f 862/862/862 794/794/794 934/934/934
f 863/863/863 741/741/741 936/936/936
f 871/871/871 746/746/746 865/865/865
f 798/798/798 939/939/939 868/868/868
f 798/798/798 869/869/869 939/939/939
f 808/808/808 806/806/806 944/944/944
f 808/808/808 944/944/944 809/809/809
f 811/811/811 951/951/951 813/813/813
f 814/814/814 834/834/834 953/953/953
f 849/849/849 874/874/874 748/748/748
f 874/874/874 875/875/875 749/749/749
f 875/875/875 880/880/880 750/750/750
f 817/817/817 881/881/881 956/956/956
f 773/773/773 884/884/884 909/909/909
f 817/817/817 956/956/956 888/888/888
f 894/894/894 759/759/759 893/893/893
f 760/760/760 894/894/894 895/895/895
f 964/964/964 825/825/825 899/899/899
f 901/901/901 902/902/902 767/767/767
f 901/901/901 827/827/827 969/969/969
f 904/904/904 768/768/768 902/902/902
f 906/906/906 973/973/973 830/830/830
f 774/774/774 909/909/909 910/910/910
f 775/775/775 910/910/910 974/974/974
f 775/775/775 974/974/974 911/911/911
f 911/911/911 975/975/975 831/831/831
f 832/832/832 831/831/831 976/976/976
f 977/977/977 833/833/833 832/832/832
f 978/978/978 834/834/834 833/833/833
f 780/780/780 846/846/846 912/912/912
f 912/912/912 979/979/979 835/835/835
f 839/839/839 837/837/837 985/985/985
f 841/841/841 839/839/839 986/986/986
f 991/991/991 845/845/845 844/844/844
f 844/844/844 915/915/915 993/993/993
f 995/995/995 846/846/846 845/845/845
f 785/785/785 920/920/920 917/917/917
f 786/786/786 921/921/921 920/920/920
f 787/787/787 922/922/922 921/921/921
f 926/926/926 790/790/790 925/925/925
f 928/928/928 998/998/998 848/848/848
f 929/929/929 930/930/930 793/793/793
f 849/849/849 930/930/930 1002/1002/1002
f 867/867/867 1004/1004/1004 851/851/851
f 857/857/857 1009/1009/1009 859/859/859
f 934/934/934 795/795/795 935/935/935
f 935/935/935 859/859/859 1009/1009/1009
f 860/860/860 1011/1011/1011 936/936/936
f 860/860/860 937/937/937 1012/1012/1012
f 1017/1017/1017 862/862/862 934/934/934
f 863/863/863 936/936/936 1020/1020/1020
f 871/871/871 865/865/865 1022/1022/1022
f 941/941/941 1026/1026/1026 869/869/869
f 1026/1026/1026 939/939/939 869/869/869
f 814/814/814 953/953/953 943/943/943
f 811/811/811 949/949/949 951/951/951
f 978/978/978 953/953/953 834/834/834
f 849/849/849 1002/1002/1002 874/874/874
f 874/874/874 1029/1029/1029 875/875/875
f 875/875/875 1032/1032/1032 880/880/880
f 1034/1034/1034 909/909/909 884/884/884
f 1043/1043/1043 894/894/894 893/893/893
f 830/830/830 973/973/973 962/962/962
f 894/894/894 1044/1044/1044 895/895/895
f 1047/1047/1047 898/898/898 897/897/897
f 1050/1050/1050 902/902/902 901/901/901
f 1051/1051/1051 901/901/901 969/969/969
f 904/904/904 902/902/902 1052/1052/1052
f 1058/1058/1058 908/908/908 907/907/907
f 1061/1061/1061 910/910/910 909/909/909
f 1061/1061/1061 974/974/974 910/910/910
f 911/911/911 974/974/974 1062/1062/1062
f 911/911/911 1062/1062/1062 975/975/975
f 831/831/831 975/975/975 976/976/976
f 977/977/977 832/832/832 976/976/976
f 977/977/977 1063/1063/1063 833/833/833
f 978/978/978 833/833/833 1063/1063/1063
f 912/912/912 846/846/846 995/995/995
f 1064/1064/1064 979/979/979 912/912/912
f 986/986/986 839/839/839 985/985/985
f 995/995/995 845/845/845 991/991/991
f 991/991/991 844/844/844 993/993/993
f 917/917/917 920/920/920 1068/1068/1068
f 920/920/920 921/921/921 1068/1068/1068
f 922/922/922 1075/1075/1075 921/921/921
f 929/929/929 1079/1079/1079 930/930/930
f 1080/1080/1080 929/929/929 1000/1000/1000
f 1002/1002/1002 930/930/930 1081/1081/1081
f 931/931/931 1007/1007/1007 1084/1084/1084
f 1085/1085/1085 1008/1008/1008 933/933/933
f 934/934/934 935/935/935 1088/1088/1088
f 935/935/935 1009/1009/1009 1089/1089/1089
f 860/860/860 1012/1012/1012 1011/1011/1011
f 936/936/936 1011/1011/1011 1092/1092/1092
f 1012/1012/1012 937/937/937 1093/1093/1093
f 1013/1013/1013 1093/1093/1093 937/937/937
f 1017/1017/1017 934/934/934 1088/1088/1088
f 865/865/865 1019/1019/1019 1022/1022/1022
f 1020/1020/1020 936/936/936 1092/1092/1092
f 941/941/941 940/940/940 1095/1095/1095
f 1025/1025/1025 1096/1096/1096 940/940/940
f 941/941/941 1097/1097/1097 1026/1026/1026
f 942/942/942 1027/1027/1027 1101/1101/1101
f 1103/1103/1103 943/943/943 953/953/953
f 952/952/952 1109/1109/1109 1028/1028/1028
f 978/978/978 1110/1110/1110 953/953/953
f 874/874/874 1002/1002/1002 1029/1029/1029
f 875/875/875 1029/1029/1029 1032/1032/1032
f 955/955/955 1112/1112/1112 954/954/954
f 1113/1113/1113 1033/1033/1033 954/954/954
f 1036/1036/1036 1114/1114/1114 955/955/955
f 1034/1034/1034 1061/1061/1061 909/909/909
f 1115/1115/1115 1040/1040/1040 958/958/958
f 960/960/960 1117/1117/1117 1041/1041/1041
f 1043/1043/1043 1044/1044/1044 894/894/894
f 1121/1121/1121 962/962/962 973/973/973
f 1044/1044/1044 1045/1045/1045 895/895/895
f 1047/1047/1047 1048/1048/1048 898/898/898
f 1126/1126/1126 968/968/968 1028/1028/1028
f 1050/1050/1050 1052/1052/1052 902/902/902
f 1050/1050/1050 901/901/901 1051/1051/1051
f 1051/1051/1051 969/969/969 1129/1129/1129
f 1058/1058/1058 1060/1060/1060 908/908/908
f 1059/1059/1059 1058/1058/1058 907/907/907
f 1061/1061/1061 1033/1033/1033 974/974/974
f 1062/1062/1062 974/974/974 1033/1033/1033
f 1134/1134/1134 975/975/975 1062/1062/1062
f 976/976/976 975/975/975 1136/1136/1136
f 1137/1137/1137 977/977/977 976/976/976
f 1137/1137/1137 1063/1063/1063 977/977/977
f 1138/1138/1138 978/978/978 1063/1063/1063
f 1064/1064/1064 912/912/912 995/995/995
f 1064/1064/1064 1140/1140/1140 979/979/979
f 1149/1149/1149 991/991/991 993/993/993
f 1068/1068/1068 921/921/921 1075/1075/1075
f 1080/1080/1080 1079/1079/1079 929/929/929
f 930/930/930 1079/1079/1079 1081/1081/1081
f 1080/1080/1080 1000/1000/1000 1156/1156/1156
f 1002/1002/1002 1081/1081/1081 1157/1157/1157
f 1161/1161/1161 1007/1007/1007 1006/1006/1006
f 931/931/931 1084/1084/1084 1082/1082/1082
f 1162/1162/1162 1084/1084/1084 1007/1007/1007
f 1085/1085/1085 1163/1163/1163 1008/1008/1008
f 1163/1163/1163 1087/1087/1087 1008/1008/1008
f 935/935/935 1089/1089/1089 1088/1088/1088
f 1165/1165/1165 1011/1011/1011 1012/1012/1012
f 1166/1166/1166 1092/1092/1092 1011/1011/1011
f 1167/1167/1167 1012/1012/1012 1093/1093/1093
f 1017/1017/1017 1088/1088/1088 1172/1172/1172
f 1176/1176/1176 1022/1022/1022 1019/1019/1019
f 1020/1020/1020 1092/1092/1092 1177/1177/1177
f 1096/1096/1096 1095/1095/1095 940/940/940
f 941/941/941 1095/1095/1095 1097/1097/1097
f 1180/1180/1180 1096/1096/1096 1025/1025/1025
f 942/942/942 1101/1101/1101 1098/1098/1098
f 1027/1027/1027 1181/1181/1181 1101/1101/1101
f 1103/1103/1103 1105/1105/1105 943/943/943
f 1103/1103/1103 953/953/953 1110/1110/1110
f 952/952/952 1108/1108/1108 1109/1109/1109
f 1183/1183/1183 1028/1028/1028 1109/1109/1109
f 1138/1138/1138 1110/1110/1110 978/978/978
f 1002/1002/1002 1157/1157/1157 1029/1029/1029
f 1032/1032/1032 1029/1029/1029 1185/1185/1185
f 955/955/955 1114/1114/1114 1112/1112/1112
f 1113/1113/1113 954/954/954 1112/1112/1112
f 1113/1113/1113 1062/1062/1062 1033/1033/1033
f 1036/1036/1036 1190/1190/1190 1114/1114/1114
f 1115/1115/1115 1191/1191/1191 1040/1040/1040
f 1118/1118/1118 1117/1117/1117 960/960/960
f 1192/1192/1192 1041/1041/1041 1117/1117/1117
f 1043/1043/1043 1194/1194/1194 1044/1044/1044
f 1044/1044/1044 1195/1195/1195 1045/1045/1045
f 1123/1123/1123 1045/1045/1045 1195/1195/1195
f 1047/1047/1047 1198/1198/1198 1048/1048/1048
f 1049/1049/1049 1048/1048/1048 1201/1201/1201
f 1202/1202/1202 1124/1124/1124 1049/1049/1049
f 1183/1183/1183 1126/1126/1126 1028/1028/1028
f 1128/1128/1128 1129/1129/1129 969/969/969
f 1050/1050/1050 1203/1203/1203 1052/1052/1052
f 1050/1050/1050 1051/1051/1051 1205/1205/1205
f 1051/1051/1051 1129/1129/1129 1206/1206/1206
f 1210/1210/1210 1056/1056/1056 1057/1057/1057
f 1131/1131/1131 1056/1056/1056 1211/1211/1211
f 1130/1130/1130 1212/1212/1212 1057/1057/1057
f 1213/1213/1213 1060/1060/1060 1058/1058/1058
f 1059/1059/1059 1214/1214/1214 1058/1058/1058
f 1059/1059/1059 1132/1132/1132 1215/1215/1215
f 1134/1134/1134 1136/1136/1136 975/975/975
f 1113/1113/1113 1134/1134/1134 1062/1062/1062
f 1218/1218/1218 976/976/976 1136/1136/1136
f 1218/1218/1218 1137/1137/1137 976/976/976
f 1219/1219/1219 1063/1063/1063 1137/1137/1137
f 1138/1138/1138 1063/1063/1063 1219/1219/1219
f 1064/1064/1064 1221/1221/1221 1140/1140/1140
f 1040/1040/1040 1191/1191/1191 1144/1144/1144
f 1223/1223/1223 1067/1067/1067 1065/1065/1065
f 1066/1066/1066 1225/1225/1225 1065/1065/1065
f 1146/1146/1146 1227/1227/1227 1066/1066/1066
f 1152/1152/1152 1067/1067/1067 1228/1228/1228
f 1153/1153/1153 1068/1068/1068 1075/1075/1075
f 1080/1080/1080 1233/1233/1233 1079/1079/1079
f 1236/1236/1236 1081/1081/1081 1079/1079/1079
f 1080/1080/1080 1156/1156/1156 1238/1238/1238
f 1081/1081/1081 1240/1240/1240 1157/1157/1157
f 1243/1243/1243 1006/1006/1006 1160/1160/1160
f 1161/1161/1161 1162/1162/1162 1007/1007/1007
f 1243/1243/1243 1161/1161/1161 1006/1006/1006
f 1245/1245/1245 1082/1082/1082 1084/1084/1084
f 1162/1162/1162 1247/1247/1247 1084/1084/1084
f 1248/1248/1248 1163/1163/1163 1085/1085/1085
f 1163/1163/1163 1250/1250/1250 1087/1087/1087
f 1252/1252/1252 1164/1164/1164 1087/1087/1087
f 1088/1088/1088 1089/1089/1089 1253/1253/1253
f 1165/1165/1165 1166/1166/1166 1011/1011/1011
f 1167/1167/1167 1165/1165/1165 1012/1012/1012
f 1192/1192/1192 1092/1092/1092 1166/1166/1166
f 1259/1259/1259 1013/1013/1013 1170/1170/1170
f 1088/1088/1088 1253/1253/1253 1172/1172/1172
f 1173/1173/1173 1020/1020/1020 1177/1177/1177
f 1192/1192/1192 1177/1177/1177 1092/1092/1092
f 1178/1178/1178 1181/1181/1181 1027/1027/1027
f 1096/1096/1096 1261/1261/1261 1095/1095/1095
f 1180/1180/1180 1262/1262/1262 1096/1096/1096
f 1108/1108/1108 1107/1107/1107 1269/1269/1269
f 1108/1108/1108 1271/1271/1271 1109/1109/1109
f 1183/1183/1183 1109/1109/1109 1272/1272/1272
f 1138/1138/1138 1273/1273/1273 1110/1110/1110
f 1029/1029/1029 1157/1157/1157 1185/1185/1185
f 1276/1276/1276 1112/1112/1112 1114/1114/1114
f 1113/1113/1113 1112/1112/1112 1277/1277/1277
f 1278/1278/1278 1114/1114/1114 1190/1190/1190
f 1115/1115/1115 1279/1279/1279 1191/1191/1191
f 1118/1118/1118 1281/1281/1281 1117/1117/1117
f 1193/1193/1193 1041/1041/1041 1192/1192/1192
f 1192/1192/1192 1117/1117/1117 1177/1177/1177
f 1043/1043/1043 1287/1287/1287 1194/1194/1194
f 1194/1194/1194 1195/1195/1195 1044/1044/1044
f 1123/1123/1123 1195/1195/1195 1288/1288/1288
f 1048/1048/1048 1198/1198/1198 1201/1201/1201
f 1123/1123/1123 1288/1288/1288 1199/1199/1199
f 1202/1202/1202 1049/1049/1049 1201/1201/1201
f 1202/1202/1202 1295/1295/1295 1124/1124/1124
f 1183/1183/1183 1297/1297/1297 1126/1126/1126
f 1128/1128/1128 1299/1299/1299 1129/1129/1129
f 1050/1050/1050 1205/1205/1205 1203/1203/1203
f 1205/1205/1205 1051/1051/1051 1206/1206/1206
f 1206/1206/1206 1129/1129/1129 1300/1300/1300
f 1130/1130/1130 1209/1209/1209 1301/1301/1301
f 1210/1210/1210 1211/1211/1211 1056/1056/1056
f 1210/1210/1210 1057/1057/1057 1212/1212/1212
f 1302/1302/1302 1131/1131/1131 1211/1211/1211
f 1130/1130/1130 1301/1301/1301 1212/1212/1212
f 1213/1213/1213 1217/1217/1217 1060/1060/1060
f 1213/1213/1213 1058/1058/1058 1214/1214/1214
f 1303/1303/1303 1214/1214/1214 1059/1059/1059
f 1303/1303/1303 1059/1059/1059 1215/1215/1215
f 1307/1307/1307 1136/1136/1136 1134/1134/1134
f 1113/1113/1113 1277/1277/1277 1134/1134/1134
f 1218/1218/1218 1136/1136/1136 1309/1309/1309
f 1311/1311/1311 1137/1137/1137 1218/1218/1218
f 1311/1311/1311 1219/1219/1219 1137/1137/1137
f 1140/1140/1140 1221/1221/1221 1314/1314/1314
f 1316/1316/1316 1144/1144/1144 1191/1191/1191
f 1223/1223/1223 1228/1228/1228 1067/1067/1067
f 1223/1223/1223 1065/1065/1065 1225/1225/1225
f 1066/1066/1066 1227/1227/1227 1225/1225/1225
f 1152/1152/1152 1228/1228/1228 1319/1319/1319
f 1140/1140/1140 1314/1314/1314 1231/1231/1231
f 1080/1080/1080 1238/1238/1238 1233/1233/1233
f 1236/1236/1236 1079/1079/1079 1233/1233/1233
f 1236/1236/1236 1240/1240/1240 1081/1081/1081
f 1321/1321/1321 1157/1157/1157 1240/1240/1240
f 1158/1158/1158 1322/1322/1322 1241/1241/1241
f 1161/1161/1161 1326/1326/1326 1162/1162/1162
f 1243/1243/1243 1326/1326/1326 1161/1161/1161
f 1245/1245/1245 1084/1084/1084 1247/1247/1247
f 1248/1248/1248 1085/1085/1085 1246/1246/1246
f 1327/1327/1327 1247/1247/1247 1162/1162/1162
f 1248/1248/1248 1328/1328/1328 1163/1163/1163
f 1163/1163/1163 1328/1328/1328 1250/1250/1250
f 1252/1252/1252 1255/1255/1255 1164/1164/1164
f 1089/1089/1089 1329/1329/1329 1253/1253/1253
f 1165/1165/1165 1332/1332/1332 1166/1166/1166
f 1333/1333/1333 1165/1165/1165 1167/1167/1167
f 1192/1192/1192 1166/1166/1166 1335/1335/1335
f 1169/1169/1169 1257/1257/1257 1337/1337/1337
f 1169/1169/1169 1339/1339/1339 1256/1256/1256
f 1340/1340/1340 1259/1259/1259 1170/1170/1170
f 1253/1253/1253 1341/1341/1341 1172/1172/1172
f 1173/1173/1173 1177/1177/1177 1281/1281/1281
f 1178/1178/1178 1345/1345/1345 1181/1181/1181
f 1096/1096/1096 1262/1262/1262 1261/1261/1261
f 1347/1347/1347 1262/1262/1262 1180/1180/1180
f 1347/1347/1347 1180/1180/1180 1266/1266/1266
f 1108/1108/1108 1269/1269/1269 1271/1271/1271
f 1272/1272/1272 1109/1109/1109 1271/1271/1271
f 1183/1183/1183 1272/1272/1272 1350/1350/1350
f 1185/1185/1185 1157/1157/1157 1321/1321/1321
f 1277/1277/1277 1112/1112/1112 1276/1276/1276
f 1278/1278/1278 1276/1276/1276 1114/1114/1114
f 1278/1278/1278 1190/1190/1190 1357/1357/1357
f 1358/1358/1358 1191/1191/1191 1279/1279/1279
f 1281/1281/1281 1177/1177/1177 1117/1117/1117
f 1192/1192/1192 1335/1335/1335 1193/1193/1193
f 1335/1335/1335 1283/1283/1283 1193/1193/1193
f 1287/1287/1287 1359/1359/1359 1194/1194/1194
f 1194/1194/1194 1360/1360/1360 1195/1195/1195
f 1288/1288/1288 1195/1195/1195 1360/1360/1360
f 1363/1363/1363 1201/1201/1201 1198/1198/1198
f 1288/1288/1288 1364/1364/1364 1199/1199/1199
f 1202/1202/1202 1201/1201/1201 1366/1366/1366
f 1292/1292/1292 1124/1124/1124 1295/1295/1295
f 1202/1202/1202 1370/1370/1370 1295/1295/1295
f 1296/1296/1296 1299/1299/1299 1128/1128/1128
f 1183/1183/1183 1350/1350/1350 1297/1297/1297
f 1129/1129/1129 1299/1299/1299 1300/1300/1300
f 1203/1203/1203 1205/1205/1205 1373/1373/1373
f 1205/1205/1205 1206/1206/1206 1377/1377/1377
f 1378/1378/1378 1206/1206/1206 1300/1300/1300
f 1381/1381/1381 1301/1301/1301 1209/1209/1209
f 1210/1210/1210 1382/1382/1382 1211/1211/1211
f 1210/1210/1210 1212/1212/1212 1382/1382/1382
f 1361/1361/1361 1131/1131/1131 1302/1302/1302
f 1302/1302/1302 1211/1211/1211 1383/1383/1383
f 1301/1301/1301 1384/1384/1384 1212/1212/1212
f 1213/1213/1213 1385/1385/1385 1217/1217/1217
f 1213/1213/1213 1214/1214/1214 1386/1386/1386
f 1303/1303/1303 1387/1387/1387 1214/1214/1214
f 1307/1307/1307 1134/1134/1134 1277/1277/1277
f 1311/1311/1311 1218/1218/1218 1309/1309/1309
f 1316/1316/1316 1191/1191/1191 1358/1358/1358
f 1223/1223/1223 1394/1394/1394 1228/1228/1228
f 1223/1223/1223 1225/1225/1225 1396/1396/1396
f 1319/1319/1319 1228/1228/1228 1397/1397/1397
f 1231/1231/1231 1314/1314/1314 1399/1399/1399
f 1406/1406/1406 1321/1321/1321 1240/1240/1240
f 1407/1407/1407 1241/1241/1241 1322/1322/1322
f 1407/1407/1407 1324/1324/1324 1241/1241/1241
f 1327/1327/1327 1162/1162/1162 1326/1326/1326
f 1411/1411/1411 1245/1245/1245 1247/1247/1247
f 1412/1412/1412 1248/1248/1248 1246/1246/1246
f 1363/1363/1363 1247/1247/1247 1327/1327/1327
f 1248/1248/1248 1413/1413/1413 1328/1328/1328
f 1416/1416/1416 1250/1250/1250 1328/1328/1328
f 1252/1252/1252 1420/1420/1420 1255/1255/1255
f 1253/1253/1253 1329/1329/1329 1421/1421/1421
f 1333/1333/1333 1332/1332/1332 1165/1165/1165
f 1332/1332/1332 1335/1335/1335 1166/1166/1166
f 1336/1336/1336 1256/1256/1256 1423/1423/1423
f 1169/1169/1169 1337/1337/1337 1339/1339/1339
f 1256/1256/1256 1339/1339/1339 1423/1423/1423
f 1426/1426/1426 1259/1259/1259 1340/1340/1340
f 1253/1253/1253 1421/1421/1421 1341/1341/1341
f 1178/1178/1178 1344/1344/1344 1345/1345/1345
f 1432/1432/1432 1181/1181/1181 1345/1345/1345
f 1434/1434/1434 1261/1261/1261 1262/1262/1262
f 1347/1347/1347 1436/1436/1436 1262/1262/1262
f 1263/1263/1263 1268/1268/1268 1439/1439/1439
f 1347/1347/1347 1266/1266/1266 1440/1440/1440
f 1349/1349/1349 1439/1439/1439 1268/1268/1268
f 1269/1269/1269 1270/1270/1270 1271/1271/1271
f 1272/1272/1272 1271/1271/1271 1442/1442/1442
f 1443/1443/1443 1350/1350/1350 1272/1272/1272
f 1351/1351/1351 1444/1444/1444 1275/1275/1275
f 1444/1444/1444 1353/1353/1353 1275/1275/1275
f 1445/1445/1445 1277/1277/1277 1276/1276/1276
f 1446/1446/1446 1276/1276/1276 1278/1278/1278
f 1448/1448/1448 1278/1278/1278 1357/1357/1357
f 1449/1449/1449 1358/1358/1358 1279/1279/1279
f 1335/1335/1335 1450/1450/1450 1283/1283/1283
f 1287/1287/1287 1454/1454/1454 1359/1359/1359
f 1194/1194/1194 1359/1359/1359 1360/1360/1360
f 1288/1288/1288 1360/1360/1360 1455/1455/1455
f 1363/1363/1363 1366/1366/1366 1201/1201/1201
f 1363/1363/1363 1198/1198/1198 1411/1411/1411
f 1202/1202/1202 1366/1366/1366 1370/1370/1370
f 1296/1296/1296 1462/1462/1462 1299/1299/1299
f 1371/1371/1371 1464/1464/1464 1296/1296/1296
f 1465/1465/1465 1297/1297/1297 1350/1350/1350
f 1467/1467/1467 1300/1300/1300 1299/1299/1299
f 1205/1205/1205 1377/1377/1377 1373/1373/1373
f 1378/1378/1378 1377/1377/1377 1206/1206/1206
f 1378/1378/1378 1300/1300/1300 1469/1469/1469
f 1381/1381/1381 1209/1209/1209 1379/1379/1379
f 1471/1471/1471 1301/1301/1301 1381/1381/1381
f 1382/1382/1382 1383/1383/1383 1211/1211/1211
f 1472/1472/1472 1382/1382/1382 1212/1212/1212
f 1361/1361/1361 1302/1302/1302 1473/1473/1473
f 1302/1302/1302 1383/1383/1383 1474/1474/1474
f 1471/1471/1471 1384/1384/1384 1301/1301/1301
f 1472/1472/1472 1212/1212/1212 1384/1384/1384
f 1213/1213/1213 1386/1386/1386 1385/1385/1385
f 1217/1217/1217 1385/1385/1385 1389/1389/1389
f 1387/1387/1387 1386/1386/1386 1214/1214/1214
f 1477/1477/1477 1305/1305/1305 1368/1368/1368
f 1445/1445/1445 1307/1307/1307 1277/1277/1277
f 1390/1390/1390 1483/1483/1483 1313/1313/1313
f 1223/1223/1223 1396/1396/1396 1394/1394/1394
f 1397/1397/1397 1228/1228/1228 1394/1394/1394
f 1486/1486/1486 1319/1319/1319 1397/1397/1397
f 1231/1231/1231 1399/1399/1399 1398/1398/1398
f 1320/1320/1320 1398/1398/1398 1491/1491/1491
f 1401/1401/1401 1320/1320/1320 1493/1493/1493
f 1406/1406/1406 1495/1495/1495 1321/1321/1321
f 1496/1496/1496 1407/1407/1407 1322/1322/1322
f 1497/1497/1497 1323/1323/1323 1324/1324/1324
f 1499/1499/1499 1408/1408/1408 1323/1323/1323
f 1501/1501/1501 1324/1324/1324 1407/1407/1407
f 1505/1505/1505 1327/1327/1327 1326/1326/1326
f 1412/1412/1412 1246/1246/1246 1409/1409/1409
f 1363/1363/1363 1411/1411/1411 1247/1247/1247
f 1412/1412/1412 1413/1413/1413 1248/1248/1248
f 1363/1363/1363 1327/1327/1327 1366/1366/1366
f 1508/1508/1508 1328/1328/1328 1413/1413/1413
f 1416/1416/1416 1328/1328/1328 1508/1508/1508
f 1329/1329/1329 1510/1510/1510 1421/1421/1421
f 1333/1333/1333 1512/1512/1512 1332/1332/1332
f 1332/1332/1332 1450/1450/1450 1335/1335/1335
f 1515/1515/1515 1336/1336/1336 1423/1423/1423
f 1339/1339/1339 1337/1337/1337 1439/1439/1439
f 1423/1423/1423 1339/1339/1339 1349/1349/1349
f 1426/1426/1426 1340/1340/1340 1517/1517/1517
f 1340/1340/1340 1429/1429/1429 1517/1517/1517
f 1520/1520/1520 1341/1341/1341 1421/1421/1421
f 1345/1345/1345 1344/1344/1344 1473/1473/1473
f 1432/1432/1432 1345/1345/1345 1523/1523/1523
f 1436/1436/1436 1434/1434/1434 1262/1262/1262
f 1263/1263/1263 1439/1439/1439 1437/1437/1437
f 1440/1440/1440 1266/1266/1266 1526/1526/1526
f 1339/1339/1339 1439/1439/1439 1349/1349/1349
f 1443/1443/1443 1272/1272/1272 1442/1442/1442
f 1530/1530/1530 1350/1350/1350 1443/1443/1443
f 1313/1313/1313 1483/1483/1483 1442/1442/1442
f 1351/1351/1351 1531/1531/1531 1444/1444/1444
f 1444/1444/1444 1533/1533/1533 1353/1353/1353
f 1445/1445/1445 1276/1276/1276 1446/1446/1446
f 1446/1446/1446 1278/1278/1278 1448/1448/1448
f 1449/1449/1449 1536/1536/1536 1358/1358/1358
f 1451/1451/1451 1283/1283/1283 1450/1450/1450
f 1359/1359/1359 1454/1454/1454 1537/1537/1537
f 1360/1360/1360 1359/1359/1359 1538/1538/1538
f 1455/1455/1455 1360/1360/1360 1538/1538/1538
f 1505/1505/1505 1370/1370/1370 1366/1366/1366
f 1296/1296/1296 1464/1464/1464 1462/1462/1462
f 1467/1467/1467 1299/1299/1299 1462/1462/1462
f 1545/1545/1545 1464/1464/1464 1371/1371/1371
f 1530/1530/1530 1465/1465/1465 1350/1350/1350
f 1469/1469/1469 1300/1300/1300 1467/1467/1467
f 1373/1373/1373 1377/1377/1377 1547/1547/1547
f 1378/1378/1378 1555/1555/1555 1377/1377/1377
f 1378/1378/1378 1469/1469/1469 1556/1556/1556
f 1381/1381/1381 1379/1379/1379 1558/1558/1558
f 1471/1471/1471 1381/1381/1381 1560/1560/1560
f 1382/1382/1382 1562/1562/1562 1383/1383/1383
f 1472/1472/1472 1562/1562/1562 1382/1382/1382
f 1302/1302/1302 1474/1474/1474 1473/1473/1473
f 1361/1361/1361 1473/1473/1473 1344/1344/1344
f 1383/1383/1383 1563/1563/1563 1474/1474/1474
f 1471/1471/1471 1564/1564/1564 1384/1384/1384
f 1472/1472/1472 1384/1384/1384 1565/1565/1565
f 1566/1566/1566 1385/1385/1385 1386/1386/1386
f 1567/1567/1567 1389/1389/1389 1385/1385/1385
f 1387/1387/1387 1568/1568/1568 1386/1386/1386
f 1477/1477/1477 1475/1475/1475 1305/1305/1305
f 1571/1571/1571 1479/1479/1479 1389/1389/1389
f 1482/1482/1482 1574/1574/1574 1390/1390/1390
f 1390/1390/1390 1574/1574/1574 1483/1483/1483
f 1392/1392/1392 1576/1576/1576 1484/1484/1484
f 1397/1397/1397 1394/1394/1394 1578/1578/1578
f 1486/1486/1486 1485/1485/1485 1319/1319/1319
f 1486/1486/1486 1397/1397/1397 1580/1580/1580
f 1491/1491/1491 1398/1398/1398 1399/1399/1399
f 1402/1402/1402 1401/1401/1401 1585/1585/1585
f 1493/1493/1493 1320/1320/1320 1491/1491/1491
f 1401/1401/1401 1493/1493/1493 1585/1585/1585
f 1593/1593/1593 1495/1495/1495 1406/1406/1406
f 1496/1496/1496 1594/1594/1594 1407/1407/1407
f 1499/1499/1499 1323/1323/1323 1497/1497/1497
f 1501/1501/1501 1497/1497/1497 1324/1324/1324
f 1499/1499/1499 1595/1595/1595 1408/1408/1408
f 1501/1501/1501 1407/1407/1407 1594/1594/1594
f 1505/1505/1505 1366/1366/1366 1327/1327/1327
f 1595/1595/1595 1506/1506/1506 1408/1408/1408
f 1412/1412/1412 1409/1409/1409 1539/1539/1539
f 1412/1412/1412 1597/1597/1597 1413/1413/1413
f 1508/1508/1508 1413/1413/1413 1599/1599/1599
f 1421/1421/1421 1510/1510/1510 1607/1607/1607
f 1512/1512/1512 1450/1450/1450 1332/1332/1332
f 1515/1515/1515 1514/1514/1514 1336/1336/1336
f 1515/1515/1515 1423/1423/1423 1529/1529/1529
f 1612/1612/1612 1425/1425/1425 1424/1424/1424
f 1425/1425/1425 1613/1613/1613 1516/1516/1516
f 1337/1337/1337 1437/1437/1437 1439/1439/1439
f 1423/1423/1423 1349/1349/1349 1529/1529/1529
f 1520/1520/1520 1522/1522/1522 1341/1341/1341
f 1520/1520/1520 1421/1421/1421 1607/1607/1607
f 1345/1345/1345 1473/1473/1473 1523/1523/1523
f 1616/1616/1616 1432/1432/1432 1523/1523/1523
f 1436/1436/1436 1618/1618/1618 1434/1434/1434
f 1443/1443/1443 1442/1442/1442 1483/1483/1483
f 1622/1622/1622 1530/1530/1530 1443/1443/1443
f 1531/1531/1531 1623/1623/1623 1444/1444/1444
f 1444/1444/1444 1623/1623/1623 1533/1533/1533
f 1445/1445/1445 1446/1446/1446 1627/1627/1627
f 1629/1629/1629 1446/1446/1446 1448/1448/1448
f 1449/1449/1449 1633/1633/1633 1536/1536/1536
f 1635/1635/1635 1451/1451/1451 1450/1450/1450
f 1537/1537/1537 1454/1454/1454 1640/1640/1640
f 1538/1538/1538 1359/1359/1359 1537/1537/1537
f 1455/1455/1455 1538/1538/1538 1641/1641/1641
f 1409/1409/1409 1362/1362/1362 1539/1539/1539
f 1464/1464/1464 1652/1652/1652 1462/1462/1462
f 1545/1545/1545 1655/1655/1655 1464/1464/1464
f 1657/1657/1657 1465/1465/1465 1530/1530/1530
f 1377/1377/1377 1555/1555/1555 1547/1547/1547
f 1554/1554/1554 1558/1558/1558 1379/1379/1379
f 1378/1378/1378 1556/1556/1556 1555/1555/1555
f 1471/1471/1471 1560/1560/1560 1663/1663/1663
f 1562/1562/1562 1563/1563/1563 1383/1383/1383
f 1664/1664/1664 1562/1562/1562 1472/1472/1472
f 1473/1473/1473 1474/1474/1474 1523/1523/1523
f 1616/1616/1616 1474/1474/1474 1563/1563/1563
f 1471/1471/1471 1663/1663/1663 1564/1564/1564
f 1384/1384/1384 1564/1564/1564 1565/1565/1565
f 1664/1664/1664 1472/1472/1472 1565/1565/1565
f 1566/1566/1566 1567/1567/1567 1385/1385/1385
f 1566/1566/1566 1386/1386/1386 1568/1568/1568
f 1567/1567/1567 1571/1571/1571 1389/1389/1389
f 1475/1475/1475 1666/1666/1666 1570/1570/1570
f 1477/1477/1477 1666/1666/1666 1475/1475/1475
f 1670/1670/1670 1479/1479/1479 1571/1571/1571
f 1572/1572/1572 1672/1672/1672 1480/1480/1480
f 1482/1482/1482 1671/1671/1671 1574/1574/1574
f 1622/1622/1622 1483/1483/1483 1574/1574/1574
f 1675/1675/1675 1484/1484/1484 1576/1576/1576
f 1580/1580/1580 1397/1397/1397 1578/1578/1578
f 1486/1486/1486 1676/1676/1676 1485/1485/1485
f 1678/1678/1678 1486/1486/1486 1580/1580/1580
f 1675/1675/1675 1584/1584/1584 1484/1484/1484
f 1590/1590/1590 1404/1404/1404 1588/1588/1588
f 1593/1593/1593 1685/1685/1685 1495/1495/1495
f 1686/1686/1686 1594/1594/1594 1496/1496/1496
f 1501/1501/1501 1594/1594/1594 1691/1691/1691
f 1693/1693/1693 1506/1506/1506 1595/1595/1595
f 1412/1412/1412 1539/1539/1539 1597/1597/1597
f 1599/1599/1599 1413/1413/1413 1597/1597/1597
f 1604/1604/1604 1417/1417/1417 1600/1600/1600
f 1609/1609/1609 1422/1422/1422 1605/1605/1605
f 1607/1607/1607 1510/1510/1510 1698/1698/1698
f 1635/1635/1635 1450/1450/1450 1512/1512/1512
f 1515/1515/1515 1700/1700/1700 1514/1514/1514
f 1701/1701/1701 1515/1515/1515 1529/1529/1529
f 1611/1611/1611 1612/1612/1612 1424/1424/1424
f 1612/1612/1612 1613/1613/1613 1425/1425/1425
f 1616/1616/1616 1523/1523/1523 1474/1474/1474
f 1524/1524/1524 1706/1706/1706 1619/1619/1619
f 1622/1622/1622 1443/1443/1443 1483/1483/1483
f 1711/1711/1711 1530/1530/1530 1622/1622/1622
f 1712/1712/1712 1623/1623/1623 1531/1531/1531
f 1713/1713/1713 1533/1533/1533 1623/1623/1623
f 1624/1624/1624 1533/1533/1533 1713/1713/1713
f 1535/1535/1535 1534/1534/1534 1716/1716/1716
f 1627/1627/1627 1446/1446/1446 1629/1629/1629
f 1631/1631/1631 1535/1535/1535 1718/1718/1718
f 1449/1449/1449 1634/1634/1634 1633/1633/1633
f 1635/1635/1635 1637/1637/1637 1451/1451/1451
f 1722/1722/1722 1537/1537/1537 1640/1640/1640
f 1538/1538/1538 1537/1537/1537 1724/1724/1724
f 1641/1641/1641 1538/1538/1538 1724/1724/1724
f 1597/1597/1597 1539/1539/1539 1643/1643/1643
f 1726/1726/1726 1643/1643/1643 1540/1540/1540
f 1644/1644/1644 1459/1459/1459 1648/1648/1648
f 1655/1655/1655 1652/1652/1652 1464/1464/1464
f 1545/1545/1545 1730/1730/1730 1655/1655/1655
f 1657/1657/1657 1530/1530/1530 1711/1711/1711
f 1555/1555/1555 1734/1734/1734 1547/1547/1547
f 1552/1552/1552 1660/1660/1660 1737/1737/1737
f 1556/1556/1556 1740/1740/1740 1555/1555/1555
f 1663/1663/1663 1560/1560/1560 1745/1745/1745
f 1746/1746/1746 1563/1563/1563 1562/1562/1562
f 1746/1746/1746 1562/1562/1562 1664/1664/1664
f 1748/1748/1748 1616/1616/1616 1563/1563/1563
f 1663/1663/1663 1750/1750/1750 1564/1564/1564
f 1751/1751/1751 1565/1565/1565 1564/1564/1564
f 1753/1753/1753 1664/1664/1664 1565/1565/1565
f 1566/1566/1566 1755/1755/1755 1567/1567/1567
f 1566/1566/1566 1568/1568/1568 1756/1756/1756
f 1567/1567/1567 1758/1758/1758 1571/1571/1571
f 1761/1761/1761 1570/1570/1570 1666/1666/1666
f 1670/1670/1670 1571/1571/1571 1762/1762/1762
f 1671/1671/1671 1763/1763/1763 1574/1574/1574
f 1763/1763/1763 1622/1622/1622 1574/1574/1574
f 1678/1678/1678 1676/1676/1676 1486/1486/1486
f 1675/1675/1675 1768/1768/1768 1584/1584/1584
f 1679/1679/1679 1587/1587/1587 1770/1770/1770
f 1590/1590/1590 1588/1588/1588 1774/1774/1774
f 1593/1593/1593 1778/1778/1778 1685/1685/1685
f 1779/1779/1779 1594/1594/1594 1686/1686/1686
f 1691/1691/1691 1594/1594/1594 1779/1779/1779
f 1784/1784/1784 1599/1599/1599 1597/1597/1597
f 1696/1696/1696 1786/1786/1786 1600/1600/1600
f 1604/1604/1604 1600/1600/1600 1788/1788/1788
f 1601/1601/1601 1695/1695/1695 1789/1789/1789
f 1609/1609/1609 1605/1605/1605 1796/1796/1796
f 1699/1699/1699 1514/1514/1514 1700/1700/1700
f 1701/1701/1701 1700/1700/1700 1515/1515/1515
f 1611/1611/1611 1800/1800/1800 1612/1612/1612
f 1802/1802/1802 1613/1613/1613 1612/1612/1612
f 1614/1614/1614 1804/1804/1804 1702/1702/1702
f 1614/1614/1614 1705/1705/1705 1805/1805/1805
f 1807/1807/1807 1619/1619/1619 1706/1706/1706
f 1811/1811/1811 1621/1621/1621 1710/1710/1710
f 1763/1763/1763 1711/1711/1711 1622/1622/1622
f 1712/1712/1712 1812/1812/1812 1623/1623/1623
f 1713/1713/1713 1623/1623/1623 1812/1812/1812
f 1534/1534/1534 1717/1717/1717 1716/1716/1716
f 1718/1718/1718 1535/1535/1535 1716/1716/1716
f 1631/1631/1631 1718/1718/1718 1821/1821/1821
f 1633/1633/1633 1634/1634/1634 1822/1822/1822
f 1722/1722/1722 1724/1724/1724 1537/1537/1537
f 1722/1722/1722 1640/1640/1640 1831/1831/1831
f 1784/1784/1784 1597/1597/1597 1643/1643/1643
f 1726/1726/1726 1784/1784/1784 1643/1643/1643
f 1726/1726/1726 1540/1540/1540 1727/1727/1727
f 1654/1654/1654 1841/1841/1841 1659/1659/1659
f 1657/1657/1657 1711/1711/1711 1843/1843/1843
f 1659/1659/1659 1846/1846/1846 1662/1662/1662
f 1555/1555/1555 1740/1740/1740 1734/1734/1734
f 1847/1847/1847 1547/1547/1547 1734/1734/1734
f 1852/1852/1852 1742/1742/1742 1662/1662/1662
f 1663/1663/1663 1745/1745/1745 1853/1853/1853
f 1746/1746/1746 1748/1748/1748 1563/1563/1563
f 1746/1746/1746 1664/1664/1664 1854/1854/1854
f 1663/1663/1663 1853/1853/1853 1750/1750/1750
f 1856/1856/1856 1564/1564/1564 1750/1750/1750
f 1751/1751/1751 1753/1753/1753 1565/1565/1565
f 1856/1856/1856 1751/1751/1751 1564/1564/1564
f 1854/1854/1854 1664/1664/1664 1753/1753/1753
f 1566/1566/1566 1756/1756/1756 1755/1755/1755
f 1755/1755/1755 1758/1758/1758 1567/1567/1567
f 1762/1762/1762 1571/1571/1571 1758/1758/1758
f 1761/1761/1761 1759/1759/1759 1570/1570/1570
f 1863/1863/1863 1670/1670/1670 1762/1762/1762
f 1671/1671/1671 1864/1864/1864 1763/1763/1763
f 1678/1678/1678 1867/1867/1867 1676/1676/1676
f 1675/1675/1675 1873/1873/1873 1768/1768/1768
f 1769/1769/1769 1770/1770/1770 1587/1587/1587
f 1679/1679/1679 1770/1770/1770 1874/1874/1874
f 1679/1679/1679 1874/1874/1874 1773/1773/1773
f 1588/1588/1588 1875/1875/1875 1774/1774/1774
f 1590/1590/1590 1774/1774/1774 1776/1776/1776
f 1878/1878/1878 1769/1769/1769 1682/1682/1682
f 1881/1881/1881 1779/1779/1779 1686/1686/1686
f 1789/1789/1789 1690/1690/1690 1687/1687/1687
f 1782/1782/1782 1690/1690/1690 1884/1884/1884
f 1691/1691/1691 1779/1779/1779 1885/1885/1885
f 1785/1785/1785 1884/1884/1884 1695/1695/1695
f 1696/1696/1696 1887/1887/1887 1786/1786/1786
f 1786/1786/1786 1788/1788/1788 1600/1600/1600
f 1884/1884/1884 1789/1789/1789 1695/1695/1695
f 1696/1696/1696 1791/1791/1791 1887/1887/1887
f 1793/1793/1793 1796/1796/1796 1605/1605/1605
f 1699/1699/1699 1700/1700/1700 1890/1890/1890
f 1701/1701/1701 1891/1891/1891 1700/1700/1700
f 1802/1802/1802 1612/1612/1612 1800/1800/1800
f 1803/1803/1803 1702/1702/1702 1892/1892/1892
f 1614/1614/1614 1805/1805/1805 1804/1804/1804
f 1804/1804/1804 1892/1892/1892 1702/1702/1702
f 1703/1703/1703 1893/1893/1893 1705/1705/1705
f 1805/1805/1805 1705/1705/1705 1894/1894/1894
f 1895/1895/1895 1807/1807/1807 1706/1706/1706
f 1899/1899/1899 1711/1711/1711 1763/1763/1763
f 1900/1900/1900 1812/1812/1812 1712/1712/1712
f 1901/1901/1901 1713/1713/1713 1812/1812/1812
f 1716/1716/1716 1717/1717/1717 1904/1904/1904
f 1718/1718/1718 1716/1716/1716 1905/1905/1905
f 1814/1814/1814 1906/1906/1906 1717/1717/1717
f 1821/1821/1821 1718/1718/1718 1907/1907/1907
f 1824/1824/1824 1822/1822/1822 1634/1634/1634
f 1633/1633/1633 1822/1822/1822 1764/1764/1764
f 1827/1827/1827 1908/1908/1908 1719/1719/1719
f 1828/1828/1828 1719/1719/1719 1908/1908/1908
f 1913/1913/1913 1784/1784/1784 1726/1726/1726
f 1915/1915/1915 1726/1726/1726 1727/1727/1727
f 1917/1917/1917 1727/1727/1727 1832/1832/1832
f 1839/1839/1839 1841/1841/1841 1654/1654/1654
f 1841/1841/1841 1846/1846/1846 1659/1659/1659
f 1843/1843/1843 1711/1711/1711 1899/1899/1899
f 1846/1846/1846 1852/1852/1852 1662/1662/1662
f 1920/1920/1920 1734/1734/1734 1740/1740/1740
f 1847/1847/1847 1734/1734/1734 1922/1922/1922
f 1850/1850/1850 1735/1735/1735 1924/1924/1924
f 1738/1738/1738 1930/1930/1930 1739/1739/1739
f 1744/1744/1744 1739/1739/1739 1933/1933/1933
f 1937/1937/1937 1742/1742/1742 1852/1852/1852
f 1853/1853/1853 1745/1745/1745 1939/1939/1939
f 1853/1853/1853 1941/1941/1941 1750/1750/1750
f 1856/1856/1856 1750/1750/1750 1941/1941/1941
f 1943/1943/1943 1751/1751/1751 1856/1856/1856
f 1755/1755/1755 1756/1756/1756 1947/1947/1947
f 1949/1949/1949 1758/1758/1758 1755/1755/1755
f 1953/1953/1953 1762/1762/1762 1758/1758/1758
f 1956/1956/1956 1759/1759/1759 1761/1761/1761
f 1863/1863/1863 1762/1762/1762 1959/1959/1959
f 1899/1899/1899 1763/1763/1763 1864/1864/1864
f 1960/1960/1960 1765/1765/1765 1764/1764/1764
f 1876/1876/1876 1680/1680/1680 1870/1870/1870
f 1966/1966/1966 1768/1768/1768 1873/1873/1873
f 1968/1968/1968 1770/1770/1770 1769/1769/1769
f 1969/1969/1969 1874/1874/1874 1770/1770/1770
f 1814/1814/1814 1773/1773/1773 1874/1874/1874
f 1974/1974/1974 1774/1774/1774 1875/1875/1875
f 1776/1776/1776 1774/1774/1774 1976/1976/1976
f 1968/1968/1968 1769/1769/1769 1878/1878/1878
f 1978/1978/1978 1779/1779/1779 1881/1881/1881
f 1884/1884/1884 1690/1690/1690 1789/1789/1789
f 1782/1782/1782 1884/1884/1884 1980/1980/1980
f 1837/1837/1837 1782/1782/1782 1980/1980/1980
f 1785/1785/1785 1980/1980/1980 1884/1884/1884
f 1984/1984/1984 1786/1786/1786 1887/1887/1887
f 1786/1786/1786 1985/1985/1985 1788/1788/1788
f 1798/1798/1798 1988/1988/1988 1889/1889/1889
f 1699/1699/1699 1890/1890/1890 1826/1826/1826
f 1891/1891/1891 1890/1890/1890 1700/1700/1700
f 1803/1803/1803 1892/1892/1892 1989/1989/1989
f 1804/1804/1804 1805/1805/1805 1990/1990/1990
f 1804/1804/1804 1991/1991/1991 1892/1892/1892
f 1894/1894/1894 1705/1705/1705 1893/1893/1893
f 1992/1992/1992 1805/1805/1805 1894/1894/1894
f 1995/1995/1995 1812/1812/1812 1900/1900/1900
f 1906/1906/1906 1904/1904/1904 1717/1717/1717
f 1716/1716/1716 1904/1904/1904 1905/1905/1905
f 1907/1907/1907 1718/1718/1718 1905/1905/1905
f 1814/1814/1814 1874/1874/1874 1906/1906/1906
f 1865/1865/1865 1815/1815/1815 1998/1998/1998
f 1842/1842/1842 1821/1821/1821 1907/1907/1907
f 2000/2000/2000 1822/1822/1822 1824/1824/1824
f 1960/1960/1960 1764/1764/1764 1822/1822/1822
f 1827/1827/1827 1826/1826/1826 2004/2004/2004
f 1827/1827/1827 2005/2005/2005 1908/1908/1908
f 2007/2007/2007 1828/1828/1828 1908/1908/1908
f 1913/1913/1913 1726/1726/1726 1915/1915/1915
f 1917/1917/1917 1915/1915/1915 1727/1727/1727
f 2013/2013/2013 1917/1917/1917 1832/1832/1832
f 2014/2014/2014 1833/1833/1833 1834/1834/1834
f 1835/1835/1835 1833/1833/1833 2015/2015/2015
f 2016/2016/2016 1834/1834/1834 1836/1836/1836
f 1835/1835/1835 2017/2017/2017 1918/1918/1918
f 2018/2018/2018 1836/1836/1836 1837/1837/1837
f 1842/1842/1842 2019/2019/2019 1838/1838/1838
f 2020/2020/2020 1839/1839/1839 1838/1838/1838
f 1839/1839/1839 2022/2022/2022 1841/1841/1841
f 1843/1843/1843 1899/1899/1899 2025/2025/2025
f 1920/1920/1920 1922/1922/1922 1734/1734/1734
f 1847/1847/1847 1922/1922/1922 2029/2029/2029
f 1926/1926/1926 1924/1924/1924 1735/1735/1735
f 1930/1930/1930 1933/1933/1933 1739/1739/1739
f 1937/1937/1937 1935/1935/1935 1742/1742/1742
f 1939/1939/1939 1745/1745/1745 1938/1938/1938
f 1853/1853/1853 1939/1939/1939 2032/2032/2032
f 1853/1853/1853 2032/2032/2032 1941/1941/1941
f 2034/2034/2034 1856/1856/1856 1941/1941/1941
f 2034/2034/2034 1943/1943/1943 1856/1856/1856
f 2038/2038/2038 1947/1947/1947 1756/1756/1756
f 1949/1949/1949 1755/1755/1755 1947/1947/1947
f 1949/1949/1949 1953/1953/1953 1758/1758/1758
f 1956/1956/1956 1950/1950/1950 1759/1759/1759
f 1959/1959/1959 1762/1762/1762 1953/1953/1953
f 1957/1957/1957 1858/1858/1858 2041/2041/2041
f 2045/2045/2045 1899/1899/1899 1864/1864/1864
f 2049/2049/2049 1876/1876/1876 1870/1870/1870
f 2053/2053/2053 1966/1966/1966 1873/1873/1873
f 1968/1968/1968 1969/1969/1969 1770/1770/1770
f 1969/1969/1969 1906/1906/1906 1874/1874/1874
f 1971/1971/1971 2055/2055/2055 1875/1875/1875
f 1976/1976/1976 1774/1774/1774 1974/1974/1974
f 1974/1974/1974 1875/1875/1875 2055/2055/2055
f 1968/1968/1968 1878/1878/1878 2059/2059/2059
f 1977/1977/1977 2061/2061/2061 1880/1880/1880
f 1978/1978/1978 1881/1881/1881 2062/2062/2062
f 2018/2018/2018 1837/1837/1837 1980/1980/1980
f 1984/1984/1984 1985/1985/1985 1786/1786/1786
f 1798/1798/1798 1986/1986/1986 1988/1988/1988
f 2069/2069/2069 1888/1888/1888 1889/1889/1889
f 1889/1889/1889 1988/1988/1988 2070/2070/2070
f 1826/1826/1826 1890/1890/1890 2004/2004/2004
f 2072/2072/2072 1890/1890/1890 1891/1891/1891
f 1898/1898/1898 1989/1989/1989 1892/1892/1892
f 1992/1992/1992 1990/1990/1990 1805/1805/1805
f 1804/1804/1804 1990/1990/1990 1991/1991/1991
f 1898/1898/1898 1892/1892/1892 1991/1991/1991
f 2072/2072/2072 1891/1891/1891 1940/1940/1940
f 1995/1995/1995 1900/1900/1900 2074/2074/2074
f 2081/2081/2081 1904/1904/1904 1906/1906/1906
f 2082/2082/2082 1905/1905/1905 1904/1904/1904
f 2083/2083/2083 1907/1907/1907 1905/1905/1905
f 1842/1842/1842 1907/1907/1907 2019/2019/2019
f 2000/2000/2000 2084/2084/2084 1822/1822/1822
f 1827/1827/1827 2004/2004/2004 2005/2005/2005
f 1908/1908/1908 2005/2005/2005 2086/2086/2086
f 2007/2007/2007 1908/1908/1908 2086/2086/2086
f 1909/1909/1909 1911/1911/1911 2087/2087/2087
f 1911/1911/1911 2010/2010/2010 2090/2090/2090
f 2014/2014/2014 2015/2015/2015 1833/1833/1833
f 2014/2014/2014 1834/1834/1834 2016/2016/2016
f 1835/1835/1835 2015/2015/2015 2017/2017/2017
f 2018/2018/2018 2016/2016/2016 1836/1836/1836
f 1918/1918/1918 2017/2017/2017 2092/2092/2092
f 2020/2020/2020 1838/1838/1838 2019/2019/2019
f 2020/2020/2020 2022/2022/2022 1839/1839/1839
f 2045/2045/2045 2025/2025/2025 1899/1899/1899
f 1920/1920/1920 2096/2096/2096 1922/1922/1922
f 2101/2101/2101 2029/2029/2029 1922/1922/1922
f 2103/2103/2103 1935/1935/1935 1937/1937/1937
f 1939/1939/1939 1938/1938/1938 2106/2106/2106
f 2107/2107/2107 2032/2032/2032 1939/1939/1939
f 2033/2033/2033 2072/2072/2072 1940/1940/1940
f 2108/2108/2108 1941/1941/1941 2032/2032/2032
f 2034/2034/2034 1941/1941/1941 2108/2108/2108
f 2111/2111/2111 1946/1946/1946 1942/1942/1942
f 2033/2033/2033 1946/1946/1946 2113/2113/2113
f 2038/2038/2038 2114/2114/2114 1947/1947/1947
f 1949/1949/1949 1947/1947/1947 2116/2116/2116
f 1956/1956/1956 2119/2119/2119 1950/1950/1950
f 1957/1957/1957 2041/2041/2041 2126/2126/2126
f 2057/2057/2057 1876/1876/1876 2049/2049/2049
f 1968/1968/1968 2132/2132/2132 1969/1969/1969
f 2081/2081/2081 1906/1906/1906 1969/1969/1969
f 1976/1976/1976 1974/1974/1974 2134/2134/2134
f 1974/1974/1974 2055/2055/2055 2135/2135/2135
f 1968/1968/1968 2059/2059/2059 2132/2132/2132
f 1977/1977/1977 2136/2136/2136 2061/2061/2061
f 1978/1978/1978 2062/2062/2062 2137/2137/2137
f 1984/1984/1984 2143/2143/2143 1985/1985/1985
f 1986/1986/1986 2144/2144/2144 1988/1988/1988
f 2069/2069/2069 1889/1889/1889 2070/2070/2070
f 2072/2072/2072 2004/2004/2004 1890/1890/1890
f 1992/1992/1992 2073/2073/2073 1990/1990/1990
f 1995/1995/1995 2074/2074/2074 2145/2145/2145
f 2081/2081/2081 2082/2082/2082 1904/1904/1904
f 2083/2083/2083 1905/1905/1905 2082/2082/2082
f 2083/2083/2083 2019/2019/2019 1907/1907/1907
f 2149/2149/2149 2084/2084/2084 2000/2000/2000
f 2154/2154/2154 2005/2005/2005 2004/2004/2004
f 2155/2155/2155 2086/2086/2086 2005/2005/2005
f 2160/2160/2160 2007/2007/2007 2086/2086/2086
f 2087/2087/2087 1911/1911/1911 2090/2090/2090
f 2010/2010/2010 2162/2162/2162 2090/2090/2090
f 2014/2014/2014 2166/2166/2166 2015/2015/2015
f 2014/2014/2014 2016/2016/2016 2164/2164/2164
f 2015/2015/2015 2167/2167/2167 2017/2017/2017
f 2018/2018/2018 2164/2164/2164 2016/2016/2016
f 2092/2092/2092 2017/2017/2017 2168/2168/2168
f 2020/2020/2020 2019/2019/2019 2169/2169/2169
f 2020/2020/2020 2171/2171/2171 2022/2022/2022
f 2024/2024/2024 2093/2093/2093 2176/2176/2176
f 2178/2178/2178 2027/2027/2027 2024/2024/2024
f 2045/2045/2045 2182/2182/2182 2025/2025/2025
f 2183/2183/2183 2031/2031/2031 2027/2027/2027
f 2101/2101/2101 1922/1922/1922 2096/2096/2096
f 2103/2103/2103 2099/2099/2099 1935/1935/1935
f 2106/2106/2106 1938/1938/1938 2102/2102/2102
f 2103/2103/2103 1937/1937/1937 2187/2187/2187
f 2031/2031/2031 2188/2188/2188 2105/2105/2105
f 2107/2107/2107 1939/1939/1939 2106/2106/2106
f 2189/2189/2189 2032/2032/2032 2107/2107/2107
f 2033/2033/2033 2154/2154/2154 2072/2072/2072
f 2189/2189/2189 2108/2108/2108 2032/2032/2032
f 2111/2111/2111 1942/1942/1942 2110/2110/2110
f 2111/2111/2111 2113/2113/2113 1946/1946/1946
f 2033/2033/2033 2113/2113/2113 2154/2154/2154
f 2038/2038/2038 2194/2194/2194 2114/2114/2114
f 2116/2116/2116 1947/1947/1947 2114/2114/2114
f 1957/1957/1957 2126/2126/2126 2124/2124/2124
f 2197/2197/2197 2126/2126/2126 2041/2041/2041
f 2041/2041/2041 2042/2042/2042 2198/2198/2198
f 2128/2128/2128 2200/2200/2200 2042/2042/2042
f 2043/2043/2043 2129/2129/2129 2201/2201/2201
f 2048/2048/2048 2203/2203/2203 2046/2046/2046
f 2149/2149/2149 2057/2057/2057 2049/2049/2049
f 2131/2131/2131 2130/2130/2130 1967/1967/1967
f 2132/2132/2132 2081/2081/2081 1969/1969/1969
f 2134/2134/2134 1974/1974/1974 2135/2135/2135
f 2059/2059/2059 2208/2208/2208 2132/2132/2132
f 2136/2136/2136 2209/2209/2209 2061/2061/2061
f 2210/2210/2210 2137/2137/2137 2062/2062/2062
f 2212/2212/2212 2069/2069/2069 2070/2070/2070
f 2072/2072/2072 2154/2154/2154 2004/2004/2004
f 2145/2145/2145 2074/2074/2074 2215/2215/2215
f 2217/2217/2217 2077/2077/2077 2080/2080/2080
f 2081/2081/2081 2221/2221/2221 2082/2082/2082
f 2222/2222/2222 2083/2083/2083 2082/2082/2082
f 2169/2169/2169 2019/2019/2019 2083/2083/2083
f 2149/2149/2149 2049/2049/2049 2084/2084/2084
f 2043/2043/2043 2201/2201/2201 2153/2153/2153
f 2155/2155/2155 2005/2005/2005 2154/2154/2154
f 2155/2155/2155 2223/2223/2223 2086/2086/2086
f 2156/2156/2156 2159/2159/2159 2006/2006/2006
f 2223/2223/2223 2160/2160/2160 2086/2086/2086
f 2087/2087/2087 2090/2090/2090 2224/2224/2224
f 2226/2226/2226 2090/2090/2090 2162/2162/2162
f 2164/2164/2164 2091/2091/2091 2166/2166/2166
f 2166/2166/2166 2091/2091/2091 2165/2165/2165
f 2014/2014/2014 2164/2164/2164 2166/2166/2166
f 2015/2015/2015 2166/2166/2166 2167/2167/2167
f 2167/2167/2167 2168/2168/2168 2017/2017/2017
f 2092/2092/2092 2168/2168/2168 2227/2227/2227
f 2020/2020/2020 2169/2169/2169 2171/2171/2171
f 2178/2178/2178 2024/2024/2024 2176/2176/2176
f 2178/2178/2178 2183/2183/2183 2027/2027/2027
f 2025/2025/2025 2182/2182/2182 2231/2231/2231
f 2183/2183/2183 2188/2188/2188 2031/2031/2031
f 2237/2237/2237 2099/2099/2099 2103/2103/2103
f 2184/2184/2184 2239/2239/2239 2102/2102/2102
f 2240/2240/2240 2106/2106/2106 2102/2102/2102
f 2242/2242/2242 2103/2103/2103 2187/2187/2187
f 2188/2188/2188 2244/2244/2244 2105/2105/2105
f 2107/2107/2107 2106/2106/2106 2246/2246/2246
f 2247/2247/2247 2189/2189/2189 2107/2107/2107
f 2110/2110/2110 2192/2192/2192 2250/2250/2250
f 2111/2111/2111 2110/2110/2110 2251/2251/2251
f 2111/2111/2111 2252/2252/2252 2113/2113/2113
f 2112/2112/2112 2191/2191/2191 2255/2255/2255
f 2113/2113/2113 2155/2155/2155 2154/2154/2154
f 2257/2257/2257 2194/2194/2194 2038/2038/2038
f 2258/2258/2258 2114/2114/2114 2194/2194/2194
f 2116/2116/2116 2114/2114/2114 2260/2260/2260
f 2122/2122/2122 2117/2117/2117 2262/2262/2262
f 2271/2271/2271 2196/2196/2196 2121/2121/2121
f 2129/2129/2129 2122/2122/2122 2272/2272/2272
f 2197/2197/2197 2277/2277/2277 2126/2126/2126
f 2197/2197/2197 2041/2041/2041 2198/2198/2198
f 2042/2042/2042 2200/2200/2200 2198/2198/2198
f 2278/2278/2278 2201/2201/2201 2129/2129/2129
f 2132/2132/2132 2221/2221/2221 2081/2081/2081
f 2134/2134/2134 2135/2135/2135 2281/2281/2281
f 2059/2059/2059 2207/2207/2207 2208/2208/2208
f 2208/2208/2208 2221/2221/2221 2132/2132/2132
f 2136/2136/2136 2282/2282/2282 2209/2209/2209
f 2145/2145/2145 2215/2215/2215 2284/2284/2284
f 2145/2145/2145 2284/2284/2284 2219/2219/2219
f 2222/2222/2222 2082/2082/2082 2221/2221/2221
f 2222/2222/2222 2169/2169/2169 2083/2083/2083
f 2201/2201/2201 2289/2289/2289 2153/2153/2153
f 2155/2155/2155 2252/2252/2252 2223/2223/2223
f 2291/2291/2291 2159/2159/2159 2156/2156/2156
f 2223/2223/2223 2297/2297/2297 2160/2160/2160
f 2224/2224/2224 2090/2090/2090 2299/2299/2299
f 2226/2226/2226 2299/2299/2299 2090/2090/2090
f 2226/2226/2226 2162/2162/2162 2301/2301/2301
f 2302/2302/2302 2165/2165/2165 2163/2163/2163
f 2166/2166/2166 2165/2165/2165 2167/2167/2167
f 2167/2167/2167 2302/2302/2302 2168/2168/2168
f 2168/2168/2168 2303/2303/2303 2227/2227/2227
f 2228/2228/2228 2092/2092/2092 2227/2227/2227
f 2169/2169/2169 2304/2304/2304 2171/2171/2171
f 2230/2230/2230 2174/2174/2174 2309/2309/2309
f 2178/2178/2178 2315/2315/2315 2183/2183/2183
f 2183/2183/2183 2317/2317/2317 2188/2188/2188
f 2237/2237/2237 2103/2103/2103 2242/2242/2242
f 2184/2184/2184 2238/2238/2238 2239/2239/2239
f 2240/2240/2240 2102/2102/2102 2239/2239/2239
f 2246/2246/2246 2106/2106/2106 2240/2240/2240
f 2188/2188/2188 2319/2319/2319 2244/2244/2244
f 2247/2247/2247 2107/2107/2107 2246/2246/2246
f 2255/2255/2255 2191/2191/2191 2249/2249/2249
f 2110/2110/2110 2250/2250/2250 2251/2251/2251
f 2111/2111/2111 2251/2251/2251 2252/2252/2252
f 2113/2113/2113 2252/2252/2252 2155/2155/2155
f 2112/2112/2112 2255/2255/2255 2254/2254/2254
f 2257/2257/2257 2322/2322/2322 2194/2194/2194
f 2258/2258/2258 2260/2260/2260 2114/2114/2114
f 2258/2258/2258 2194/2194/2194 2322/2322/2322
f 2261/2261/2261 2262/2262/2262 2117/2117/2117
f 2272/2272/2272 2122/2122/2122 2262/2262/2262
f 2278/2278/2278 2129/2129/2129 2272/2272/2272
f 2197/2197/2197 2325/2325/2325 2277/2277/2277
f 2197/2197/2197 2198/2198/2198 2325/2325/2325
f 2327/2327/2327 2198/2198/2198 2200/2200/2200
f 2135/2135/2135 2283/2283/2283 2281/2281/2281
f 2208/2208/2208 2207/2207/2207 2288/2288/2288
f 2208/2208/2208 2332/2332/2332 2221/2221/2221
f 2334/2334/2334 2209/2209/2209 2282/2282/2282
f 2337/2337/2337 2219/2219/2219 2284/2284/2284
f 2222/2222/2222 2221/2221/2221 2332/2332/2332
f 2222/2222/2222 2304/2304/2304 2169/2169/2169
f 2288/2288/2288 2153/2153/2153 2289/2289/2289
f 2223/2223/2223 2252/2252/2252 2338/2338/2338
f 2293/2293/2293 2340/2340/2340 2162/2162/2162
f 2223/2223/2223 2338/2338/2338 2297/2297/2297
f 2226/2226/2226 2342/2342/2342 2299/2299/2299
f 2301/2301/2301 2162/2162/2162 2340/2340/2340
f 2226/2226/2226 2301/2301/2301 2342/2342/2342
f 2167/2167/2167 2165/2165/2165 2302/2302/2302
f 2302/2302/2302 2163/2163/2163 2343/2343/2343
f 2168/2168/2168 2302/2302/2302 2303/2303/2303
f 2344/2344/2344 2227/2227/2227 2303/2303/2303
f 2228/2228/2228 2227/2227/2227 2345/2345/2345
f 2350/2350/2350 2230/2230/2230 2309/2309/2309
f 2183/2183/2183 2315/2315/2315 2317/2317/2317
f 2317/2317/2317 2319/2319/2319 2188/2188/2188
f 2233/2233/2233 2353/2353/2353 2235/2235/2235
f 2235/2235/2235 2355/2355/2355 2238/2238/2238
f 2357/2357/2357 2239/2239/2239 2238/2238/2238
f 2358/2358/2358 2240/2240/2240 2239/2239/2239
f 2246/2246/2246 2240/2240/2240 2358/2358/2358
f 2358/2358/2358 2247/2247/2247 2246/2246/2246
f 2321/2321/2321 2365/2365/2365 2249/2249/2249
f 2255/2255/2255 2249/2249/2249 2366/2366/2366
f 2368/2368/2368 2251/2251/2251 2250/2250/2250
f 2251/2251/2251 2338/2338/2338 2252/2252/2252
f 2255/2255/2255 2370/2370/2370 2254/2254/2254
f 2257/2257/2257 2371/2371/2371 2322/2322/2322
f 2373/2373/2373 2260/2260/2260 2258/2258/2258
f 2374/2374/2374 2258/2258/2258 2322/2322/2322
f 2376/2376/2376 2262/2262/2262 2261/2261/2261
f 2277/2277/2277 2325/2325/2325 2385/2385/2385
f 2327/2327/2327 2325/2325/2325 2198/2198/2198
f 2228/2228/2228 2345/2345/2345 2328/2328/2328
f 2392/2392/2392 2281/2281/2281 2283/2283/2283
f 2395/2395/2395 2283/2283/2283 2331/2331/2331
f 2208/2208/2208 2288/2288/2288 2332/2332/2332
f 2334/2334/2334 2282/2282/2282 2393/2393/2393
f 2400/2400/2400 2217/2217/2217 2336/2336/2336
f 2396/2396/2396 2337/2337/2337 2284/2284/2284
f 2222/2222/2222 2332/2332/2332 2304/2304/2304
f 2288/2288/2288 2289/2289/2289 2332/2332/2332
f 2402/2402/2402 2290/2290/2290 2339/2339/2339
f 2338/2338/2338 2406/2406/2406 2297/2297/2297
f 2299/2299/2299 2342/2342/2342 2409/2409/2409
f 2301/2301/2301 2340/2340/2340 2411/2411/2411
f 2301/2301/2301 2411/2411/2411 2342/2342/2342
f 2302/2302/2302 2343/2343/2343 2303/2303/2303
f 2344/2344/2344 2345/2345/2345 2227/2227/2227
f 2344/2344/2344 2303/2303/2303 2413/2413/2413
f 2350/2350/2350 2309/2309/2309 2416/2416/2416
f 2351/2351/2351 2422/2422/2422 2313/2313/2313
f 2428/2428/2428 2317/2317/2317 2315/2315/2315
f 2429/2429/2429 2319/2319/2319 2317/2317/2317
f 2354/2354/2354 2353/2353/2353 2233/2233/2233
f 2235/2235/2235 2353/2353/2353 2355/2355/2355
f 2357/2357/2357 2238/2238/2238 2355/2355/2355
f 2358/2358/2358 2239/2239/2239 2357/2357/2357
f 2321/2321/2321 2364/2364/2364 2433/2433/2433
f 2321/2321/2321 2433/2433/2433 2365/2365/2365
f 2365/2365/2365 2366/2366/2366 2249/2249/2249
f 2255/2255/2255 2366/2366/2366 2370/2370/2370
f 2368/2368/2368 2250/2250/2250 2367/2367/2367
f 2368/2368/2368 2338/2338/2338 2251/2251/2251
f 2434/2434/2434 2322/2322/2322 2371/2371/2371
f 2373/2373/2373 2258/2258/2258 2374/2374/2374
f 2434/2434/2434 2374/2374/2374 2322/2322/2322
f 2435/2435/2435 2261/2261/2261 2375/2375/2375
f 2376/2376/2376 2261/2261/2261 2435/2435/2435
f 2385/2385/2385 2325/2325/2325 2438/2438/2438
f 2327/2327/2327 2438/2438/2438 2325/2325/2325
f 2328/2328/2328 2345/2345/2345 2440/2440/2440
f 2389/2389/2389 2442/2442/2442 2330/2330/2330
f 2395/2395/2395 2392/2392/2392 2283/2283/2283
f 2395/2395/2395 2331/2331/2331 2445/2445/2445
f 2396/2396/2396 2447/2447/2447 2337/2337/2337
f 2289/2289/2289 2304/2304/2304 2332/2332/2332
f 2402/2402/2402 2401/2401/2401 2290/2290/2290
f 2402/2402/2402 2339/2339/2339 2408/2408/2408
f 2368/2368/2368 2406/2406/2406 2338/2338/2338
f 2450/2450/2450 2409/2409/2409 2342/2342/2342
f 2411/2411/2411 2450/2450/2450 2342/2342/2342
f 2303/2303/2303 2343/2343/2343 2453/2453/2453
f 2454/2454/2454 2345/2345/2345 2344/2344/2344
f 2303/2303/2303 2453/2453/2453 2413/2413/2413
f 2454/2454/2454 2344/2344/2344 2413/2413/2413
f 2457/2457/2457 2350/2350/2350 2416/2416/2416
f 2420/2420/2420 2459/2459/2459 2351/2351/2351
f 2351/2351/2351 2459/2459/2459 2422/2422/2422
f 2460/2460/2460 2352/2352/2352 2426/2426/2426
f 2460/2460/2460 2427/2427/2427 2352/2352/2352
f 2429/2429/2429 2317/2317/2317 2428/2428/2428
f 2429/2429/2429 2464/2464/2464 2319/2319/2319
f 2354/2354/2354 2465/2465/2465 2353/2353/2353
f 2355/2355/2355 2353/2353/2353 2467/2467/2467
f 2356/2356/2356 2469/2469/2469 2354/2354/2354
f 2357/2357/2357 2355/2355/2355 2471/2471/2471
f 2356/2356/2356 2360/2360/2360 2474/2474/2474
f 2358/2358/2358 2357/2357/2357 2476/2476/2476
f 2474/2474/2474 2360/2360/2360 2361/2361/2361
f 2433/2433/2433 2364/2364/2364 2481/2481/2481
f 2365/2365/2365 2433/2433/2433 2482/2482/2482
f 2484/2484/2484 2366/2366/2366 2365/2365/2365
f 2484/2484/2484 2370/2370/2370 2366/2366/2366
f 2368/2368/2368 2367/2367/2367 2487/2487/2487
f 2434/2434/2434 2371/2371/2371 2490/2490/2490
f 2373/2373/2373 2374/2374/2374 2495/2495/2495
f 2434/2434/2434 2497/2497/2497 2374/2374/2374
f 2499/2499/2499 2435/2435/2435 2375/2375/2375
f 2504/2504/2504 2385/2385/2385 2438/2438/2438
f 2439/2439/2439 2328/2328/2328 2440/2440/2440
f 2440/2440/2440 2345/2345/2345 2454/2454/2454
f 2506/2506/2506 2442/2442/2442 2389/2389/2389
f 2445/2445/2445 2331/2331/2331 2443/2443/2443
f 2447/2447/2447 2446/2446/2446 2337/2337/2337
f 2513/2513/2513 2401/2401/2401 2402/2402/2402
f 2514/2514/2514 2403/2403/2403 2401/2401/2401
f 2402/2402/2402 2408/2408/2408 2515/2515/2515
f 2518/2518/2518 2449/2449/2449 2404/2404/2404
f 2368/2368/2368 2487/2487/2487 2406/2406/2406
f 2450/2450/2450 2520/2520/2520 2409/2409/2409
f 2453/2453/2453 2523/2523/2523 2413/2413/2413
f 2454/2454/2454 2413/2413/2413 2524/2524/2524
f 2531/2531/2531 2459/2459/2459 2420/2420/2420
f 2460/2460/2460 2426/2426/2426 2533/2533/2533
f 2460/2460/2460 2534/2534/2534 2427/2427/2427
f 2536/2536/2536 2463/2463/2463 2427/2427/2427
f 2537/2537/2537 2429/2429/2429 2428/2428/2428
f 2429/2429/2429 2540/2540/2540 2464/2464/2464
f 2469/2469/2469 2465/2465/2465 2354/2354/2354
f 2465/2465/2465 2467/2467/2467 2353/2353/2353
f 2355/2355/2355 2467/2467/2467 2471/2471/2471
f 2356/2356/2356 2474/2474/2474 2469/2469/2469
f 2357/2357/2357 2471/2471/2471 2476/2476/2476
f 2364/2364/2364 2480/2480/2480 2481/2481/2481
f 2433/2433/2433 2481/2481/2481 2543/2543/2543
f 2482/2482/2482 2433/2433/2433 2543/2543/2543
f 2484/2484/2484 2365/2365/2365 2482/2482/2482
f 2485/2485/2485 2487/2487/2487 2367/2367/2367
f 2371/2371/2371 2489/2489/2489 2490/2490/2490
f 2434/2434/2434 2490/2490/2490 2544/2544/2544
f 2491/2491/2491 2499/2499/2499 2375/2375/2375
f 2495/2495/2495 2374/2374/2374 2497/2497/2497
f 2434/2434/2434 2544/2544/2544 2497/2497/2497
f 2499/2499/2499 2546/2546/2546 2435/2435/2435
f 2489/2489/2489 2385/2385/2385 2504/2504/2504
f 2549/2549/2549 2504/2504/2504 2438/2438/2438
f 2439/2439/2439 2440/2440/2440 2550/2550/2550
f 2440/2440/2440 2454/2454/2454 2551/2551/2551
f 2506/2506/2506 2526/2526/2526 2442/2442/2442
f 2554/2554/2554 2445/2445/2445 2443/2443/2443
f 2512/2512/2512 2446/2446/2446 2556/2556/2556
f 2447/2447/2447 2556/2556/2556 2446/2446/2446
f 2514/2514/2514 2401/2401/2401 2513/2513/2513
f 2513/2513/2513 2402/2402/2402 2515/2515/2515
f 2514/2514/2514 2516/2516/2516 2403/2403/2403
f 2519/2519/2519 2515/2515/2515 2408/2408/2408
f 2518/2518/2518 2558/2558/2558 2449/2449/2449
f 2450/2450/2450 2559/2559/2559 2520/2520/2520
f 2449/2449/2449 2558/2558/2558 2521/2521/2521
f 2524/2524/2524 2413/2413/2413 2523/2523/2523
f 2454/2454/2454 2524/2524/2524 2551/2551/2551
f 2530/2530/2530 2531/2531/2531 2420/2420/2420
f 2561/2561/2561 2460/2460/2460 2533/2533/2533
f 2561/2561/2561 2534/2534/2534 2460/2460/2460
f 2536/2536/2536 2427/2427/2427 2534/2534/2534
f 2540/2540/2540 2429/2429/2429 2537/2537/2537
f 2537/2537/2537 2428/2428/2428 2538/2538/2538
f 2464/2464/2464 2540/2540/2540 2562/2562/2562
f 2570/2570/2570 2541/2541/2541 2479/2479/2479
f 2572/2572/2572 2481/2481/2481 2480/2480/2480
f 2543/2543/2543 2481/2481/2481 2573/2573/2573
f 2482/2482/2482 2543/2543/2543 2574/2574/2574
f 2484/2484/2484 2482/2482/2482 2576/2576/2576
f 2489/2489/2489 2581/2581/2581 2490/2490/2490
f 2582/2582/2582 2544/2544/2544 2490/2490/2490
f 2503/2503/2503 2591/2591/2591 2501/2501/2501
f 2489/2489/2489 2504/2504/2504 2581/2581/2581
f 2549/2549/2549 2594/2594/2594 2504/2504/2504
f 2440/2440/2440 2551/2551/2551 2550/2550/2550
f 2554/2554/2554 2443/2443/2443 2552/2552/2552
f 2512/2512/2512 2556/2556/2556 2595/2595/2595
f 2597/2597/2597 2514/2514/2514 2513/2513/2513
f 2598/2598/2598 2513/2513/2513 2515/2515/2515
f 2599/2599/2599 2516/2516/2516 2514/2514/2514
f 2519/2519/2519 2600/2600/2600 2515/2515/2515
f 2518/2518/2518 2603/2603/2603 2558/2558/2558
f 2559/2559/2559 2604/2604/2604 2520/2520/2520
f 2521/2521/2521 2558/2558/2558 2605/2605/2605
f 2524/2524/2524 2523/2523/2523 2607/2607/2607
f 2608/2608/2608 2551/2551/2551 2524/2524/2524
f 2561/2561/2561 2613/2613/2613 2534/2534/2534
f 2615/2615/2615 2536/2536/2536 2534/2534/2534
f 2537/2537/2537 2619/2619/2619 2540/2540/2540
f 2537/2537/2537 2538/2538/2538 2620/2620/2620
f 2619/2619/2619 2562/2562/2562 2540/2540/2540
f 2572/2572/2572 2480/2480/2480 2569/2569/2569
f 2627/2627/2627 2542/2542/2542 2541/2541/2541
f 2627/2627/2627 2541/2541/2541 2570/2570/2570
f 2542/2542/2542 2629/2629/2629 2566/2566/2566
f 2573/2573/2573 2481/2481/2481 2572/2572/2572
f 2543/2543/2543 2573/2573/2573 2630/2630/2630
f 2543/2543/2543 2630/2630/2630 2574/2574/2574
f 2482/2482/2482 2574/2574/2574 2576/2576/2576
f 2581/2581/2581 2582/2582/2582 2490/2490/2490
f 2503/2503/2503 2592/2592/2592 2591/2591/2591
f 2501/2501/2501 2591/2591/2591 2635/2635/2635
f 2581/2581/2581 2504/2504/2504 2594/2594/2594
f 2550/2550/2550 2551/2551/2551 2638/2638/2638
f 2610/2610/2610 2554/2554/2554 2552/2552/2552
f 2512/2512/2512 2595/2595/2595 2528/2528/2528
f 2599/2599/2599 2514/2514/2514 2597/2597/2597
f 2597/2597/2597 2513/2513/2513 2598/2598/2598
f 2598/2598/2598 2515/2515/2515 2600/2600/2600
f 2580/2580/2580 2600/2600/2600 2519/2519/2519
f 2518/2518/2518 2602/2602/2602 2603/2603/2603
f 2603/2603/2603 2639/2639/2639 2558/2558/2558
f 2640/2640/2640 2604/2604/2604 2559/2559/2559
f 2639/2639/2639 2605/2605/2605 2558/2558/2558
f 2608/2608/2608 2524/2524/2524 2607/2607/2607
f 2608/2608/2608 2638/2638/2638 2551/2551/2551
f 2527/2527/2527 2610/2610/2610 2552/2552/2552
f 2615/2615/2615 2534/2534/2534 2613/2613/2613
f 2537/2537/2537 2642/2642/2642 2619/2619/2619
f 2537/2537/2537 2620/2620/2620 2642/2642/2642
f 2644/2644/2644 2562/2562/2562 2619/2619/2619
f 2566/2566/2566 2645/2645/2645 2563/2563/2563
f 2646/2646/2646 2564/2564/2564 2563/2563/2563
f 2565/2565/2565 2564/2564/2564 2647/2647/2647
f 2650/2650/2650 2572/2572/2572 2569/2569/2569
f 2622/2622/2622 2562/2562/2562 2651/2651/2651
f 2627/2627/2627 2629/2629/2629 2542/2542/2542
f 2566/2566/2566 2629/2629/2629 2645/2645/2645
f 2656/2656/2656 2573/2573/2573 2572/2572/2572
f 2630/2630/2630 2573/2573/2573 2657/2657/2657
f 2658/2658/2658 2574/2574/2574 2630/2630/2630
f 2658/2658/2658 2576/2576/2576 2574/2574/2574
f 2663/2663/2663 2582/2582/2582 2581/2581/2581
f 2586/2586/2586 2634/2634/2634 2669/2669/2669
f 2592/2592/2592 2584/2584/2584 2674/2674/2674
f 2592/2592/2592 2674/2674/2674 2591/2591/2591
f 2676/2676/2676 2635/2635/2635 2591/2591/2591
f 2663/2663/2663 2581/2581/2581 2594/2594/2594
f 2637/2637/2637 2550/2550/2550 2638/2638/2638
f 2599/2599/2599 2597/2597/2597 2679/2679/2679
f 2680/2680/2680 2597/2597/2597 2598/2598/2598
f 2681/2681/2681 2598/2598/2598 2600/2600/2600
f 2580/2580/2580 2661/2661/2661 2600/2600/2600
f 2603/2603/2603 2686/2686/2686 2639/2639/2639
f 2687/2687/2687 2604/2604/2604 2640/2640/2640
f 2689/2689/2689 2605/2605/2605 2639/2639/2639
f 2608/2608/2608 2607/2607/2607 2691/2691/2691
f 2608/2608/2608 2692/2692/2692 2638/2638/2638
f 2642/2642/2642 2696/2696/2696 2619/2619/2619
f 2651/2651/2651 2562/2562/2562 2644/2644/2644
f 2644/2644/2644 2619/2619/2619 2696/2696/2696
f 2646/2646/2646 2563/2563/2563 2645/2645/2645
f 2646/2646/2646 2647/2647/2647 2564/2564/2564
f 2565/2565/2565 2647/2647/2647 2649/2649/2649
f 2656/2656/2656 2572/2572/2572 2650/2650/2650
f 2627/2627/2627 2700/2700/2700 2629/2629/2629
f 2703/2703/2703 2645/2645/2645 2629/2629/2629
f 2656/2656/2656 2657/2657/2657 2573/2573/2573
f 2630/2630/2630 2657/2657/2657 2704/2704/2704
f 2658/2658/2658 2630/2630/2630 2704/2704/2704
f 2676/2676/2676 2591/2591/2591 2674/2674/2674
f 2707/2707/2707 2677/2677/2677 2637/2637/2637
f 2707/2707/2707 2637/2637/2637 2638/2638/2638
f 2680/2680/2680 2679/2679/2679 2597/2597/2597
f 2599/2599/2599 2679/2679/2679 2683/2683/2683
f 2680/2680/2680 2598/2598/2598 2681/2681/2681
f 2661/2661/2661 2681/2681/2681 2600/2600/2600
f 2639/2639/2639 2686/2686/2686 2709/2709/2709
f 2689/2689/2689 2690/2690/2690 2605/2605/2605
f 2689/2689/2689 2639/2639/2639 2709/2709/2709
f 2710/2710/2710 2691/2691/2691 2607/2607/2607
f 2608/2608/2608 2691/2691/2691 2692/2692/2692
f 2707/2707/2707 2638/2638/2638 2692/2692/2692
f 2714/2714/2714 2651/2651/2651 2644/2644/2644
f 2644/2644/2644 2696/2696/2696 2716/2716/2716
f 2646/2646/2646 2645/2645/2645 2718/2718/2718
f 2646/2646/2646 2719/2719/2719 2647/2647/2647
f 2721/2721/2721 2649/2649/2649 2647/2647/2647
f 2656/2656/2656 2650/2650/2650 2722/2722/2722
f 2700/2700/2700 2703/2703/2703 2629/2629/2629
f 2701/2701/2701 2726/2726/2726 2654/2654/2654
f 2655/2655/2655 2729/2729/2729 2701/2701/2701
f 2655/2655/2655 2702/2702/2702 2732/2732/2732
f 2703/2703/2703 2718/2718/2718 2645/2645/2645
f 2656/2656/2656 2733/2733/2733 2657/2657/2657
f 2734/2734/2734 2704/2704/2704 2657/2657/2657
f 2658/2658/2658 2704/2704/2704 2735/2735/2735
f 2661/2661/2661 2660/2660/2660 2738/2738/2738
f 2670/2670/2670 2671/2671/2671 2745/2745/2745
f 2706/2706/2706 2670/2670/2670 2747/2747/2747
f 2671/2671/2671 2672/2672/2672 2748/2748/2748
f 2705/2705/2705 2748/2748/2748 2672/2672/2672
f 2680/2680/2680 2752/2752/2752 2679/2679/2679
f 2683/2683/2683 2679/2679/2679 2753/2753/2753
f 2680/2680/2680 2681/2681/2681 2754/2754/2754
f 2661/2661/2661 2738/2738/2738 2681/2681/2681
f 2689/2689/2689 2761/2761/2761 2690/2690/2690
f 2689/2689/2689 2709/2709/2709 2763/2763/2763
f 2710/2710/2710 2765/2765/2765 2691/2691/2691
f 2691/2691/2691 2767/2767/2767 2692/2692/2692
f 2707/2707/2707 2692/2692/2692 2769/2769/2769
f 2676/2676/2676 2724/2724/2724 2711/2711/2711
f 2693/2693/2693 2712/2712/2712 2771/2771/2771
f 2714/2714/2714 2644/2644/2644 2716/2716/2716
f 2646/2646/2646 2718/2718/2718 2719/2719/2719
f 2647/2647/2647 2719/2719/2719 2773/2773/2773
f 2721/2721/2721 2647/2647/2647 2773/2773/2773
f 2656/2656/2656 2722/2722/2722 2733/2733/2733
f 2699/2699/2699 2711/2711/2711 2724/2724/2724
f 2775/2775/2775 2703/2703/2703 2700/2700/2700
f 2729/2729/2729 2726/2726/2726 2701/2701/2701
f 2775/2775/2775 2700/2700/2700 2727/2727/2727
f 2655/2655/2655 2732/2732/2732 2729/2729/2729
f 2776/2776/2776 2702/2702/2702 2731/2731/2731
f 2702/2702/2702 2777/2777/2777 2732/2732/2732
f 2703/2703/2703 2778/2778/2778 2718/2718/2718
f 2734/2734/2734 2657/2657/2657 2733/2733/2733
f 2734/2734/2734 2779/2779/2779 2704/2704/2704
f 2779/2779/2779 2735/2735/2735 2704/2704/2704
f 2737/2737/2737 2738/2738/2738 2660/2660/2660
f 2741/2741/2741 2781/2781/2781 2705/2705/2705
f 2783/2783/2783 2744/2744/2744 2706/2706/2706
f 2671/2671/2671 2748/2748/2748 2745/2745/2745
f 2670/2670/2670 2745/2745/2745 2747/2747/2747
f 2783/2783/2783 2706/2706/2706 2747/2747/2747
f 2705/2705/2705 2781/2781/2781 2748/2748/2748
f 2680/2680/2680 2754/2754/2754 2752/2752/2752
f 2679/2679/2679 2752/2752/2752 2753/2753/2753
f 2683/2683/2683 2753/2753/2753 2788/2788/2788
f 2681/2681/2681 2738/2738/2738 2754/2754/2754
f 2690/2690/2690 2761/2761/2761 2710/2710/2710
f 2689/2689/2689 2763/2763/2763 2761/2761/2761
f 2761/2761/2761 2765/2765/2765 2710/2710/2710
f 2691/2691/2691 2765/2765/2765 2767/2767/2767
f 2769/2769/2769 2692/2692/2692 2767/2767/2767
f 2774/2774/2774 2712/2712/2712 2711/2711/2711
f 2774/2774/2774 2771/2771/2771 2712/2712/2712
f 2772/2772/2772 2713/2713/2713 2791/2791/2791
f 2793/2793/2793 2714/2714/2714 2716/2716/2716
f 2798/2798/2798 2719/2719/2719 2718/2718/2718
f 2799/2799/2799 2773/2773/2773 2719/2719/2719
f 2721/2721/2721 2773/2773/2773 2801/2801/2801
f 2802/2802/2802 2733/2733/2733 2722/2722/2722
f 2699/2699/2699 2774/2774/2774 2711/2711/2711
f 2775/2775/2775 2778/2778/2778 2703/2703/2703
f 2775/2775/2775 2727/2727/2727 2807/2807/2807
f 2732/2732/2732 2808/2808/2808 2729/2729/2729
f 2776/2776/2776 2777/2777/2777 2702/2702/2702
f 2732/2732/2732 2777/2777/2777 2809/2809/2809
f 2798/2798/2798 2718/2718/2718 2778/2778/2778
f 2734/2734/2734 2733/2733/2733 2810/2810/2810
f 2734/2734/2734 2811/2811/2811 2779/2779/2779
f 2779/2779/2779 2812/2812/2812 2735/2735/2735
f 2815/2815/2815 2738/2738/2738 2737/2737/2737
f 2780/2780/2780 2781/2781/2781 2741/2741/2741
f 2783/2783/2783 2782/2782/2782 2744/2744/2744
f 2820/2820/2820 2745/2745/2745 2748/2748/2748
f 2745/2745/2745 2822/2822/2822 2747/2747/2747
f 2783/2783/2783 2747/2747/2747 2824/2824/2824
f 2781/2781/2781 2820/2820/2820 2748/2748/2748
f 2754/2754/2754 2829/2829/2829 2752/2752/2752
f 2752/2752/2752 2831/2831/2831 2753/2753/2753
f 2753/2753/2753 2831/2831/2831 2788/2788/2788
f 2815/2815/2815 2754/2754/2754 2738/2738/2738
f 2799/2799/2799 2719/2719/2719 2798/2798/2798
f 2799/2799/2799 2845/2845/2845 2773/2773/2773
f 2845/2845/2845 2801/2801/2801 2773/2773/2773
f 2810/2810/2810 2733/2733/2733 2802/2802/2802
f 2775/2775/2775 2846/2846/2846 2778/2778/2778
f 2807/2807/2807 2727/2727/2727 2806/2806/2806
f 2775/2775/2775 2807/2807/2807 2846/2846/2846
f 2732/2732/2732 2809/2809/2809 2808/2808/2808
f 2847/2847/2847 2777/2777/2777 2776/2776/2776
f 2809/2809/2809 2777/2777/2777 2849/2849/2849
f 2850/2850/2850 2798/2798/2798 2778/2778/2778
f 2734/2734/2734 2810/2810/2810 2811/2811/2811
f 2851/2851/2851 2779/2779/2779 2811/2811/2811
f 2851/2851/2851 2812/2812/2812 2779/2779/2779
f 2735/2735/2735 2812/2812/2812 2813/2813/2813
f 2739/2739/2739 2817/2817/2817 2853/2853/2853
f 2780/2780/2780 2819/2819/2819 2855/2855/2855
f 2780/2780/2780 2855/2855/2855 2781/2781/2781
f 2824/2824/2824 2747/2747/2747 2822/2822/2822
f 2781/2781/2781 2856/2856/2856 2820/2820/2820
f 2815/2815/2815 2829/2829/2829 2754/2754/2754
f 2752/2752/2752 2829/2829/2829 2831/2831/2831
f 2799/2799/2799 2798/2798/2798 2850/2850/2850
f 2799/2799/2799 2863/2863/2863 2845/2845/2845
f 2866/2866/2866 2801/2801/2801 2845/2845/2845
f 2810/2810/2810 2802/2802/2802 2869/2869/2869
f 2850/2850/2850 2778/2778/2778 2846/2846/2846
f 2804/2804/2804 2872/2872/2872 2806/2806/2806
f 2807/2807/2807 2806/2806/2806 2873/2873/2873
f 2807/2807/2807 2874/2874/2874 2846/2846/2846
f 2809/2809/2809 2875/2875/2875 2808/2808/2808
f 2847/2847/2847 2849/2849/2849 2777/2777/2777
f 2847/2847/2847 2776/2776/2776 2848/2848/2848
f 2809/2809/2809 2849/2849/2849 2876/2876/2876
f 2810/2810/2810 2878/2878/2878 2811/2811/2811
f 2851/2851/2851 2811/2811/2811 2880/2880/2880
f 2882/2882/2882 2812/2812/2812 2851/2851/2851
f 2883/2883/2883 2813/2813/2813 2812/2812/2812
f 2819/2819/2819 2887/2887/2887 2855/2855/2855
f 2855/2855/2855 2856/2856/2856 2781/2781/2781
f 2834/2834/2834 2897/2897/2897 2858/2858/2858
f 2836/2836/2836 2858/2858/2858 2899/2899/2899
f 2859/2859/2859 2836/2836/2836 2899/2899/2899
f 2799/2799/2799 2850/2850/2850 2902/2902/2902
f 2799/2799/2799 2902/2902/2902 2863/2863/2863
f 2904/2904/2904 2845/2845/2845 2863/2863/2863
f 2906/2906/2906 2869/2869/2869 2802/2802/2802
f 2810/2810/2810 2869/2869/2869 2878/2878/2878
f 2850/2850/2850 2846/2846/2846 2907/2907/2907
f 2871/2871/2871 2808/2808/2808 2875/2875/2875
f 2806/2806/2806 2872/2872/2872 2873/2873/2873
f 2807/2807/2807 2873/2873/2873 2874/2874/2874
f 2907/2907/2907 2846/2846/2846 2874/2874/2874
f 2809/2809/2809 2908/2908/2908 2875/2875/2875
f 2847/2847/2847 2909/2909/2909 2849/2849/2849
f 2847/2847/2847 2848/2848/2848 2909/2909/2909
f 2910/2910/2910 2876/2876/2876 2849/2849/2849
f 2809/2809/2809 2876/2876/2876 2908/2908/2908
f 2811/2811/2811 2878/2878/2878 2913/2913/2913
f 2811/2811/2811 2913/2913/2913 2880/2880/2880
f 2851/2851/2851 2880/2880/2880 2916/2916/2916
f 2882/2882/2882 2883/2883/2883 2812/2812/2812
f 2882/2882/2882 2851/2851/2851 2916/2916/2916
f 2883/2883/2883 2884/2884/2884 2813/2813/2813
f 2855/2855/2855 2887/2887/2887 2919/2919/2919
f 2855/2855/2855 2919/2919/2919 2856/2856/2856
f 2848/2848/2848 2889/2889/2889 2924/2924/2924
f 2928/2928/2928 2858/2858/2858 2897/2897/2897
f 2928/2928/2928 2899/2899/2899 2858/2858/2858
f 2859/2859/2859 2899/2899/2899 2929/2929/2929
f 2859/2859/2859 2929/2929/2929 2900/2900/2900
f 2850/2850/2850 2907/2907/2907 2902/2902/2902
f 2863/2863/2863 2902/2902/2902 2931/2931/2931
f 2939/2939/2939 2871/2871/2871 2875/2875/2875
f 2940/2940/2940 2873/2873/2873 2872/2872/2872
f 2941/2941/2941 2874/2874/2874 2873/2873/2873
f 2942/2942/2942 2907/2907/2907 2874/2874/2874
f 2943/2943/2943 2875/2875/2875 2908/2908/2908
f 2909/2909/2909 2910/2910/2910 2849/2849/2849
f 2848/2848/2848 2924/2924/2924 2909/2909/2909
f 2910/2910/2910 2944/2944/2944 2876/2876/2876
f 2908/2908/2908 2876/2876/2876 2945/2945/2945
f 2882/2882/2882 2950/2950/2950 2883/2883/2883
f 2883/2883/2883 2953/2953/2953 2884/2884/2884
f 2895/2895/2895 2917/2917/2917 2885/2885/2885
f 2927/2927/2927 2856/2856/2856 2919/2919/2919
f 2921/2921/2921 2956/2956/2956 2888/2888/2888
f 2889/2889/2889 2888/2888/2888 2956/2956/2956
f 2889/2889/2889 2956/2956/2956 2924/2924/2924
f 2895/2895/2895 2901/2901/2901 2962/2962/2962
f 2896/2896/2896 2884/2884/2884 2953/2953/2953
f 2928/2928/2928 2897/2897/2897 2963/2963/2963
f 2928/2928/2928 2965/2965/2965 2899/2899/2899
f 2929/2929/2929 2899/2899/2899 2965/2965/2965
f 2966/2966/2966 2900/2900/2900 2929/2929/2929
f 2901/2901/2901 2900/2900/2900 2966/2966/2966
f 2902/2902/2902 2907/2907/2907 2967/2967/2967
f 2931/2931/2931 2902/2902/2902 2967/2967/2967
f 2937/2937/2937 2940/2940/2940 2872/2872/2872
f 2939/2939/2939 2875/2875/2875 2943/2943/2943
f 2941/2941/2941 2873/2873/2873 2940/2940/2940
f 2941/2941/2941 2942/2942/2942 2874/2874/2874
f 2942/2942/2942 2967/2967/2967 2907/2907/2907
f 2943/2943/2943 2908/2908/2908 2968/2968/2968
f 2970/2970/2970 2910/2910/2910 2909/2909/2909
f 2970/2970/2970 2909/2909/2909 2924/2924/2924
f 2910/2910/2910 2972/2972/2972 2944/2944/2944
f 2876/2876/2876 2944/2944/2944 2945/2945/2945
f 2908/2908/2908 2945/2945/2945 2968/2968/2968
f 2950/2950/2950 2953/2953/2953 2883/2883/2883
f 2895/2895/2895 2962/2962/2962 2917/2917/2917
f 2975/2975/2975 2954/2954/2954 2917/2917/2917
f 2901/2901/2901 2966/2966/2966 2962/2962/2962
f 2928/2928/2928 2963/2963/2963 2983/2983/2983
f 2928/2928/2928 2983/2983/2983 2965/2965/2965
f 2984/2984/2984 2929/2929/2929 2965/2965/2965
f 2984/2984/2984 2966/2966/2966 2929/2929/2929
f 2987/2987/2987 2931/2931/2931 2967/2967/2967
f 2990/2990/2990 2933/2933/2933 2932/2932/2932
f 2933/2933/2933 2991/2991/2991 2934/2934/2934
f 2937/2937/2937 2992/2992/2992 2940/2940/2940
f 2939/2939/2939 2943/2943/2943 2995/2995/2995
f 2941/2941/2941 2940/2940/2940 2996/2996/2996
f 2997/2997/2997 2942/2942/2942 2941/2941/2941
f 2999/2999/2999 2967/2967/2967 2942/2942/2942
f 2943/2943/2943 2968/2968/2968 3000/3000/3000
f 2970/2970/2970 2972/2972/2972 2910/2910/2910
f 2972/2972/2972 3003/3003/3003 2944/2944/2944
f 2944/2944/2944 3004/3004/3004 2945/2945/2945
f 3005/3005/3005 2968/2968/2968 2945/2945/2945
f 2947/2947/2947 2946/2946/2946 3006/3006/3006
f 2946/2946/2946 2973/2973/2973 3007/3007/3007
f 2947/2947/2947 3008/3008/3008 2974/2974/2974
f 2962/2962/2962 2975/2975/2975 2917/2917/2917
f 2975/2975/2975 3017/3017/3017 2954/2954/2954
f 2977/2977/2977 2954/2954/2954 3017/3017/3017
f 3020/3020/3020 2978/2978/2978 2957/2957/2957
f 2962/2962/2962 2966/2966/2966 3022/3022/3022
f 2963/2963/2963 3024/3024/3024 2983/2983/2983
f 2983/2983/2983 3028/3028/3028 2965/2965/2965
f 3028/3028/3028 2984/2984/2984 2965/2965/2965
f 2984/2984/2984 3022/3022/3022 2966/2966/2966
f 2999/2999/2999 2987/2987/2987 2967/2967/2967
f 3029/3029/3029 2932/2932/2932 2988/2988/2988
f 2990/2990/2990 2991/2991/2991 2933/2933/2933
f 3029/3029/3029 2990/2990/2990 2932/2932/2932
f 2937/2937/2937 2993/2993/2993 2992/2992/2992
f 2940/2940/2940 2992/2992/2992 2996/2996/2996
f 3031/3031/3031 2995/2995/2995 2943/2943/2943
f 2997/2997/2997 2941/2941/2941 2996/2996/2996
f 2999/2999/2999 2942/2942/2942 2997/2997/2997
f 2968/2968/2968 3033/3033/3033 3000/3000/3000
f 2943/2943/2943 3000/3000/3000 3035/3035/3035
f 2944/2944/2944 3003/3003/3003 3004/3004/3004
f 3005/3005/3005 2945/2945/2945 3004/3004/3004
f 3005/3005/3005 3033/3033/3033 2968/2968/2968
f 3039/3039/3039 2973/2973/2973 2991/2991/2991
f 2946/2946/2946 3041/3041/3041 3006/3006/3006
f 2947/2947/2947 3006/3006/3006 3008/3008/3008
f 3039/3039/3039 3007/3007/3007 2973/2973/2973
f 2946/2946/2946 3007/3007/3007 3041/3041/3041
f 3043/3043/3043 2974/2974/2974 3008/3008/3008
f 3043/3043/3043 3012/3012/3012 2974/2974/2974
f 2962/2962/2962 3022/3022/3022 2975/2975/2975
f 2975/2975/2975 3046/3046/3046 3017/3017/3017
f 3018/3018/3018 3049/3049/3049 2957/2957/2957
f 3020/3020/3020 2957/2957/2957 3049/3049/3049
f 3028/3028/3028 3055/3055/3055 2984/2984/2984
f 3055/3055/3055 3022/3022/3022 2984/2984/2984
f 2990/2990/2990 3039/3039/3039 2991/2991/2991
f 3029/3029/3029 3062/3062/3062 2990/2990/2990
f 2993/2993/2993 3064/3064/3064 2992/2992/2992
f 3065/3065/3065 2996/2996/2996 2992/2992/2992
f 3068/3068/3068 2995/2995/2995 3031/3031/3031
f 3031/3031/3031 2943/2943/2943 3035/3035/3035
f 2997/2997/2997 2996/2996/2996 3071/3071/3071
f 2999/2999/2999 2997/2997/2997 3071/3071/3071
f 3073/3073/3073 3035/3035/3035 3000/3000/3000
f 3078/3078/3078 3004/3004/3004 3003/3003/3003
f 3005/3005/3005 3004/3004/3004 3080/3080/3080
f 3005/3005/3005 3083/3083/3083 3033/3033/3033
f 3085/3085/3085 3006/3006/3006 3041/3041/3041
f 3085/3085/3085 3008/3008/3008 3006/3006/3006
f 3039/3039/3039 3086/3086/3086 3007/3007/3007
f 3041/3041/3041 3007/3007/3007 3088/3088/3088
f 3043/3043/3043 3008/3008/3008 3090/3090/3090
f 3022/3022/3022 3046/3046/3046 2975/2975/2975
f 3018/3018/3018 3094/3094/3094 3049/3049/3049
f 3099/3099/3099 3020/3020/3020 3049/3049/3049
f 3055/3055/3055 3046/3046/3046 3022/3022/3022
f 2990/2990/2990 3062/3062/3062 3039/3039/3039
f 3066/3066/3066 3064/3064/3064 2993/2993/2993
f 3065/3065/3065 2992/2992/2992 3064/3064/3064
f 3071/3071/3071 2996/2996/2996 3065/3065/3065
f 3073/3073/3073 3031/3031/3031 3035/3035/3035
f 3037/3037/3037 3036/3036/3036 3096/3096/3096
f 3076/3076/3076 3078/3078/3078 3003/3003/3003
f 3080/3080/3080 3004/3004/3004 3078/3078/3078
f 3005/3005/3005 3080/3080/3080 3083/3083/3083
f 3090/3090/3090 3008/3008/3008 3085/3085/3085
f 3039/3039/3039 3062/3062/3062 3086/3086/3086
f 3007/3007/3007 3086/3086/3086 3088/3088/3088
f 3094/3094/3094 3117/3117/3117 3049/3049/3049
f 3117/3117/3117 3099/3099/3099 3049/3049/3049
f 3066/3066/3066 3124/3124/3124 3064/3064/3064
f 3065/3065/3065 3064/3064/3064 3125/3125/3125
f 3071/3071/3071 3065/3065/3065 3126/3126/3126
f 3132/3132/3132 3072/3072/3072 3108/3108/3108
f 3132/3132/3132 3109/3109/3109 3072/3072/3072
f 3110/3110/3110 3037/3037/3037 3096/3096/3096
f 3143/3143/3143 3090/3090/3090 3085/3085/3085
f 3148/3148/3148 3117/3117/3117 3094/3094/3094
f 3117/3117/3117 3151/3151/3151 3099/3099/3099
f 3066/3066/3066 3127/3127/3127 3124/3124/3124
f 3064/3064/3064 3124/3124/3124 3125/3125/3125
f 3065/3065/3065 3125/3125/3125 3126/3126/3126
f 3154/3154/3154 3132/3132/3132 3108/3108/3108
f 3132/3132/3132 3156/3156/3156 3109/3109/3109
f 3133/3133/3133 3109/3109/3109 3156/3156/3156
f 3110/3110/3110 3096/3096/3096 3149/3149/3149
f 3135/3135/3135 3110/3110/3110 3149/3149/3149
f 3139/3139/3139 3154/3154/3154 3108/3108/3108
f 3160/3160/3160 3140/3140/3140 3111/3111/3111
f 3116/3116/3116 3147/3147/3147 3148/3148/3148
f 3116/3116/3116 3148/3148/3148 3094/3094/3094
f 3148/3148/3148 3167/3167/3167 3117/3117/3117
f 3117/3117/3117 3167/3167/3167 3151/3151/3151
f 3120/3120/3120 3170/3170/3170 3118/3118/3118
f 3171/3171/3171 3119/3119/3119 3118/3118/3118
f 3171/3171/3171 3153/3153/3153 3119/3119/3119
f 3153/3153/3153 3173/3173/3173 3121/3121/3121
f 3124/3124/3124 3175/3175/3175 3125/3125/3125
f 3176/3176/3176 3126/3126/3126 3125/3125/3125
f 3154/3154/3154 3179/3179/3179 3132/3132/3132
f 3132/3132/3132 3179/3179/3179 3156/3156/3156
f 3180/3180/3180 3134/3134/3134 3135/3135/3135
f 3136/3136/3136 3134/3134/3134 3181/3181/3181
f 3183/3183/3183 3135/3135/3135 3149/3149/3149
f 3136/3136/3136 3184/3184/3184 3137/3137/3137
f 3185/3185/3185 3158/3158/3158 3137/3137/3137
f 3186/3186/3186 3154/3154/3154 3139/3139/3139
f 3160/3160/3160 3111/3111/3111 3163/3163/3163
f 3147/3147/3147 3152/3152/3152 3192/3192/3192
f 3147/3147/3147 3192/3192/3192 3148/3148/3148
f 3148/3148/3148 3192/3192/3192 3167/3167/3167
f 3149/3149/3149 3169/3169/3169 3194/3194/3194
f 3196/3196/3196 3151/3151/3151 3167/3167/3167
f 3172/3172/3172 3170/3170/3170 3120/3120/3120
f 3171/3171/3171 3118/3118/3118 3170/3170/3170
f 3197/3197/3197 3153/3153/3153 3171/3171/3171
f 3197/3197/3197 3173/3173/3173 3153/3153/3153
f 3121/3121/3121 3173/3173/3173 3174/3174/3174
f 3198/3198/3198 3175/3175/3175 3124/3124/3124
f 3176/3176/3176 3125/3125/3125 3175/3175/3175
f 3177/3177/3177 3126/3126/3126 3176/3176/3176
f 3154/3154/3154 3200/3200/3200 3179/3179/3179
f 3180/3180/3180 3181/3181/3181 3134/3134/3134
f 3180/3180/3180 3135/3135/3135 3183/3183/3183
f 3136/3136/3136 3181/3181/3181 3184/3184/3184
f 3183/3183/3183 3149/3149/3149 3194/3194/3194
f 3184/3184/3184 3185/3185/3185 3137/3137/3137
f 3185/3185/3185 3201/3201/3201 3158/3158/3158
f 3186/3186/3186 3200/3200/3200 3154/3154/3154
f 3206/3206/3206 3160/3160/3160 3163/3163/3163
f 3210/3210/3210 3163/3163/3163 3191/3191/3191
f 3190/3190/3190 3192/3192/3192 3152/3152/3152
f 3189/3189/3189 3167/3167/3167 3192/3192/3192
f 3212/3212/3212 3194/3194/3194 3169/3169/3169
f 3189/3189/3189 3196/3196/3196 3167/3167/3167
f 3213/3213/3213 3170/3170/3170 3172/3172/3172
f 3171/3171/3171 3170/3170/3170 3214/3214/3214
f 3197/3197/3197 3171/3171/3171 3214/3214/3214
f 3197/3197/3197 3218/3218/3218 3173/3173/3173
f 3174/3174/3174 3173/3173/3173 3219/3219/3219
f 3220/3220/3220 3175/3175/3175 3198/3198/3198
f 3176/3176/3176 3175/3175/3175 3221/3221/3221
f 3200/3200/3200 3223/3223/3223 3179/3179/3179
f 3180/3180/3180 3225/3225/3225 3181/3181/3181
f 3180/3180/3180 3183/3183/3183 3227/3227/3227
f 3184/3184/3184 3181/3181/3181 3229/3229/3229
f 3184/3184/3184 3231/3231/3231 3185/3185/3185
f 3185/3185/3185 3232/3232/3232 3201/3201/3201
f 3186/3186/3186 3234/3234/3234 3200/3200/3200
f 3202/3202/3202 3237/3237/3237 3187/3187/3187
f 3189/3189/3189 3192/3192/3192 3190/3190/3190
f 3189/3189/3189 3205/3205/3205 3196/3196/3196
f 3206/3206/3206 3163/3163/3163 3210/3210/3210
f 3174/3174/3174 3219/3219/3219 3209/3209/3209
f 3210/3210/3210 3191/3191/3191 3239/3239/3239
f 3241/3241/3241 3170/3170/3170 3213/3213/3213
f 3242/3242/3242 3213/3213/3213 3172/3172/3172
f 3214/3214/3214 3170/3170/3170 3241/3241/3241
f 3197/3197/3197 3214/3214/3214 3243/3243/3243
f 3217/3217/3217 3242/3242/3242 3172/3172/3172
f 3197/3197/3197 3243/3243/3243 3218/3218/3218
f 3173/3173/3173 3218/3218/3218 3219/3219/3219
f 3221/3221/3221 3175/3175/3175 3220/3220/3220
f 3246/3246/3246 3223/3223/3223 3200/3200/3200
f 3180/3180/3180 3227/3227/3227 3225/3225/3225
f 3225/3225/3225 3249/3249/3249 3181/3181/3181
f 3249/3249/3249 3229/3229/3229 3181/3181/3181
f 3184/3184/3184 3229/3229/3229 3231/3231/3231
f 3185/3185/3185 3231/3231/3231 3232/3232/3232
f 3251/3251/3251 3201/3201/3201 3232/3232/3232
f 3236/3236/3236 3234/3234/3234 3186/3186/3186
f 3246/3246/3246 3200/3200/3200 3234/3234/3234
f 3206/3206/3206 3210/3210/3210 3256/3256/3256
f 3258/3258/3258 3209/3209/3209 3219/3219/3219
f 3210/3210/3210 3239/3239/3239 3259/3259/3259
f 3241/3241/3241 3213/3213/3213 3261/3261/3261
f 3242/3242/3242 3261/3261/3261 3213/3213/3213
f 3262/3262/3262 3214/3214/3214 3241/3241/3241
f 3262/3262/3262 3243/3243/3243 3214/3214/3214
f 3263/3263/3263 3242/3242/3242 3217/3217/3217
f 3243/3243/3243 3264/3264/3264 3218/3218/3218
f 3265/3265/3265 3219/3219/3219 3218/3218/3218
f 3266/3266/3266 3221/3221/3221 3220/3220/3220
f 3231/3231/3231 3229/3229/3229 3276/3276/3276
f 3273/3273/3273 3230/3230/3230 3240/3240/3240
f 3277/3277/3277 3232/3232/3232 3231/3231/3231
f 3251/3251/3251 3253/3253/3253 3201/3201/3201
f 3251/3251/3251 3232/3232/3232 3279/3279/3279
f 3281/3281/3281 3234/3234/3234 3236/3236/3236
f 3255/3255/3255 3260/3260/3260 3238/3238/3238
f 3256/3256/3256 3210/3210/3210 3259/3259/3259
f 3265/3265/3265 3258/3258/3258 3219/3219/3219
f 3288/3288/3288 3259/3259/3259 3239/3239/3239
f 3289/3289/3289 3240/3240/3240 3260/3260/3260
f 3290/3290/3290 3241/3241/3241 3261/3261/3261
f 3242/3242/3242 3291/3291/3291 3261/3261/3261
f 3290/3290/3290 3262/3262/3262 3241/3241/3241
f 3262/3262/3262 3292/3292/3292 3243/3243/3243
f 3263/3263/3263 3291/3291/3291 3242/3242/3242
f 3263/3263/3263 3217/3217/3217 3294/3294/3294
f 3243/3243/3243 3292/3292/3292 3264/3264/3264
f 3264/3264/3264 3265/3265/3265 3218/3218/3218
f 3266/3266/3266 3270/3270/3270 3221/3221/3221
f 3268/3268/3268 3266/3266/3266 3220/3220/3220
f 3277/3277/3277 3231/3231/3231 3276/3276/3276
f 3289/3289/3289 3273/3273/3273 3240/3240/3240
f 3279/3279/3279 3232/3232/3232 3277/3277/3277
f 3251/3251/3251 3302/3302/3302 3253/3253/3253
f 3281/3281/3281 3304/3304/3304 3234/3234/3234
f 3287/3287/3287 3284/3284/3284 3237/3237/3237
f 3255/3255/3255 3308/3308/3308 3260/3260/3260
f 3311/3311/3311 3256/3256/3256 3259/3259/3259
f 3265/3265/3265 3313/3313/3313 3258/3258/3258
f 3314/3314/3314 3259/3259/3259 3288/3288/3288
f 3289/3289/3289 3260/3260/3260 3308/3308/3308
f 3290/3290/3290 3261/3261/3261 3315/3315/3315
f 3315/3315/3315 3261/3261/3261 3291/3291/3291
f 3290/3290/3290 3316/3316/3316 3262/3262/3262
f 3262/3262/3262 3316/3316/3316 3292/3292/3292
f 3263/3263/3263 3317/3317/3317 3291/3291/3291
f 3263/3263/3263 3294/3294/3294 3321/3321/3321
f 3264/3264/3264 3292/3292/3292 3322/3322/3322
f 3324/3324/3324 3265/3265/3265 3264/3264/3264
f 3325/3325/3325 3270/3270/3270 3266/3266/3266
f 3268/3268/3268 3328/3328/3328 3266/3266/3266
f 3332/3332/3332 3271/3271/3271 3273/3273/3273
f 3271/3271/3271 3333/3333/3333 3272/3272/3272
f 3338/3338/3338 3277/3277/3277 3276/3276/3276
f 3289/3289/3289 3332/3332/3332 3273/3273/3273
f 3340/3340/3340 3279/3279/3279 3277/3277/3277
f 3305/3305/3305 3282/3282/3282 3344/3344/3344
f 3282/3282/3282 3306/3306/3306 3344/3344/3344
f 3255/3255/3255 3346/3346/3346 3308/3308/3308
f 3311/3311/3311 3309/3309/3309 3256/3256/3256
f 3314/3314/3314 3311/3311/3311 3259/3259/3259
f 3324/3324/3324 3313/3313/3313 3265/3265/3265
f 3314/3314/3314 3288/3288/3288 3347/3347/3347
f 3289/3289/3289 3308/3308/3308 3332/3332/3332
f 3290/3290/3290 3315/3315/3315 3348/3348/3348
f 3350/3350/3350 3315/3315/3315 3291/3291/3291
f 3290/3290/3290 3348/3348/3348 3316/3316/3316
f 3352/3352/3352 3292/3292/3292 3316/3316/3316
f 3263/3263/3263 3321/3321/3321 3317/3317/3317
f 3350/3350/3350 3291/3291/3291 3317/3317/3317
f 3352/3352/3352 3322/3322/3322 3292/3292/3292
f 3324/3324/3324 3264/3264/3264 3322/3322/3322
f 3325/3325/3325 3266/3266/3266 3328/3328/3328
f 3305/3305/3305 3353/3353/3353 3295/3295/3295
f 3332/3332/3332 3333/3333/3333 3271/3271/3271
f 3272/3272/3272 3333/3333/3333 3335/3335/3335
f 3338/3338/3338 3276/3276/3276 3336/3336/3336
f 3338/3338/3338 3340/3340/3340 3277/3277/3277
f 3305/3305/3305 3344/3344/3344 3353/3353/3353
f 3365/3365/3365 3308/3308/3308 3346/3346/3346
f 3311/3311/3311 3366/3366/3366 3309/3309/3309
f 3368/3368/3368 3311/3311/3311 3314/3314/3314
f 3324/3324/3324 3371/3371/3371 3313/3313/3313
f 3347/3347/3347 3375/3375/3375 3314/3314/3314
f 3308/3308/3308 3376/3376/3376 3332/3332/3332
f 3348/3348/3348 3315/3315/3315 3350/3350/3350
f 3348/3348/3348 3377/3377/3377 3316/3316/3316
f 3352/3352/3352 3316/3316/3316 3377/3377/3377
f 3352/3352/3352 3380/3380/3380 3322/3322/3322
f 3324/3324/3324 3322/3322/3322 3380/3380/3380
f 3332/3332/3332 3376/3376/3376 3333/3333/3333
f 3384/3384/3384 3335/3335/3335 3333/3333/3333
f 3386/3386/3386 3338/3338/3338 3336/3336/3336
f 3388/3388/3388 3359/3359/3359 3342/3342/3342
f 3391/3391/3391 3342/3342/3342 3343/3343/3343
f 3395/3395/3395 3343/3343/3343 3364/3364/3364
f 3353/3353/3353 3344/3344/3344 3396/3396/3396
f 3399/3399/3399 3364/3364/3364 3341/3341/3341
f 3365/3365/3365 3376/3376/3376 3308/3308/3308
f 3368/3368/3368 3366/3366/3366 3311/3311/3311
f 3400/3400/3400 3368/3368/3368 3314/3314/3314
f 3372/3372/3372 3375/3375/3375 3347/3347/3347
f 3400/3400/3400 3314/3314/3314 3375/3375/3375
f 3408/3408/3408 3352/3352/3352 3377/3377/3377
f 3352/3352/3352 3410/3410/3410 3380/3380/3380
f 3384/3384/3384 3333/3333/3333 3376/3376/3376
f 3386/3386/3386 3336/3336/3336 3387/3387/3387
f 3391/3391/3391 3388/3388/3388 3342/3342/3342
f 3391/3391/3391 3343/3343/3343 3395/3395/3395
f 3395/3395/3395 3364/3364/3364 3419/3419/3419
f 3419/3419/3419 3364/3364/3364 3399/3399/3399
f 3365/3365/3365 3420/3420/3420 3376/3376/3376
f 3425/3425/3425 3375/3375/3375 3372/3372/3372
f 3425/3425/3425 3400/3400/3400 3375/3375/3375
f 3408/3408/3408 3410/3410/3410 3352/3352/3352
f 3379/3379/3379 3413/3413/3413 3406/3406/3406
f 3380/3380/3380 3410/3410/3410 3428/3428/3428
f 3430/3430/3430 3413/3413/3413 3381/3381/3381
f 3384/3384/3384 3376/3376/3376 3420/3420/3420
f 3386/3386/3386 3387/3387/3387 3432/3432/3432
f 3433/3433/3433 3387/3387/3387 3418/3418/3418
f 3439/3439/3439 3395/3395/3395 3419/3419/3419
f 3419/3419/3419 3399/3399/3399 3431/3431/3431
f 3421/3421/3421 3420/3420/3420 3365/3365/3365
f 3424/3424/3424 3403/3403/3403 3442/3442/3442
f 3406/3406/3406 3444/3444/3444 3407/3407/3407
f 3445/3445/3445 3427/3427/3427 3407/3407/3407
f 3413/3413/3413 3444/3444/3444 3406/3406/3406
f 3430/3430/3430 3444/3444/3444 3413/3413/3413
f 3433/3433/3433 3432/3432/3432 3387/3387/3387
f 3433/3433/3433 3418/3418/3418 3453/3453/3453
f 3439/3439/3439 3419/3419/3419 3459/3459/3459
f 3459/3459/3459 3419/3419/3419 3431/3431/3431
f 3450/3450/3450 3420/3420/3420 3421/3421/3421
f 3450/3450/3450 3421/3421/3421 3423/3423/3423
f 3441/3441/3441 3424/3424/3424 3442/3442/3442
f 3445/3445/3445 3407/3407/3407 3444/3444/3444
f 3445/3445/3445 3463/3463/3463 3427/3427/3427
f 3427/3427/3427 3463/3463/3463 3446/3446/3446
f 3430/3430/3430 3455/3455/3455 3444/3444/3444
f 3451/3451/3451 3465/3465/3465 3431/3431/3431
f 3466/3466/3466 3432/3432/3432 3433/3433/3433
f 3466/3466/3466 3433/3433/3433 3453/3453/3453
f 3469/3469/3469 3456/3456/3456 3435/3435/3435
f 3439/3439/3439 3459/3459/3459 3471/3471/3471
f 3459/3459/3459 3431/3431/3431 3465/3465/3465
f 3441/3441/3441 3442/3442/3442 3460/3460/3460
f 3455/3455/3455 3445/3445/3445 3444/3444/3444
f 3445/3445/3445 3475/3475/3475 3463/3463/3463
f 3477/3477/3477 3465/3465/3465 3451/3451/3451
f 3466/3466/3466 3453/3453/3453 3482/3482/3482
f 3459/3459/3459 3484/3484/3484 3471/3471/3471
f 3459/3459/3459 3465/3465/3465 3484/3484/3484
f 3476/3476/3476 3474/3474/3474 3448/3448/3448
f 3455/3455/3455 3475/3475/3475 3445/3445/3445
f 3477/3477/3477 3484/3484/3484 3465/3465/3465
f 3480/3480/3480 3482/3482/3482 3453/3453/3453
f 3502/3502/3502 3497/3497/3497 3500/3500/3500
f 3500/3500/3500 3490/3490/3490 3486/3486/3486
f 3500/3500/3500 3486/3486/3486 3488/3488/3488
f 3502/3502/3502 3500/3500/3500 3488/3488/3488
f 3492/3492/3492 3495/3495/3495 3577/3577/3577
f 3506/3506/3506 3502/3502/3502 3488/3488/3488
f 3488/3488/3488 3492/3492/3492 3577/3577/3577
f 3577/3577/3577 3574/3574/3574 3579/3579/3579
f 3579/3579/3579 3581/3581/3581 3583/3583/3583
f 3603/3603/3603 3567/3567/3567 3564/3564/3564
f 3579/3579/3579 3583/3583/3583 3603/3603/3603
f 3488/3488/3488 3577/3577/3577 3579/3579/3579
f 3504/3504/3504 3506/3506/3506 3488/3488/3488
f 3516/3516/3516 3511/3511/3511 3508/3508/3508
f 3508/3508/3508 3504/3504/3504 3488/3488/3488
f 3488/3488/3488 3579/3579/3579 3603/3603/3603
f 3488/3488/3488 3603/3603/3603 3564/3564/3564
f 3508/3508/3508 3488/3488/3488 3564/3564/3564
f 3569/3569/3569 3561/3561/3561 3571/3571/3571
f 3508/3508/3508 3564/3564/3564 3569/3569/3569
f 3518/3518/3518 3513/3513/3513 3516/3516/3516
f 3516/3516/3516 3508/3508/3508 3569/3569/3569
f 3571/3571/3571 3588/3588/3588 3586/3586/3586
f 3516/3516/3516 3569/3569/3569 3571/3571/3571
f 3520/3520/3520 3518/3518/3518 3516/3516/3516
f 3527/3527/3527 3525/3525/3525 3522/3522/3522
f 3522/3522/3522 3520/3520/3520 3516/3516/3516
f 3516/3516/3516 3571/3571/3571 3586/3586/3586
f 3586/3586/3586 3591/3591/3591 3594/3594/3594
f 3594/3594/3594 3597/3597/3597 3600/3600/3600
f 3600/3600/3600 3607/3607/3607 3605/3605/3605
f 3605/3605/3605 3553/3553/3553 3550/3550/3550
f 3550/3550/3550 3548/3548/3548 3557/3557/3557
f 3557/3557/3557 3555/3555/3555 3559/3559/3559
f 3559/3559/3559 3545/3545/3545 3534/3534/3534
f 3532/3532/3532 3530/3530/3530 3540/3540/3540
f 3559/3559/3559 3534/3534/3534 3532/3532/3532
f 3557/3557/3557 3559/3559/3559 3532/3532/3532
f 3540/3540/3540 3537/3537/3537 3543/3543/3543
f 3550/3550/3550 3557/3557/3557 3532/3532/3532
f 3540/3540/3540 3543/3543/3543 3527/3527/3527
f 3605/3605/3605 3550/3550/3550 3532/3532/3532
f 3540/3540/3540 3527/3527/3527 3522/3522/3522
f 3600/3600/3600 3605/3605/3605 3532/3532/3532
f 3532/3532/3532 3540/3540/3540 3522/3522/3522
f 3522/3522/3522 3516/3516/3516 3586/3586/3586
f 3586/3586/3586 3594/3594/3594 3600/3600/3600
f 3600/3600/3600 3532/3532/3532 3522/3522/3522
f 3586/3586/3586 3600/3600/3600 3522/3522/3522
f 3755/3755/3755 3750/3750/3750 3753/3753/3753
f 3760/3760/3760 3767/3767/3767 3765/3765/3765
f 3755/3755/3755 3753/3753/3753 3760/3760/3760
f 3746/3746/3746 3770/3770/3770 3758/3758/3758
f 3758/3758/3758 3755/3755/3755 3760/3760/3760
f 3760/3760/3760 3765/3765/3765 3763/3763/3763
f 3763/3763/3763 3577/3577/3577 3495/3495/3495
f 3495/3495/3495 3655/3655/3655 3657/3657/3657
f 3657/3657/3657 3667/3667/3667 3669/3669/3669
f 3669/3669/3669 3671/3671/3671 3676/3676/3676
f 3676/3676/3676 3673/3673/3673 3650/3650/3650
f 3676/3676/3676 3650/3650/3650 3647/3647/3647
f 3657/3657/3657 3669/3669/3669 3676/3676/3676
f 3763/3763/3763 3495/3495/3495 3657/3657/3657
f 3758/3758/3758 3760/3760/3760 3763/3763/3763
f 3748/3748/3748 3746/3746/3746 3758/3758/3758
f 3733/3733/3733 3743/3743/3743 3741/3741/3741
f 3748/3748/3748 3758/3758/3758 3763/3763/3763
f 3733/3733/3733 3741/3741/3741 3748/3748/3748
f 3773/3773/3773 3738/3738/3738 3735/3735/3735
f 3735/3735/3735 3733/3733/3733 3748/3748/3748
f 3748/3748/3748 3763/3763/3763 3657/3657/3657
f 3657/3657/3657 3676/3676/3676 3647/3647/3647
f 3652/3652/3652 3665/3665/3665 3660/3660/3660
f 3657/3657/3657 3647/3647/3647 3652/3652/3652
f 3735/3735/3735 3748/3748/3748 3657/3657/3657
f 3776/3776/3776 3773/3773/3773 3735/3735/3735
f 3719/3719/3719 3776/3776/3776 3735/3735/3735
f 3735/3735/3735 3657/3657/3657 3652/3652/3652
f 3652/3652/3652 3660/3660/3660 3662/3662/3662
f 3662/3662/3662 3627/3627/3627 3625/3625/3625
f 3625/3625/3625 3630/3630/3630 3632/3632/3632
f 3635/3635/3635 3645/3645/3645 3642/3642/3642
f 3662/3662/3662 3625/3625/3625 3632/3632/3632
f 3635/3635/3635 3642/3642/3642 3640/3640/3640
f 3662/3662/3662 3632/3632/3632 3635/3635/3635
f 3735/3735/3735 3652/3652/3652 3662/3662/3662
f 3722/3722/3722 3719/3719/3719 3735/3735/3735
f 3728/3728/3728 3725/3725/3725 3722/3722/3722
f 3710/3710/3710 3707/3707/3707 3728/3728/3728
f 3730/3730/3730 3713/3713/3713 3716/3716/3716
f 3710/3710/3710 3728/3728/3728 3722/3722/3722
f 3699/3699/3699 3730/3730/3730 3716/3716/3716
f 3716/3716/3716 3710/3710/3710 3722/3722/3722
f 3722/3722/3722 3735/3735/3735 3662/3662/3662
f 3662/3662/3662 3635/3635/3635 3640/3640/3640
f 3640/3640/3640 3618/3618/3618 3616/3616/3616
f 3616/3616/3616 3614/3614/3614 3622/3622/3622
f 3622/3622/3622 3612/3612/3612 3610/3610/3610
f 3610/3610/3610 3620/3620/3620 3637/3637/3637
f 3689/3689/3689 3687/3687/3687 3684/3684/3684
f 3610/3610/3610 3637/3637/3637 3689/3689/3689
f 3616/3616/3616 3622/3622/3622 3610/3610/3610
f 3662/3662/3662 3640/3640/3640 3616/3616/3616
f 3716/3716/3716 3722/3722/3722 3662/3662/3662
f 3702/3702/3702 3699/3699/3699 3716/3716/3716
f 3779/3779/3779 3705/3705/3705 3702/3702/3702
f 3694/3694/3694 3692/3692/3692 3779/3779/3779
f 3781/3781/3781 3696/3696/3696 3694/3694/3694
f 3679/3679/3679 3781/3781/3781 3694/3694/3694
f 3694/3694/3694 3779/3779/3779 3702/3702/3702
f 3702/3702/3702 3716/3716/3716 3662/3662/3662
f 3662/3662/3662 3616/3616/3616 3610/3610/3610
f 3610/3610/3610 3689/3689/3689 3684/3684/3684
f 3610/3610/3610 3684/3684/3684 3681/3681/3681
f 3702/3702/3702 3662/3662/3662 3610/3610/3610
f 3679/3679/3679 3694/3694/3694 3702/3702/3702
f 3610/3610/3610 3681/3681/3681 3679/3679/3679
f 3610/3610/3610 3679/3679/3679 3702/3702/3702
f 3785/3785/3785 4/4/4 1/1/1
f 3/3/3 9/9/9 3785/3785/3785
f 9/9/9 6/6/6 3785/3785/3785
f 7/7/7 4/4/4 3783/3783/3783
f 11/11/11 3784/3784/3784 6/6/6
f 7/7/7 3783/3783/3783 1/1/1
f 11/11/11 3/3/3 3784/3784/3784
f 12/12/12 9/9/9 3/3/3
f 9/9/9 13/13/13 6/6/6
f 6/6/6 14/14/14 11/11/11
f 3/3/3 11/11/11 15/15/15
f 12/12/12 3/3/3 17/17/17
f 13/13/13 14/14/14 6/6/6
f 3/3/3 15/15/15 24/24/24
f 17/17/17 3/3/3 24/24/24
f 20/20/20 10/10/10 28/28/28
f 34/34/34 16/16/16 23/23/23
f 35/35/35 25/25/25 16/16/16
f 20/20/20 28/28/28 44/44/44
f 31/31/31 20/20/20 45/45/45
f 35/35/35 16/16/16 34/34/34
f 34/34/34 23/23/23 50/50/50
f 51/51/51 25/25/25 35/35/35
f 51/51/51 37/37/37 25/25/25
f 44/44/44 28/28/28 41/41/41
f 45/45/45 20/20/20 44/44/44
f 61/61/61 31/31/31 45/45/45
f 50/50/50 23/23/23 49/49/49
f 77/77/77 37/37/37 51/51/51
f 81/81/81 41/41/41 43/43/43
f 41/41/41 82/82/82 44/44/44
f 83/83/83 43/43/43 57/57/57
f 60/60/60 63/63/63 30/30/30
f 49/49/49 96/96/96 50/50/50
f 76/76/76 38/38/38 78/78/78
f 103/103/103 55/55/55 53/53/53
f 104/104/104 58/58/58 55/55/55
f 105/105/105 81/81/81 43/43/43
f 81/81/81 107/107/107 41/41/41
f 107/107/107 82/82/82 41/41/41
f 83/83/83 105/105/105 43/43/43
f 108/108/108 84/84/84 58/58/58
f 60/60/60 111/111/111 63/63/63
f 112/112/112 62/62/62 88/88/88
f 89/89/89 115/115/115 64/64/64
f 64/64/64 116/116/116 66/66/66
f 66/66/66 117/117/117 68/68/68
f 48/48/48 91/91/91 95/95/95
f 68/68/68 118/118/118 92/92/92
f 100/100/100 73/73/73 125/125/125
f 76/76/76 78/78/78 127/127/127
f 80/80/80 76/76/76 130/130/130
f 131/131/131 78/78/78 100/100/100
f 102/102/102 52/52/52 101/101/101
f 103/103/103 104/104/104 55/55/55
f 104/104/104 108/108/108 58/58/58
f 85/85/85 139/139/139 106/106/106
f 109/109/109 140/140/140 85/85/85
f 142/142/142 110/110/110 59/59/59
f 112/112/112 88/88/88 143/143/143
f 146/146/146 62/62/62 112/112/112
f 113/113/113 147/147/147 89/89/89
f 89/89/89 147/147/147 115/115/115
f 64/64/64 115/115/115 116/116/116
f 66/66/66 116/116/116 117/117/117
f 117/117/117 118/118/118 68/68/68
f 95/95/95 91/91/91 150/150/150
f 92/92/92 118/118/118 151/151/151
f 97/97/97 155/155/155 120/120/120
f 126/126/126 74/74/74 122/122/122
f 100/100/100 125/125/125 160/160/160
f 127/127/127 78/78/78 131/131/131
f 130/130/130 76/76/76 127/127/127
f 133/133/133 79/79/79 129/129/129
f 131/131/131 100/100/100 160/160/160
f 161/161/161 102/102/102 101/101/101
f 85/85/85 171/171/171 139/139/139
f 106/106/106 139/139/139 168/168/168
f 172/172/172 140/140/140 109/109/109
f 140/140/140 171/171/171 85/85/85
f 142/142/142 176/176/176 110/110/110
f 145/145/145 142/142/142 59/59/59
f 110/110/110 178/178/178 113/113/113
f 143/143/143 88/88/88 174/174/174
f 113/113/113 185/185/185 147/147/147
f 93/93/93 152/152/152 148/148/148
f 94/94/94 149/149/149 153/153/153
f 120/120/120 155/155/155 191/191/191
f 195/195/195 126/126/126 122/122/122
f 120/120/120 191/191/191 158/158/158
f 204/204/204 132/132/132 128/128/128
f 207/207/207 102/102/102 161/161/161
f 204/204/204 163/163/163 132/132/132
f 208/208/208 164/164/164 103/103/103
f 166/166/166 172/172/172 109/109/109
f 139/139/139 219/219/219 168/168/168
f 176/176/176 178/178/178 110/110/110
f 225/225/225 142/142/142 145/145/145
f 178/178/178 185/185/185 113/113/113
f 227/227/227 144/144/144 175/175/175
f 228/228/228 182/182/182 144/144/144
f 148/148/148 152/152/152 234/234/234
f 154/154/154 150/150/150 237/237/237
f 195/195/195 122/122/122 194/194/194
f 126/126/126 195/195/195 241/241/241
f 158/158/158 191/191/191 243/243/243
f 204/204/204 128/128/128 250/250/250
f 255/255/255 163/163/163 204/204/204
f 256/256/256 164/164/164 208/208/208
f 166/166/166 261/261/261 172/172/172
f 135/135/135 211/211/211 213/213/213
f 169/169/169 197/197/197 210/210/210
f 168/168/168 219/219/219 196/196/196
f 177/177/177 267/267/267 179/179/179
f 177/177/177 224/224/224 267/267/267
f 229/229/229 225/225/225 145/145/145
f 227/227/227 175/175/175 270/270/270
f 228/228/228 144/144/144 227/227/227
f 271/271/271 183/183/183 180/180/180
f 273/273/273 182/182/182 228/228/228
f 274/274/274 230/230/230 183/183/183
f 3587/3587/3587 186/186/186 232/232/232
f 3587/3587/3587 232/232/232 3592/3592/3592
f 3573/3573/3573 187/187/187 186/186/186
f 3573/3573/3573 186/186/186 3589/3589/3589
f 3570/3570/3570 188/188/188 187/187/187
f 3570/3570/3570 187/187/187 3562/3562/3562
f 188/188/188 3565/3565/3565 3568/3568/3568
f 188/188/188 3568/3568/3568 189/189/189
f 189/189/189 3604/3604/3604 3584/3584/3584
f 189/189/189 3584/3584/3584 190/190/190
f 151/151/151 239/239/239 233/233/233
f 156/156/156 238/238/238 278/278/278
f 190/190/190 3582/3582/3582 3580/3580/3580
f 190/190/190 3580/3580/3580 239/239/239
f 155/155/155 277/277/277 240/240/240
f 219/219/219 192/192/192 196/196/196
f 283/283/283 195/195/195 194/194/194
f 126/126/126 241/241/241 248/248/248
f 210/210/210 197/197/197 198/198/198
f 158/158/158 243/243/243 245/245/245
f 201/201/201 206/206/206 288/288/288
f 203/203/203 201/201/201 289/289/289
f 292/292/292 204/204/204 250/250/250
f 253/253/253 163/163/163 255/255/255
f 296/296/296 256/256/256 208/208/208
f 298/298/298 260/260/260 165/165/165
f 213/213/213 211/211/211 302/302/302
f 218/218/218 282/282/282 219/219/219
f 270/270/270 175/175/175 266/266/266
f 179/179/179 267/267/267 269/269/269
f 226/226/226 318/318/318 224/224/224
f 224/224/224 318/318/318 267/267/267
f 230/230/230 319/319/319 226/226/226
f 272/272/272 271/271/271 180/180/180
f 271/271/271 274/274/274 183/183/183
f 274/274/274 324/324/324 230/230/230
f 3595/3595/3595 232/232/232 275/275/275
f 3595/3595/3595 275/275/275 3598/3598/3598
f 3587/3587/3587 3590/3590/3590 186/186/186
f 3596/3596/3596 3593/3593/3593 232/232/232
f 3572/3572/3572 3563/3563/3563 187/187/187
f 3570/3570/3570 3566/3566/3566 188/188/188
f 3568/3568/3568 3604/3604/3604 189/189/189
f 3585/3585/3585 3582/3582/3582 190/190/190
f 235/235/235 233/233/233 325/325/325
f 239/239/239 326/326/326 233/233/233
f 278/278/278 238/238/238 330/330/330
f 3580/3580/3580 3576/3576/3576 239/239/239
f 277/277/277 336/336/336 240/240/240
f 282/282/282 192/192/192 219/219/219
f 241/241/241 339/339/339 248/248/248
f 210/210/210 198/198/198 285/285/285
f 242/242/242 280/280/280 341/341/341
f 245/245/245 243/243/243 343/343/343
f 294/294/294 288/288/288 206/206/206
f 289/289/289 201/201/201 288/288/288
f 291/291/291 203/203/203 289/289/289
f 292/292/292 250/250/250 351/351/351
f 355/355/355 253/253/253 255/255/255
f 259/259/259 257/257/257 360/360/360
f 361/361/361 257/257/257 297/297/297
f 300/300/300 259/259/259 363/363/363
f 298/298/298 365/365/365 260/260/260
f 210/210/210 285/285/285 301/301/301
f 213/213/213 302/302/302 304/304/304
f 218/218/218 311/311/311 282/282/282
f 270/270/270 266/266/266 317/317/317
f 267/267/267 369/369/369 269/269/269
f 226/226/226 319/319/319 318/318/318
f 3552/3552/3552 267/267/267 318/318/318
f 3552/3552/3552 318/318/318 3549/3549/3549
f 230/230/230 370/370/370 319/319/319
f 269/269/269 369/369/369 276/276/276
f 372/372/372 271/271/271 272/272/272
f 374/374/374 272/272/272 322/322/322
f 324/324/324 370/370/370 230/230/230
f 3601/3601/3601 3599/3599/3599 275/275/275
f 235/235/235 325/325/325 327/327/327
f 233/233/233 326/326/326 325/325/325
f 3578/3578/3578 3764/3764/3764 326/326/326
f 326/326/326 239/239/239 3575/3575/3575
f 326/326/326 3575/3575/3575 3578/3578/3578
f 238/238/238 329/329/329 330/330/330
f 279/279/279 331/331/331 380/380/380
f 277/277/277 378/378/378 336/336/336
f 311/311/311 337/337/337 282/282/282
f 339/339/339 387/387/387 248/248/248
f 279/279/279 380/380/380 340/340/340
f 242/242/242 341/341/341 342/342/342
f 245/245/245 343/343/343 345/345/345
f 288/288/288 294/294/294 398/398/398
f 291/291/291 289/289/289 401/401/401
f 403/403/403 292/292/292 351/351/351
f 398/398/398 294/294/294 350/350/350
f 354/354/354 253/253/253 355/355/355
f 358/358/358 406/406/406 297/297/297
f 257/257/257 407/407/407 360/360/360
f 360/360/360 363/363/363 259/259/259
f 406/406/406 361/361/361 297/297/297
f 361/361/361 407/407/407 257/257/257
f 362/362/362 408/408/408 299/299/299
f 366/366/366 364/364/364 261/261/261
f 408/408/408 366/366/366 299/299/299
f 301/301/301 285/285/285 388/388/388
f 304/304/304 302/302/302 411/411/411
f 371/371/371 270/270/270 317/317/317
f 267/267/267 3551/3551/3551 3554/3554/3554
f 267/267/267 3554/3554/3554 369/369/369
f 3558/3558/3558 318/318/318 319/319/319
f 3558/3558/3558 319/319/319 3556/3556/3556
f 3549/3549/3549 318/318/318 3558/3558/3558
f 3602/3602/3602 276/276/276 369/369/369
f 3602/3602/3602 369/369/369 3608/3608/3608
f 374/374/374 372/372/372 272/272/272
f 431/431/431 375/375/375 323/323/323
f 327/327/327 325/325/325 435/435/435
f 3764/3764/3764 3766/3766/3766 326/326/326
f 330/330/330 329/329/329 440/440/440
f 441/441/441 332/332/332 335/335/335
f 443/443/443 381/381/381 332/332/332
f 445/445/445 334/334/334 377/377/377
f 421/421/421 338/338/338 312/312/312
f 421/421/421 383/383/383 338/338/338
f 248/248/248 387/387/387 394/394/394
f 340/340/340 380/380/380 450/450/450
f 342/342/342 341/341/341 453/453/453
f 344/344/344 342/342/342 454/454/454
f 390/390/390 347/347/347 459/459/459
f 392/392/392 460/460/460 347/347/347
f 462/462/462 350/350/350 397/397/397
f 290/290/290 400/400/400 402/402/402
f 404/404/404 352/352/352 464/464/464
f 398/398/398 350/350/350 462/462/462
f 357/357/357 354/354/354 465/465/465
f 465/465/465 354/354/354 355/355/355
f 358/358/358 467/467/467 406/406/406
f 409/409/409 363/363/363 477/477/477
f 478/478/478 364/364/364 366/366/366
f 480/480/480 366/366/366 408/408/408
f 302/302/302 389/389/389 411/411/411
f 303/303/303 410/410/410 412/412/412
f 306/306/306 413/413/413 415/415/415
f 371/371/371 317/317/317 418/418/418
f 3606/3606/3606 369/369/369 3554/3554/3554
f 3556/3556/3556 319/319/319 427/427/427
f 3556/3556/3556 427/427/427 3560/3560/3560
f 3609/3609/3609 369/369/369 3606/3606/3606
f 492/492/492 375/375/375 431/431/431
f 327/327/327 435/435/435 439/439/439
f 3768/3768/3768 436/436/436 326/326/326
f 3768/3768/3768 326/326/326 3766/3766/3766
f 377/377/377 438/438/438 496/496/496
f 442/442/442 334/334/334 445/445/445
f 443/443/443 332/332/332 441/441/441
f 497/497/497 381/381/381 443/443/443
f 445/445/445 377/377/377 498/498/498
f 420/420/420 499/499/499 382/382/382
f 382/382/382 500/500/500 384/384/384
f 384/384/384 501/501/501 448/448/448
f 447/447/447 502/502/502 386/386/386
f 386/386/386 504/504/504 392/392/392
f 340/340/340 450/450/450 452/452/452
f 497/497/497 451/451/451 381/381/381
f 454/454/454 342/342/342 453/453/453
f 347/347/347 511/511/511 459/459/459
f 390/390/390 459/459/459 508/508/508
f 392/392/392 512/512/512 460/460/460
f 347/347/347 460/460/460 511/511/511
f 462/462/462 397/397/397 518/518/518
f 402/402/402 400/400/400 522/522/522
f 524/524/524 404/404/404 464/464/464
f 466/466/466 357/357/357 465/465/465
f 529/529/529 469/469/469 404/404/404
f 530/530/530 408/408/408 476/476/476
f 478/478/478 366/366/366 480/480/480
f 411/411/411 389/389/389 506/506/506
f 412/412/412 410/410/410 533/533/533
f 415/415/415 413/413/413 535/535/535
f 482/482/482 415/415/415 536/536/536
f 489/489/489 417/417/417 416/416/416
f 490/490/490 371/371/371 418/418/418
f 427/427/427 3547/3547/3547 3560/3560/3560
f 3536/3536/3536 427/427/427 488/488/488
f 3536/3536/3536 488/488/488 3533/3533/3533
f 551/551/551 375/375/375 492/492/492
f 434/434/434 493/493/493 555/555/555
f 438/438/438 434/434/434 555/555/555
f 3769/3769/3769 3762/3762/3762 437/437/437
f 3752/3752/3752 495/495/495 437/437/437
f 3752/3752/3752 437/437/437 3754/3754/3754
f 377/377/377 496/496/496 556/556/556
f 438/438/438 555/555/555 496/496/496
f 557/557/557 441/441/441 446/446/446
f 498/498/498 377/377/377 556/556/556
f 499/499/499 500/500/500 382/382/382
f 500/500/500 501/501/501 384/384/384
f 501/501/501 563/563/563 448/448/448
f 563/563/563 503/503/503 448/448/448
f 502/502/502 504/504/504 386/386/386
f 504/504/504 512/512/512 392/392/392
f 452/452/452 450/450/450 564/564/564
f 566/566/566 451/451/451 497/497/497
f 506/506/506 457/457/457 572/572/572
f 458/458/458 510/510/510 573/573/573
f 507/507/507 458/458/458 574/574/574
f 513/513/513 576/576/576 461/461/461
f 461/461/461 577/577/577 510/510/510
f 518/518/518 397/397/397 516/516/516
f 522/522/522 400/400/400 520/520/520
f 529/529/529 404/404/404 524/524/524
f 525/525/525 466/466/466 465/465/465
f 585/585/585 471/471/471 469/469/469
f 586/586/586 469/469/469 529/529/529
f 582/582/582 525/525/525 470/470/470
f 531/531/531 477/477/477 550/550/550
f 411/411/411 506/506/506 534/534/534
f 413/413/413 534/534/534 535/535/535
f 415/415/415 535/535/535 536/536/536
f 482/482/482 536/536/536 594/594/594
f 489/489/489 416/416/416 596/596/596
f 595/595/595 539/539/539 483/483/483
f 544/544/544 486/486/486 601/601/601
f 544/544/544 600/600/600 425/425/425
f 3546/3546/3546 427/427/427 3535/3535/3535
f 3533/3533/3533 488/488/488 3531/3531/3531
f 550/550/550 477/477/477 374/374/374
f 3531/3531/3531 488/488/488 554/554/554
f 3531/3531/3531 554/554/554 3541/3541/3541
f 555/555/555 493/493/493 3751/3751/3751
f 555/555/555 3751/3751/3751 3756/3756/3756
f 3761/3761/3761 3754/3754/3754 437/437/437
f 556/556/556 496/496/496 3747/3747/3747
f 556/556/556 3747/3747/3747 3749/3749/3749
f 496/496/496 555/555/555 3759/3759/3759
f 496/496/496 3759/3759/3759 3771/3771/3771
f 557/557/557 446/446/446 562/562/562
f 560/560/560 444/444/444 607/607/607
f 563/563/563 615/615/615 503/503/503
f 452/452/452 564/564/564 567/567/567
f 566/566/566 565/565/565 451/451/451
f 456/456/456 570/570/570 571/571/571
f 506/506/506 572/572/572 620/620/620
f 514/514/514 507/507/507 574/574/574
f 510/510/510 621/621/621 573/573/573
f 458/458/458 573/573/573 622/622/622
f 574/574/574 458/458/458 622/622/622
f 461/461/461 576/576/576 577/577/577
f 513/513/513 625/625/625 576/576/576
f 510/510/510 577/577/577 621/621/621
f 517/517/517 514/514/514 626/626/626
f 517/517/517 626/626/626 578/578/578
f 522/522/522 520/520/520 629/629/629
f 526/526/526 583/583/583 467/467/467
f 638/638/638 528/528/528 584/584/584
f 586/586/586 585/585/585 469/469/469
f 585/585/585 584/584/584 471/471/471
f 528/528/528 638/638/638 588/588/588
f 641/641/641 532/532/532 551/551/551
f 592/592/592 602/602/602 487/487/487
f 534/534/534 506/506/506 620/620/620
f 535/535/535 534/534/534 644/644/644
f 490/490/490 597/597/597 603/603/603
f 595/595/595 651/651/651 539/539/539
f 656/656/656 544/544/544 601/601/601
f 657/657/657 600/600/600 544/544/544
f 3542/3542/3542 554/554/554 3538/3538/3538
f 3757/3757/3757 3759/3759/3759 555/555/555
f 3772/3772/3772 3747/3747/3747 496/496/496
f 3749/3749/3749 3742/3742/3742 556/556/556
f 575/575/575 557/557/557 562/562/562
f 624/624/624 558/558/558 557/557/557
f 606/606/606 558/558/558 624/624/624
f 666/666/666 560/560/560 607/607/607
f 609/609/609 556/556/556 3742/3742/3742
f 609/609/609 3742/3742/3742 3744/3744/3744
f 614/614/614 616/616/616 502/502/502
f 619/619/619 625/625/625 513/513/513
f 567/567/567 564/564/564 670/670/670
f 672/672/672 565/565/565 566/566/566
f 571/571/571 570/570/570 677/677/677
f 514/514/514 574/574/574 626/626/626
f 624/624/624 557/557/557 575/575/575
f 578/578/578 626/626/626 685/685/685
f 520/520/520 627/627/627 689/689/689
f 629/629/629 520/520/520 689/689/689
f 628/628/628 579/579/579 688/688/688
f 693/693/693 638/638/638 584/584/584
f 693/693/693 584/584/584 585/585/585
f 637/637/637 698/698/698 587/587/587
f 643/643/643 532/532/532 641/641/641
f 592/592/592 703/703/703 602/602/602
f 534/534/534 620/620/620 644/644/644
f 603/603/603 597/597/597 648/648/648
f 650/650/650 649/649/649 538/538/538
f 708/708/708 651/651/651 595/595/595
f 656/656/656 657/657/657 544/544/544
f 657/657/657 714/714/714 600/600/600
f 659/659/659 603/603/603 648/648/648
f 3539/3539/3539 554/554/554 664/664/664
f 3539/3539/3539 664/664/664 3544/3544/3544
f 619/619/619 607/607/607 625/625/625
f 666/666/666 607/607/607 619/619/619
f 667/667/667 559/559/559 665/665/665
f 3745/3745/3745 3734/3734/3734 609/609/609
f 668/668/668 725/725/725 614/614/614
f 614/614/614 726/726/726 616/616/616
f 617/617/617 666/666/666 619/619/619
f 567/567/567 670/670/670 674/674/674
f 672/672/672 671/671/671 565/565/565
f 678/678/678 571/571/571 677/677/677
f 684/684/684 623/623/623 731/731/731
f 689/689/689 627/627/627 732/732/732
f 634/634/634 632/632/632 741/741/741
f 640/640/640 636/636/636 743/743/743
f 627/627/627 686/686/686 744/744/744
f 692/692/692 745/745/745 637/637/637
f 697/697/697 640/640/640 746/746/746
f 637/637/637 745/745/745 698/698/698
f 747/747/747 643/643/643 641/641/641
f 702/702/702 703/703/703 592/592/592
f 703/703/703 716/716/716 602/602/602
f 705/705/705 643/643/643 747/747/747
f 706/706/706 708/708/708 595/595/595
f 650/650/650 753/753/753 649/649/649
f 770/770/770 714/714/714 657/657/657
f 773/773/773 659/659/659 648/648/648
f 3544/3544/3544 664/664/664 3529/3529/3529
f 778/778/778 667/667/667 665/665/665
f 721/721/721 609/609/609 3734/3734/3734
f 721/721/721 3734/3734/3734 3736/3736/3736
f 781/781/781 725/725/725 668/668/668
f 725/725/725 726/726/726 614/614/614
f 779/779/779 666/666/666 617/617/617
f 674/674/674 670/670/670 784/784/784
f 785/785/785 671/671/671 672/672/672
f 678/678/678 677/677/677 791/791/791
f 681/681/681 721/721/721 3739/3739/3739
f 681/681/681 3739/3739/3739 3774/3774/3774
f 682/682/682 681/681/681 3778/3778/3778
f 682/682/682 3778/3778/3778 3721/3721/3721
f 728/728/728 682/682/682 3724/3724/3724
f 728/728/728 3724/3724/3724 3727/3727/3727
f 729/729/729 622/622/622 728/728/728
f 687/687/687 684/684/684 731/731/731
f 732/732/732 627/627/627 744/744/744
f 741/741/741 632/632/632 739/739/739
f 742/742/742 634/634/634 741/741/741
f 746/746/746 640/640/640 743/743/743
f 744/744/744 686/686/686 797/797/797
f 692/692/692 798/798/798 745/745/745
f 694/694/694 798/798/798 692/692/692
f 804/804/804 697/697/697 746/746/746
f 702/702/702 811/811/811 703/703/703
f 703/703/703 813/813/813 716/716/716
f 814/814/814 705/705/705 747/747/747
f 706/706/706 817/817/817 708/708/708
f 773/773/773 648/648/648 752/752/752
f 755/755/755 753/753/753 650/650/650
f 711/711/711 821/821/821 758/758/758
f 830/830/830 713/713/713 769/769/769
f 820/820/820 710/710/710 772/772/772
f 3528/3528/3528 664/664/664 777/777/777
f 3528/3528/3528 777/777/777 3526/3526/3526
f 3737/3737/3737 3740/3740/3740 721/721/721
f 781/781/781 844/844/844 725/725/725
f 785/785/785 783/783/783 671/671/671
f 674/674/674 784/784/784 788/788/788
f 680/680/680 792/792/792 848/848/848
f 679/679/679 847/847/847 793/793/793
f 3775/3775/3775 3777/3777/3777 681/681/681
f 3720/3720/3720 3723/3723/3723 682/682/682
f 3726/3726/3726 3729/3729/3729 728/728/728
f 729/729/729 728/728/728 850/850/850
f 686/686/686 730/730/730 797/797/797
f 860/860/860 741/741/741 739/739/739
f 742/742/742 741/741/741 863/863/863
f 803/803/803 800/800/800 696/696/696
f 799/799/799 869/869/869 694/694/694
f 694/694/694 869/869/869 798/798/798
f 807/807/807 705/705/705 814/814/814
f 810/810/810 811/811/811 702/702/702
f 813/813/813 873/873/873 716/716/716
f 881/881/881 817/817/817 706/706/706
f 752/752/752 754/754/754 883/883/883
f 884/884/884 773/773/773 752/752/752
f 755/755/755 885/885/885 753/753/753
f 819/819/819 890/890/890 757/757/757
f 830/830/830 824/824/824 713/713/713
f 762/762/762 897/897/897 764/764/764
f 764/764/764 898/898/898 766/766/766
f 873/873/873 829/829/829 716/716/716
f 906/906/906 830/830/830 769/769/769
f 907/907/907 772/772/772 826/826/826
f 908/908/908 820/820/820 772/772/772
f 3526/3526/3526 777/777/777 3523/3523/3523
f 913/913/913 781/781/781 842/842/842
f 915/915/915 844/844/844 781/781/781
f 917/917/917 783/783/783 785/785/785
f 788/788/788 784/784/784 919/919/919
f 848/848/848 792/792/792 928/928/928
f 793/793/793 847/847/847 929/929/929
f 850/850/850 728/728/728 3729/3729/3729
f 850/850/850 3729/3729/3729 3709/3709/3709
f 796/796/796 729/729/729 850/850/850
f 734/734/734 854/854/854 931/931/931
f 933/933/933 856/856/856 735/735/735
f 860/860/860 739/739/739 937/937/937
f 937/937/937 739/739/739 861/861/861
f 865/865/865 743/743/743 864/864/864
f 866/866/866 796/796/796 938/938/938
f 802/802/802 940/940/940 799/799/799
f 799/799/799 941/941/941 869/869/869
f 942/942/942 801/801/801 870/870/870
f 3524/3524/3524 777/777/777 805/805/805
f 3524/3524/3524 805/805/805 3521/3521/3521
f 3519/3519/3519 805/805/805 868/868/868
f 3519/3519/3519 868/868/868 3514/3514/3514
f 943/943/943 807/807/807 814/814/814
f 949/949/949 811/811/811 810/810/810
f 952/952/952 872/872/872 812/812/812
f 878/878/878 815/815/815 954/954/954
f 876/876/876 881/881/881 706/706/706
f 815/815/815 879/879/879 955/955/955
f 884/884/884 752/752/752 883/883/883
f 883/883/883 754/754/754 886/886/886
f 887/887/887 885/885/885 755/755/755
f 818/818/818 958/958/958 889/889/889
f 960/960/960 892/892/892 822/822/822
f 962/962/962 824/824/824 830/830/830
f 895/895/895 896/896/896 761/761/761
f 897/897/897 898/898/898 764/764/764
f 898/898/898 900/900/900 766/766/766
f 872/872/872 968/968/968 828/828/828
f 971/971/971 769/769/769 903/903/903
f 906/906/906 769/769/769 971/971/971
f 907/907/907 908/908/908 772/772/772
f 907/907/907 826/826/826 965/965/965
f 908/908/908 959/959/959 820/820/820
f 891/891/891 983/983/983 838/838/838
f 988/988/988 842/842/842 840/840/840
f 913/913/913 915/915/915 781/781/781
f 988/988/988 913/913/913 842/842/842
f 917/917/917 918/918/918 783/783/783
f 788/788/788 919/919/919 924/924/924
f 980/980/980 923/923/923 836/836/836
f 928/928/928 792/792/792 927/927/927
f 847/847/847 1000/1000/1000 929/929/929
f 3708/3708/3708 3711/3711/3711 850/850/850
f 796/796/796 850/850/850 938/938/938
f 854/854/854 852/852/852 1006/1006/1006
f 932/932/932 734/734/734 931/931/931
f 931/931/931 854/854/854 1007/1007/1007
f 933/933/933 1008/1008/1008 856/856/856
f 1008/1008/1008 858/858/858 856/856/856
f 1013/1013/1013 937/937/937 861/861/861
f 865/865/865 864/864/864 1019/1019/1019
f 866/866/866 938/938/938 1023/1023/1023
f 3517/3517/3517 868/868/868 939/939/939
f 3517/3517/3517 939/939/939 3512/3512/3512
f 940/940/940 941/941/941 799/799/799
f 1025/1025/1025 940/940/940 802/802/802
f 942/942/942 1024/1024/1024 801/801/801
f 1027/1027/1027 942/942/942 870/870/870
f 3521/3521/3521 805/805/805 3519/3519/3519
f 3515/3515/3515 868/868/868 3517/3517/3517
f 945/945/945 807/807/807 943/943/943
f 947/947/947 949/949/949 810/810/810
f 950/950/950 952/952/952 812/812/812
f 952/952/952 1028/1028/1028 872/872/872
f 954/954/954 815/815/815 955/955/955
f 1033/1033/1033 878/878/878 954/954/954
f 878/878/878 1034/1034/1034 882/882/882
f 955/955/955 879/879/879 1036/1036/1036
f 882/882/882 1034/1034/1034 957/957/957
f 957/957/957 884/884/884 883/883/883
f 1039/1039/1039 883/883/883 886/886/886
f 1037/1037/1037 885/885/885 887/887/887
f 956/956/956 1038/1038/1038 888/888/888
f 958/958/958 1040/1040/1040 889/889/889
f 960/960/960 1041/1041/1041 892/892/892
f 961/961/961 960/960/960 822/822/822
f 895/895/895 1045/1045/1045 896/896/896
f 898/898/898 1048/1048/1048 900/900/900
f 900/900/900 1049/1049/1049 966/966/966
f 1028/1028/1028 968/968/968 872/872/872
f 969/969/969 827/827/827 967/967/967
f 971/971/971 903/903/903 1055/1055/1055
f 905/905/905 1056/1056/1056 972/972/972
f 970/970/970 1057/1057/1057 905/905/905
f 1059/1059/1059 907/907/907 965/965/965
f 1060/1060/1060 959/959/959 908/908/908
f 837/837/837 982/982/982 985/985/985
f 889/889/889 1040/1040/1040 981/981/981
f 986/986/986 989/989/989 841/841/841
f 1065/1065/1065 916/916/916 914/914/914
f 1066/1066/1066 914/914/914 990/990/990
f 1067/1067/1067 994/994/994 916/916/916
f 1069/1069/1069 918/918/918 917/917/917
f 924/924/924 919/919/919 1072/1072/1072
f 1078/1078/1078 923/923/923 980/980/980
f 926/926/926 925/925/925 1073/1073/1073
f 928/928/928 927/927/927 1070/1070/1070
f 928/928/928 1070/1070/1070 998/998/998
f 848/848/848 998/998/998 1001/1001/1001
f 938/938/938 850/850/850 3712/3712/3712
f 938/938/938 3712/3712/3712 3718/3718/3718
f 1003/1003/1003 866/866/866 1023/1023/1023
f 852/852/852 1005/1005/1005 1006/1006/1006
f 854/854/854 1006/1006/1006 1007/1007/1007
f 932/932/932 931/931/931 1082/1082/1082
f 1087/1087/1087 858/858/858 1008/1008/1008
f 1087/1087/1087 1010/1010/1010 858/858/858
f 1013/1013/1013 861/861/861 1016/1016/1016
f 1018/1018/1018 863/863/863 1020/1020/1020
f 1027/1027/1027 870/870/870 1021/1021/1021
f 1023/1023/1023 938/938/938 3715/3715/3715
f 1023/1023/1023 3715/3715/3715 3732/3732/3732
f 3512/3512/3512 939/939/939 3509/3509/3509
f 3510/3510/3510 939/939/939 1026/1026/1026
f 3510/3510/3510 1026/1026/1026 3505/3505/3505
f 1098/1098/1098 1024/1024/1024 942/942/942
f 1105/1105/1105 945/945/945 943/943/943
f 948/948/948 946/946/946 1106/1106/1106
f 1107/1107/1107 950/950/950 948/948/948
f 950/950/950 1108/1108/1108 952/952/952
f 879/879/879 1031/1031/1031 1036/1036/1036
f 1061/1061/1061 878/878/878 1033/1033/1033
f 878/878/878 1061/1061/1061 1034/1034/1034
f 1034/1034/1034 884/884/884 957/957/957
f 957/957/957 883/883/883 1039/1039/1039
f 1042/1042/1042 892/892/892 1041/1041/1041
f 1118/1118/1118 960/960/960 961/961/961
f 1045/1045/1045 1123/1123/1123 896/896/896
f 1123/1123/1123 1046/1046/1046 896/896/896
f 1048/1048/1048 1049/1049/1049 900/900/900
f 1049/1049/1049 1124/1124/1124 966/966/966
f 1128/1128/1128 969/969/969 967/967/967
f 1055/1055/1055 903/903/903 1053/1053/1053
f 1054/1054/1054 1130/1130/1130 970/970/970
f 1057/1057/1057 1056/1056/1056 905/905/905
f 1056/1056/1056 1131/1131/1131 972/972/972
f 1130/1130/1130 1057/1057/1057 970/970/970
f 965/965/965 1132/1132/1132 1059/1059/1059
f 1060/1060/1060 1116/1116/1116 959/959/959
f 981/981/981 1141/1141/1141 984/984/984
f 1040/1040/1040 1144/1144/1144 981/981/981
f 985/985/985 1142/1142/1142 986/986/986
f 1146/1146/1146 990/990/990 987/987/987
f 1065/1065/1065 1067/1067/1067 916/916/916
f 1066/1066/1066 1065/1065/1065 914/914/914
f 1146/1146/1146 1066/1066/1066 990/990/990
f 1148/1148/1148 996/996/996 992/992/992
f 1067/1067/1067 1152/1152/1152 994/994/994
f 997/997/997 917/917/917 1068/1068/1068
f 997/997/997 1069/1069/1069 917/917/917
f 1069/1069/1069 1071/1071/1071 918/918/918
f 1078/1078/1078 1076/1076/1076 923/923/923
f 1140/1140/1140 1077/1077/1077 979/979/979
f 927/927/927 1074/1074/1074 1070/1070/1070
f 999/999/999 997/997/997 1153/1153/1153
f 3717/3717/3717 3714/3714/3714 938/938/938
f 1003/1003/1003 1023/1023/1023 1158/1158/1158
f 1006/1006/1006 1005/1005/1005 1160/1160/1160
f 1085/1085/1085 933/933/933 1083/1083/1083
f 1164/1164/1164 1010/1010/1010 1087/1087/1087
f 1164/1164/1164 1091/1091/1091 1010/1010/1010
f 1169/1169/1169 1094/1094/1094 1014/1014/1014
f 1170/1170/1170 1013/1013/1013 1016/1016/1016
f 1018/1018/1018 1020/1020/1020 1173/1173/1173
f 1178/1178/1178 1027/1027/1027 1021/1021/1021
f 3731/3731/3731 3700/3700/3700 1023/1023/1023
f 3507/3507/3507 1026/1026/1026 1097/1097/1097
f 3507/3507/3507 1097/1097/1097 3503/3503/3503
f 3505/3505/3505 1026/1026/1026 3507/3507/3507
f 1098/1098/1098 1179/1179/1179 1024/1024/1024
f 1107/1107/1107 948/948/948 1106/1106/1106
f 1107/1107/1107 1108/1108/1108 950/950/950
f 1036/1036/1036 1031/1031/1031 1187/1187/1187
f 1042/1042/1042 1041/1041/1041 1193/1193/1193
f 1122/1122/1122 1119/1119/1119 963/963/963
f 1131/1131/1131 1120/1120/1120 972/972/972
f 1123/1123/1123 1199/1199/1199 1046/1046/1046
f 966/966/966 1124/1124/1124 1133/1133/1133
f 1128/1128/1128 967/967/967 1125/1125/1125
f 1055/1055/1055 1053/1053/1053 1208/1208/1208
f 1209/1209/1209 1130/1130/1130 1054/1054/1054
f 1217/1217/1217 1116/1116/1116 1060/1060/1060
f 1147/1147/1147 1064/1064/1064 995/995/995
f 981/981/981 1144/1144/1144 1141/1141/1141
f 1143/1143/1143 1146/1146/1146 987/987/987
f 1148/1148/1148 992/992/992 1151/1151/1151
f 1152/1152/1152 1150/1150/1150 994/994/994
f 1153/1153/1153 997/997/997 1068/1068/1068
f 1076/1076/1076 1078/1078/1078 1230/1230/1230
f 1231/1231/1231 1077/1077/1077 1140/1140/1140
f 1000/1000/1000 1154/1154/1154 1156/1156/1156
f 1241/1241/1241 1003/1003/1003 1158/1158/1158
f 1158/1158/1158 1023/1023/1023 3701/3701/3701
f 1158/1158/1158 3701/3701/3701 3704/3704/3704
f 1159/1159/1159 1003/1003/1003 1241/1241/1241
f 1246/1246/1246 1085/1085/1085 1083/1083/1083
f 1255/1255/1255 1091/1091/1091 1164/1164/1164
f 1256/1256/1256 1168/1168/1168 1094/1094/1094
f 1257/1257/1257 1169/1169/1169 1014/1014/1014
f 1169/1169/1169 1256/1256/1256 1094/1094/1094
f 1170/1170/1170 1016/1016/1016 1171/1171/1171
f 1176/1176/1176 1019/1019/1019 1174/1174/1174
f 1178/1178/1178 1021/1021/1021 1175/1175/1175
f 1095/1095/1095 3491/3491/3491 3501/3501/3501
f 1095/1095/1095 3501/3501/3501 1097/1097/1097
f 3503/3503/3503 1097/1097/1097 3499/3499/3499
f 1263/1263/1263 1099/1099/1099 1102/1102/1102
f 1266/1266/1266 1180/1180/1180 1100/1100/1100
f 1182/1182/1182 1268/1268/1268 1102/1102/1102
f 1269/1269/1269 1106/1106/1106 1104/1104/1104
f 1270/1270/1270 1104/1104/1104 1111/1111/1111
f 1107/1107/1107 1106/1106/1106 1269/1269/1269
f 1030/1030/1030 1184/1184/1184 1275/1275/1275
f 1186/1186/1186 1030/1030/1030 1275/1275/1275
f 1035/1035/1035 1188/1188/1188 1189/1189/1189
f 1042/1042/1042 1193/1193/1193 1283/1283/1283
f 1285/1285/1285 1119/1119/1119 1122/1122/1122
f 1131/1131/1131 1284/1284/1284 1120/1120/1120
f 1199/1199/1199 1196/1196/1196 1046/1046/1046
f 1124/1124/1124 1292/1292/1292 1133/1133/1133
f 1128/1128/1128 1125/1125/1125 1296/1296/1296
f 1208/1208/1208 1053/1053/1053 1204/1204/1204
f 1207/1207/1207 1209/1209/1209 1054/1054/1054
f 1216/1216/1216 1133/1133/1133 1305/1305/1305
f 1217/1217/1217 1280/1280/1280 1116/1116/1116
f 1313/1313/1313 1139/1139/1139 1220/1220/1220
f 1221/1221/1221 1064/1064/1064 1147/1147/1147
f 1144/1144/1144 1226/1226/1226 1141/1141/1141
f 1141/1141/1141 1226/1226/1226 1145/1145/1145
f 1148/1148/1148 1151/1151/1151 1318/1318/1318
f 1152/1152/1152 1317/1317/1317 1150/1150/1150
f 1154/1154/1154 1076/1076/1076 1230/1230/1230
f 1231/1231/1231 1229/1229/1229 1077/1077/1077
f 1154/1154/1154 1230/1230/1230 1156/1156/1156
f 1237/1237/1237 1155/1155/1155 1320/1320/1320
f 3703/3703/3703 3706/3706/3706 1158/1158/1158
f 1242/1242/1242 1159/1159/1159 1323/1323/1323
f 1324/1324/1324 1159/1159/1159 1241/1241/1241
f 1244/1244/1244 1246/1246/1246 1083/1083/1083
f 1251/1251/1251 1086/1086/1086 1249/1249/1249
f 1090/1090/1090 1254/1254/1254 1331/1331/1331
f 1336/1336/1336 1168/1168/1168 1256/1256/1256
f 1258/1258/1258 1015/1015/1015 1260/1260/1260
f 1340/1340/1340 1170/1170/1170 1171/1171/1171
f 1176/1176/1176 1174/1174/1174 1343/1343/1343
f 1344/1344/1344 1178/1178/1178 1175/1175/1175
f 3491/3491/3491 1095/1095/1095 1261/1261/1261
f 3491/3491/3491 1261/1261/1261 3487/3487/3487
f 3501/3501/3501 3498/3498/3498 1097/1097/1097
f 1264/1264/1264 1266/1266/1266 1100/1100/1100
f 1268/1268/1268 1263/1263/1263 1102/1102/1102
f 1349/1349/1349 1268/1268/1268 1182/1182/1182
f 1269/1269/1269 1104/1104/1104 1270/1270/1270
f 1270/1270/1270 1111/1111/1111 1274/1274/1274
f 1274/1274/1274 1139/1139/1139 1313/1313/1313
f 1275/1275/1275 1184/1184/1184 1351/1351/1351
f 1353/1353/1353 1186/1186/1186 1275/1275/1275
f 1189/1189/1189 1188/1188/1188 1355/1355/1355
f 1285/1285/1285 1282/1282/1282 1119/1119/1119
f 1286/1286/1286 1042/1042/1042 1283/1283/1283
f 1131/1131/1131 1361/1361/1361 1284/1284/1284
f 1200/1200/1200 1362/1362/1362 1197/1197/1197
f 1133/1133/1133 1292/1292/1292 1368/1368/1368
f 1296/1296/1296 1125/1125/1125 1371/1371/1371
f 1298/1298/1298 1372/1372/1372 1127/1127/1127
f 1208/1208/1208 1204/1204/1204 1376/1376/1376
f 1379/1379/1379 1209/1209/1209 1207/1207/1207
f 1133/1133/1133 1368/1368/1368 1305/1305/1305
f 1216/1216/1216 1305/1305/1305 1304/1304/1304
f 1389/1389/1389 1280/1280/1280 1217/1217/1217
f 1308/1308/1308 1135/1135/1135 1306/1306/1306
f 1390/1390/1390 1220/1220/1220 1312/1312/1312
f 1390/1390/1390 1313/1313/1313 1220/1220/1220
f 1222/1222/1222 1148/1148/1148 1318/1318/1318
f 1315/1315/1315 1222/1222/1222 1392/1392/1392
f 1144/1144/1144 1316/1316/1316 1226/1226/1226
f 1316/1316/1316 1224/1224/1224 1226/1226/1226
f 1319/1319/1319 1317/1317/1317 1152/1152/1152
f 1229/1229/1229 1231/1231/1231 1398/1398/1398
f 1155/1155/1155 1229/1229/1229 1398/1398/1398
f 1232/1232/1232 1237/1237/1237 1401/1401/1401
f 1402/1402/1402 1234/1234/1234 1232/1232/1232
f 1404/1404/1404 1239/1239/1239 1235/1235/1235
f 1155/1155/1155 1398/1398/1398 1320/1320/1320
f 1237/1237/1237 1320/1320/1320 1401/1401/1401
f 1322/1322/1322 1158/1158/1158 3706/3706/3706
f 1322/1322/1322 3706/3706/3706 3780/3780/3780
f 1323/1323/1323 1159/1159/1159 1324/1324/1324
f 1408/1408/1408 1242/1242/1242 1323/1323/1323
f 1408/1408/1408 1325/1325/1325 1242/1242/1242
f 1409/1409/1409 1246/1246/1246 1244/1244/1244
f 1251/1251/1251 1249/1249/1249 1417/1417/1417
f 1329/1329/1329 1089/1089/1089 1330/1330/1330
f 1422/1422/1422 1331/1331/1331 1254/1254/1254
f 1334/1334/1334 1168/1168/1168 1336/1336/1336
f 1424/1424/1424 1258/1258/1258 1260/1260/1260
f 1425/1425/1425 1338/1338/1338 1258/1258/1258
f 1340/1340/1340 1171/1171/1171 1429/1429/1429
f 1431/1431/1431 1172/1172/1172 1341/1341/1341
f 1344/1344/1344 1175/1175/1175 1342/1342/1342
f 1343/1343/1343 1174/1174/1174 1282/1282/1282
f 3487/3487/3487 1261/1261/1261 3489/3489/3489
f 1265/1265/1265 1263/1263/1263 1437/1437/1437
f 1433/1433/1433 1349/1349/1349 1182/1182/1182
f 1270/1270/1270 1274/1274/1274 1271/1271/1271
f 1274/1274/1274 1313/1313/1313 1442/1442/1442
f 1185/1185/1185 1321/1321/1321 1352/1352/1352
f 1354/1354/1354 1186/1186/1186 1353/1353/1353
f 1189/1189/1189 1355/1355/1355 1356/1356/1356
f 1343/1343/1343 1282/1282/1282 1285/1285/1285
f 1286/1286/1286 1283/1283/1283 1451/1451/1451
f 1361/1361/1361 1342/1342/1342 1284/1284/1284
f 1362/1362/1362 1410/1410/1410 1197/1197/1197
f 1365/1365/1365 1362/1362/1362 1200/1200/1200
f 1456/1456/1456 1365/1365/1365 1289/1289/1289
f 1367/1367/1367 1291/1291/1291 1458/1458/1458
f 1290/1290/1290 1293/1293/1293 1459/1459/1459
f 1461/1461/1461 1294/1294/1294 1369/1369/1369
f 1298/1298/1298 1466/1466/1466 1372/1372/1372
f 1376/1376/1376 1204/1204/1204 1374/1374/1374
f 1379/1379/1379 1207/1207/1207 1375/1375/1375
f 1304/1304/1304 1475/1475/1475 1388/1388/1388
f 1304/1304/1304 1305/1305/1305 1475/1475/1475
f 1389/1389/1389 1479/1479/1479 1280/1280/1280
f 1308/1308/1308 1306/1306/1306 1480/1480/1480
f 1482/1482/1482 1312/1312/1312 1310/1310/1310
f 1482/1482/1482 1390/1390/1390 1312/1312/1312
f 1222/1222/1222 1318/1318/1318 1392/1392/1392
f 1315/1315/1315 1392/1392/1392 1484/1484/1484
f 1358/1358/1358 1395/1395/1395 1316/1316/1316
f 1316/1316/1316 1395/1395/1395 1224/1224/1224
f 1485/1485/1485 1317/1317/1317 1319/1319/1319
f 1400/1400/1400 1315/1315/1315 1484/1484/1484
f 1232/1232/1232 1401/1401/1401 1402/1402/1402
f 1487/1487/1487 1234/1234/1234 1402/1402/1402
f 1488/1488/1488 1404/1404/1404 1235/1235/1235
f 1404/1404/1404 1405/1405/1405 1239/1239/1239
f 3780/3780/3780 3693/3693/3693 1322/1322/1322
f 1506/1506/1506 1325/1325/1325 1408/1408/1408
f 1409/1409/1409 1244/1244/1244 1410/1410/1410
f 1417/1417/1417 1249/1249/1249 1415/1415/1415
f 1419/1419/1419 1251/1251/1251 1417/1417/1417
f 1418/1418/1418 1422/1422/1422 1254/1254/1254
f 1329/1329/1329 1330/1330/1330 1510/1510/1510
f 1422/1422/1422 1511/1511/1511 1331/1331/1331
f 1514/1514/1514 1334/1334/1334 1336/1336/1336
f 1424/1424/1424 1260/1260/1260 1428/1428/1428
f 1425/1425/1425 1258/1258/1258 1424/1424/1424
f 1516/1516/1516 1338/1338/1338 1425/1425/1425
f 1522/1522/1522 1431/1431/1431 1341/1341/1341
f 1361/1361/1361 1344/1344/1344 1342/1342/1342
f 3489/3489/3489 1261/1261/1261 1434/1434/1434
f 3489/3489/3489 1434/1434/1434 3494/3494/3494
f 1524/1524/1524 1435/1435/1435 1346/1346/1346
f 1516/1516/1516 1267/1267/1267 1438/1438/1438
f 1441/1441/1441 1525/1525/1525 1348/1348/1348
f 1529/1529/1529 1349/1349/1349 1433/1433/1433
f 1274/1274/1274 1442/1442/1442 1271/1271/1271
f 1352/1352/1352 1321/1321/1321 1495/1495/1495
f 1533/1533/1533 1354/1354/1354 1353/1353/1353
f 1356/1356/1356 1355/1355/1355 1534/1534/1534
f 1447/1447/1447 1356/1356/1356 1535/1535/1535
f 1279/1279/1279 1478/1478/1478 1449/1449/1449
f 1452/1452/1452 1286/1286/1286 1451/1451/1451
f 1362/1362/1362 1409/1409/1409 1410/1410/1410
f 1365/1365/1365 1539/1539/1539 1362/1362/1362
f 1456/1456/1456 1540/1540/1540 1365/1365/1365
f 1457/1457/1457 1290/1290/1290 1459/1459/1459
f 1542/1542/1542 1367/1367/1367 1458/1458/1458
f 1459/1459/1459 1293/1293/1293 1460/1460/1460
f 1461/1461/1461 1369/1369/1369 1544/1544/1544
f 1466/1466/1466 1546/1546/1546 1372/1372/1372
f 1376/1376/1376 1374/1374/1374 1552/1552/1552
f 1554/1554/1554 1379/1379/1379 1375/1375/1375
f 1388/1388/1388 1475/1475/1475 1570/1570/1570
f 1476/1476/1476 1367/1367/1367 1542/1542/1542
f 1481/1481/1481 1482/1482/1482 1310/1310/1310
f 1306/1306/1306 1572/1572/1572 1480/1480/1480
f 1573/1573/1573 1307/1307/1307 1445/1445/1445
f 1485/1485/1485 1391/1391/1391 1317/1317/1317
f 1358/1358/1358 1536/1536/1536 1395/1395/1395
f 1536/1536/1536 1393/1393/1393 1395/1395/1395
f 1400/1400/1400 1484/1484/1484 1584/1584/1584
f 1587/1587/1587 1489/1489/1489 1403/1403/1403
f 1588/1588/1588 1404/1404/1404 1488/1488/1488
f 1590/1590/1590 1405/1405/1405 1404/1404/1404
f 1496/1496/1496 1322/1322/1322 3693/3693/3693
f 1496/1496/1496 3693/3693/3693 3695/3695/3695
f 1506/1506/1506 1503/1503/1503 1325/1325/1325
f 1417/1417/1417 1415/1415/1415 1600/1600/1600
f 1414/1414/1414 1507/1507/1507 1601/1601/1601
f 1419/1419/1419 1417/1417/1417 1604/1604/1604
f 1605/1605/1605 1422/1422/1422 1418/1418/1418
f 1609/1609/1609 1511/1511/1511 1422/1422/1422
f 1513/1513/1513 1334/1334/1334 1514/1514/1514
f 1611/1611/1611 1424/1424/1424 1428/1428/1428
f 1516/1516/1516 1438/1438/1438 1338/1338/1338
f 1518/1518/1518 1610/1610/1610 1427/1427/1427
f 1518/1518/1518 1430/1430/1430 1614/1614/1614
f 1615/1615/1615 1431/1431/1431 1522/1522/1522
f 3493/3493/3493 1434/1434/1434 3496/3496/3496
f 1434/1434/1434 3656/3656/3656 3496/3496/3496
f 1619/1619/1619 1435/1435/1435 1524/1524/1524
f 1527/1527/1527 1267/1267/1267 1516/1516/1516
f 1528/1528/1528 1621/1621/1621 1441/1441/1441
f 1621/1621/1621 1525/1525/1525 1441/1441/1441
f 1617/1617/1617 1529/1529/1529 1433/1433/1433
f 1352/1352/1352 1495/1495/1495 1532/1532/1532
f 1354/1354/1354 1533/1533/1533 1624/1624/1624
f 1535/1535/1535 1356/1356/1356 1534/1534/1534
f 1534/1534/1534 1355/1355/1355 1625/1625/1625
f 1631/1631/1631 1447/1447/1447 1535/1535/1535
f 1478/1478/1478 1634/1634/1634 1449/1449/1449
f 1452/1452/1452 1451/1451/1451 1637/1637/1637
f 1643/1643/1643 1539/1539/1539 1365/1365/1365
f 1540/1540/1540 1643/1643/1643 1365/1365/1365
f 1642/1642/1642 1540/1540/1540 1456/1456/1456
f 1544/1544/1544 1369/1369/1369 1504/1504/1504
f 1457/1457/1457 1459/1459/1459 1644/1644/1644
f 1541/1541/1541 1457/1457/1457 1646/1646/1646
f 1459/1459/1459 1460/1460/1460 1648/1648/1648
f 1650/1650/1650 1460/1460/1460 1543/1543/1543
f 1654/1654/1654 1468/1468/1468 1463/1463/1463
f 1466/1466/1466 1658/1658/1658 1546/1546/1546
f 1470/1470/1470 1468/1468/1468 1659/1659/1659
f 1548/1548/1548 1660/1660/1660 1374/1374/1374
f 1552/1552/1552 1374/1374/1374 1660/1660/1660
f 1554/1554/1554 1375/1375/1375 1551/1551/1551
f 1557/1557/1557 1470/1470/1470 1662/1662/1662
f 1561/1561/1561 1380/1380/1380 1559/1559/1559
f 1388/1388/1388 1570/1570/1570 1569/1569/1569
f 1668/1668/1668 1476/1476/1476 1542/1542/1542
f 1671/1671/1671 1482/1482/1482 1481/1481/1481
f 1627/1627/1627 1573/1573/1573 1445/1445/1445
f 1485/1485/1485 1575/1575/1575 1391/1391/1391
f 1536/1536/1536 1577/1577/1577 1393/1393/1393
f 1582/1582/1582 1491/1491/1491 1399/1399/1399
f 1403/1403/1403 1586/1586/1586 1587/1587/1587
f 1679/1679/1679 1489/1489/1489 1587/1587/1587
f 1679/1679/1679 1589/1589/1589 1489/1489/1489
f 1590/1590/1590 1592/1592/1592 1405/1405/1405
f 1680/1680/1680 1492/1492/1492 1490/1490/1490
f 1682/1682/1682 1586/1586/1586 1494/1494/1494
f 3695/3695/3695 3698/3698/3698 1496/1496/1496
f 1687/1687/1687 1500/1500/1500 1498/1498/1498
f 1688/1688/1688 1498/1498/1498 1502/1502/1502
f 1690/1690/1690 1596/1596/1596 1500/1500/1500
f 1543/1543/1543 1503/1503/1503 1506/1506/1506
f 1507/1507/1507 1598/1598/1598 1695/1695/1695
f 1600/1600/1600 1415/1415/1415 1696/1696/1696
f 1507/1507/1507 1695/1695/1695 1601/1601/1601
f 1415/1415/1415 1602/1602/1602 1696/1696/1696
f 1603/1603/1603 1605/1605/1605 1418/1418/1418
f 1509/1509/1509 1608/1608/1608 1697/1697/1697
f 1699/1699/1699 1513/1513/1513 1514/1514/1514
f 1527/1527/1527 1516/1516/1516 1613/1613/1613
f 1702/1702/1702 1610/1610/1610 1518/1518/1518
f 1702/1702/1702 1518/1518/1518 1614/1614/1614
f 1521/1521/1521 1519/1519/1519 1703/1703/1703
f 1519/1519/1519 1606/1606/1606 1704/1704/1704
f 1705/1705/1705 1614/1614/1614 1521/1521/1521
f 3656/3656/3656 1434/1434/1434 1618/1618/1618
f 3656/3656/3656 1618/1618/1618 3659/3659/3659
f 1620/1620/1620 1618/1618/1618 1436/1436/1436
f 1710/1710/1710 1621/1621/1621 1528/1528/1528
f 1621/1621/1621 1707/1707/1707 1525/1525/1525
f 1701/1701/1701 1529/1529/1529 1617/1617/1617
f 1532/1532/1532 1495/1495/1495 1685/1685/1685
f 1534/1534/1534 1625/1625/1625 1717/1717/1717
f 1632/1632/1632 1629/1629/1629 1448/1448/1448
f 1633/1633/1633 1577/1577/1577 1536/1536/1536
f 1669/1669/1669 1634/1634/1634 1478/1478/1478
f 1719/1719/1719 1453/1453/1453 1638/1638/1638
f 1720/1720/1720 1640/1640/1640 1454/1454/1454
f 1642/1642/1642 1727/1727/1727 1540/1540/1540
f 1646/1646/1646 1457/1457/1457 1644/1644/1644
f 1728/1728/1728 1541/1541/1541 1646/1646/1646
f 1648/1648/1648 1460/1460/1460 1650/1650/1650
f 1650/1650/1650 1543/1543/1543 1693/1693/1693
f 1654/1654/1654 1463/1463/1463 1653/1653/1653
f 1468/1468/1468 1654/1654/1654 1659/1659/1659
f 1658/1658/1658 1733/1733/1733 1546/1546/1546
f 1470/1470/1470 1659/1659/1659 1662/1662/1662
f 1735/1735/1735 1661/1661/1661 1549/1549/1549
f 1738/1738/1738 1553/1553/1553 1550/1550/1550
f 1739/1739/1739 1559/1559/1559 1553/1553/1553
f 1557/1557/1557 1662/1662/1662 1742/1742/1742
f 1744/1744/1744 1561/1561/1561 1559/1559/1559
f 1569/1569/1569 1570/1570/1570 1759/1759/1759
f 1668/1668/1668 1665/1665/1665 1476/1476/1476
f 1728/1728/1728 1667/1667/1667 1541/1541/1541
f 1673/1673/1673 1671/1671/1671 1481/1481/1481
f 1572/1572/1572 1626/1626/1626 1672/1672/1672
f 1676/1676/1676 1575/1575/1575 1485/1485/1485
f 1676/1676/1676 1674/1674/1674 1575/1575/1575
f 1764/1764/1764 1579/1579/1579 1577/1577/1577
f 1765/1765/1765 1677/1677/1677 1579/1579/1579
f 1680/1680/1680 1490/1490/1490 1581/1581/1581
f 1769/1769/1769 1587/1587/1587 1586/1586/1586
f 1773/1773/1773 1589/1589/1589 1679/1679/1679
f 1776/1776/1776 1592/1592/1592 1590/1590/1590
f 1681/1681/1681 1492/1492/1492 1680/1680/1680
f 1769/1769/1769 1586/1586/1586 1682/1682/1682
f 1686/1686/1686 1496/1496/1496 3697/3697/3697
f 1686/1686/1686 3697/3697/3697 3782/3782/3782
f 1687/1687/1687 1498/1498/1498 1688/1688/1688
f 1690/1690/1690 1500/1500/1500 1687/1687/1687
f 1688/1688/1688 1502/1502/1502 1692/1692/1692
f 1782/1782/1782 1596/1596/1596 1690/1690/1690
f 1693/1693/1693 1543/1543/1543 1506/1506/1506
f 1782/1782/1782 1694/1694/1694 1596/1596/1596
f 1598/1598/1598 1785/1785/1785 1695/1695/1695
f 1696/1696/1696 1602/1602/1602 1791/1791/1791
f 1793/1793/1793 1605/1605/1605 1603/1603/1603
f 1606/1606/1606 1697/1697/1697 1797/1797/1797
f 1697/1697/1697 1608/1608/1608 1798/1798/1798
f 1636/1636/1636 1513/1513/1513 1699/1699/1699
f 1709/1709/1709 1527/1527/1527 1613/1613/1613
f 1803/1803/1803 1610/1610/1610 1702/1702/1702
f 1703/1703/1703 1519/1519/1519 1704/1704/1704
f 1705/1705/1705 1521/1521/1521 1703/1703/1703
f 1704/1704/1704 1606/1606/1606 1797/1797/1797
f 3658/3658/3658 1618/1618/1618 3668/3668/3668
f 1620/1620/1620 1806/1806/1806 1618/1618/1618
f 1811/1811/1811 1707/1707/1707 1621/1621/1621
f 1749/1749/1749 1701/1701/1701 1617/1617/1617
f 1531/1531/1531 1683/1683/1683 1712/1712/1712
f 1625/1625/1625 1715/1715/1715 1814/1814/1814
f 1717/1717/1717 1625/1625/1625 1814/1814/1814
f 1626/1626/1626 1628/1628/1628 1815/1815/1815
f 1632/1632/1632 1819/1819/1819 1629/1629/1629
f 1633/1633/1633 1764/1764/1764 1577/1577/1577
f 1669/1669/1669 1824/1824/1824 1634/1634/1634
f 1638/1638/1638 1636/1636/1636 1826/1826/1826
f 1719/1719/1719 1638/1638/1638 1827/1827/1827
f 1828/1828/1828 1639/1639/1639 1719/1719/1719
f 1725/1725/1725 1832/1832/1832 1642/1642/1642
f 1832/1832/1832 1727/1727/1727 1642/1642/1642
f 1647/1647/1647 1645/1645/1645 1833/1833/1833
f 1645/1645/1645 1649/1649/1649 1834/1834/1834
f 1729/1729/1729 1647/1647/1647 1835/1835/1835
f 1649/1649/1649 1651/1651/1651 1836/1836/1836
f 1837/1837/1837 1651/1651/1651 1694/1694/1694
f 1653/1653/1653 1656/1656/1656 1838/1838/1838
f 1654/1654/1654 1653/1653/1653 1839/1839/1839
f 1730/1730/1730 1545/1545/1545 1732/1732/1732
f 1656/1656/1656 1731/1731/1731 1842/1842/1842
f 1658/1658/1658 1844/1844/1844 1733/1733/1733
f 1735/1735/1735 1850/1850/1850 1661/1661/1661
f 1735/1735/1735 1549/1549/1549 1848/1848/1848
f 1737/1737/1737 1660/1660/1660 1849/1849/1849
f 1738/1738/1738 1550/1550/1550 1736/1736/1736
f 1738/1738/1738 1739/1739/1739 1553/1553/1553
f 1744/1744/1744 1559/1559/1559 1739/1739/1739
f 1741/1741/1741 1557/1557/1557 1742/1742/1742
f 1745/1745/1745 1560/1560/1560 1743/1743/1743
f 1569/1569/1569 1759/1759/1759 1757/1757/1757
f 1760/1760/1760 1665/1665/1665 1858/1858/1858
f 1858/1858/1858 1665/1665/1665 1668/1668/1668
f 1859/1859/1859 1667/1667/1667 1728/1728/1728
f 1864/1864/1864 1671/1671/1671 1673/1673/1673
f 1672/1672/1672 1626/1626/1626 1865/1865/1865
f 1867/1867/1867 1674/1674/1674 1676/1676/1676
f 1764/1764/1764 1765/1765/1765 1579/1579/1579
f 1765/1765/1765 1868/1868/1868 1677/1677/1677
f 1870/1870/1870 1680/1680/1680 1581/1581/1581
f 1871/1871/1871 1583/1583/1583 1767/1767/1767
f 1771/1771/1771 1875/1875/1875 1588/1588/1588
f 1777/1777/1777 1591/1591/1591 1775/1775/1775
f 1876/1876/1876 1681/1681/1681 1680/1680/1680
f 1684/1684/1684 1777/1777/1777 1880/1880/1880
f 3782/3782/3782 3680/3680/3680 1686/1686/1686
f 1790/1790/1790 1687/1687/1687 1688/1688/1688
f 1882/1882/1882 1688/1688/1688 1692/1692/1692
f 1837/1837/1837 1694/1694/1694 1782/1782/1782
f 1598/1598/1598 1783/1783/1783 1785/1785/1785
f 1793/1793/1793 1603/1603/1603 1787/1787/1787
f 1601/1601/1601 1789/1789/1789 1790/1790/1790
f 1608/1608/1608 1795/1795/1795 1798/1798/1798
f 1797/1797/1797 1697/1697/1697 1888/1888/1888
f 1697/1697/1697 1798/1798/1798 1889/1889/1889
f 1826/1826/1826 1636/1636/1636 1699/1699/1699
f 1799/1799/1799 1610/1610/1610 1803/1803/1803
f 1709/1709/1709 1613/1613/1613 1802/1802/1802
f 3636/3636/3636 3633/3633/3633 1703/1703/1703
f 3636/3636/3636 1703/1703/1703 1704/1704/1704
f 3644/3644/3644 3646/3646/3646 1704/1704/1704
f 3644/3644/3644 1704/1704/1704 1797/1797/1797
f 3668/3668/3668 1618/1618/1618 1806/1806/1806
f 3668/3668/3668 1806/1806/1806 3670/3670/3670
f 1809/1809/1809 1806/1806/1806 1620/1620/1620
f 1810/1810/1810 1708/1708/1708 1898/1898/1898
f 1811/1811/1811 1897/1897/1897 1707/1707/1707
f 1891/1891/1891 1701/1701/1701 1749/1749/1749
f 1712/1712/1712 1683/1683/1683 1879/1879/1879
f 1814/1814/1814 1715/1715/1715 1773/1773/1773
f 1816/1816/1816 1630/1630/1630 1820/1820/1820
f 1626/1626/1626 1815/1815/1815 1865/1865/1865
f 1818/1818/1818 1631/1631/1631 1821/1821/1821
f 1863/1863/1863 1825/1825/1825 1670/1670/1670
f 1827/1827/1827 1638/1638/1638 1826/1826/1826
f 1829/1829/1829 1831/1831/1831 1640/1640/1640
f 1721/1721/1721 1909/1909/1909 1723/1723/1723
f 1830/1830/1830 1911/1911/1911 1721/1721/1721
f 1725/1725/1725 1910/1910/1910 1832/1832/1832
f 1833/1833/1833 1645/1645/1645 1834/1834/1834
f 1835/1835/1835 1647/1647/1647 1833/1833/1833
f 1834/1834/1834 1649/1649/1649 1836/1836/1836
f 1918/1918/1918 1729/1729/1729 1835/1835/1835
f 1836/1836/1836 1651/1651/1651 1837/1837/1837
f 1656/1656/1656 1842/1842/1842 1838/1838/1838
f 1653/1653/1653 1838/1838/1838 1839/1839/1839
f 1730/1730/1730 1732/1732/1732 1817/1817/1817
f 1731/1731/1731 1821/1821/1821 1842/1842/1842
f 1844/1844/1844 1820/1820/1820 1733/1733/1733
f 1926/1926/1926 1735/1735/1735 1848/1848/1848
f 1737/1737/1737 1849/1849/1849 1928/1928/1928
f 1923/1923/1923 1738/1738/1738 1736/1736/1736
f 1741/1741/1741 1742/1742/1742 1935/1935/1935
f 1938/1938/1938 1745/1745/1745 1743/1743/1743
f 1940/1940/1940 1749/1749/1749 1747/1747/1747
f 1855/1855/1855 1940/1940/1940 1747/1747/1747
f 1752/1752/1752 1942/1942/1942 1754/1754/1754
f 1946/1946/1946 1855/1855/1855 1754/1754/1754
f 1757/1757/1757 1759/1759/1759 1950/1950/1950
f 1957/1957/1957 1760/1760/1760 1858/1858/1858
f 1859/1859/1859 1857/1857/1857 1667/1667/1667
f 1918/1918/1918 1860/1860/1860 1729/1729/1729
f 1866/1866/1866 1864/1864/1864 1673/1673/1673
f 1872/1872/1872 1674/1674/1674 1867/1867/1867
f 1869/1869/1869 1867/1867/1867 1678/1678/1678
f 1964/1964/1964 1869/1869/1869 1766/1766/1766
f 1871/1871/1871 1767/1767/1767 1967/1967/1967
f 1771/1771/1771 1971/1971/1971 1875/1875/1875
f 1777/1777/1777 1775/1775/1775 1977/1977/1977
f 1877/1877/1877 1681/1681/1681 1876/1876/1876
f 1880/1880/1880 1777/1777/1777 1977/1977/1977
f 1881/1881/1881 1686/1686/1686 3680/3680/3680
f 1881/1881/1881 3680/3680/3680 3683/3683/3683
f 1791/1791/1791 1689/1689/1689 1883/1883/1883
f 1790/1790/1790 1789/1789/1789 1687/1687/1687
f 1882/1882/1882 1692/1692/1692 1886/1886/1886
f 1982/1982/1982 1886/1886/1886 1781/1781/1781
f 1783/1783/1783 1912/1912/1912 1785/1785/1785
f 1794/1794/1794 1788/1788/1788 1985/1985/1985
f 1887/1887/1887 1791/1791/1791 1883/1883/1883
f 1795/1795/1795 1792/1792/1792 1986/1986/1986
f 1795/1795/1795 1986/1986/1986 1798/1798/1798
f 3619/3619/3619 3641/3641/3641 1797/1797/1797
f 3619/3619/3619 1797/1797/1797 1888/1888/1888
f 1697/1697/1697 1889/1889/1889 1888/1888/1888
f 1989/1989/1989 1799/1799/1799 1803/1803/1803
f 1801/1801/1801 1799/1799/1799 1989/1989/1989
f 1708/1708/1708 1801/1801/1801 1898/1898/1898
f 3646/3646/3646 3636/3636/3636 1704/1704/1704
f 1893/1893/1893 1703/1703/1703 3634/3634/3634
f 1893/1893/1893 3634/3634/3634 3631/3631/3631
f 3643/3643/3643 1797/1797/1797 3641/3641/3641
f 3670/3670/3670 1806/1806/1806 3672/3672/3672
f 1809/1809/1809 1994/1994/1994 1806/1806/1806
f 1808/1808/1808 1896/1896/1896 1993/1993/1993
f 1810/1810/1810 1898/1898/1898 1991/1991/1991
f 1896/1896/1896 1810/1810/1810 1991/1991/1991
f 1940/1940/1940 1891/1891/1891 1749/1749/1749
f 1712/1712/1712 1879/1879/1879 1900/1900/1900
f 1714/1714/1714 1902/1902/1902 1972/1972/1972
f 1996/1996/1996 1903/1903/1903 1813/1813/1813
f 1714/1714/1714 1972/1972/1972 1772/1772/1772
f 1997/1997/1997 1816/1816/1816 1820/1820/1820
f 1731/1731/1731 1818/1818/1818 1821/1821/1821
f 1863/1863/1863 2003/2003/2003 1825/1825/1825
f 2006/2006/2006 1831/1831/1831 1829/1829/1829
f 1911/1911/1911 1909/1909/1909 1721/1721/1721
f 2010/2010/2010 1911/1911/1911 1830/1830/1830
f 1832/1832/1832 1910/1910/1910 2013/2013/2013
f 2024/2024/2024 1845/1845/1845 1840/1840/1840
f 1997/1997/1997 1820/1820/1820 1844/1844/1844
f 2027/2027/2027 1851/1851/1851 1845/1845/1845
f 1921/1921/1921 1741/1741/1741 1935/1935/1935
f 1924/1924/1924 1929/1929/1929 1850/1850/1850
f 1926/1926/1926 1848/1848/1848 2030/2030/2030
f 1927/1927/1927 1923/1923/1923 1736/1736/1736
f 1930/1930/1930 1738/1738/1738 1923/1923/1923
f 1938/1938/1938 1743/1743/1743 1932/1932/1932
f 2031/2031/2031 1936/1936/1936 1851/1851/1851
f 2033/2033/2033 1940/1940/1940 1855/1855/1855
f 1944/1944/1944 1942/1942/1942 1752/1752/1752
f 1942/1942/1942 1946/1946/1946 1754/1754/1754
f 1946/1946/1946 2033/2033/2033 1855/1855/1855
f 1757/1757/1757 1950/1950/1950 2037/2037/2037
f 1955/1955/1955 1760/1760/1760 1957/1957/1957
f 2040/2040/2040 1857/1857/1857 1859/1859/1859
f 2042/2042/2042 1861/1861/1861 1919/1919/1919
f 1958/1958/1958 2043/2043/2043 1862/1862/1862
f 2045/2045/2045 1864/1864/1864 1866/1866/1866
f 2046/2046/2046 1872/1872/1872 1867/1867/1867
f 1960/1960/1960 1962/1962/1962 1765/1765/1765
f 1869/1869/1869 2046/2046/2046 1867/1867/1867
f 2048/2048/2048 1869/1869/1869 1964/1964/1964
f 1967/1967/1967 1767/1767/1767 1965/1965/1965
f 1967/1967/1967 2050/2050/2050 1871/1871/1871
f 1977/1977/1977 1775/1775/1775 1975/1975/1975
f 2057/2057/2057 1877/1877/1877 1876/1876/1876
f 3682/3682/3682 3685/3685/3685 1881/1881/1881
f 1981/1981/1981 1780/1780/1780 1979/1979/1979
f 2064/2064/2064 1882/1882/1882 1886/1886/1886
f 1886/1886/1886 1982/1982/1982 2068/2068/2068
f 1785/1785/1785 1912/1912/1912 1980/1980/1980
f 1984/1984/1984 1887/1887/1887 2065/2065/2065
f 1794/1794/1794 1985/1985/1985 1987/1987/1987
f 1887/1887/1887 1883/1883/1883 2065/2065/2065
f 3619/3619/3619 1888/1888/1888 3617/3617/3617
f 1898/1898/1898 1801/1801/1801 1989/1989/1989
f 3631/3631/3631 3626/3626/3626 1893/1893/1893
f 3629/3629/3629 3664/3664/3664 1894/1894/1894
f 3629/3629/3629 1894/1894/1894 1893/1893/1893
f 3661/3661/3661 3666/3666/3666 1992/1992/1992
f 3661/3661/3661 1992/1992/1992 1894/1894/1894
f 3672/3672/3672 1806/1806/1806 1994/1994/1994
f 3672/3672/3672 1994/1994/1994 3678/3678/3678
f 1993/1993/1993 1896/1896/1896 2073/2073/2073
f 1896/1896/1896 1991/1991/1991 1990/1990/1990
f 1900/1900/1900 1879/1879/1879 2060/2060/2060
f 1903/1903/1903 2077/2077/2077 1973/1973/1973
f 2080/2080/2080 1903/1903/1903 1996/1996/1996
f 1997/1997/1997 1999/1999/1999 1816/1816/1816
f 2044/2044/2044 1865/1865/1865 1998/1998/1998
f 2003/2003/2003 2001/2001/2001 1825/1825/1825
f 1961/1961/1961 1823/1823/1823 2085/2085/2085
f 2043/2043/2043 2002/2002/2002 1862/1862/1862
f 2008/2008/2008 2006/2006/2006 1829/1829/1829
f 2006/2006/2006 2011/2011/2011 1831/1831/1831
f 1910/1910/1910 2089/2089/2089 2013/2013/2013
f 1912/1912/1912 1914/1914/1914 2018/2018/2018
f 1916/1916/1916 2091/2091/2091 1914/1914/1914
f 1916/1916/1916 2012/2012/2012 2091/2091/2091
f 2093/2093/2093 1840/1840/1840 2021/2021/2021
f 2024/2024/2024 1840/1840/1840 2093/2093/2093
f 2027/2027/2027 1845/1845/1845 2024/2024/2024
f 2026/2026/2026 1997/1997/1997 1844/1844/1844
f 2031/2031/2031 1851/1851/1851 2027/2027/2027
f 1921/1921/1921 1935/1935/1935 2099/2099/2099
f 1930/1930/1930 1923/1923/1923 1925/1925/1925
f 1931/1931/1931 1926/1926/1926 2030/2030/2030
f 1934/1934/1934 1931/1931/1931 2030/2030/2030
f 2102/2102/2102 1938/1938/1938 1932/1932/1932
f 2105/2105/2105 1936/1936/1936 2031/2031/2031
f 1944/1944/1944 2110/2110/2110 1942/1942/1942
f 2112/2112/2112 1945/1945/1945 2035/2035/2035
f 2117/2117/2117 1952/1952/1952 1948/1948/1948
f 2039/2039/2039 1951/1951/1951 2121/2121/2121
f 2122/2122/2122 1958/1958/1958 1952/1952/1952
f 2124/2124/2124 1955/1955/1955 1957/1957/1957
f 2041/2041/2041 1861/1861/1861 2042/2042/2042
f 1919/1919/1919 2128/2128/2128 2042/2042/2042
f 2129/2129/2129 2043/2043/2043 1958/1958/1958
f 2046/2046/2046 2052/2052/2052 1872/1872/1872
f 1961/1961/1961 2130/2130/2130 1963/1963/1963
f 2048/2048/2048 2046/2046/2046 1869/1869/1869
f 2047/2047/2047 1963/1963/1963 2130/2130/2130
f 2131/2131/2131 1967/1967/1967 1965/1965/1965
f 2051/2051/2051 2131/2131/2131 1965/1965/1965
f 2130/2130/2130 2050/2050/2050 1967/1967/1967
f 1970/1970/1970 2076/2076/2076 2054/2054/2054
f 1977/1977/1977 1975/1975/1975 2136/2136/2136
f 2059/2059/2059 1878/1878/1878 2058/2058/2058
f 2062/2062/2062 1881/1881/1881 3686/3686/3686
f 2062/2062/2062 3686/3686/3686 3688/3688/3688
f 2067/2067/2067 1981/1981/1981 1979/1979/1979
f 2064/2064/2064 1886/1886/1886 2141/2141/2141
f 2141/2141/2141 1886/1886/1886 2068/2068/2068
f 1912/1912/1912 2018/2018/2018 1980/1980/1980
f 2144/2144/2144 1983/1983/1983 2063/2063/2063
f 1987/1987/1987 1985/1985/1985 2143/2143/2143
f 3615/3615/3615 3617/3617/3617 1888/1888/1888
f 3615/3615/3615 1888/1888/1888 2069/2069/2069
f 2070/2070/2070 1988/1988/1988 2066/2066/2066
f 3628/3628/3628 1893/1893/1893 3626/3626/3626
f 3661/3661/3661 1894/1894/1894 3663/3663/3663
f 3653/3653/3653 1992/1992/1992 3666/3666/3666
f 3677/3677/3677 1993/1993/1993 3674/3674/3674
f 2073/2073/2073 3651/3651/3651 3675/3675/3675
f 2073/2073/2073 3675/3675/3675 1993/1993/1993
f 2073/2073/2073 1896/1896/1896 1990/1990/1990
f 1900/1900/1900 2060/2060/2060 2074/2074/2074
f 1903/1903/1903 2080/2080/2080 2077/2077/2077
f 2145/2145/2145 2079/2079/2079 1995/1995/1995
f 2146/2146/2146 1999/1999/1999 1997/1997/1997
f 2044/2044/2044 1998/1998/1998 2147/2147/2147
f 2003/2003/2003 2152/2152/2152 2001/2001/2001
f 1961/1961/1961 2085/2085/2085 2050/2050/2050
f 2043/2043/2043 2153/2153/2153 2002/2002/2002
f 2156/2156/2156 2006/2006/2006 2008/2008/2008
f 2159/2159/2159 2011/2011/2011 2006/2006/2006
f 2088/2088/2088 2163/2163/2163 2012/2012/2012
f 1914/1914/1914 2164/2164/2164 2018/2018/2018
f 1914/1914/1914 2091/2091/2091 2164/2164/2164
f 2012/2012/2012 2165/2165/2165 2091/2091/2091
f 2127/2127/2127 1918/1918/1918 2092/2092/2092
f 2094/2094/2094 2023/2023/2023 2174/2174/2174
f 2026/2026/2026 2146/2146/2146 1997/1997/1997
f 2097/2097/2097 1921/1921/1921 2099/2099/2099
f 2184/2184/2184 2028/2028/2028 2100/2100/2100
f 1932/1932/1932 2028/2028/2028 2184/2184/2184
f 2184/2184/2184 2102/2102/2102 1932/1932/1932
f 2185/2185/2185 1936/1936/1936 2105/2105/2105
f 2191/2191/2191 2035/2035/2035 2109/2109/2109
f 2192/2192/2192 2110/2110/2110 1944/1944/1944
f 2112/2112/2112 2193/2193/2193 1945/1945/1945
f 2191/2191/2191 2112/2112/2112 2035/2035/2035
f 2115/2115/2115 2117/2117/2117 1948/1948/1948
f 2117/2117/2117 2122/2122/2122 1952/1952/1952
f 2123/2123/2123 2118/2118/2118 1954/1954/1954
f 1950/1950/1950 2119/2119/2119 2120/2120/2120
f 2196/2196/2196 2039/2039/2039 2121/2121/2121
f 2122/2122/2122 2129/2129/2129 1958/1958/1958
f 2203/2203/2203 2052/2052/2052 2046/2046/2046
f 2130/2130/2130 1961/1961/1961 2050/2050/2050
f 2047/2047/2047 2130/2130/2130 2131/2131/2131
f 2202/2202/2202 2131/2131/2131 2051/2051/2051
f 2078/2078/2078 2205/2205/2205 2056/2056/2056
f 2133/2133/2133 2136/2136/2136 1975/1975/1975
f 2204/2204/2204 2135/2135/2135 2055/2055/2055
f 2207/2207/2207 2059/2059/2059 2058/2058/2058
f 3688/3688/3688 3691/3691/3691 2062/2062/2062
f 2067/2067/2067 1979/1979/1979 2139/2139/2139
f 2144/2144/2144 2063/2063/2063 2140/2140/2140
f 1988/1988/1988 2140/2140/2140 2066/2066/2066
f 2142/2142/2142 1983/1983/1983 2144/2144/2144
f 1986/1986/1986 2142/2142/2142 2144/2144/2144
f 1988/1988/1988 2144/2144/2144 2140/2140/2140
f 3615/3615/3615 2069/2069/2069 3623/3623/3623
f 2071/2071/2071 2067/2067/2067 2214/2214/2214
f 1992/1992/1992 3654/3654/3654 3649/3649/3649
f 1992/1992/1992 3649/3649/3649 2073/2073/2073
f 3651/3651/3651 2073/2073/2073 3648/3648/3648
f 2075/2075/2075 2061/2061/2061 2209/2209/2209
f 2219/2219/2219 2079/2079/2079 2145/2145/2145
f 2148/2148/2148 1999/1999/1999 2146/2146/2146
f 2181/2181/2181 2044/2044/2044 2147/2147/2147
f 2150/2150/2150 2149/2149/2149 2000/2000/2000
f 2153/2153/2153 2151/2151/2151 2002/2002/2002
f 2161/2161/2161 2157/2157/2157 2009/2009/2009
f 2158/2158/2158 2162/2162/2162 2010/2010/2010
f 2088/2088/2088 2225/2225/2225 2163/2163/2163
f 2012/2012/2012 2163/2163/2163 2165/2165/2165
f 2228/2228/2228 2127/2127/2127 2092/2092/2092
f 2174/2174/2174 2023/2023/2023 2172/2172/2172
f 2094/2094/2094 2174/2174/2174 2230/2230/2230
f 2176/2176/2176 2093/2093/2093 2229/2229/2229
f 2026/2026/2026 2232/2232/2232 2146/2146/2146
f 2095/2095/2095 2098/2098/2098 2233/2233/2233
f 2235/2235/2235 2100/2100/2100 2095/2095/2095
f 2238/2238/2238 2184/2184/2184 2100/2100/2100
f 2245/2245/2245 2186/2186/2186 2104/2104/2104
f 2249/2249/2249 2109/2109/2109 2190/2190/2190
f 2249/2249/2249 2191/2191/2191 2109/2109/2109
f 2254/2254/2254 2193/2193/2193 2112/2112/2112
f 2261/2261/2261 2117/2117/2117 2115/2115/2115
f 2264/2264/2264 2118/2118/2118 2123/2123/2123
f 2120/2120/2120 2119/2119/2119 2268/2268/2268
f 2256/2256/2256 2036/2036/2036 2195/2195/2195
f 2274/2274/2274 2123/2123/2123 2125/2125/2125
f 2199/2199/2199 2127/2127/2127 2228/2228/2228
f 2047/2047/2047 2131/2131/2131 2202/2202/2202
f 2206/2206/2206 2057/2057/2057 2149/2149/2149
f 2218/2218/2218 2205/2205/2205 2078/2078/2078
f 2282/2282/2282 2136/2136/2136 2133/2133/2133
f 2283/2283/2283 2135/2135/2135 2204/2204/2204
f 2210/2210/2210 2062/2062/2062 3690/3690/3690
f 2210/2210/2210 3690/3690/3690 3638/3638/3638
f 2214/2214/2214 2067/2067/2067 2139/2139/2139
f 2213/2213/2213 2138/2138/2138 2211/2211/2211
f 3613/3613/3613 3624/3624/3624 2069/2069/2069
f 3613/3613/3613 2069/2069/2069 2212/2212/2212
f 2212/2212/2212 2070/2070/2070 2213/2213/2213
f 2075/2075/2075 2209/2209/2209 2216/2216/2216
f 2220/2220/2220 2217/2217/2217 2080/2080/2080
f 2232/2232/2232 2148/2148/2148 2146/2146/2146
f 2181/2181/2181 2147/2147/2147 2285/2285/2285
f 2150/2150/2150 2206/2206/2206 2149/2149/2149
f 2153/2153/2153 2288/2288/2288 2151/2151/2151
f 2290/2290/2290 2157/2157/2157 2161/2161/2161
f 2158/2158/2158 2293/2293/2293 2162/2162/2162
f 2225/2225/2225 2300/2300/2300 2163/2163/2163
f 2170/2170/2170 2305/2305/2305 2173/2173/2173
f 2311/2311/2311 2176/2176/2176 2229/2229/2229
f 2179/2179/2179 2177/2177/2177 2313/2313/2313
f 2182/2182/2182 2286/2286/2286 2231/2231/2231
f 2235/2235/2235 2095/2095/2095 2233/2233/2233
f 2234/2234/2234 2099/2099/2099 2237/2237/2237
f 2235/2235/2235 2238/2238/2238 2100/2100/2100
f 2241/2241/2241 2186/2186/2186 2245/2245/2245
f 2243/2243/2243 2245/2245/2245 2104/2104/2104
f 2321/2321/2321 2190/2190/2190 2248/2248/2248
f 2321/2321/2321 2249/2249/2249 2190/2190/2190
f 2253/2253/2253 2250/2250/2250 2192/2192/2192
f 2261/2261/2261 2115/2115/2115 2259/2259/2259
f 2264/2264/2264 2266/2266/2266 2118/2118/2118
f 2274/2274/2274 2264/2264/2264 2123/2123/2123
f 2120/2120/2120 2268/2268/2268 2270/2270/2270
f 2256/2256/2256 2195/2195/2195 2323/2323/2323
f 2195/2195/2195 2269/2269/2269 2324/2324/2324
f 2277/2277/2277 2276/2276/2276 2126/2126/2126
f 2328/2328/2328 2199/2199/2199 2228/2228/2228
f 2278/2278/2278 2306/2306/2306 2201/2201/2201
f 2218/2218/2218 2330/2330/2330 2205/2205/2205
f 2280/2280/2280 2282/2282/2282 2133/2133/2133
f 2331/2331/2331 2283/2283/2283 2204/2204/2204
f 2211/2211/2211 3639/3639/3639 3621/3621/3621
f 2212/2212/2212 2213/2213/2213 2211/2211/2211
f 3613/3613/3613 2212/2212/2212 3611/3611/3611
f 2216/2216/2216 2209/2209/2209 2334/2334/2334
f 2284/2284/2284 2215/2215/2215 2333/2333/2333
f 2336/2336/2336 2217/2217/2217 2220/2220/2220
f 2287/2287/2287 2148/2148/2148 2232/2232/2232
f 2288/2288/2288 2207/2207/2207 2151/2151/2151
f 2306/2306/2306 2289/2289/2289 2201/2201/2201
f 2290/2290/2290 2292/2292/2292 2157/2157/2157
f 2339/2339/2339 2290/2290/2290 2161/2161/2161
f 2291/2291/2291 2294/2294/2294 2159/2159/2159
f 2298/2298/2298 2339/2339/2339 2161/2161/2161
f 2300/2300/2300 2343/2343/2343 2163/2163/2163
f 2171/2171/2171 2304/2304/2304 2306/2306/2306
f 2175/2175/2175 2308/2308/2308 2348/2348/2348
f 2175/2175/2175 2348/2348/2348 2310/2310/2310
f 2311/2311/2311 2229/2229/2229 2349/2349/2349
f 2177/2177/2177 2312/2312/2312 2351/2351/2351
f 2177/2177/2177 2351/2351/2351 2313/2313/2313
f 2180/2180/2180 2314/2314/2314 2352/2352/2352
f 2180/2180/2180 2352/2352/2352 2316/2316/2316
f 2233/2233/2233 2236/2236/2236 2354/2354/2354
f 2236/2236/2236 2241/2241/2241 2356/2356/2356
f 2241/2241/2241 2245/2245/2245 2360/2360/2360
f 2361/2361/2361 2243/2243/2243 2318/2318/2318
f 2360/2360/2360 2245/2245/2245 2243/2243/2243
f 2364/2364/2364 2321/2321/2321 2248/2248/2248
f 2253/2253/2253 2367/2367/2367 2250/2250/2250
f 2375/2375/2375 2261/2261/2261 2259/2259/2259
f 2378/2378/2378 2273/2273/2273 2263/2263/2263
f 2324/2324/2324 2267/2267/2267 2265/2265/2265
f 2323/2323/2323 2265/2265/2265 2275/2275/2275
f 2270/2270/2270 2268/2268/2268 2381/2381/2381
f 2195/2195/2195 2324/2324/2324 2323/2323/2323
f 2256/2256/2256 2323/2323/2323 2382/2382/2382
f 2269/2269/2269 2380/2380/2380 2324/2324/2324
f 2384/2384/2384 2279/2279/2279 2273/2273/2273
f 2383/2383/2383 2276/2276/2276 2277/2277/2277
f 2328/2328/2328 2326/2326/2326 2199/2199/2199
f 2387/2387/2387 2307/2307/2307 2279/2279/2279
f 2389/2389/2389 2330/2330/2330 2218/2218/2218
f 2331/2331/2331 2204/2204/2204 2329/2329/2329
f 2393/2393/2393 2282/2282/2282 2280/2280/2280
f 3621/3621/3621 3611/3611/3611 2212/2212/2212
f 3621/3621/3621 2212/2212/2212 2211/2211/2211
f 2284/2284/2284 2333/2333/2333 2396/2396/2396
f 2337/2337/2337 2335/2335/2335 2219/2219/2219
f 2306/2306/2306 2304/2304/2304 2289/2289/2289
f 2401/2401/2401 2292/2292/2292 2290/2290/2290
f 2403/2403/2403 2296/2296/2296 2292/2292/2292
f 2404/2404/2404 2341/2341/2341 2295/2295/2295
f 2408/2408/2408 2339/2339/2339 2298/2298/2298
f 2300/2300/2300 2410/2410/2410 2343/2343/2343
f 2387/2387/2387 2347/2347/2347 2307/2307/2307
f 2310/2310/2310 2348/2348/2348 2415/2415/2415
f 2418/2418/2418 2311/2311/2311 2349/2349/2349
f 2312/2312/2312 2420/2420/2420 2351/2351/2351
f 2352/2352/2352 2314/2314/2314 2426/2426/2426
f 2316/2316/2316 2352/2352/2352 2427/2427/2427
f 2354/2354/2354 2236/2236/2236 2356/2356/2356
f 2356/2356/2356 2241/2241/2241 2360/2360/2360
f 2362/2362/2362 2320/2320/2320 2431/2431/2431
f 2361/2361/2361 2360/2360/2360 2243/2243/2243
f 2364/2364/2364 2248/2248/2248 2359/2359/2359
f 2253/2253/2253 2369/2369/2369 2367/2367/2367
f 2371/2371/2371 2257/2257/2257 2383/2383/2383
f 2375/2375/2375 2259/2259/2259 2372/2372/2372
f 2377/2377/2377 2378/2378/2378 2263/2263/2263
f 2378/2378/2378 2384/2384/2384 2273/2273/2273
f 2324/2324/2324 2380/2380/2380 2267/2267/2267
f 2323/2323/2323 2324/2324/2324 2265/2265/2265
f 2382/2382/2382 2323/2323/2323 2275/2275/2275
f 2384/2384/2384 2387/2387/2387 2279/2279/2279
f 2385/2385/2385 2383/2383/2383 2277/2277/2277
f 2439/2439/2439 2326/2326/2326 2328/2328/2328
f 2400/2400/2400 2388/2388/2388 2217/2217/2217
f 2443/2443/2443 2331/2331/2331 2329/2329/2329
f 2393/2393/2393 2280/2280/2280 2390/2390/2390
f 2397/2397/2397 2334/2334/2334 2393/2393/2393
f 2446/2446/2446 2399/2399/2399 2335/2335/2335
f 2446/2446/2446 2335/2335/2335 2337/2337/2337
f 2401/2401/2401 2403/2403/2403 2292/2292/2292
f 2403/2403/2403 2405/2405/2405 2296/2296/2296
f 2449/2449/2449 2341/2341/2341 2404/2404/2404
f 2407/2407/2407 2408/2408/2408 2298/2298/2298
f 2341/2341/2341 2449/2449/2449 2412/2412/2412
f 2410/2410/2410 2453/2453/2453 2343/2343/2343
f 2386/2386/2386 2455/2455/2455 2346/2346/2346
f 2310/2310/2310 2415/2415/2415 2417/2417/2417
f 2455/2455/2455 2414/2414/2414 2346/2346/2346
f 2418/2418/2418 2349/2349/2349 2456/2456/2456
f 2312/2312/2312 2419/2419/2419 2420/2420/2420
f 2313/2313/2313 2422/2422/2422 2424/2424/2424
f 2316/2316/2316 2427/2427/2427 2463/2463/2463
f 2315/2315/2315 2461/2461/2461 2428/2428/2428
f 2430/2430/2430 2319/2319/2319 2464/2464/2464
f 2363/2363/2363 2432/2432/2432 2479/2479/2479
f 2480/2480/2480 2364/2364/2364 2359/2359/2359
f 2369/2369/2369 2485/2485/2485 2367/2367/2367
f 2371/2371/2371 2383/2383/2383 2489/2489/2489
f 2491/2491/2491 2375/2375/2375 2372/2372/2372
f 2501/2501/2501 2378/2378/2378 2377/2377/2377
f 2503/2503/2503 2377/2377/2377 2436/2436/2436
f 2425/2425/2425 2384/2384/2384 2378/2378/2378
f 2423/2423/2423 2387/2387/2387 2384/2384/2384
f 2489/2489/2489 2383/2383/2383 2385/2385/2385
f 2439/2439/2439 2437/2437/2437 2326/2326/2326
f 2443/2443/2443 2329/2329/2329 2441/2441/2441
f 2508/2508/2508 2388/2388/2388 2400/2400/2400
f 2509/2509/2509 2393/2393/2393 2390/2390/2390
f 2510/2510/2510 2391/2391/2391 2394/2394/2394
f 2511/2511/2511 2394/2394/2394 2444/2444/2444
f 2397/2397/2397 2393/2393/2393 2509/2509/2509
f 2512/2512/2512 2399/2399/2399 2446/2446/2446
f 2448/2448/2448 2398/2398/2398 2510/2510/2510
f 2403/2403/2403 2516/2516/2516 2405/2405/2405
f 2519/2519/2519 2408/2408/2408 2407/2407/2407
f 2449/2449/2449 2521/2521/2521 2412/2412/2412
f 2412/2412/2412 2521/2521/2521 2451/2451/2451
f 2409/2409/2409 2520/2520/2520 2452/2452/2452
f 2458/2458/2458 2455/2455/2455 2386/2386/2386
f 2417/2417/2417 2415/2415/2415 2526/2526/2526
f 2455/2455/2455 2527/2527/2527 2414/2414/2414
f 2457/2457/2457 2416/2416/2416 2505/2505/2505
f 2528/2528/2528 2418/2418/2418 2456/2456/2456
f 2419/2419/2419 2530/2530/2530 2420/2420/2420
f 2421/2421/2421 2458/2458/2458 2386/2386/2386
f 2425/2425/2425 2423/2423/2423 2384/2384/2384
f 2428/2428/2428 2461/2461/2461 2538/2538/2538
f 2480/2480/2480 2359/2359/2359 2477/2477/2477
f 2478/2478/2478 2430/2430/2430 2464/2464/2464
f 2363/2363/2363 2479/2479/2479 2541/2541/2541
f 2475/2475/2475 2363/2363/2363 2542/2542/2542
f 2369/2369/2369 2483/2483/2483 2485/2485/2485
f 2491/2491/2491 2372/2372/2372 2494/2494/2494
f 2503/2503/2503 2501/2501/2501 2377/2377/2377
f 2533/2533/2533 2379/2379/2379 2502/2502/2502
f 2547/2547/2547 2503/2503/2503 2436/2436/2436
f 2533/2533/2533 2426/2426/2426 2379/2379/2379
f 2548/2548/2548 2437/2437/2437 2439/2439/2439
f 2508/2508/2508 2505/2505/2505 2388/2388/2388
f 2552/2552/2552 2443/2443/2443 2441/2441/2441
f 2512/2512/2512 2507/2507/2507 2399/2399/2399
f 2511/2511/2511 2510/2510/2510 2394/2394/2394
f 2555/2555/2555 2511/2511/2511 2444/2444/2444
f 2448/2448/2448 2510/2510/2510 2511/2511/2511
f 2517/2517/2517 2518/2518/2518 2404/2404/2404
f 2488/2488/2488 2519/2519/2519 2407/2407/2407
f 2521/2521/2521 2560/2560/2560 2451/2451/2451
f 2520/2520/2520 2522/2522/2522 2452/2452/2452
f 2458/2458/2458 2532/2532/2532 2455/2455/2455
f 2527/2527/2527 2525/2525/2525 2414/2414/2414
f 2417/2417/2417 2526/2526/2526 2506/2506/2506
f 2532/2532/2532 2527/2527/2527 2455/2455/2455
f 2457/2457/2457 2505/2505/2505 2508/2508/2508
f 2528/2528/2528 2456/2456/2456 2507/2507/2507
f 2419/2419/2419 2529/2529/2529 2530/2530/2530
f 2462/2462/2462 2535/2535/2535 2539/2539/2539
f 2466/2466/2466 2470/2470/2470 2563/2563/2563
f 2564/2564/2564 2468/2468/2468 2466/2466/2466
f 2565/2565/2565 2473/2473/2473 2468/2468/2468
f 2470/2470/2470 2475/2475/2475 2566/2566/2566
f 2567/2567/2567 2477/2477/2477 2472/2472/2472
f 2569/2569/2569 2480/2480/2480 2477/2477/2477
f 2562/2562/2562 2478/2478/2478 2464/2464/2464
f 2542/2542/2542 2363/2363/2363 2541/2541/2541
f 2542/2542/2542 2566/2566/2566 2475/2475/2475
f 2483/2483/2483 2578/2578/2578 2485/2485/2485
f 2580/2580/2580 2488/2488/2488 2486/2486/2486
f 2500/2500/2500 2492/2492/2492 2584/2584/2584
f 2493/2493/2493 2496/2496/2496 2586/2586/2586
f 2496/2496/2496 2498/2498/2498 2588/2588/2588
f 2545/2545/2545 2590/2590/2590 2498/2498/2498
f 2547/2547/2547 2500/2500/2500 2584/2584/2584
f 2502/2502/2502 2561/2561/2561 2533/2533/2533
f 2592/2592/2592 2503/2503/2503 2547/2547/2547
f 2550/2550/2550 2548/2548/2548 2439/2439/2439
f 2552/2552/2552 2441/2441/2441 2525/2525/2525
f 2528/2528/2528 2507/2507/2507 2512/2512/2512
f 2555/2555/2555 2444/2444/2444 2553/2553/2553
f 2557/2557/2557 2511/2511/2511 2555/2555/2555
f 2557/2557/2557 2448/2448/2448 2511/2511/2511
f 2517/2517/2517 2602/2602/2602 2518/2518/2518
f 2580/2580/2580 2519/2519/2519 2488/2488/2488
f 2521/2521/2521 2605/2605/2605 2560/2560/2560
f 2604/2604/2604 2522/2522/2522 2520/2520/2520
f 2527/2527/2527 2552/2552/2552 2525/2525/2525
f 2532/2532/2532 2610/2610/2610 2527/2527/2527
f 2529/2529/2529 2611/2611/2611 2530/2530/2530
f 2530/2530/2530 2609/2609/2609 2531/2531/2531
f 2539/2539/2539 2535/2535/2535 2616/2616/2616
f 2563/2563/2563 2470/2470/2470 2566/2566/2566
f 2564/2564/2564 2466/2466/2466 2563/2563/2563
f 2564/2564/2564 2565/2565/2565 2468/2468/2468
f 2565/2565/2565 2568/2568/2568 2473/2473/2473
f 2569/2569/2569 2477/2477/2477 2567/2567/2567
f 2622/2622/2622 2478/2478/2478 2562/2562/2562
f 2479/2479/2479 2624/2624/2624 2570/2570/2570
f 2483/2483/2483 2575/2575/2575 2578/2578/2578
f 2579/2579/2579 2580/2580/2580 2486/2486/2486
f 2583/2583/2583 2632/2632/2632 2545/2545/2545
f 2585/2585/2585 2493/2493/2493 2586/2586/2586
f 2586/2586/2586 2496/2496/2496 2634/2634/2634
f 2496/2496/2496 2588/2588/2588 2634/2634/2634
f 2498/2498/2498 2590/2590/2590 2588/2588/2588
f 2545/2545/2545 2632/2632/2632 2590/2590/2590
f 2584/2584/2584 2592/2592/2592 2547/2547/2547
f 2636/2636/2636 2561/2561/2561 2502/2502/2502
f 2593/2593/2593 2548/2548/2548 2637/2637/2637
f 2637/2637/2637 2548/2548/2548 2550/2550/2550
f 2611/2611/2611 2555/2555/2555 2553/2553/2553
f 2596/2596/2596 2557/2557/2557 2555/2555/2555
f 2516/2516/2516 2599/2599/2599 2601/2601/2601
f 2605/2605/2605 2641/2641/2641 2560/2560/2560
f 2606/2606/2606 2522/2522/2522 2604/2604/2604
f 2529/2529/2529 2596/2596/2596 2611/2611/2611
f 2530/2530/2530 2611/2611/2611 2609/2609/2609
f 2613/2613/2613 2561/2561/2561 2636/2636/2636
f 2536/2536/2536 2615/2615/2615 2618/2618/2618
f 2539/2539/2539 2616/2616/2616 2621/2621/2621
f 2568/2568/2568 2565/2565/2565 2649/2649/2649
f 2569/2569/2569 2567/2567/2567 2648/2648/2648
f 2628/2628/2628 2571/2571/2571 2654/2654/2654
f 2571/2571/2571 2625/2625/2625 2655/2655/2655
f 2577/2577/2577 2660/2660/2660 2579/2579/2579
f 2580/2580/2580 2579/2579/2579 2661/2661/2661
f 2583/2583/2583 2667/2667/2667 2632/2632/2632
f 2585/2585/2585 2586/2586/2586 2669/2669/2669
f 2670/2670/2670 2633/2633/2633 2587/2587/2587
f 2671/2671/2671 2587/2587/2587 2589/2589/2589
f 2672/2672/2672 2589/2589/2589 2631/2631/2631
f 2677/2677/2677 2593/2593/2593 2637/2637/2637
f 2611/2611/2611 2553/2553/2553 2609/2609/2609
f 2596/2596/2596 2555/2555/2555 2611/2611/2611
f 2599/2599/2599 2683/2683/2683 2601/2601/2601
f 2602/2602/2602 2684/2684/2684 2603/2603/2603
f 2641/2641/2641 2605/2605/2605 2690/2690/2690
f 2687/2687/2687 2606/2606/2606 2604/2604/2604
f 2676/2676/2676 2612/2612/2612 2635/2635/2635
f 2693/2693/2693 2614/2614/2614 2612/2612/2612
f 2693/2693/2693 2617/2617/2617 2614/2614/2614
f 2694/2694/2694 2621/2621/2621 2616/2616/2616
f 2643/2643/2643 2621/2621/2621 2694/2694/2694
f 2569/2569/2569 2648/2648/2648 2650/2650/2650
f 2626/2626/2626 2652/2652/2652 2699/2699/2699
f 2654/2654/2654 2571/2571/2571 2701/2701/2701
f 2700/2700/2700 2627/2627/2627 2653/2653/2653
f 2571/2571/2571 2655/2655/2655 2701/2701/2701
f 2625/2625/2625 2702/2702/2702 2655/2655/2655
f 2577/2577/2577 2659/2659/2659 2660/2660/2660
f 2660/2660/2660 2661/2661/2661 2579/2579/2579
f 2664/2664/2664 2667/2667/2667 2583/2583/2583
f 2705/2705/2705 2631/2631/2631 2666/2666/2666
f 2585/2585/2585 2669/2669/2669 2675/2675/2675
f 2706/2706/2706 2668/2668/2668 2633/2633/2633
f 2670/2670/2670 2587/2587/2587 2671/2671/2671
f 2706/2706/2706 2633/2633/2633 2670/2670/2670
f 2671/2671/2671 2589/2589/2589 2672/2672/2672
f 2705/2705/2705 2672/2672/2672 2631/2631/2631
f 2663/2663/2663 2594/2594/2594 2678/2678/2678
f 2684/2684/2684 2686/2686/2686 2603/2603/2603
f 2641/2641/2641 2690/2690/2690 2688/2688/2688
f 2710/2710/2710 2607/2607/2607 2688/2688/2688
f 2711/2711/2711 2612/2612/2612 2676/2676/2676
f 2712/2712/2712 2693/2693/2693 2612/2612/2612
f 2695/2695/2695 2617/2617/2617 2693/2693/2693
f 2643/2643/2643 2713/2713/2713 2697/2697/2697
f 2643/2643/2643 2694/2694/2694 2713/2713/2713
f 2720/2720/2720 2650/2650/2650 2648/2648/2648
f 2651/2651/2651 2714/2714/2714 2698/2698/2698
f 2626/2626/2626 2699/2699/2699 2724/2724/2724
f 2700/2700/2700 2653/2653/2653 2727/2727/2727
f 2625/2625/2625 2731/2731/2731 2702/2702/2702
f 2659/2659/2659 2737/2737/2737 2660/2660/2660
f 2739/2739/2739 2665/2665/2665 2662/2662/2662
f 2741/2741/2741 2705/2705/2705 2666/2666/2666
f 2742/2742/2742 2673/2673/2673 2668/2668/2668
f 2744/2744/2744 2668/2668/2668 2706/2706/2706
f 2743/2743/2743 2676/2676/2676 2674/2674/2674
f 2751/2751/2751 2663/2663/2663 2678/2678/2678
f 2750/2750/2750 2677/2677/2677 2707/2707/2707
f 2755/2755/2755 2685/2685/2685 2682/2682/2682
f 2685/2685/2685 2757/2757/2757 2708/2708/2708
f 2690/2690/2690 2710/2710/2710 2688/2688/2688
f 2712/2712/2712 2612/2612/2612 2711/2711/2711
f 2771/2771/2771 2695/2695/2695 2693/2693/2693
f 2697/2697/2697 2713/2713/2713 2772/2772/2772
f 2694/2694/2694 2770/2770/2770 2713/2713/2713
f 2717/2717/2717 2697/2697/2697 2772/2772/2772
f 2722/2722/2722 2650/2650/2650 2720/2720/2720
f 2715/2715/2715 2774/2774/2774 2699/2699/2699
f 2623/2623/2623 2723/2723/2723 2730/2730/2730
f 2727/2727/2727 2653/2653/2653 2725/2725/2725
f 2658/2658/2658 2735/2735/2735 2736/2736/2736
f 2739/2739/2739 2662/2662/2662 2749/2749/2749
f 2780/2780/2780 2666/2666/2666 2740/2740/2740
f 2780/2780/2780 2741/2741/2741 2666/2666/2666
f 2742/2742/2742 2668/2668/2668 2782/2782/2782
f 2782/2782/2782 2668/2668/2668 2744/2744/2744
f 2724/2724/2724 2676/2676/2676 2743/2743/2743
f 2769/2769/2769 2750/2750/2750 2707/2707/2707
f 2755/2755/2755 2682/2682/2682 2785/2785/2785
f 2755/2755/2755 2757/2757/2757 2685/2685/2685
f 2757/2757/2757 2789/2789/2789 2708/2708/2708
f 2708/2708/2708 2789/2789/2789 2762/2762/2762
f 2713/2713/2713 2770/2770/2770 2791/2791/2791
f 2797/2797/2797 2717/2717/2717 2772/2772/2772
f 2800/2800/2800 2722/2722/2722 2720/2720/2720
f 2715/2715/2715 2792/2792/2792 2774/2774/2774
f 2730/2730/2730 2723/2723/2723 2782/2782/2782
f 2725/2725/2725 2728/2728/2728 2804/2804/2804
f 2727/2727/2727 2725/2725/2725 2806/2806/2806
f 2731/2731/2731 2784/2784/2784 2776/2776/2776
f 2736/2736/2736 2735/2735/2735 2813/2813/2813
f 2749/2749/2749 2817/2817/2817 2739/2739/2739
f 2819/2819/2819 2780/2780/2780 2740/2740/2740
f 2782/2782/2782 2723/2723/2723 2742/2742/2742
f 2827/2827/2827 2749/2749/2749 2768/2768/2768
f 2787/2787/2787 2832/2832/2832 2756/2756/2756
f 2756/2756/2756 2834/2834/2834 2758/2758/2758
f 2758/2758/2758 2836/2836/2836 2790/2790/2790
f 2762/2762/2762 2838/2838/2838 2760/2760/2760
f 2789/2789/2789 2838/2838/2838 2762/2762/2762
f 2837/2837/2837 2764/2764/2764 2759/2759/2759
f 2764/2764/2764 2840/2840/2840 2766/2766/2766
f 2766/2766/2766 2843/2843/2843 2768/2768/2768
f 2792/2792/2792 2771/2771/2771 2774/2774/2774
f 2794/2794/2794 2772/2772/2772 2791/2791/2791
f 2795/2795/2795 2792/2792/2792 2715/2715/2715
f 2716/2716/2716 2796/2796/2796 2793/2793/2793
f 2797/2797/2797 2772/2772/2772 2794/2794/2794
f 2802/2802/2802 2722/2722/2722 2800/2800/2800
f 2730/2730/2730 2782/2782/2782 2783/2783/2783
f 2805/2805/2805 2729/2729/2729 2808/2808/2808
f 2804/2804/2804 2806/2806/2806 2725/2725/2725
f 2776/2776/2776 2784/2784/2784 2848/2848/2848
f 2736/2736/2736 2813/2813/2813 2814/2814/2814
f 2827/2827/2827 2817/2817/2817 2749/2749/2749
f 2819/2819/2819 2740/2740/2740 2854/2854/2854
f 2823/2823/2823 2746/2746/2746 2821/2821/2821
f 2848/2848/2848 2784/2784/2784 2825/2825/2825
f 2827/2827/2827 2768/2768/2768 2843/2843/2843
f 2830/2830/2830 2833/2833/2833 2786/2786/2786
f 2832/2832/2832 2834/2834/2834 2756/2756/2756
f 2834/2834/2834 2858/2858/2858 2758/2758/2758
f 2758/2758/2758 2858/2858/2858 2836/2836/2836
f 2836/2836/2836 2859/2859/2859 2790/2790/2790
f 2790/2790/2790 2859/2859/2859 2839/2839/2839
f 2840/2840/2840 2764/2764/2764 2837/2837/2837
f 2840/2840/2840 2861/2861/2861 2766/2766/2766
f 2861/2861/2861 2843/2843/2843 2766/2766/2766
f 2866/2866/2866 2803/2803/2803 2801/2801/2801
f 2805/2805/2805 2808/2808/2808 2871/2871/2871
f 2814/2814/2814 2813/2813/2813 2884/2884/2884
f 2885/2885/2885 2816/2816/2816 2826/2826/2826
f 2885/2885/2885 2852/2852/2852 2816/2816/2816
f 2818/2818/2818 2852/2852/2852 2885/2885/2885
f 2888/2888/2888 2823/2823/2823 2821/2821/2821
f 2825/2825/2825 2823/2823/2823 2888/2888/2888
f 2889/2889/2889 2848/2848/2848 2825/2825/2825
f 2893/2893/2893 2821/2821/2821 2857/2857/2857
f 2842/2842/2842 2895/2895/2895 2826/2826/2826
f 2814/2814/2814 2884/2884/2884 2828/2828/2828
f 2828/2828/2828 2896/2896/2896 2830/2830/2830
f 2830/2830/2830 2896/2896/2896 2833/2833/2833
f 2833/2833/2833 2896/2896/2896 2835/2835/2835
f 2859/2859/2859 2900/2900/2900 2839/2839/2839
f 2839/2839/2839 2900/2900/2900 2841/2841/2841
f 2841/2841/2841 2901/2901/2901 2860/2860/2860
f 2901/2901/2901 2842/2842/2842 2860/2860/2860
f 2903/2903/2903 2864/2864/2864 2844/2844/2844
f 2906/2906/2906 2802/2802/2802 2865/2865/2865
f 2870/2870/2870 2872/2872/2872 2804/2804/2804
f 2895/2895/2895 2885/2885/2885 2826/2826/2826
f 2917/2917/2917 2818/2818/2818 2885/2885/2885
f 2886/2886/2886 2818/2818/2818 2917/2917/2917
f 2921/2921/2921 2888/2888/2888 2821/2821/2821
f 2889/2889/2889 2825/2825/2825 2888/2888/2888
f 2893/2893/2893 2921/2921/2921 2821/2821/2821
f 2927/2927/2927 2891/2891/2891 2856/2856/2856
f 2901/2901/2901 2895/2895/2895 2842/2842/2842
f 2828/2828/2828 2884/2884/2884 2896/2896/2896
f 2896/2896/2896 2898/2898/2898 2835/2835/2835
f 2900/2900/2900 2901/2901/2901 2841/2841/2841
f 2903/2903/2903 2862/2862/2862 2932/2932/2932
f 2933/2933/2933 2864/2864/2864 2903/2903/2903
f 2933/2933/2933 2905/2905/2905 2864/2864/2864
f 2905/2905/2905 2934/2934/2934 2868/2868/2868
f 2935/2935/2935 2877/2877/2877 2867/2867/2867
f 2937/2937/2937 2872/2872/2872 2870/2870/2870
f 2935/2935/2935 2911/2911/2911 2877/2877/2877
f 2879/2879/2879 2912/2912/2912 2946/2946/2946
f 2879/2879/2879 2947/2947/2947 2914/2914/2914
f 2915/2915/2915 2952/2952/2952 2881/2881/2881
f 2954/2954/2954 2886/2886/2886 2917/2917/2917
f 2954/2954/2954 2918/2918/2918 2886/2886/2886
f 2957/2957/2957 2920/2920/2920 2892/2892/2892
f 2925/2925/2925 2959/2959/2959 2890/2890/2890
f 2896/2896/2896 2953/2953/2953 2898/2898/2898
f 2930/2930/2930 2932/2932/2932 2862/2862/2862
f 2933/2933/2933 2903/2903/2903 2932/2932/2932
f 2934/2934/2934 2905/2905/2905 2933/2933/2933
f 2936/2936/2936 2868/2868/2868 2934/2934/2934
f 2938/2938/2938 2937/2937/2937 2870/2870/2870
f 2936/2936/2936 2973/2973/2973 2912/2912/2912
f 2879/2879/2879 2946/2946/2946 2947/2947/2947
f 2912/2912/2912 2973/2973/2973 2946/2946/2946
f 2974/2974/2974 2914/2914/2914 2947/2947/2947
f 2952/2952/2952 2949/2949/2949 2881/2881/2881
f 2974/2974/2974 2951/2951/2951 2914/2914/2914
f 2977/2977/2977 2918/2918/2918 2954/2954/2954
f 2977/2977/2977 2926/2926/2926 2918/2918/2918
f 2978/2978/2978 2955/2955/2955 2920/2920/2920
f 2978/2978/2978 2922/2922/2922 2955/2955/2955
f 2958/2958/2958 2894/2894/2894 2961/2961/2961
f 2978/2978/2978 2920/2920/2920 2957/2957/2957
f 2925/2925/2925 2980/2980/2980 2959/2959/2959
f 2953/2953/2953 2964/2964/2964 2898/2898/2898
f 2988/2988/2988 2932/2932/2932 2930/2930/2930
f 2991/2991/2991 2936/2936/2936 2934/2934/2934
f 2937/2937/2937 2938/2938/2938 2993/2993/2993
f 2969/2969/2969 2923/2923/2923 2979/2979/2979
f 2936/2936/2936 2991/2991/2991 2973/2973/2973
f 3011/3011/3011 2949/2949/2949 2952/2952/2952
f 2953/2953/2953 2950/2950/2950 2964/2964/2964
f 3012/3012/3012 2951/2951/2951 2974/2974/2974
f 2976/2976/2976 2980/2980/2980 2925/2925/2925
f 3018/3018/3018 2957/2957/2957 2960/2960/2960
f 3018/3018/3018 2960/2960/2960 2981/2981/2981
f 2988/2988/2988 2930/2930/2930 2985/2985/2985
f 2993/2993/2993 2938/2938/2938 2994/2994/2994
f 2971/2971/2971 2969/2969/2969 3036/3036/3036
f 3036/3036/3036 2969/2969/2969 2979/2979/2979
f 3002/3002/3002 2971/2971/2971 3037/3037/3037
f 3009/3009/3009 2951/2951/2951 3012/3012/3012
f 3010/3010/3010 3013/3013/3013 2948/2948/2948
f 2950/2950/2950 3025/3025/3025 2964/2964/2964
f 3047/3047/3047 2976/2976/2976 3016/3016/3016
f 2976/2976/2976 3047/3047/3047 2980/2980/2980
f 3036/3036/3036 2979/2979/2979 3021/3021/3021
f 3050/3050/3050 3018/3018/3018 2981/2981/2981
f 3052/3052/3052 2982/2982/2982 3023/3023/3023
f 3052/3052/3052 3027/3027/3027 2982/2982/2982
f 3056/3056/3056 2989/2989/2989 2986/2986/2986
f 2986/2986/2986 2998/2998/2998 3058/3058/3058
f 3060/3060/3060 3030/3030/3030 2989/2989/2989
f 2993/2993/2993 2994/2994/2994 3066/3066/3066
f 3072/3072/3072 3001/3001/3001 3034/3034/3034
f 3037/3037/3037 2971/2971/2971 3036/3036/3036
f 3038/3038/3038 3076/3076/3076 3003/3003/3003
f 2950/2950/2950 3014/3014/3014 3025/3025/3025
f 3015/3015/3015 3044/3044/3044 3026/3026/3026
f 3045/3045/3045 3092/3092/3092 3016/3016/3016
f 3047/3047/3047 3016/3016/3016 3092/3092/3092
f 3050/3050/3050 2981/2981/2981 3048/3048/3048
f 3096/3096/3096 3036/3036/3036 3021/3021/3021
f 3095/3095/3095 3019/3019/3019 3051/3051/3051
f 3026/3026/3026 3044/3044/3044 3053/3053/3053
f 3100/3100/3100 3027/3027/3027 3052/3052/3052
f 3100/3100/3100 3054/3054/3054 3027/3027/3027
f 3056/3056/3056 2986/2986/2986 3058/3058/3058
f 3060/3060/3060 2989/2989/2989 3056/3056/3056
f 3058/3058/3058 2998/2998/2998 3102/3102/3102
f 3060/3060/3060 3104/3104/3104 3030/3030/3030
f 3104/3104/3104 3063/3063/3063 3030/3030/3030
f 3066/3066/3066 2994/2994/2994 3067/3067/3067
f 3069/3069/3069 3032/3032/3032 3107/3107/3107
f 3102/3102/3102 2998/2998/2998 3070/3070/3070
f 3108/3108/3108 3072/3072/3072 3034/3034/3034
f 3109/3109/3109 3001/3001/3001 3072/3072/3072
f 3109/3109/3109 3074/3074/3074 3001/3001/3001
f 3037/3037/3037 3110/3110/3110 3075/3075/3075
f 3108/3108/3108 3034/3034/3034 3082/3082/3082
f 3111/3111/3111 3084/3084/3084 3040/3040/3040
f 3113/3113/3113 3042/3042/3042 3089/3089/3089
f 3044/3044/3044 3091/3091/3091 3053/3053/3053
f 3114/3114/3114 3092/3092/3092 3045/3045/3045
f 3116/3116/3116 3048/3048/3048 3093/3093/3093
f 3094/3094/3094 3050/3050/3050 3048/3048/3048
f 3096/3096/3096 3021/3021/3021 3098/3098/3098
f 3053/3053/3053 3091/3091/3091 3101/3101/3101
f 3100/3100/3100 3114/3114/3114 3054/3054/3054
f 3054/3054/3054 3114/3114/3114 3045/3045/3045
f 3118/3118/3118 3057/3057/3057 3059/3059/3059
f 3119/3119/3119 3061/3061/3061 3057/3057/3057
f 3120/3120/3120 3059/3059/3059 3103/3103/3103
f 3121/3121/3121 3105/3105/3105 3061/3061/3061
f 3104/3104/3104 3122/3122/3122 3063/3063/3063
f 3127/3127/3127 3066/3066/3066 3067/3067/3067
f 3107/3107/3107 3032/3032/3032 3074/3074/3074
f 3127/3127/3127 3067/3067/3067 3106/3106/3106
f 3102/3102/3102 3070/3070/3070 3129/3129/3129
f 3133/3133/3133 3074/3074/3074 3109/3109/3109
f 3134/3134/3134 3077/3077/3077 3075/3075/3075
f 3135/3135/3135 3075/3075/3075 3110/3110/3110
f 3136/3136/3136 3079/3079/3079 3077/3077/3077
f 3137/3137/3137 3081/3081/3081 3079/3079/3079
f 3139/3139/3139 3108/3108/3108 3082/3082/3082
f 3084/3084/3084 3111/3111/3111 3140/3140/3140
f 3040/3040/3040 3112/3112/3112 3111/3111/3111
f 3122/3122/3122 3087/3087/3087 3063/3063/3063
f 3146/3146/3146 3089/3089/3089 3087/3087/3087
f 3146/3146/3146 3113/3113/3113 3089/3089/3089
f 3115/3115/3115 3147/3147/3147 3093/3093/3093
f 3147/3147/3147 3116/3116/3116 3093/3093/3093
f 3116/3116/3116 3094/3094/3094 3048/3048/3048
f 3149/3149/3149 3096/3096/3096 3098/3098/3098
f 3091/3091/3091 3144/3144/3144 3101/3101/3101
f 3101/3101/3101 3152/3152/3152 3115/3115/3115
f 3118/3118/3118 3059/3059/3059 3120/3120/3120
f 3118/3118/3118 3119/3119/3119 3057/3057/3057
f 3153/3153/3153 3061/3061/3061 3119/3119/3119
f 3120/3120/3120 3103/3103/3103 3131/3131/3131
f 3153/3153/3153 3121/3121/3121 3061/3061/3061
f 3121/3121/3121 3123/3123/3123 3105/3105/3105
f 3130/3130/3130 3071/3071/3071 3126/3126/3126
f 3133/3133/3133 3107/3107/3107 3074/3074/3074
f 3128/3128/3128 3107/3107/3107 3133/3133/3133
f 3134/3134/3134 3075/3075/3075 3135/3135/3135
f 3136/3136/3136 3077/3077/3077 3134/3134/3134
f 3137/3137/3137 3079/3079/3079 3136/3136/3136
f 3158/3158/3158 3081/3081/3081 3137/3137/3137
f 3139/3139/3139 3082/3082/3082 3159/3159/3159
f 3085/3085/3085 3141/3141/3141 3143/3143/3143
f 3112/3112/3112 3163/3163/3163 3111/3111/3111
f 3122/3122/3122 3165/3165/3165 3087/3087/3087
f 3165/3165/3165 3146/3146/3146 3087/3087/3087
f 3163/3163/3163 3112/3112/3112 3145/3145/3145
f 3152/3152/3152 3147/3147/3147 3115/3115/3115
f 3149/3149/3149 3098/3098/3098 3169/3169/3169
f 3150/3150/3150 3168/3168/3168 3097/3097/3097
f 3144/3144/3144 3152/3152/3152 3101/3101/3101
f 3172/3172/3172 3120/3120/3120 3131/3131/3131
f 3174/3174/3174 3123/3123/3123 3121/3121/3121
f 3124/3124/3124 3127/3127/3127 3155/3155/3155
f 3130/3130/3130 3126/3126/3126 3177/3177/3177
f 3156/3156/3156 3128/3128/3128 3133/3133/3133
f 3187/3187/3187 3138/3138/3138 3157/3157/3157
f 3162/3162/3162 3189/3189/3189 3142/3142/3142
f 3142/3142/3142 3190/3190/3190 3144/3144/3144
f 3174/3174/3174 3166/3166/3166 3123/3123/3123
f 3164/3164/3164 3191/3191/3191 3145/3145/3145
f 3191/3191/3191 3163/3163/3163 3145/3145/3145
f 3195/3195/3195 3168/3168/3168 3150/3150/3150
f 3144/3144/3144 3190/3190/3190 3152/3152/3152
f 3172/3172/3172 3131/3131/3131 3178/3178/3178
f 3198/3198/3198 3124/3124/3124 3155/3155/3155
f 3199/3199/3199 3156/3156/3156 3179/3179/3179
f 3186/3186/3186 3139/3139/3139 3188/3188/3188
f 3187/3187/3187 3157/3157/3157 3202/3202/3202
f 3142/3142/3142 3189/3189/3189 3190/3190/3190
f 3205/3205/3205 3189/3189/3189 3162/3162/3162
f 3209/3209/3209 3166/3166/3166 3174/3174/3174
f 3164/3164/3164 3208/3208/3208 3191/3191/3191
f 3195/3195/3195 3211/3211/3211 3168/3168/3168
f 3217/3217/3217 3172/3172/3172 3178/3178/3178
f 3223/3223/3223 3199/3199/3199 3179/3179/3179
f 3193/3193/3193 3230/3230/3230 3182/3182/3182
f 3203/3203/3203 3158/3158/3158 3201/3201/3201
f 3236/3236/3236 3186/3186/3186 3188/3188/3188
f 3238/3238/3238 3204/3204/3204 3161/3161/3161
f 3207/3207/3207 3238/3238/3238 3161/3161/3161
f 3208/3208/3208 3239/3239/3239 3191/3191/3191
f 3211/3211/3211 3240/3240/3240 3193/3193/3193
f 3204/3204/3204 3211/3211/3211 3195/3195/3195
f 3216/3216/3216 3177/3177/3177 3176/3176/3176
f 3220/3220/3220 3198/3198/3198 3222/3222/3222
f 3216/3216/3216 3176/3176/3176 3221/3221/3221
f 3182/3182/3182 3230/3230/3230 3226/3226/3226
f 3240/3240/3240 3230/3230/3230 3193/3193/3193
f 3253/3253/3253 3203/3203/3203 3201/3201/3201
f 3235/3235/3235 3187/3187/3187 3237/3237/3237
f 3252/3252/3252 3237/3237/3237 3202/3202/3202
f 3204/3204/3204 3238/3238/3238 3211/3211/3211
f 3207/3207/3207 3255/3255/3255 3238/3238/3238
f 3208/3208/3208 3257/3257/3257 3239/3239/3239
f 3211/3211/3211 3260/3260/3260 3240/3240/3240
f 3220/3220/3220 3222/3222/3222 3268/3268/3268
f 3216/3216/3216 3221/3221/3221 3270/3270/3270
f 3268/3268/3268 3222/3222/3222 3245/3245/3245
f 3271/3271/3271 3224/3224/3224 3226/3226/3226
f 3272/3272/3272 3248/3248/3248 3224/3224/3224
f 3273/3273/3273 3226/3226/3226 3230/3230/3230
f 3274/3274/3274 3228/3228/3228 3247/3247/3247
f 3244/3244/3244 3233/3233/3233 3282/3282/3282
f 3284/3284/3284 3235/3235/3235 3237/3237/3237
f 3287/3287/3287 3237/3237/3237 3252/3252/3252
f 3238/3238/3238 3260/3260/3260 3211/3211/3211
f 3206/3206/3206 3256/3256/3256 3254/3254/3254
f 3257/3257/3257 3288/3288/3288 3239/3239/3239
f 3215/3215/3215 3269/3269/3269 3293/3293/3293
f 3267/3267/3267 3244/3244/3244 3295/3295/3295
f 3273/3273/3273 3271/3271/3271 3226/3226/3226
f 3271/3271/3271 3272/3272/3272 3224/3224/3224
f 3275/3275/3275 3248/3248/3248 3272/3272/3272
f 3298/3298/3298 3228/3228/3228 3274/3274/3274
f 3276/3276/3276 3229/3229/3229 3299/3299/3299
f 3286/3286/3286 3250/3250/3250 3278/3278/3278
f 3281/3281/3281 3236/3236/3236 3285/3285/3285
f 3244/3244/3244 3282/3282/3282 3305/3305/3305
f 3282/3282/3282 3233/3233/3233 3306/3306/3306
f 3301/3301/3301 3287/3287/3287 3252/3252/3252
f 3256/3256/3256 3309/3309/3309 3254/3254/3254
f 3312/3312/3312 3288/3288/3288 3257/3257/3257
f 3293/3293/3293 3269/3269/3269 3330/3330/3330
f 3295/3295/3295 3244/3244/3244 3305/3305/3305
f 3328/3328/3328 3268/3268/3268 3296/3296/3296
f 3335/3335/3335 3275/3275/3275 3272/3272/3272
f 3298/3298/3298 3274/3274/3274 3334/3334/3334
f 3336/3336/3336 3276/3276/3276 3299/3299/3299
f 3286/3286/3286 3300/3300/3300 3250/3250/3250
f 3341/3341/3341 3286/3286/3286 3278/3278/3278
f 3342/3342/3342 3303/3303/3303 3280/3280/3280
f 3304/3304/3304 3307/3307/3307 3234/3234/3234
f 3343/3343/3343 3280/3280/3280 3283/3283/3283
f 3341/3341/3341 3283/3283/3283 3286/3286/3286
f 3310/3310/3310 3346/3346/3346 3255/3255/3255
f 3288/3288/3288 3312/3312/3312 3347/3347/3347
f 3293/3293/3293 3330/3330/3330 3319/3319/3319
f 3330/3330/3330 3269/3269/3269 3326/3326/3326
f 3329/3329/3329 3297/3297/3297 3355/3355/3355
f 3356/3356/3356 3298/3298/3298 3334/3334/3334
f 3336/3336/3336 3299/3299/3299 3358/3358/3358
f 3341/3341/3341 3278/3278/3278 3339/3339/3339
f 3359/3359/3359 3303/3303/3303 3342/3342/3342
f 3342/3342/3342 3280/3280/3280 3343/3343/3343
f 3304/3304/3304 3363/3363/3363 3307/3307/3307
f 3343/3343/3343 3283/3283/3283 3364/3364/3364
f 3363/3363/3363 3345/3345/3345 3307/3307/3307
f 3364/3364/3364 3283/3283/3283 3341/3341/3341
f 3365/3365/3365 3346/3346/3346 3310/3310/3310
f 3312/3312/3312 3372/3372/3372 3347/3347/3347
f 3318/3318/3318 3320/3320/3320 3331/3331/3331
f 3351/3351/3351 3318/3318/3318 3379/3379/3379
f 3379/3379/3379 3331/3331/3331 3327/3327/3327
f 3381/3381/3381 3327/3327/3327 3329/3329/3329
f 3382/3382/3382 3297/3297/3297 3354/3354/3354
f 3381/3381/3381 3329/3329/3329 3355/3355/3355
f 3382/3382/3382 3355/3355/3355 3297/3297/3297
f 3356/3356/3356 3334/3334/3334 3383/3383/3383
f 3387/3387/3387 3336/3336/3336 3358/3358/3358
f 3337/3337/3337 3341/3341/3341 3339/3339/3339
f 3359/3359/3359 3361/3361/3361 3303/3303/3303
f 3345/3345/3345 3363/3363/3363 3398/3398/3398
f 3367/3367/3367 3365/3365/3365 3310/3310/3310
f 3370/3370/3370 3323/3323/3323 3403/3403/3403
f 3371/3371/3371 3374/3374/3374 3313/3313/3313
f 3349/3349/3349 3351/3351/3351 3406/3406/3406
f 3378/3378/3378 3349/3349/3349 3407/3407/3407
f 3318/3318/3318 3331/3331/3331 3379/3379/3379
f 3351/3351/3351 3379/3379/3379 3406/3406/3406
f 3324/3324/3324 3380/3380/3380 3404/3404/3404
f 3379/3379/3379 3327/3327/3327 3413/3413/3413
f 3413/3413/3413 3327/3327/3327 3381/3381/3381
f 3397/3397/3397 3382/3382/3382 3354/3354/3354
f 3381/3381/3381 3355/3355/3355 3389/3389/3389
f 3355/3355/3355 3382/3382/3382 3360/3360/3360
f 3414/3414/3414 3356/3356/3356 3383/3383/3383
f 3399/3399/3399 3337/3337/3337 3385/3385/3385
f 3387/3387/3387 3358/3358/3358 3418/3418/3418
f 3399/3399/3399 3341/3341/3341 3337/3337/3337
f 3389/3389/3389 3355/3355/3355 3360/3360/3360
f 3382/3382/3382 3362/3362/3362 3360/3360/3360
f 3382/3382/3382 3397/3397/3397 3362/3362/3362
f 3369/3369/3369 3421/3421/3421 3367/3367/3367
f 3421/3421/3421 3365/3365/3365 3367/3367/3367
f 3402/3402/3402 3423/3423/3423 3369/3369/3369
f 3370/3370/3370 3403/3403/3403 3424/3424/3424
f 3373/3373/3373 3370/3370/3370 3424/3424/3424
f 3349/3349/3349 3406/3406/3406 3407/3407/3407
f 3378/3378/3378 3407/3407/3407 3427/3427/3427
f 3409/3409/3409 3378/3378/3378 3427/3427/3427
f 3380/3380/3380 3428/3428/3428 3404/3404/3404
f 3430/3430/3430 3381/3381/3381 3389/3389/3389
f 3416/3416/3416 3384/3384/3384 3420/3420/3420
f 3417/3417/3417 3357/3357/3357 3415/3415/3415
f 3431/3431/3431 3399/3399/3399 3385/3385/3385
f 3430/3430/3430 3389/3389/3389 3392/3392/3392
f 3390/3390/3390 3394/3394/3394 3435/3435/3435
f 3423/3423/3423 3421/3421/3421 3369/3369/3369
f 3401/3401/3401 3441/3441/3441 3422/3422/3422
f 3426/3426/3426 3373/3373/3373 3424/3424/3424
f 3426/3426/3426 3441/3441/3441 3401/3401/3401
f 3409/3409/3409 3446/3446/3446 3411/3411/3411
f 3409/3409/3409 3427/3427/3427 3446/3446/3446
f 3412/3412/3412 3447/3447/3447 3429/3429/3429
f 3429/3429/3429 3448/3448/3448 3405/3405/3405
f 3450/3450/3450 3416/3416/3416 3420/3420/3420
f 3417/3417/3417 3415/3415/3415 3449/3449/3449
f 3431/3431/3431 3385/3385/3385 3451/3451/3451
f 3452/3452/3452 3386/3386/3386 3432/3432/3432
f 3430/3430/3430 3392/3392/3392 3455/3455/3455
f 3438/3438/3438 3434/3434/3434 3393/3393/3393
f 3390/3390/3390 3435/3435/3435 3456/3456/3456
f 3441/3441/3441 3460/3460/3460 3422/3422/3422
f 3405/3405/3405 3448/3448/3448 3443/3443/3443
f 3424/3424/3424 3441/3441/3441 3426/3426/3426
f 3429/3429/3429 3447/3447/3447 3448/3448/3448
f 3460/3460/3460 3417/3417/3417 3449/3449/3449
f 3452/3452/3452 3432/3432/3432 3466/3466/3466
f 3461/3461/3461 3453/3453/3453 3418/3418/3418
f 3454/3454/3454 3390/3390/3390 3456/3456/3456
f 3468/3468/3468 3437/3437/3437 3440/3440/3440
f 3422/3422/3422 3460/3460/3460 3449/3449/3449
f 3448/3448/3448 3474/3474/3474 3443/3443/3443
f 3447/3447/3447 3464/3464/3464 3476/3476/3476
f 3448/3448/3448 3447/3447/3447 3476/3476/3476
f 3478/3478/3478 3452/3452/3452 3466/3466/3466
f 3480/3480/3480 3453/3453/3453 3461/3461/3461
f 3455/3455/3455 3458/3458/3458 3475/3475/3475
f 3475/3475/3475 3468/3468/3468 3440/3440/3440
f 3467/3467/3467 3470/3470/3470 3436/3436/3436
f 3457/3457/3457 3470/3470/3470 3467/3467/3467
f 3472/3472/3472 3475/3475/3475 3440/3440/3440
f 3443/3443/3443 3481/3481/3481 3462/3462/3462
f 3443/3443/3443 3474/3474/3474 3481/3481/3481
f 3463/3463/3463 3475/3475/3475 3472/3472/3472
f 3464/3464/3464 3473/3473/3473 3476/3476/3476
f 3478/3478/3478 3466/3466/3466 3482/3482/3482
f 3475/3475/3475 3458/3458/3458 3468/3468/3468
f 3476/3476/3476 3473/3473/3473 3485/3485/3485
f 3476/3476/3476 3485/3485/3485 3474/3474/3474
f 3474/3474/3474 3483/3483/3483 3481/3481/3481
f 3483/3483/3483 3485/3485/3485 3479/3479/3479
f 3483/3483/3483 3474/3474/3474 3485/3485/3485
